shipment_booking_id,courier_name,package_weight,dimensions,awb_number,pickup_id,label_url,booking_status,booking_attempts,response_log,created_on,updated_on,order_id,vendor_id,aggregator_id,from_address_id,to_address_id,shipment_stage,qc_status,pricing_snapshot,inbound_awb,outbound_awb,linked_outbound_id,linked_inbound_id,linked_outbound,packaging_completed_at,outbound_created_at,shipped_at,delivered_at,qc_failure_reason,qc_failed_at,packaging_failed_at,packaging_failure_reason,detailed_status,status_updated_at,status_updated_by,cost_bearer,rtv_initiated_at,rtv_reason,rtv_delivered_at,return_requested_at,return_reason,return_approved_at,expected_delivery_date,delay_reason,internal_notes,at_hub_at,picked_up_at,pickup_location,delivery_address,delhivery_waybill,delhivery_status,pickup_request_id,pickup_status,ready_for_pickup_at,customer_address_id,shipping_mode,shipment_type,shipment_direction,vendor_warehouse_id,hub_id,package_length,package_width,package_height,inbound_mode,origin_name,origin_phone,origin_address_line1,origin_city,origin_state,origin_pincode,sla_breach,arrived_at,is_courier_paid,logistics_partner_id,delhivery_job_id,delhivery_job_poll_attempts,lr_number,master_awb,child_awbs,rtv_shipping_cost_legacy,rtv_shipping_cost,total_vendor_penalty_legacy,total_vendor_penalty,total_customer_charge_legacy,total_customer_charge
1,DTDC,5.0,5x5x5,D12345678,,,Booked,0,"{""remarks"": null, ""proof_url"": ""/uploads/inbound_receive/1785827495477-546072716.webp"", ""proof_urls"": [""/uploads/inbound_receive/1785827495477-546072716.webp""], ""received_at"": ""2026-08-04T07:11:35.855Z"", ""received_by"": 1, ""inbound_received_at"": ""2026-08-04T07:11:35.855Z""}",2026-08-04 07:10:21.017351,2026-09-05 08:51:21.741062,1,7.0,,3.0,1.0,INBOUND,PASSED,,,,2.0,,2.0,2026-08-04 07:15:37,,,,,,,,OUTBOUND_READY,2026-08-04 07:15:46,1.0,,,,,,,,2026-08-08,,,2026-08-04 07:11:36,,,,,,,ready_for_pickup,2026-08-04 07:10:21,,SELF,INBOUND,VENDOR_TO_HUB,1.0,1,5.0,5.0,5.0,VENDOR,Sachin Rewatkar,9404950776.0,"Wakad, Pune",Pune,Maharashtra,441057.0,0,,0,,,0,,,,,0.0,,0.0,,0.0
2,Delhivery,50.0,30x30x30,MOCK1785827744560,,https://staging-express.delhivery.com/api/p/packing_slip?wbns=MOCK1785827744560&pdf=true,Booked,1,"{""awb"": ""MOCK1785827744560"", ""raw"": {""mock"": true, ""waybill"": ""MOCK1785827744560""}, ""adapter"": ""Delhivery"", ""booked_at"": ""2026-08-04T07:15:44.644Z"", ""label_url"": ""https://staging-express.delhivery.com/api/p/packing_slip?wbns=MOCK1785827744560&pdf=true"", ""pickup_id"": null, ""courier_name"": ""Delhivery""}",2026-08-04 07:15:44.160206,2026-09-05 08:51:21.741062,1,7.0,1.0,,,OUTBOUND,PENDING,"{""eta"": 2, ""cost"": 300, ""source"": ""FALLBACK_ESTIMATE"", ""service"": ""Standard"", ""provider"": ""Delhivery"", ""buffer_days"": 3, ""calculated_at"": ""2026-08-04T07:15:44.038Z""}",,,,1.0,,,,2026-08-04 07:15:45,2026-08-04 07:16:11,,,,,DELIVERED,2026-08-04 07:16:11,1.0,,,,,,,,,,,,2026-08-04 07:15:45,InfoprosysSURFACE-B2C,"Pune, Wakad, Pune, Maharashtra",MOCK1785827744560,,,ready_for_pickup,2026-08-04 07:15:45,4.0,DELHIVERY,OUTBOUND,HUB_TO_CUSTOMER,,1,30.0,30.0,30.0,VENDOR,,,,,,,0,,0,1.0,,0,,,,,0.0,,0.0,,0.0
3,Delhivery,50.0,30x30x30,MOCK1785828922817,,https://staging-express.delhivery.com/api/p/packing_slip?wbns=MOCK1785828922817&pdf=true,Booked,1,"{""awb"": ""MOCK1785828922817"", ""raw"": {""mock"": true, ""waybill"": ""MOCK1785828922817""}, ""adapter"": ""Delhivery"", ""remarks"": null, ""booked_at"": ""2026-08-04T07:35:22.970Z"", ""label_url"": ""https://staging-express.delhivery.com/api/p/packing_slip?wbns=MOCK1785828922817&pdf=true"", ""pickup_id"": null, ""proof_url"": ""/uploads/inbound_receive/1785835788737-123881875.png"", ""proof_urls"": [""/uploads/inbound_receive/1785835788737-123881875.png""], ""received_at"": ""2026-08-04T09:29:48.932Z"", ""received_by"": 1, ""courier_name"": ""Delhivery"", ""inbound_received_at"": ""2026-08-04T09:29:48.932Z""}",2026-08-04 07:35:22.414644,2026-09-05 08:51:21.741062,1,7.0,1.0,4.0,1.0,RETURN,PENDING,,,,,2.0,,,,2026-08-04 07:35:23,,,,,,RETURN_QC_FAILED,2026-08-04 09:31:44,1.0,,,,,,,2026-08-04 07:35:23,,,,2026-08-04 09:29:49,2026-08-04 09:29:24,InfoprosysSURFACE-B2C,"MIDC Phase 2, Pune, Maharashtra, Pune, Maharashtra",MOCK1785828922817,New,,not_ready,,4.0,DELHIVERY,RETURN,CUSTOMER_TO_HUB,,1,30.0,30.0,30.0,VENDOR,,,,,,,0,,0,1.0,,0,,,,,0.0,,0.0,,0.0
4,DTDC,5.0,5x5x5,D12345678,,,Booked,0,"{""remarks"": null, ""proof_url"": ""/uploads/inbound_receive/1785829799749-820095459.png"", ""proof_urls"": [""/uploads/inbound_receive/1785829799749-820095459.png""], ""received_at"": ""2026-08-04T07:49:59.982Z"", ""received_by"": 1, ""inbound_received_at"": ""2026-08-04T07:49:59.982Z""}",2026-08-04 07:48:38.222495,2026-09-05 08:51:21.741062,2,7.0,,3.0,1.0,INBOUND,PASSED,,,,5.0,,5.0,2026-08-04 07:50:42,,,,,,,,OUTBOUND_READY,2026-08-04 07:50:50,1.0,,,,,,,,2026-08-08,,,2026-08-04 07:50:00,,,,,,,ready_for_pickup,2026-08-04 07:48:38,,SELF,INBOUND,VENDOR_TO_HUB,1.0,1,5.0,5.0,5.0,VENDOR,Sachin Rewatkar,9404950776.0,"Wakad, Pune",Pune,Maharashtra,441057.0,0,,0,,,0,,,,,0.0,,0.0,,0.0
5,Delhivery,50.0,30x30x30,MOCK1785829848286,,https://staging-express.delhivery.com/api/p/packing_slip?wbns=MOCK1785829848286&pdf=true,Booked,1,"{""awb"": ""MOCK1785829848286"", ""raw"": {""mock"": true, ""waybill"": ""MOCK1785829848286""}, ""adapter"": ""Delhivery"", ""booked_at"": ""2026-08-04T07:50:48.370Z"", ""label_url"": ""https://staging-express.delhivery.com/api/p/packing_slip?wbns=MOCK1785829848286&pdf=true"", ""pickup_id"": null, ""courier_name"": ""Delhivery""}",2026-08-04 07:50:47.830627,2026-09-05 08:51:21.741062,2,7.0,1.0,,,OUTBOUND,PENDING,"{""eta"": 2, ""cost"": 300, ""source"": ""FALLBACK_ESTIMATE"", ""service"": ""Standard"", ""provider"": ""Delhivery"", ""buffer_days"": 3, ""calculated_at"": ""2026-08-04T07:50:47.714Z""}",,,,4.0,,,,2026-08-04 07:50:48,2026-08-04 07:56:17,,,,,DELIVERED,2026-08-04 07:56:17,1.0,,,,,,,,,,,,2026-08-04 07:50:48,InfoprosysSURFACE-B2C,"Pune, Wakad, Pune, Maharashtra",MOCK1785829848286,,,ready_for_pickup,2026-08-04 07:50:49,4.0,DELHIVERY,OUTBOUND,HUB_TO_CUSTOMER,,1,30.0,30.0,30.0,VENDOR,,,,,,,0,,0,1.0,,0,,,,,0.0,,0.0,,0.0
6,DTDC,5.0,5x5x5,D12345678,,,Booked,0,"{""remarks"": null, ""proof_url"": ""/uploads/inbound_receive/1785831550705-465118635.png"", ""proof_urls"": [""/uploads/inbound_receive/1785831550705-465118635.png""], ""received_at"": ""2026-08-04T08:19:11.179Z"", ""received_by"": 1, ""inbound_received_at"": ""2026-08-04T08:19:11.179Z""}",2026-08-04 08:16:24.146558,2026-09-05 08:51:21.741062,3,7.0,,3.0,1.0,INBOUND,PASSED,,,,7.0,,7.0,2026-08-04 08:20:07,,,,,,,,OUTBOUND_READY,2026-08-04 08:20:57,1.0,,,,,,,,2026-08-08,,,2026-08-04 08:19:11,,,,,,,ready_for_pickup,2026-08-04 08:16:24,,SELF,INBOUND,VENDOR_TO_HUB,1.0,1,5.0,5.0,5.0,VENDOR,Sachin Rewatkar,9404950776.0,"Wakad, Pune",Pune,Maharashtra,441057.0,0,,0,,,0,,,,,0.0,,0.0,,0.0
7,Delhivery,50.0,30x30x30,MOCK1785831655946,,https://staging-express.delhivery.com/api/p/packing_slip?wbns=MOCK1785831655946&pdf=true,Booked,1,"{""awb"": ""MOCK1785831655946"", ""raw"": {""mock"": true, ""waybill"": ""MOCK1785831655946""}, ""adapter"": ""Delhivery"", ""booked_at"": ""2026-08-04T08:20:56.023Z"", ""label_url"": ""https://staging-express.delhivery.com/api/p/packing_slip?wbns=MOCK1785831655946&pdf=true"", ""pickup_id"": null, ""courier_name"": ""Delhivery""}",2026-08-04 08:20:55.548230,2026-09-05 08:51:21.741062,3,7.0,1.0,,,OUTBOUND,PENDING,"{""eta"": 2, ""cost"": 300, ""source"": ""FALLBACK_ESTIMATE"", ""service"": ""Standard"", ""provider"": ""Delhivery"", ""buffer_days"": 3, ""calculated_at"": ""2026-08-04T08:20:55.429Z""}",,,,6.0,,,,2026-08-04 08:20:56,2026-08-04 08:24:43,,,,,DELIVERED,2026-08-04 08:24:43,1.0,,,,,,,,,,,,2026-08-04 08:20:56,InfoprosysSURFACE-B2C,"Pune, Wakad, Pune, Maharashtra",MOCK1785831655946,,,ready_for_pickup,2026-08-04 08:20:57,4.0,DELHIVERY,OUTBOUND,HUB_TO_CUSTOMER,,1,30.0,30.0,30.0,VENDOR,,,,,,,0,,0,1.0,,0,,,,,0.0,,0.0,,0.0
8,Delhivery,50.0,30x30x30,MOCK1785832262090,,https://staging-express.delhivery.com/api/p/packing_slip?wbns=MOCK1785832262090&pdf=true,Booked,1,"{""awb"": ""MOCK1785832262090"", ""raw"": {""mock"": true, ""waybill"": ""MOCK1785832262090""}, ""adapter"": ""Delhivery"", ""booked_at"": ""2026-08-04T08:31:02.294Z"", ""label_url"": ""https://staging-express.delhivery.com/api/p/packing_slip?wbns=MOCK1785832262090&pdf=true"", ""pickup_id"": null, ""courier_name"": ""Delhivery""}",2026-08-04 08:31:01.435662,2026-09-05 08:51:21.741062,3,7.0,1.0,4.0,1.0,RETURN,PENDING,,,,,7.0,,,,2026-08-04 08:31:02,,,,,,RETURN_IN_TRANSIT,2026-08-04 08:34:47,1.0,,,,,,,2026-08-04 08:31:02,,,,,2026-08-04 08:34:47,InfoprosysSURFACE-B2C,"MIDC Phase 2, Pune, Maharashtra, Pune, Maharashtra",MOCK1785832262090,New,,not_ready,,4.0,DELHIVERY,RETURN,CUSTOMER_TO_HUB,,1,30.0,30.0,30.0,VENDOR,,,,,,,0,,0,1.0,,0,,,,,0.0,,0.0,,0.0
9,DTDC,5.0,5x5x5,D12345678,,,Booked,0,"{""remarks"": null, ""proof_url"": ""/uploads/inbound_receive/1785832786016-945113784.png"", ""proof_urls"": [""/uploads/inbound_receive/1785832786016-945113784.png""], ""received_at"": ""2026-08-04T08:39:46.260Z"", ""received_by"": 1, ""inbound_received_at"": ""2026-08-04T08:39:46.260Z""}",2026-08-04 08:38:57.269272,2026-09-05 08:51:21.741062,4,7.0,,3.0,1.0,INBOUND,PASSED,,,,10.0,,10.0,2026-08-04 08:40:28,,,,,,,,OUTBOUND_READY,2026-08-04 08:40:38,1.0,,,,,,,,2026-08-08,,,2026-08-04 08:39:46,,,,,,,ready_for_pickup,2026-08-04 08:38:57,,SELF,INBOUND,VENDOR_TO_HUB,1.0,1,5.0,5.0,5.0,VENDOR,Sachin Rewatkar,9404950776.0,"Wakad, Pune",Pune,Maharashtra,441057.0,0,,0,,,0,,,,,0.0,,0.0,,0.0
10,Delhivery,50.0,30x30x30,MOCK1785832836879,,https://staging-express.delhivery.com/api/p/packing_slip?wbns=MOCK1785832836879&pdf=true,Booked,1,"{""awb"": ""MOCK1785832836879"", ""raw"": {""mock"": true, ""waybill"": ""MOCK1785832836879""}, ""adapter"": ""Delhivery"", ""booked_at"": ""2026-08-04T08:40:36.952Z"", ""label_url"": ""https://staging-express.delhivery.com/api/p/packing_slip?wbns=MOCK1785832836879&pdf=true"", ""pickup_id"": null, ""courier_name"": ""Delhivery""}",2026-08-04 08:40:36.530364,2026-09-05 08:51:21.741062,4,7.0,1.0,,,OUTBOUND,PENDING,"{""eta"": 2, ""cost"": 300, ""source"": ""FALLBACK_ESTIMATE"", ""service"": ""Standard"", ""provider"": ""Delhivery"", ""buffer_days"": 3, ""calculated_at"": ""2026-08-04T08:40:36.461Z""}",,,,9.0,,,,2026-08-04 08:40:37,2026-08-04 08:40:49,,,,,DELIVERED,2026-08-04 08:40:49,1.0,,,,,,,,,,,,2026-08-04 08:40:37,InfoprosysSURFACE-B2C,"Pune, Wakad, Pune, Maharashtra",MOCK1785832836879,,,ready_for_pickup,2026-08-04 08:40:38,4.0,DELHIVERY,OUTBOUND,HUB_TO_CUSTOMER,,1,30.0,30.0,30.0,VENDOR,,,,,,,0,,0,1.0,,0,,,,,0.0,,0.0,,0.0
11,Delhivery,50.0,30x30x30,MOCK1785832944177,,https://staging-express.delhivery.com/api/p/packing_slip?wbns=MOCK1785832944177&pdf=true,Booked,1,"{""awb"": ""MOCK1785832944177"", ""raw"": {""mock"": true, ""waybill"": ""MOCK1785832944177""}, ""adapter"": ""Delhivery"", ""booked_at"": ""2026-08-04T08:42:24.305Z"", ""label_url"": ""https://staging-express.delhivery.com/api/p/packing_slip?wbns=MOCK1785832944177&pdf=true"", ""pickup_id"": null, ""courier_name"": ""Delhivery""}",2026-08-04 08:42:23.686727,2026-09-05 08:51:21.741062,4,7.0,1.0,4.0,1.0,RETURN,PENDING,,,,,10.0,,,,2026-08-04 08:42:24,,,,,,RETURN_BOOKED,2026-08-04 08:42:24,,,,,,,,2026-08-04 08:42:24,,,,,,InfoprosysSURFACE-B2C,"MIDC Phase 2, Pune, Maharashtra, Pune, Maharashtra",MOCK1785832944177,New,,not_ready,,4.0,DELHIVERY,RETURN,CUSTOMER_TO_HUB,,1,30.0,30.0,30.0,VENDOR,,,,,,,0,,0,1.0,,0,,,,,0.0,,0.0,,0.0
12,Delhivery,50.0,30x30x30,MOCK1785833899432,,https://staging-express.delhivery.com/api/p/packing_slip?wbns=MOCK1785833899432&pdf=true,Booked,1,"{""awb"": ""MOCK1785833899432"", ""raw"": {""mock"": true, ""waybill"": ""MOCK1785833899432""}, ""adapter"": ""Delhivery"", ""remarks"": null, ""booked_at"": ""2026-08-04T08:58:19.557Z"", ""label_url"": ""https://staging-express.delhivery.com/api/p/packing_slip?wbns=MOCK1785833899432&pdf=true"", ""pickup_id"": null, ""proof_url"": ""/uploads/inbound_receive/1785834239744-416817965.png"", ""proof_urls"": [""/uploads/inbound_receive/1785834239744-416817965.png""], ""received_at"": ""2026-08-04T09:04:00.333Z"", ""received_by"": 1, ""courier_name"": ""Delhivery"", ""inbound_received_at"": ""2026-08-04T09:04:00.333Z""}",2026-08-04 08:58:19.169912,2026-09-05 08:51:21.741062,2,7.0,1.0,4.0,1.0,RETURN,PENDING,,,,,5.0,,,,2026-08-04 08:58:20,,,,,,RETURN_COMPLETED,2026-08-04 09:05:02,1.0,,,,,,,2026-08-04 08:58:19,,,,2026-08-04 09:04:00,2026-08-04 09:02:53,InfoprosysSURFACE-B2C,"MIDC Phase 2, Pune, Maharashtra, Pune, Maharashtra",MOCK1785833899432,New,,not_ready,,4.0,DELHIVERY,RETURN,CUSTOMER_TO_HUB,,1,30.0,30.0,30.0,VENDOR,,,,,,,0,,0,1.0,,0,,,,,0.0,,0.0,,0.0
13,DTDC,5.0,5x5x5,1234567890,,,Booked,0,"{""remarks"": null, ""proof_url"": ""/uploads/inbound_receive/1785834686932-32688328.png"", ""proof_urls"": [""/uploads/inbound_receive/1785834686932-32688328.png""], ""received_at"": ""2026-08-04T09:11:27.127Z"", ""received_by"": 1, ""inbound_received_at"": ""2026-08-04T09:11:27.127Z""}",2026-08-04 09:10:50.316957,2026-09-05 08:51:21.741062,5,7.0,,3.0,1.0,INBOUND,PASSED,,,,14.0,,14.0,2026-08-04 09:12:39,,,,,,,,HUB_PACKAGED,2026-08-04 09:12:40,1.0,,,,,,,,2026-08-06,,,2026-08-04 09:11:27,,,,,,,not_ready,,,SELF,INBOUND,VENDOR_TO_HUB,1.0,1,5.0,5.0,5.0,VENDOR,Sachin Rewatkar,9404950776.0,"Wakad, Pune",Pune,Maharashtra,441057.0,0,,0,,,0,,,,,0.0,,0.0,,0.0
14,Delhivery,50.0,30x30x30,MOCK1785834835196,,https://staging-express.delhivery.com/api/p/packing_slip?wbns=MOCK1785834835196&pdf=true,Booked,1,"{""awb"": ""MOCK1785834835196"", ""raw"": {""mock"": true, ""waybill"": ""MOCK1785834835196""}, ""adapter"": ""Delhivery"", ""booked_at"": ""2026-08-04T09:13:55.454Z"", ""label_url"": ""https://staging-express.delhivery.com/api/p/packing_slip?wbns=MOCK1785834835196&pdf=true"", ""pickup_id"": null, ""courier_name"": ""Delhivery""}",2026-08-04 09:12:04.632799,2026-09-05 08:51:21.741062,5,7.0,1.0,,,OUTBOUND,PENDING,"{""eta"": 2, ""cost"": 300, ""source"": ""FALLBACK_ESTIMATE"", ""service"": ""Standard"", ""provider"": ""Delhivery"", ""buffer_days"": 3, ""calculated_at"": ""2026-08-04T09:12:04.441Z""}",,,,13.0,,,,2026-08-04 09:13:56,2026-08-05 09:00:32,,,,,DELIVERED,2026-08-05 09:00:32,1.0,,,,,,,,,,,,2026-08-04 09:13:56,InfoprosysSURFACE-B2C,"Pune, Wakad, Pune, Maharashtra",MOCK1785834835196,,,not_ready,,4.0,DELHIVERY,OUTBOUND,HUB_TO_CUSTOMER,,1,30.0,30.0,30.0,VENDOR,,,,,,,0,,0,1.0,,0,,,,,0.0,,0.0,,0.0
15,DTDC,5.0,5x5x5,D12345678,,,Booked,0,"{""remarks"": null, ""proof_url"": ""/uploads/inbound_receive/1785836387809-75538331.png"", ""proof_urls"": [""/uploads/inbound_receive/1785836387809-75538331.png""], ""received_at"": ""2026-08-04T09:39:48.174Z"", ""received_by"": 1, ""inbound_received_at"": ""2026-08-04T09:39:48.174Z""}",2026-08-04 09:39:12.852262,2026-09-05 08:51:21.741062,6,7.0,,3.0,1.0,INBOUND,PASSED,,,,16.0,,16.0,2026-08-04 09:40:32,,,,,,,,OUTBOUND_READY,2026-08-04 09:40:40,1.0,,,,,,,,2026-08-08,,,2026-08-04 09:39:48,,,,,,,ready_for_pickup,2026-08-04 09:39:13,,SELF,INBOUND,VENDOR_TO_HUB,1.0,1,5.0,5.0,5.0,VENDOR,Sachin Rewatkar,9404950776.0,"Wakad, Pune",Pune,Maharashtra,441057.0,0,,0,,,0,,,,,0.0,,0.0,,0.0
16,Delhivery,50.0,30x30x30,MOCK1785836438796,,https://staging-express.delhivery.com/api/p/packing_slip?wbns=MOCK1785836438796&pdf=true,Booked,1,"{""awb"": ""MOCK1785836438796"", ""raw"": {""mock"": true, ""waybill"": ""MOCK1785836438796""}, ""adapter"": ""Delhivery"", ""booked_at"": ""2026-08-04T09:40:38.868Z"", ""label_url"": ""https://staging-express.delhivery.com/api/p/packing_slip?wbns=MOCK1785836438796&pdf=true"", ""pickup_id"": null, ""courier_name"": ""Delhivery""}",2026-08-04 09:40:38.523950,2026-09-05 08:51:21.741062,6,7.0,1.0,,,OUTBOUND,PENDING,"{""eta"": 2, ""cost"": 300, ""source"": ""FALLBACK_ESTIMATE"", ""service"": ""Standard"", ""provider"": ""Delhivery"", ""buffer_days"": 3, ""calculated_at"": ""2026-08-04T09:40:38.405Z""}",,,,15.0,,,,2026-08-04 09:40:39,2026-08-04 09:40:54,,,,,DELIVERED,2026-08-04 09:40:54,1.0,,,,,,,,,,,,2026-08-04 09:40:39,InfoprosysSURFACE-B2C,"Pune, Wakad, Pune, Maharashtra",MOCK1785836438796,,,ready_for_pickup,2026-08-04 09:40:39,4.0,DELHIVERY,OUTBOUND,HUB_TO_CUSTOMER,,1,30.0,30.0,30.0,VENDOR,,,,,,,0,,0,1.0,,0,,,,,0.0,,0.0,,0.0
17,Delhivery,50.0,30x30x30,MOCK1785836519598,,https://staging-express.delhivery.com/api/p/packing_slip?wbns=MOCK1785836519598&pdf=true,Booked,1,"{""awb"": ""MOCK1785836519598"", ""raw"": {""mock"": true, ""waybill"": ""MOCK1785836519598""}, ""adapter"": ""Delhivery"", ""remarks"": null, ""booked_at"": ""2026-08-04T09:41:59.730Z"", ""label_url"": ""https://staging-express.delhivery.com/api/p/packing_slip?wbns=MOCK1785836519598&pdf=true"", ""pickup_id"": null, ""proof_url"": ""/uploads/inbound_receive/1785836580080-718871067.png"", ""proof_urls"": [""/uploads/inbound_receive/1785836580080-718871067.png""], ""received_at"": ""2026-08-04T09:43:00.391Z"", ""received_by"": 1, ""courier_name"": ""Delhivery"", ""inbound_received_at"": ""2026-08-04T09:43:00.391Z""}",2026-08-04 09:41:59.382724,2026-09-05 08:51:21.741062,6,7.0,1.0,4.0,1.0,RETURN,PENDING,,,,,16.0,,,,2026-08-04 09:42:00,,,,,,RETURN_COMPLETED,2026-08-04 09:43:17,1.0,,,,,,,2026-08-04 09:41:59,,,,2026-08-04 09:43:00,2026-08-04 09:42:07,InfoprosysSURFACE-B2C,"MIDC Phase 2, Pune, Maharashtra, Pune, Maharashtra",MOCK1785836519598,New,,not_ready,,4.0,DELHIVERY,RETURN,CUSTOMER_TO_HUB,,1,30.0,30.0,30.0,VENDOR,,,,,,,0,,0,1.0,,0,,,,,0.0,,0.0,,0.0
18,DTDC,5.0,5x5x5,D12345678,,,Booked,0,"{""remarks"": null, ""proof_url"": ""/uploads/inbound_receive/1785837370468-474057897.png"", ""proof_urls"": [""/uploads/inbound_receive/1785837370468-474057897.png""], ""received_at"": ""2026-08-04T09:56:10.662Z"", ""received_by"": 1, ""inbound_received_at"": ""2026-08-04T09:56:10.662Z""}",2026-08-04 09:55:02.405508,2026-09-05 08:51:21.741062,7,7.0,,3.0,1.0,INBOUND,PASSED,,,,19.0,,19.0,2026-08-04 09:56:47,,,,,,,,OUTBOUND_READY,2026-08-04 09:56:54,1.0,,,,,,,,2026-08-08,,,2026-08-04 09:56:11,,,,,,,ready_for_pickup,2026-08-04 09:55:02,,SELF,INBOUND,VENDOR_TO_HUB,1.0,1,5.0,5.0,5.0,VENDOR,Sachin Rewatkar,9404950776.0,"Wakad, Pune",Pune,Maharashtra,441057.0,0,,0,,,0,,,,,0.0,,0.0,,0.0
19,Delhivery,50.0,30x30x30,MOCK1785837412800,,https://staging-express.delhivery.com/api/p/packing_slip?wbns=MOCK1785837412800&pdf=true,Booked,1,"{""awb"": ""MOCK1785837412800"", ""raw"": {""mock"": true, ""waybill"": ""MOCK1785837412800""}, ""adapter"": ""Delhivery"", ""booked_at"": ""2026-08-04T09:56:52.934Z"", ""label_url"": ""https://staging-express.delhivery.com/api/p/packing_slip?wbns=MOCK1785837412800&pdf=true"", ""pickup_id"": null, ""courier_name"": ""Delhivery""}",2026-08-04 09:56:52.535106,2026-09-05 08:51:21.741062,7,7.0,1.0,,,OUTBOUND,PENDING,,,,,18.0,,,,2026-08-04 09:56:53,2026-08-04 10:01:44,,,,,DELIVERED,2026-08-04 10:01:44,1.0,,,,,,,,,,,,2026-08-04 09:56:53,InfoprosysSURFACE-B2C,"Pune, Wakad, Pune, Maharashtra",MOCK1785837412800,,,ready_for_pickup,2026-08-04 09:56:53,4.0,DELHIVERY,OUTBOUND,HUB_TO_CUSTOMER,,1,30.0,30.0,30.0,VENDOR,,,,,,,0,,0,1.0,,0,,,,,0.0,,0.0,,0.0
20,Delhivery,50.0,30x30x30,MOCK1785838403567,,https://staging-express.delhivery.com/api/p/packing_slip?wbns=MOCK1785838403567&pdf=true,Booked,1,"{""awb"": ""MOCK1785838403567"", ""raw"": {""mock"": true, ""waybill"": ""MOCK1785838403567""}, ""adapter"": ""Delhivery"", ""remarks"": null, ""booked_at"": ""2026-08-04T10:13:23.705Z"", ""label_url"": ""https://staging-express.delhivery.com/api/p/packing_slip?wbns=MOCK1785838403567&pdf=true"", ""pickup_id"": null, ""proof_url"": ""/uploads/inbound_receive/1785838444292-442928408.png"", ""proof_urls"": [""/uploads/inbound_receive/1785838444292-442928408.png""], ""received_at"": ""2026-08-04T10:14:04.515Z"", ""received_by"": 1, ""courier_name"": ""Delhivery"", ""inbound_received_at"": ""2026-08-04T10:14:04.515Z""}",2026-08-04 10:13:23.304890,2026-09-05 08:51:21.741062,7,7.0,1.0,4.0,1.0,RETURN,PENDING,,,,,19.0,,,,2026-08-04 10:13:24,,,,,,RETURN_COMPLETED,2026-08-04 10:14:34,1.0,,,,,,,2026-08-04 10:13:23,,,,2026-08-04 10:14:05,2026-08-04 10:13:43,InfoprosysSURFACE-B2C,"MIDC Phase 2, Pune, Maharashtra, Pune, Maharashtra",MOCK1785838403567,New,,not_ready,,4.0,DELHIVERY,RETURN,CUSTOMER_TO_HUB,,1,30.0,30.0,30.0,VENDOR,,,,,,,0,,0,1.0,,0,,,,,0.0,,0.0,,0.0
21,DTDC,5.0,5x5x5,D12345678,,,Booked,0,"{""remarks"": null, ""proof_url"": ""/uploads/inbound_receive/1785839219480-523596573.png"", ""proof_urls"": [""/uploads/inbound_receive/1785839219480-523596573.png""], ""received_at"": ""2026-08-04T10:26:59.882Z"", ""received_by"": 1, ""inbound_received_at"": ""2026-08-04T10:26:59.882Z""}",2026-08-04 10:26:33.384477,2026-09-05 08:51:21.741062,8,7.0,,3.0,1.0,INBOUND,PASSED,,,,22.0,,22.0,2026-08-04 10:27:36,,,,,,,,OUTBOUND_READY,2026-08-04 10:27:43,1.0,,,,,,,,2026-08-08,,,2026-08-04 10:27:00,,,,,,,ready_for_pickup,2026-08-04 10:26:33,,SELF,INBOUND,VENDOR_TO_HUB,1.0,1,5.0,5.0,5.0,VENDOR,Sachin Rewatkar,9404950776.0,"Wakad, Pune",Pune,Maharashtra,441057.0,0,,0,,,0,,,,,0.0,,0.0,,0.0
22,Delhivery,50.0,30x30x30,MOCK1785839261922,,https://staging-express.delhivery.com/api/p/packing_slip?wbns=MOCK1785839261922&pdf=true,Booked,1,"{""awb"": ""MOCK1785839261922"", ""raw"": {""mock"": true, ""waybill"": ""MOCK1785839261922""}, ""adapter"": ""Delhivery"", ""booked_at"": ""2026-08-04T10:27:42.030Z"", ""label_url"": ""https://staging-express.delhivery.com/api/p/packing_slip?wbns=MOCK1785839261922&pdf=true"", ""pickup_id"": null, ""courier_name"": ""Delhivery""}",2026-08-04 10:27:41.510179,2026-09-05 08:51:21.741062,8,7.0,1.0,,,OUTBOUND,PENDING,"{""eta"": 2, ""cost"": 300, ""source"": ""FALLBACK_ESTIMATE"", ""service"": ""Standard"", ""provider"": ""Delhivery"", ""buffer_days"": 3, ""calculated_at"": ""2026-08-04T10:27:41.347Z""}",,,,21.0,,,,2026-08-04 10:27:42,2026-08-04 10:28:07,,,,,DELIVERED,2026-08-04 10:28:07,1.0,,,,,,,,,,,,2026-08-04 10:27:42,InfoprosysSURFACE-B2C,"Pune, Wakad, Pune, Maharashtra",MOCK1785839261922,,,ready_for_pickup,2026-08-04 10:27:43,4.0,DELHIVERY,OUTBOUND,HUB_TO_CUSTOMER,,1,30.0,30.0,30.0,VENDOR,,,,,,,0,,0,1.0,,0,,,,,0.0,,0.0,,0.0
23,Delhivery,50.0,30x30x30,MOCK1785839368920,,https://staging-express.delhivery.com/api/p/packing_slip?wbns=MOCK1785839368920&pdf=true,Booked,1,"{""awb"": ""MOCK1785839368920"", ""raw"": {""mock"": true, ""waybill"": ""MOCK1785839368920""}, ""adapter"": ""Delhivery"", ""remarks"": null, ""booked_at"": ""2026-08-04T10:29:29.044Z"", ""label_url"": ""https://staging-express.delhivery.com/api/p/packing_slip?wbns=MOCK1785839368920&pdf=true"", ""pickup_id"": null, ""proof_url"": ""/uploads/inbound_receive/1785839402285-209443035.png"", ""proof_urls"": [""/uploads/inbound_receive/1785839402285-209443035.png""], ""received_at"": ""2026-08-04T10:30:02.524Z"", ""received_by"": 1, ""courier_name"": ""Delhivery"", ""inbound_received_at"": ""2026-08-04T10:30:02.524Z""}",2026-08-04 10:29:28.685997,2026-09-05 08:51:21.741062,8,7.0,1.0,4.0,1.0,RETURN,PENDING,,,,,22.0,,,,2026-08-04 10:29:29,,,,,,RETURN_COMPLETED,2026-08-04 10:34:04,1.0,,,,,,,2026-08-04 10:29:29,,,,2026-08-04 10:30:03,2026-08-04 10:29:35,InfoprosysSURFACE-B2C,"MIDC Phase 2, Pune, Maharashtra, Pune, Maharashtra",MOCK1785839368920,New,,not_ready,,4.0,DELHIVERY,RETURN,CUSTOMER_TO_HUB,,1,30.0,30.0,30.0,VENDOR,,,,,,,0,,0,1.0,,0,,,,,0.0,,0.0,,0.0
24,DTDC,1.0,1x1x1,D1233,,,Booked,0,"{""remarks"": null, ""proof_url"": ""/uploads/inbound_receive/1785840539039-252842296.jpg"", ""proof_urls"": [""/uploads/inbound_receive/1785840539039-252842296.jpg""], ""received_at"": ""2026-08-04T10:48:59.218Z"", ""received_by"": 1, ""inbound_received_at"": ""2026-08-04T10:48:59.218Z""}",2026-08-04 10:48:25.306463,2026-09-05 08:51:21.741062,9,3.0,,1.0,1.0,INBOUND,PASSED,,,,25.0,,25.0,2026-08-04 10:50:19,,,,,,,,OUTBOUND_READY,2026-08-04 10:50:24,1.0,,,,,,,,2026-08-08,,,2026-08-04 10:48:59,,,,,,,ready_for_pickup,2026-08-04 10:48:25,,SELF,INBOUND,VENDOR_TO_HUB,2.0,1,1.0,1.0,1.0,VENDOR,Mahesh Vaidya,8788094928.0,Pune,Haveli,Maharashtra,411016.0,0,,0,,,0,,,,,0.0,,0.0,,0.0
25,Delhivery,199.0,10x8x12,MOCK1785840622274,,https://staging-express.delhivery.com/api/p/packing_slip?wbns=MOCK1785840622274&pdf=true,Booked,1,"{""awb"": ""MOCK1785840622274"", ""raw"": {""mock"": true, ""waybill"": ""MOCK1785840622274""}, ""adapter"": ""Delhivery"", ""booked_at"": ""2026-08-04T10:50:22.420Z"", ""label_url"": ""https://staging-express.delhivery.com/api/p/packing_slip?wbns=MOCK1785840622274&pdf=true"", ""pickup_id"": null, ""courier_name"": ""Delhivery""}",2026-08-04 10:50:21.976002,2026-09-05 08:51:21.741062,9,3.0,1.0,,,OUTBOUND,PENDING,,,,,24.0,,,,2026-08-04 10:50:23,2026-08-04 10:50:30,,,,,DELIVERED,2026-08-04 10:50:30,1.0,,,,,,,,,,,,2026-08-04 10:50:23,InfoprosysSURFACE-B2C,"Pune, Pune, Pune City, Maharashtra",MOCK1785840622274,,,ready_for_pickup,2026-08-04 10:50:23,5.0,DELHIVERY,OUTBOUND,HUB_TO_CUSTOMER,,1,10.0,8.0,12.0,VENDOR,,,,,,,0,,0,1.0,,0,,,,,0.0,,0.0,,0.0
26,Delhivery,199.0,10x8x12,MOCK1785840899665,,https://staging-express.delhivery.com/api/p/packing_slip?wbns=MOCK1785840899665&pdf=true,Booked,1,"{""awb"": ""MOCK1785840899665"", ""raw"": {""mock"": true, ""waybill"": ""MOCK1785840899665""}, ""adapter"": ""Delhivery"", ""remarks"": null, ""booked_at"": ""2026-08-04T10:54:59.812Z"", ""label_url"": ""https://staging-express.delhivery.com/api/p/packing_slip?wbns=MOCK1785840899665&pdf=true"", ""pickup_id"": null, ""proof_url"": ""/uploads/inbound_receive/1785840952180-372784743.jpg"", ""proof_urls"": [""/uploads/inbound_receive/1785840952180-372784743.jpg""], ""received_at"": ""2026-08-04T10:55:52.381Z"", ""received_by"": 1, ""courier_name"": ""Delhivery"", ""inbound_received_at"": ""2026-08-04T10:55:52.381Z""}",2026-08-04 10:54:59.348758,2026-09-05 08:51:21.741062,9,3.0,1.0,5.0,1.0,RETURN,PENDING,,,,,25.0,,,,2026-08-04 10:55:00,,,,,,RETURN_COMPLETED,2026-08-04 10:56:29,1.0,,,,,,,2026-08-04 10:54:59,,,,2026-08-04 10:55:52,2026-08-04 10:55:27,InfoprosysSURFACE-B2C,"MIDC Phase 2, Pune, Maharashtra, Pune, Maharashtra",MOCK1785840899665,New,,not_ready,,5.0,DELHIVERY,RETURN,CUSTOMER_TO_HUB,,1,10.0,8.0,12.0,VENDOR,,,,,,,0,,0,1.0,,0,,,,,0.0,,0.0,,0.0
27,DTDC,5.0,5x5x5,D12345678,,,Booked,0,"{""remarks"": null, ""proof_url"": ""/uploads/inbound_receive/1785842567847-219681744.png"", ""proof_urls"": [""/uploads/inbound_receive/1785842567847-219681744.png""], ""received_at"": ""2026-08-04T11:22:48.348Z"", ""received_by"": 1, ""inbound_received_at"": ""2026-08-04T11:22:48.348Z""}",2026-08-04 11:22:22.055737,2026-09-05 08:51:21.741062,11,7.0,,3.0,1.0,INBOUND,PASSED,,,,28.0,,28.0,2026-08-04 11:24:23,,,,,,,,OUTBOUND_READY,2026-08-04 11:24:51,1.0,,,,,,,,2026-08-08,,,2026-08-04 11:22:48,,,,,,,ready_for_pickup,2026-08-04 11:22:22,,SELF,INBOUND,VENDOR_TO_HUB,1.0,1,5.0,5.0,5.0,VENDOR,Sachin Rewatkar,9404950776.0,"Wakad, Pune",Pune,Maharashtra,441057.0,0,,0,,,0,,,,,0.0,,0.0,,0.0
28,Delhivery,50.0,30x30x30,MOCK1785842689596,,https://staging-express.delhivery.com/api/p/packing_slip?wbns=MOCK1785842689596&pdf=true,Booked,1,"{""awb"": ""MOCK1785842689596"", ""raw"": {""mock"": true, ""waybill"": ""MOCK1785842689596""}, ""adapter"": ""Delhivery"", ""booked_at"": ""2026-08-04T11:24:49.666Z"", ""label_url"": ""https://staging-express.delhivery.com/api/p/packing_slip?wbns=MOCK1785842689596&pdf=true"", ""pickup_id"": null, ""courier_name"": ""Delhivery""}",2026-08-04 11:24:49.181426,2026-09-05 08:51:21.741062,11,7.0,1.0,,,OUTBOUND,PENDING,"{""eta"": 2, ""cost"": 300, ""source"": ""FALLBACK_ESTIMATE"", ""service"": ""Standard"", ""provider"": ""Delhivery"", ""buffer_days"": 3, ""calculated_at"": ""2026-08-04T11:24:49.089Z""}",,,,27.0,,,,2026-08-04 11:24:50,2026-08-04 11:25:15,,,,,DELIVERED,2026-08-04 11:25:15,1.0,,,,,,,,,,,,2026-08-04 11:24:50,InfoprosysSURFACE-B2C,"Pune, Wakad, Pune, Maharashtra",MOCK1785842689596,,,ready_for_pickup,2026-08-04 11:24:50,4.0,DELHIVERY,OUTBOUND,HUB_TO_CUSTOMER,,1,30.0,30.0,30.0,VENDOR,,,,,,,0,,0,1.0,,0,,,,,0.0,,0.0,,0.0
29,Delhivery,50.0,30x30x30,MOCK1785842821307,,https://staging-express.delhivery.com/api/p/packing_slip?wbns=MOCK1785842821307&pdf=true,Booked,1,"{""awb"": ""MOCK1785842821307"", ""raw"": {""mock"": true, ""waybill"": ""MOCK1785842821307""}, ""adapter"": ""Delhivery"", ""remarks"": null, ""booked_at"": ""2026-08-04T11:27:01.443Z"", ""label_url"": ""https://staging-express.delhivery.com/api/p/packing_slip?wbns=MOCK1785842821307&pdf=true"", ""pickup_id"": null, ""proof_url"": ""/uploads/inbound_receive/1785842848653-2323301.png"", ""proof_urls"": [""/uploads/inbound_receive/1785842848653-2323301.png""], ""received_at"": ""2026-08-04T11:27:28.862Z"", ""received_by"": 1, ""courier_name"": ""Delhivery"", ""inbound_received_at"": ""2026-08-04T11:27:28.862Z""}",2026-08-04 11:27:00.865831,2026-09-05 08:51:21.741062,11,7.0,1.0,4.0,1.0,RETURN,PENDING,,,,,28.0,,,,2026-08-04 11:27:02,,,,,,RETURN_COMPLETED,2026-08-04 11:27:55,1.0,,,,,,,2026-08-04 11:27:01,,,,2026-08-04 11:27:29,2026-08-04 11:27:07,InfoprosysSURFACE-B2C,"MIDC Phase 2, Pune, Maharashtra, Pune, Maharashtra",MOCK1785842821307,New,,not_ready,,4.0,DELHIVERY,RETURN,CUSTOMER_TO_HUB,,1,30.0,30.0,30.0,VENDOR,,,,,,,0,,0,1.0,,0,,,,,0.0,,0.0,,0.0
30,DTDC,5.0,5x5x5,D12345678,,,Booked,0,"{""remarks"": null, ""proof_url"": ""/uploads/inbound_receive/1785844224369-176635581.png"", ""proof_urls"": [""/uploads/inbound_receive/1785844224369-176635581.png""], ""received_at"": ""2026-08-04T11:50:24.553Z"", ""received_by"": 1, ""inbound_received_at"": ""2026-08-04T11:50:24.553Z""}",2026-08-04 11:50:02.613726,2026-09-05 08:51:21.741062,12,7.0,,3.0,1.0,INBOUND,PASSED,,,,31.0,,31.0,2026-08-04 11:51:03,,,,,,,,OUTBOUND_READY,2026-08-04 11:51:13,1.0,,,,,,,,2026-08-08,,,2026-08-04 11:50:25,,,,,,,ready_for_pickup,2026-08-04 11:50:03,,SELF,INBOUND,VENDOR_TO_HUB,1.0,1,5.0,5.0,5.0,VENDOR,Sachin Rewatkar,9404950776.0,"Wakad, Pune",Pune,Maharashtra,441057.0,0,,0,,,0,,,,,0.0,,0.0,,0.0
31,Delhivery,50.0,30x30x30,MOCK1785844271968,,https://staging-express.delhivery.com/api/p/packing_slip?wbns=MOCK1785844271968&pdf=true,Booked,1,"{""awb"": ""MOCK1785844271968"", ""raw"": {""mock"": true, ""waybill"": ""MOCK1785844271968""}, ""adapter"": ""Delhivery"", ""booked_at"": ""2026-08-04T11:51:12.037Z"", ""label_url"": ""https://staging-express.delhivery.com/api/p/packing_slip?wbns=MOCK1785844271968&pdf=true"", ""pickup_id"": null, ""courier_name"": ""Delhivery""}",2026-08-04 11:51:11.610538,2026-09-05 08:51:21.741062,12,7.0,1.0,,,OUTBOUND,PENDING,"{""eta"": 2, ""cost"": 300, ""source"": ""FALLBACK_ESTIMATE"", ""service"": ""Standard"", ""provider"": ""Delhivery"", ""buffer_days"": 3, ""calculated_at"": ""2026-08-04T11:51:11.530Z""}",,,,30.0,,,,2026-08-04 11:51:12,2026-08-04 11:51:29,,,,,DELIVERED,2026-08-04 11:51:29,1.0,,,,,,,,,,,,2026-08-04 11:51:12,InfoprosysSURFACE-B2C,"Pune, Wakad, Pune, Maharashtra",MOCK1785844271968,,,ready_for_pickup,2026-08-04 11:51:13,4.0,DELHIVERY,OUTBOUND,HUB_TO_CUSTOMER,,1,30.0,30.0,30.0,VENDOR,,,,,,,0,,0,1.0,,0,,,,,0.0,,0.0,,0.0
32,Delhivery,50.0,30x30x30,MOCK1785844543927,,https://staging-express.delhivery.com/api/p/packing_slip?wbns=MOCK1785844543927&pdf=true,Booked,1,"{""awb"": ""MOCK1785844543927"", ""raw"": {""mock"": true, ""waybill"": ""MOCK1785844543927""}, ""adapter"": ""Delhivery"", ""remarks"": null, ""booked_at"": ""2026-08-04T11:55:44.077Z"", ""label_url"": ""https://staging-express.delhivery.com/api/p/packing_slip?wbns=MOCK1785844543927&pdf=true"", ""pickup_id"": null, ""proof_url"": ""/uploads/inbound_receive/1785844736714-750424672.png"", ""proof_urls"": [""/uploads/inbound_receive/1785844736714-750424672.png""], ""received_at"": ""2026-08-04T11:58:56.929Z"", ""received_by"": 1, ""courier_name"": ""Delhivery"", ""inbound_received_at"": ""2026-08-04T11:58:56.929Z""}",2026-08-04 11:55:43.550422,2026-09-05 08:51:21.741062,12,7.0,1.0,4.0,1.0,RETURN,PENDING,,,,,31.0,,,,2026-08-04 11:55:44,,,,,,RETURN_COMPLETED,2026-08-04 11:59:26,1.0,,,,,,,2026-08-04 11:55:44,,,,2026-08-04 11:58:57,2026-08-04 11:56:01,InfoprosysSURFACE-B2C,"MIDC Phase 2, Pune, Maharashtra, Pune, Maharashtra",MOCK1785844543927,New,,not_ready,,4.0,DELHIVERY,RETURN,CUSTOMER_TO_HUB,,1,30.0,30.0,30.0,VENDOR,,,,,,,0,,0,1.0,,0,,,,,0.0,,0.0,,0.0
33,DTDC,5.0,5x5x5,D12345678,,,Booked,0,"{""remarks"": null, ""proof_url"": ""/uploads/inbound_receive/1785845970767-458168577.png"", ""proof_urls"": [""/uploads/inbound_receive/1785845970767-458168577.png""], ""received_at"": ""2026-08-04T12:19:31.001Z"", ""received_by"": 1, ""inbound_received_at"": ""2026-08-04T12:19:31.001Z""}",2026-08-04 12:18:56.177389,2026-09-05 08:51:21.741062,13,7.0,,3.0,1.0,INBOUND,PASSED,,,,34.0,,34.0,2026-08-04 12:20:24,,,,,,,,OUTBOUND_READY,2026-08-04 12:20:31,1.0,,,,,,,,2026-08-08,,,2026-08-04 12:19:31,,,,,,,ready_for_pickup,2026-08-04 12:18:56,,SELF,INBOUND,VENDOR_TO_HUB,1.0,1,5.0,5.0,5.0,VENDOR,Sachin Rewatkar,9404950776.0,"Wakad, Pune",Pune,Maharashtra,441057.0,0,,0,,,0,,,,,0.0,,0.0,,0.0
34,Delhivery,50.0,30x30x30,MOCK1785846029565,,https://staging-express.delhivery.com/api/p/packing_slip?wbns=MOCK1785846029565&pdf=true,Booked,1,"{""awb"": ""MOCK1785846029565"", ""raw"": {""mock"": true, ""waybill"": ""MOCK1785846029565""}, ""adapter"": ""Delhivery"", ""booked_at"": ""2026-08-04T12:20:29.639Z"", ""label_url"": ""https://staging-express.delhivery.com/api/p/packing_slip?wbns=MOCK1785846029565&pdf=true"", ""pickup_id"": null, ""courier_name"": ""Delhivery""}",2026-08-04 12:20:29.191267,2026-09-05 08:51:21.741062,13,7.0,1.0,,,OUTBOUND,PENDING,"{""eta"": 2, ""cost"": 300, ""source"": ""FALLBACK_ESTIMATE"", ""service"": ""Standard"", ""provider"": ""Delhivery"", ""buffer_days"": 3, ""calculated_at"": ""2026-08-04T12:20:29.091Z""}",,,,33.0,,,,2026-08-04 12:20:30,2026-08-04 12:20:41,,,,,DELIVERED,2026-08-04 12:20:41,1.0,,,,,,,,,,,,2026-08-04 12:20:30,InfoprosysSURFACE-B2C,"Pune, Wakad, Pune, Maharashtra",MOCK1785846029565,,,ready_for_pickup,2026-08-04 12:20:30,4.0,DELHIVERY,OUTBOUND,HUB_TO_CUSTOMER,,1,30.0,30.0,30.0,VENDOR,,,,,,,0,,0,1.0,,0,,,,,0.0,,0.0,,0.0
35,Delhivery,50.0,30x30x30,MOCK1785846118358,,https://staging-express.delhivery.com/api/p/packing_slip?wbns=MOCK1785846118358&pdf=true,Booked,1,"{""awb"": ""MOCK1785846118358"", ""raw"": {""mock"": true, ""waybill"": ""MOCK1785846118358""}, ""adapter"": ""Delhivery"", ""remarks"": ""ff"", ""booked_at"": ""2026-08-04T12:21:58.480Z"", ""label_url"": ""https://staging-express.delhivery.com/api/p/packing_slip?wbns=MOCK1785846118358&pdf=true"", ""pickup_id"": null, ""proof_url"": ""/uploads/inbound_receive/1786034094107-872064285.png"", ""proof_urls"": [""/uploads/inbound_receive/1786034094107-872064285.png""], ""received_at"": ""2026-08-06T16:34:54.324Z"", ""received_by"": 1, ""courier_name"": ""Delhivery"", ""inbound_received_at"": ""2026-08-06T16:34:54.324Z""}",2026-08-04 12:21:58.130158,2026-09-05 08:51:21.741062,13,7.0,1.0,4.0,1.0,RETURN,PENDING,,,,,34.0,,,,2026-08-04 12:21:59,,,,,,RETURN_BOOKED,2026-08-04 12:21:59,,,,,,,,2026-08-04 12:21:58,,,,2026-08-05 07:32:46,,InfoprosysSURFACE-B2C,"MIDC Phase 2, Pune, Maharashtra, Pune, Maharashtra",MOCK1785846118358,New,,not_ready,,4.0,DELHIVERY,RETURN,CUSTOMER_TO_HUB,,1,30.0,30.0,30.0,VENDOR,,,,,,,0,,0,1.0,,0,,,,,0.0,,0.0,,0.0
36,DTDC,50.0,32x32x32,1234567890,,,Booked,0,"{""remarks"": null, ""proof_url"": ""/uploads/inbound_receive/1785846436589-93531145.png"", ""proof_urls"": [""/uploads/inbound_receive/1785846436589-93531145.png""], ""received_at"": ""2026-08-04T12:27:16.859Z"", ""received_by"": 1, ""inbound_received_at"": ""2026-08-04T12:27:16.859Z""}",2026-08-04 12:26:10.012823,2026-09-05 08:51:21.741062,14,7.0,,3.0,1.0,INBOUND,PASSED,,,,37.0,,37.0,,,,,,,,,PACKAGING_PENDING,2026-08-05 07:39:02,1.0,,,,,,,,2026-08-06,,,2026-08-04 12:27:17,,,,,,,not_ready,,,SELF,INBOUND,VENDOR_TO_HUB,1.0,1,32.0,32.0,32.0,VENDOR,Sachin Rewatkar,9404950776.0,"Wakad, Pune",Pune,Maharashtra,441057.0,0,,0,,,0,,,,,0.0,,0.0,,0.0
37,Delhivery,50.0,30x30x30,MOCK1785930094925,,https://staging-express.delhivery.com/api/p/packing_slip?wbns=MOCK1785930094925&pdf=true,Booked,1,"{""awb"": ""MOCK1785930094925"", ""raw"": {""mock"": true, ""waybill"": ""MOCK1785930094925""}, ""adapter"": ""Delhivery"", ""booked_at"": ""2026-08-05T11:41:35.042Z"", ""label_url"": ""https://staging-express.delhivery.com/api/p/packing_slip?wbns=MOCK1785930094925&pdf=true"", ""pickup_id"": null, ""courier_name"": ""Delhivery""}",2026-08-05 07:39:03.018841,2026-09-05 08:51:21.741062,14,7.0,1.0,,,OUTBOUND,PENDING,"{""eta"": 2, ""cost"": 300, ""source"": ""FALLBACK_ESTIMATE"", ""service"": ""Standard"", ""provider"": ""Delhivery"", ""buffer_days"": 3, ""calculated_at"": ""2026-08-05T07:39:02.645Z""}",,,,36.0,,,,2026-08-05 11:41:35,2026-08-07 11:05:49,,,,,DELIVERED,2026-08-07 11:05:49,1.0,,,,,,,,,,,,2026-08-05 11:41:35,InfoprosysSURFACE-B2C,"Pune, Wakad, Pune, Maharashtra",MOCK1785930094925,,,not_ready,,4.0,DELHIVERY,OUTBOUND,HUB_TO_CUSTOMER,,1,30.0,30.0,30.0,VENDOR,,,,,,,0,,0,1.0,,0,,,,,0.0,,0.0,,0.0
38,q,1.0,1x1x1,Q,,,Booked,0,"{""remarks"": null, ""proof_url"": ""/uploads/inbound_receive/1785920103722-610731409.jpeg"", ""proof_urls"": [""/uploads/inbound_receive/1785920103722-610731409.jpeg""], ""received_at"": ""2026-08-05T08:55:03.998Z"", ""received_by"": 1, ""inbound_received_at"": ""2026-08-05T08:55:03.998Z""}",2026-08-05 08:54:34.879864,2026-09-05 08:51:21.741062,15,3.0,,1.0,1.0,INBOUND,PASSED,,,,39.0,,39.0,2026-08-05 08:55:41,,,,,,,,OUTBOUND_READY,2026-08-05 08:55:54,1.0,,,,,,,,2026-08-09,,,2026-08-05 08:55:04,,,,,,,ready_for_pickup,2026-08-05 08:54:35,,SELF,INBOUND,VENDOR_TO_HUB,2.0,1,1.0,1.0,1.0,VENDOR,Mahesh Vaidya,8788094928.0,Pune,Haveli,Maharashtra,411016.0,0,,0,,,0,,,,,0.0,,0.0,,0.0
39,Delhivery,199.0,10x8x12,MOCK1785920152663,,https://staging-express.delhivery.com/api/p/packing_slip?wbns=MOCK1785920152663&pdf=true,Booked,1,"{""awb"": ""MOCK1785920152663"", ""raw"": {""mock"": true, ""waybill"": ""MOCK1785920152663""}, ""adapter"": ""Delhivery"", ""booked_at"": ""2026-08-05T08:55:52.829Z"", ""label_url"": ""https://staging-express.delhivery.com/api/p/packing_slip?wbns=MOCK1785920152663&pdf=true"", ""pickup_id"": null, ""courier_name"": ""Delhivery""}",2026-08-05 08:55:52.333146,2026-09-05 08:51:21.741062,15,3.0,1.0,,,OUTBOUND,PENDING,,,,,38.0,,,,2026-08-05 08:55:53,2026-08-05 08:56:18,,,,,DELIVERED,2026-08-05 08:56:18,1.0,,,,,,,,,,,,2026-08-05 08:55:53,InfoprosysSURFACE-B2C,"Pune, Wakad, Pune, Maharashtra",MOCK1785920152663,,,ready_for_pickup,2026-08-05 08:55:54,4.0,DELHIVERY,OUTBOUND,HUB_TO_CUSTOMER,,1,10.0,8.0,12.0,VENDOR,,,,,,,0,,0,1.0,,0,,,,,0.0,,0.0,,0.0
40,Delhivery,199.0,10x8x12,MOCK1785921008460,,https://staging-express.delhivery.com/api/p/packing_slip?wbns=MOCK1785921008460&pdf=true,Booked,1,"{""awb"": ""MOCK1785921008460"", ""raw"": {""mock"": true, ""waybill"": ""MOCK1785921008460""}, ""adapter"": ""Delhivery"", ""remarks"": null, ""booked_at"": ""2026-08-05T09:10:08.599Z"", ""label_url"": ""https://staging-express.delhivery.com/api/p/packing_slip?wbns=MOCK1785921008460&pdf=true"", ""pickup_id"": null, ""proof_url"": ""/uploads/inbound_receive/1785921029699-628391374.jpeg"", ""proof_urls"": [""/uploads/inbound_receive/1785921029699-628391374.jpeg""], ""received_at"": ""2026-08-05T09:10:29.868Z"", ""received_by"": 1, ""courier_name"": ""Delhivery"", ""inbound_received_at"": ""2026-08-05T09:10:29.868Z""}",2026-08-05 09:10:08.198807,2026-09-05 08:51:21.741062,15,3.0,1.0,4.0,1.0,RETURN,PENDING,,,,,39.0,,,,2026-08-05 09:10:09,,,,,,RETURN_COMPLETED,2026-08-05 09:11:00,1.0,,,,,,,2026-08-05 09:10:08,,,,2026-08-05 09:10:30,2026-08-05 09:10:16,InfoprosysSURFACE-B2C,"MIDC Phase 2, Pune, Maharashtra, Pune, Maharashtra",MOCK1785921008460,New,,not_ready,,4.0,DELHIVERY,RETURN,CUSTOMER_TO_HUB,,1,10.0,8.0,12.0,VENDOR,,,,,,,0,,0,1.0,,0,,,,,0.0,,0.0,,0.0
41,DTDC,5.0,5x5x5,D12345678,,,Booked,0,"{""remarks"": null, ""proof_url"": ""/uploads/inbound_receive/1785929984836-853123280.png"", ""proof_urls"": [""/uploads/inbound_receive/1785929984836-853123280.png""], ""received_at"": ""2026-08-05T11:39:45.112Z"", ""received_by"": 1, ""inbound_received_at"": ""2026-08-05T11:39:45.112Z""}",2026-08-05 11:38:27.369721,2026-09-05 08:51:21.741062,16,7.0,,3.0,1.0,INBOUND,PASSED,,,,42.0,,42.0,2026-08-05 11:40:48,,,,,,,,OUTBOUND_READY,2026-08-05 11:40:56,1.0,,,,,,,,2026-08-09,,,2026-08-05 11:39:45,,,,,,,ready_for_pickup,2026-08-05 11:38:27,,SELF,INBOUND,VENDOR_TO_HUB,1.0,1,5.0,5.0,5.0,VENDOR,Sachin Rewatkar,9404950776.0,"Wakad, Pune",Pune,Maharashtra,441057.0,0,,0,,,0,,,,,0.0,,0.0,,0.0
42,Delhivery,50.0,30x30x30,MOCK1785930054756,,https://staging-express.delhivery.com/api/p/packing_slip?wbns=MOCK1785930054756&pdf=true,Booked,1,"{""awb"": ""MOCK1785930054756"", ""raw"": {""mock"": true, ""waybill"": ""MOCK1785930054756""}, ""adapter"": ""Delhivery"", ""booked_at"": ""2026-08-05T11:40:54.833Z"", ""label_url"": ""https://staging-express.delhivery.com/api/p/packing_slip?wbns=MOCK1785930054756&pdf=true"", ""pickup_id"": null, ""courier_name"": ""Delhivery""}",2026-08-05 11:40:54.242906,2026-09-05 08:51:21.741062,16,7.0,1.0,,,OUTBOUND,PENDING,"{""eta"": 2, ""cost"": 300, ""source"": ""FALLBACK_ESTIMATE"", ""service"": ""Standard"", ""provider"": ""Delhivery"", ""buffer_days"": 3, ""calculated_at"": ""2026-08-05T11:40:54.107Z""}",,,,41.0,,,,2026-08-05 11:40:55,2026-08-06 14:51:36,,,,,DELIVERED,2026-08-06 14:51:36,1.0,,,,,,,,,,,,2026-08-05 11:40:55,InfoprosysSURFACE-B2C,"Pune, Wakad, Pune, Maharashtra",MOCK1785930054756,,,ready_for_pickup,2026-08-05 11:40:56,4.0,DELHIVERY,OUTBOUND,HUB_TO_CUSTOMER,,1,30.0,30.0,30.0,VENDOR,,,,,,,0,,0,1.0,,0,,,,,0.0,,0.0,,0.0
43,DTDC,5.0,5x5x5,D12345678,,,Booked,0,"{""remarks"": null, ""proof_url"": ""/uploads/inbound_receive/1785933211931-456211386.png"", ""proof_urls"": [""/uploads/inbound_receive/1785933211931-456211386.png""], ""received_at"": ""2026-08-05T12:33:32.381Z"", ""received_by"": 1, ""inbound_received_at"": ""2026-08-05T12:33:32.381Z""}",2026-08-05 12:29:53.027977,2026-09-05 08:51:21.741062,17,7.0,,3.0,1.0,INBOUND,PASSED,,,,44.0,,44.0,2026-08-05 12:34:18,,,,,,,,OUTBOUND_READY,2026-08-05 12:34:27,1.0,,,,,,,,2026-08-09,,,2026-08-05 12:33:32,,,,,,,ready_for_pickup,2026-08-05 12:29:53,,SELF,INBOUND,VENDOR_TO_HUB,1.0,1,5.0,5.0,5.0,VENDOR,Sachin Rewatkar,9404950776.0,"Wakad, Pune",Pune,Maharashtra,441057.0,0,,0,,,0,,,,,0.0,,0.0,,0.0
44,Delhivery,50.0,30x30x30,MOCK1785933265600,,https://staging-express.delhivery.com/api/p/packing_slip?wbns=MOCK1785933265600&pdf=true,Booked,1,"{""awb"": ""MOCK1785933265600"", ""raw"": {""mock"": true, ""waybill"": ""MOCK1785933265600""}, ""adapter"": ""Delhivery"", ""booked_at"": ""2026-08-05T12:34:25.674Z"", ""label_url"": ""https://staging-express.delhivery.com/api/p/packing_slip?wbns=MOCK1785933265600&pdf=true"", ""pickup_id"": null, ""courier_name"": ""Delhivery""}",2026-08-05 12:34:25.197880,2026-09-05 08:51:21.741062,17,7.0,1.0,,,OUTBOUND,PENDING,"{""eta"": 2, ""cost"": 300, ""source"": ""FALLBACK_ESTIMATE"", ""service"": ""Standard"", ""provider"": ""Delhivery"", ""buffer_days"": 3, ""calculated_at"": ""2026-08-05T12:34:25.088Z""}",,,,43.0,,,,2026-08-05 12:34:26,2026-08-06 14:48:10,,,,,DELIVERED,2026-08-06 14:48:10,1.0,,,,,,,,,,,,2026-08-05 12:34:26,InfoprosysSURFACE-B2C,"Pune, Wakad, Pune, Maharashtra",MOCK1785933265600,,,ready_for_pickup,2026-08-05 12:34:26,4.0,DELHIVERY,OUTBOUND,HUB_TO_CUSTOMER,,1,30.0,30.0,30.0,VENDOR,,,,,,,0,,0,1.0,,0,,,,,0.0,,0.0,,0.0
45,hh,5.0,5x55x5,JJ,,,Booked,0,"{""remarks"": ""hii"", ""proof_url"": ""/uploads/inbound_receive/1786002793504-872026119.jpg"", ""proof_urls"": [""/uploads/inbound_receive/1786002793504-872026119.jpg""], ""received_at"": ""2026-08-06T07:53:14.039Z"", ""received_by"": 1, ""inbound_received_at"": ""2026-08-06T07:53:14.039Z""}",2026-08-06 07:49:48.723246,2026-09-05 08:51:21.741062,20,3.0,,1.0,1.0,INBOUND,PASSED,,,,46.0,,46.0,2026-08-06 07:53:41,,,,,,,,OUTBOUND_READY,2026-08-06 07:53:48,1.0,,,,,,,,2026-08-10,,,2026-08-06 07:53:14,,,,,,,ready_for_pickup,2026-08-06 07:49:49,,SELF,INBOUND,VENDOR_TO_HUB,2.0,1,5.0,55.0,5.0,VENDOR,Mahesh Vaidya,8788094928.0,Pune,Haveli,Maharashtra,411016.0,0,,0,,,0,,,,,0.0,,0.0,,0.0
46,Delhivery,199.0,10x8x12,MOCK1786002826084,,https://staging-express.delhivery.com/api/p/packing_slip?wbns=MOCK1786002826084&pdf=true,Booked,1,"{""awb"": ""MOCK1786002826084"", ""raw"": {""mock"": true, ""waybill"": ""MOCK1786002826084""}, ""adapter"": ""Delhivery"", ""booked_at"": ""2026-08-06T07:53:46.247Z"", ""label_url"": ""https://staging-express.delhivery.com/api/p/packing_slip?wbns=MOCK1786002826084&pdf=true"", ""pickup_id"": null, ""courier_name"": ""Delhivery""}",2026-08-06 07:53:45.468965,2026-09-05 08:51:21.741062,20,3.0,1.0,,,OUTBOUND,PENDING,,,,,45.0,,,,2026-08-06 07:53:46,2026-08-06 14:48:13,,,,,DELIVERED,2026-08-06 14:48:13,1.0,,,,,,,,,,,,2026-08-06 07:53:46,InfoprosysSURFACE-B2C,"MG Road, Ashok Nagar, Pune, Karnataka",MOCK1786002826084,,,ready_for_pickup,2026-08-06 07:53:47,7.0,DELHIVERY,OUTBOUND,HUB_TO_CUSTOMER,,1,10.0,8.0,12.0,VENDOR,,,,,,,0,,0,1.0,,0,,,,,0.0,,0.0,,0.0
47,DTDC,8.0,8x7x9,123123,,,Booked,0,"{""remarks"": null, ""proof_url"": ""/uploads/inbound_receive/1786004110198-953679700.jpg"", ""proof_urls"": [""/uploads/inbound_receive/1786004110198-953679700.jpg""], ""received_at"": ""2026-08-06T08:15:10.492Z"", ""received_by"": 1, ""inbound_received_at"": ""2026-08-06T08:15:10.492Z""}",2026-08-06 08:14:52.672154,2026-09-05 08:51:21.741062,19,7.0,,3.0,1.0,INBOUND,PASSED,,,,48.0,,48.0,2026-08-06 08:15:38,,,,,,,,OUTBOUND_READY,2026-08-06 08:15:50,1.0,,,,,,,,2026-08-10,,,2026-08-06 08:15:10,,,,,,,ready_for_pickup,2026-08-06 08:14:53,,SELF,INBOUND,VENDOR_TO_HUB,1.0,1,8.0,7.0,9.0,VENDOR,Sachin Rewatkar,9404950776.0,"Wakad, Pune",Pune,Maharashtra,441057.0,0,,0,,,0,,,,,0.0,,0.0,,0.0
48,Delhivery,50.0,30x30x30,MOCK1786004147907,,https://staging-express.delhivery.com/api/p/packing_slip?wbns=MOCK1786004147907&pdf=true,Booked,1,"{""awb"": ""MOCK1786004147907"", ""raw"": {""mock"": true, ""waybill"": ""MOCK1786004147907""}, ""adapter"": ""Delhivery"", ""booked_at"": ""2026-08-06T08:15:47.992Z"", ""label_url"": ""https://staging-express.delhivery.com/api/p/packing_slip?wbns=MOCK1786004147907&pdf=true"", ""pickup_id"": null, ""courier_name"": ""Delhivery""}",2026-08-06 08:15:47.419003,2026-09-05 08:51:21.741062,19,7.0,1.0,,,OUTBOUND,PENDING,"{""eta"": 2, ""cost"": 300, ""source"": ""FALLBACK_ESTIMATE"", ""service"": ""Standard"", ""provider"": ""Delhivery"", ""buffer_days"": 3, ""calculated_at"": ""2026-08-06T08:15:47.289Z""}",,,,47.0,,,,2026-08-06 08:15:48,2026-08-06 14:51:39,,,,,DELIVERED,2026-08-06 14:51:39,1.0,,,,,,,,,,,,2026-08-06 08:15:48,InfoprosysSURFACE-B2C,"Wakad, Pune, Haveli, Maharashtra",MOCK1786004147907,,,ready_for_pickup,2026-08-06 08:15:49,6.0,DELHIVERY,OUTBOUND,HUB_TO_CUSTOMER,,1,30.0,30.0,30.0,VENDOR,,,,,,,0,,0,1.0,,0,,,,,0.0,,0.0,,0.0
49,DTDT,5.0,5x55x5,DT12345,,,Booked,0,"{""remarks"": ""jj"", ""proof_url"": ""/uploads/inbound_receive/1786004857664-311091945.png"", ""proof_urls"": [""/uploads/inbound_receive/1786004857664-311091945.png""], ""received_at"": ""2026-08-06T08:27:37.940Z"", ""received_by"": 1, ""inbound_received_at"": ""2026-08-06T08:27:37.940Z""}",2026-08-06 08:24:26.820365,2026-09-05 08:51:21.741062,21,3.0,,1.0,1.0,INBOUND,PASSED,,,,50.0,,50.0,2026-08-06 08:28:05,,,,,,,,OUTBOUND_READY,2026-08-06 08:28:11,1.0,,,,,,,,2026-08-10,,,2026-08-06 08:27:38,,,,,,,ready_for_pickup,2026-08-06 08:24:27,,SELF,INBOUND,VENDOR_TO_HUB,2.0,1,5.0,55.0,5.0,VENDOR,Mahesh Vaidya,8788094928.0,Pune,Haveli,Maharashtra,411016.0,0,,0,,,0,,,,,0.0,,0.0,,0.0
50,Delhivery,199.0,10x8x12,MOCK1786004888899,,https://staging-express.delhivery.com/api/p/packing_slip?wbns=MOCK1786004888899&pdf=true,Booked,1,"{""awb"": ""MOCK1786004888899"", ""raw"": {""mock"": true, ""waybill"": ""MOCK1786004888899""}, ""adapter"": ""Delhivery"", ""booked_at"": ""2026-08-06T08:28:09.063Z"", ""label_url"": ""https://staging-express.delhivery.com/api/p/packing_slip?wbns=MOCK1786004888899&pdf=true"", ""pickup_id"": null, ""courier_name"": ""Delhivery""}",2026-08-06 08:28:08.105404,2026-09-05 08:51:21.741062,21,3.0,1.0,,,OUTBOUND,PENDING,,,,,49.0,,,,2026-08-06 08:28:09,2026-08-06 08:30:09,,,,,DELIVERED,2026-08-06 08:30:09,1.0,,,,,,,,,,,,2026-08-06 08:28:09,InfoprosysSURFACE-B2C,"MG Road, Ashok Nagar, Pune, Karnataka",MOCK1786004888899,,,ready_for_pickup,2026-08-06 08:28:10,7.0,DELHIVERY,OUTBOUND,HUB_TO_CUSTOMER,,1,10.0,8.0,12.0,VENDOR,,,,,,,0,,0,1.0,,0,,,,,0.0,,0.0,,0.0
51,DTDC,5.0,5x5x5,D12345678,,,Booked,0,"{""remarks"": null, ""proof_url"": ""/uploads/inbound_receive/1786033478788-381589341.png"", ""proof_urls"": [""/uploads/inbound_receive/1786033478788-381589341.png""], ""received_at"": ""2026-08-06T16:24:39.119Z"", ""received_by"": 1, ""inbound_received_at"": ""2026-08-06T16:24:39.119Z""}",2026-08-06 16:24:09.517367,2026-09-05 08:51:21.741062,22,7.0,,3.0,1.0,INBOUND,PASSED,,,,52.0,,52.0,2026-08-06 16:25:35,,,,,,,,OUTBOUND_READY,2026-08-06 16:26:37,1.0,,,,,,,,2026-08-10,,,2026-08-06 16:24:39,,,,,,,ready_for_pickup,2026-08-06 16:24:10,,SELF,INBOUND,VENDOR_TO_HUB,1.0,1,5.0,5.0,5.0,VENDOR,Sachin Rewatkar,9404950776.0,"Wakad, Pune",Pune,Maharashtra,441057.0,0,,0,,,0,,,,,0.0,,0.0,,0.0
52,Delhivery,50.0,30x30x30,MOCK1786033595939,,https://staging-express.delhivery.com/api/p/packing_slip?wbns=MOCK1786033595939&pdf=true,Booked,1,"{""awb"": ""MOCK1786033595939"", ""raw"": {""mock"": true, ""waybill"": ""MOCK1786033595939""}, ""adapter"": ""Delhivery"", ""booked_at"": ""2026-08-06T16:26:36.019Z"", ""label_url"": ""https://staging-express.delhivery.com/api/p/packing_slip?wbns=MOCK1786033595939&pdf=true"", ""pickup_id"": null, ""courier_name"": ""Delhivery""}",2026-08-06 16:26:35.465783,2026-09-05 08:51:21.741062,22,7.0,1.0,,,OUTBOUND,PENDING,"{""eta"": 2, ""cost"": 300, ""source"": ""FALLBACK_ESTIMATE"", ""service"": ""Standard"", ""provider"": ""Delhivery"", ""buffer_days"": 3, ""calculated_at"": ""2026-08-06T16:26:35.299Z""}",,,,51.0,,,,2026-08-06 16:26:36,2026-08-06 16:27:19,,,,,DELIVERED,2026-08-06 16:27:18,1.0,,,,,,,,,,,,2026-08-06 16:26:36,Vendor Pune Warehouse,"Pune, Wakad, Pune, Maharashtra",MOCK1786033595939,,1.0,pickup_scheduled,2026-08-06 16:26:37,4.0,DELHIVERY,OUTBOUND,HUB_TO_CUSTOMER,,1,30.0,30.0,30.0,VENDOR,,,,,,,0,,0,1.0,,0,,,,,0.0,,0.0,,0.0
53,Delhivery,50.0,30x30x30,MOCK1786033758666,,https://staging-express.delhivery.com/api/p/packing_slip?wbns=MOCK1786033758666&pdf=true,Booked,1,"{""awb"": ""MOCK1786033758666"", ""raw"": {""mock"": true, ""waybill"": ""MOCK1786033758666""}, ""adapter"": ""Delhivery"", ""remarks"": null, ""booked_at"": ""2026-08-06T16:29:18.801Z"", ""label_url"": ""https://staging-express.delhivery.com/api/p/packing_slip?wbns=MOCK1786033758666&pdf=true"", ""pickup_id"": null, ""proof_url"": ""/uploads/inbound_receive/1786034056125-742657141.png"", ""proof_urls"": [""/uploads/inbound_receive/1786034056125-742657141.png""], ""received_at"": ""2026-08-06T16:34:16.391Z"", ""received_by"": 1, ""courier_name"": ""Delhivery"", ""inbound_received_at"": ""2026-08-06T16:34:16.391Z""}",2026-08-06 16:29:18.121087,2026-09-05 08:51:21.741062,22,7.0,1.0,4.0,1.0,RETURN,PENDING,,,,,52.0,,,,2026-08-06 16:29:19,,,,,,RETURN_COMPLETED,2026-08-06 16:35:20,1.0,,,,,,,2026-08-06 16:29:18,,,,2026-08-06 16:34:16,2026-08-06 16:32:53,InfoprosysSURFACE-B2C,"MIDC Phase 2, Pune, Maharashtra, Pune, Maharashtra",MOCK1786033758666,New,,not_ready,,4.0,DELHIVERY,RETURN,CUSTOMER_TO_HUB,,1,30.0,30.0,30.0,VENDOR,,,,,,,0,,0,1.0,,0,,,,,0.0,,0.0,,0.0
54,Delhivery,50.0,30x30x30,MOCK1786077228424,,https://staging-express.delhivery.com/api/p/packing_slip?wbns=MOCK1786077228424&pdf=true,Booked,1,"{""awb"": ""MOCK1786077228424"", ""raw"": {""mock"": true, ""waybill"": ""MOCK1786077228424""}, ""adapter"": ""Delhivery"", ""booked_at"": ""2026-08-07T04:33:48.623Z"", ""label_url"": ""https://staging-express.delhivery.com/api/p/packing_slip?wbns=MOCK1786077228424&pdf=true"", ""pickup_id"": null, ""courier_name"": ""Delhivery""}",2026-08-07 04:33:47.987668,2026-09-05 08:51:21.741062,17,7.0,1.0,4.0,1.0,RETURN,PENDING,,,,,44.0,,,,2026-08-07 04:33:49,,,,,,RETURN_BOOKED,2026-08-07 04:33:49,,,,,,,,2026-08-07 04:33:48,,,,,,InfoprosysSURFACE-B2C,"MIDC Phase 2, Pune, Maharashtra, Pune, Maharashtra",MOCK1786077228424,New,,not_ready,,4.0,DELHIVERY,RETURN,CUSTOMER_TO_HUB,,1,30.0,30.0,30.0,VENDOR,,,,,,,0,,0,1.0,,0,,,,,0.0,,0.0,,0.0
55,Delhivery,50.0,30x30x30,MOCK1786077918391,,https://staging-express.delhivery.com/api/p/packing_slip?wbns=MOCK1786077918391&pdf=true,Booked,1,"{""awb"": ""MOCK1786077918391"", ""raw"": {""mock"": true, ""waybill"": ""MOCK1786077918391""}, ""adapter"": ""Delhivery"", ""booked_at"": ""2026-08-07T04:45:18.574Z"", ""label_url"": ""https://staging-express.delhivery.com/api/p/packing_slip?wbns=MOCK1786077918391&pdf=true"", ""pickup_id"": null, ""courier_name"": ""Delhivery""}",2026-08-07 04:34:00.774056,2026-09-05 08:51:21.741062,25,7.0,1.0,,,OUTBOUND,PENDING,"{""eta"": 2, ""cost"": 300, ""source"": ""FALLBACK_ESTIMATE"", ""service"": ""Standard"", ""provider"": ""Delhivery"", ""buffer_days"": 3, ""calculated_at"": ""2026-08-07T04:34:00.603Z""}",,,,,,,,2026-08-07 04:45:19,2026-08-07 11:05:45,,,,,DELIVERED,2026-08-07 11:05:45,1.0,,,,,,,,,,,,2026-08-07 04:45:19,InfoprosysSURFACE-B2C,"Pune, Wakad, Pune, Maharashtra",MOCK1786077918391,,,not_ready,,4.0,DELHIVERY,OUTBOUND,HUB_TO_CUSTOMER,,1,30.0,30.0,30.0,VENDOR,,,,,,,0,,0,1.0,,0,,,,,0.0,,0.0,,0.0
56,Delhivery,50.0,30x30x30,MOCK1786077360755,,https://staging-express.delhivery.com/api/p/packing_slip?wbns=MOCK1786077360755&pdf=true,Booked,1,"{""awb"": ""MOCK1786077360755"", ""raw"": {""mock"": true, ""waybill"": ""MOCK1786077360755""}, ""adapter"": ""Delhivery"", ""remarks"": ""exchange new product to customer has received"", ""booked_at"": ""2026-08-07T04:36:00.909Z"", ""label_url"": ""https://staging-express.delhivery.com/api/p/packing_slip?wbns=MOCK1786077360755&pdf=true"", ""pickup_id"": null, ""proof_url"": ""/uploads/inbound_receive/1786077671298-294234509.jpeg"", ""proof_urls"": [""/uploads/inbound_receive/1786077671298-294234509.jpeg""], ""received_at"": ""2026-08-07T04:41:11.620Z"", ""received_by"": 1, ""courier_name"": ""Delhivery"", ""inbound_received_at"": ""2026-08-07T04:41:11.620Z""}",2026-08-07 04:36:00.386478,2026-09-05 08:51:21.741062,16,7.0,1.0,4.0,1.0,RETURN,PENDING,,,,,42.0,,,,2026-08-07 04:36:01,,,,,,RETURN_IN_TRANSIT,2026-08-07 04:47:05,1.0,,,,,,,2026-08-07 04:36:01,,,,2026-08-07 04:41:12,2026-08-07 04:46:59,InfoprosysSURFACE-B2C,"MIDC Phase 2, Pune, Maharashtra, Pune, Maharashtra",MOCK1786077360755,New,,not_ready,,4.0,DELHIVERY,RETURN,CUSTOMER_TO_HUB,,1,30.0,30.0,30.0,VENDOR,,,,,,,0,,0,1.0,,0,,,,,0.0,,0.0,,0.0
57,fhgfgf,50.0,32x32x32,432432,,,Booked,0,,2026-08-07 04:39:55.293750,2026-09-05 08:51:21.741062,26,7.0,,3.0,1.0,INBOUND,PENDING,,,,,,,,,,,,,,,IN_TRANSIT_TO_HUB,,,,,,,,,,2026-08-09,,,,,,,,,,not_ready,,,SELF,INBOUND,VENDOR_TO_HUB,1.0,1,32.0,32.0,32.0,VENDOR,Sachin Rewatkar,9404950776.0,"Wakad, Pune",Pune,Maharashtra,441057.0,1,,0,,,0,,,,,0.0,,0.0,,0.0
58,ghfhgf,50.0,32x32x32,54354,,,Booked,0,,2026-08-07 04:47:23.379772,2026-09-05 08:51:21.741062,25,7.0,,3.0,1.0,INBOUND,PENDING,,,,,,,,,,,,,,,IN_TRANSIT_TO_HUB,,,,,,,,,,2026-08-09,,,,,,,,,,not_ready,,,SELF,INBOUND,VENDOR_TO_HUB,1.0,1,32.0,32.0,32.0,VENDOR,Sachin Rewatkar,9404950776.0,"Wakad, Pune",Pune,Maharashtra,441057.0,1,,0,,,0,,,,,0.0,,0.0,,0.0
59,q,1.0,1x1x11,Q,,,Booked,0,"{""remarks"": null, ""proof_url"": ""/uploads/inbound_receive/1786078350822-30062228.png"", ""proof_urls"": [""/uploads/inbound_receive/1786078350822-30062228.png""], ""received_at"": ""2026-08-07T04:52:31.105Z"", ""received_by"": 1, ""inbound_received_at"": ""2026-08-07T04:52:31.105Z""}",2026-08-07 04:52:02.549258,2026-09-05 08:51:21.741062,27,3.0,,1.0,1.0,INBOUND,PASSED,,,,60.0,,60.0,2026-08-07 04:53:04,,,,,,,,OUTBOUND_READY,2026-08-07 04:53:15,1.0,,,,,,,,2026-09-01,,,2026-08-07 04:52:31,,,,,,,ready_for_pickup,2026-08-07 04:52:03,,SELF,INBOUND,VENDOR_TO_HUB,2.0,1,1.0,1.0,11.0,VENDOR,Mahesh Vaidya,8788094928.0,Pune,Haveli,Maharashtra,411016.0,0,,0,,,0,,,,,0.0,,0.0,,0.0
60,Delhivery,199.0,10x8x12,MOCK1786078392956,,https://staging-express.delhivery.com/api/p/packing_slip?wbns=MOCK1786078392956&pdf=true,Booked,1,"{""awb"": ""MOCK1786078392956"", ""raw"": {""mock"": true, ""waybill"": ""MOCK1786078392956""}, ""adapter"": ""Delhivery"", ""booked_at"": ""2026-08-07T04:53:13.138Z"", ""label_url"": ""https://staging-express.delhivery.com/api/p/packing_slip?wbns=MOCK1786078392956&pdf=true"", ""pickup_id"": null, ""courier_name"": ""Delhivery""}",2026-08-07 04:53:12.430741,2026-09-05 08:51:21.741062,27,3.0,1.0,,,OUTBOUND,PENDING,,,,,59.0,,,,2026-08-07 04:53:13,2026-08-07 04:53:28,,,,,DELIVERED,2026-08-07 04:53:28,1.0,,,,,,,,,,,,2026-08-07 04:53:13,Vendor Pune Warehouse,"Pune, Wakad, Pune, Maharashtra",MOCK1786078392956,,1.0,pickup_scheduled,2026-08-07 04:53:14,4.0,DELHIVERY,OUTBOUND,HUB_TO_CUSTOMER,,1,10.0,8.0,12.0,VENDOR,,,,,,,0,,0,1.0,,0,,,,,0.0,,0.0,,0.0
61,Delhivery,199.0,10x8x12,MOCK1786078473836,,https://staging-express.delhivery.com/api/p/packing_slip?wbns=MOCK1786078473836&pdf=true,Booked,1,"{""awb"": ""MOCK1786078473836"", ""raw"": {""mock"": true, ""waybill"": ""MOCK1786078473836""}, ""adapter"": ""Delhivery"", ""remarks"": null, ""booked_at"": ""2026-08-07T04:54:33.971Z"", ""label_url"": ""https://staging-express.delhivery.com/api/p/packing_slip?wbns=MOCK1786078473836&pdf=true"", ""pickup_id"": null, ""proof_url"": ""/uploads/inbound_receive/1786081104303-555287118.png"", ""proof_urls"": [""/uploads/inbound_receive/1786081104303-555287118.png""], ""received_at"": ""2026-08-07T05:38:24.594Z"", ""received_by"": 1, ""courier_name"": ""Delhivery"", ""inbound_received_at"": ""2026-08-07T05:38:24.594Z""}",2026-08-07 04:54:33.601766,2026-09-05 08:51:21.741062,27,3.0,1.0,4.0,1.0,RETURN,PENDING,,,,,60.0,,,,2026-08-07 04:54:34,,,,,,RETURN_BOOKED,2026-08-07 04:54:34,,,,,,,,2026-08-07 04:54:34,,,,2026-08-07 05:38:25,,InfoprosysSURFACE-B2C,"MIDC Phase 2, Pune, Maharashtra, Pune, Maharashtra",MOCK1786078473836,New,,not_ready,,4.0,DELHIVERY,RETURN,CUSTOMER_TO_HUB,,1,10.0,8.0,12.0,VENDOR,,,,,,,0,,0,1.0,,0,,,,,0.0,,0.0,,0.0
62,A,1.0,1x1x1,A,,,Booked,0,"{""remarks"": null, ""proof_url"": ""/uploads/inbound_receive/1786079528527-644663521.jpeg"", ""proof_urls"": [""/uploads/inbound_receive/1786079528527-644663521.jpeg""], ""received_at"": ""2026-08-07T05:12:09.216Z"", ""received_by"": 1, ""inbound_received_at"": ""2026-08-07T05:12:09.216Z""}",2026-08-07 05:09:54.919980,2026-09-05 08:51:21.741062,29,3.0,,1.0,1.0,INBOUND,PASSED,,,,63.0,,63.0,2026-08-07 05:12:47,,,,,,,,HUB_PACKAGED,2026-08-07 05:12:47,1.0,,,,,,,,2026-08-09,,,2026-08-07 05:12:09,,,,,,,not_ready,,,SELF,INBOUND,VENDOR_TO_HUB,2.0,1,1.0,1.0,1.0,VENDOR,Mahesh Vaidya,8788094928.0,Pune,Haveli,Maharashtra,411016.0,0,,0,,,0,,,,,0.0,,0.0,,0.0
63,Delhivery,199.0,10x8x12,MOCK1786079834530,,https://staging-express.delhivery.com/api/p/packing_slip?wbns=MOCK1786079834530&pdf=true,Booked,1,"{""awb"": ""MOCK1786079834530"", ""raw"": {""mock"": true, ""waybill"": ""MOCK1786079834530""}, ""adapter"": ""Delhivery"", ""booked_at"": ""2026-08-07T05:17:14.736Z"", ""label_url"": ""https://staging-express.delhivery.com/api/p/packing_slip?wbns=MOCK1786079834530&pdf=true"", ""pickup_id"": null, ""courier_name"": ""Delhivery""}",2026-08-07 05:12:23.574016,2026-09-05 08:51:21.741062,29,3.0,1.0,,,OUTBOUND,PENDING,,,,,62.0,,,,2026-08-07 05:17:15,2026-08-07 11:05:41,,,,,DELIVERED,2026-08-07 11:05:41,1.0,,,,,,,,,,,,2026-08-07 05:17:15,InfoprosysSURFACE-B2C,"Pune, Wakad, Pune, Maharashtra",MOCK1786079834530,,,not_ready,,4.0,DELHIVERY,OUTBOUND,HUB_TO_CUSTOMER,,1,10.0,8.0,12.0,VENDOR,,,,,,,0,,0,1.0,,0,,,,,0.0,,0.0,,0.0
64,DTDC,5.0,5x5x5,D12345678,,,Booked,0,"{""remarks"": null, ""proof_url"": ""/uploads/inbound_receive/1786080565417-42496555.png"", ""proof_urls"": [""/uploads/inbound_receive/1786080565417-42496555.png""], ""received_at"": ""2026-08-07T05:29:25.627Z"", ""received_by"": 1, ""inbound_received_at"": ""2026-08-07T05:29:25.627Z""}",2026-08-07 05:28:45.902115,2026-09-05 08:51:21.741062,30,7.0,,3.0,1.0,INBOUND,PASSED,,,,65.0,,65.0,2026-08-07 05:30:43,,,,,,,,OUTBOUND_READY,2026-08-07 05:30:54,1.0,,,,,,,,2026-08-11,,,2026-08-07 05:29:26,,,,,,,ready_for_pickup,2026-08-07 05:28:46,,SELF,INBOUND,VENDOR_TO_HUB,1.0,1,5.0,5.0,5.0,VENDOR,Sachin Rewatkar,9404950776.0,"Wakad, Pune",Pune,Maharashtra,441057.0,0,,0,,,0,,,,,0.0,,0.0,,0.0
65,Delhivery,50.0,30x30x30,MOCK1786080652122,,https://staging-express.delhivery.com/api/p/packing_slip?wbns=MOCK1786080652122&pdf=true,Booked,1,"{""awb"": ""MOCK1786080652122"", ""raw"": {""mock"": true, ""waybill"": ""MOCK1786080652122""}, ""adapter"": ""Delhivery"", ""booked_at"": ""2026-08-07T05:30:52.196Z"", ""label_url"": ""https://staging-express.delhivery.com/api/p/packing_slip?wbns=MOCK1786080652122&pdf=true"", ""pickup_id"": null, ""courier_name"": ""Delhivery""}",2026-08-07 05:30:51.621037,2026-09-05 08:51:21.741062,30,7.0,1.0,,,OUTBOUND,PENDING,"{""eta"": 2, ""cost"": 300, ""source"": ""FALLBACK_ESTIMATE"", ""service"": ""Standard"", ""provider"": ""Delhivery"", ""buffer_days"": 3, ""calculated_at"": ""2026-08-07T05:30:51.501Z""}",,,,64.0,,,,2026-08-07 05:30:52,2026-08-07 05:31:09,,,,,DELIVERED,2026-08-07 05:31:09,1.0,,,,,,,,,,,,2026-08-07 05:30:52,Vendor Pune Warehouse,"Pune, Wakad, Pune, Maharashtra",MOCK1786080652122,,1.0,pickup_scheduled,2026-08-07 05:30:53,4.0,DELHIVERY,OUTBOUND,HUB_TO_CUSTOMER,,1,30.0,30.0,30.0,VENDOR,,,,,,,0,,0,1.0,,0,,,,,0.0,,0.0,,0.0
66,Delhivery,50.0,30x30x30,MOCK1786080957487,,https://staging-express.delhivery.com/api/p/packing_slip?wbns=MOCK1786080957487&pdf=true,Booked,1,"{""awb"": ""MOCK1786080957487"", ""raw"": {""mock"": true, ""waybill"": ""MOCK1786080957487""}, ""adapter"": ""Delhivery"", ""remarks"": null, ""booked_at"": ""2026-08-07T05:35:57.628Z"", ""label_url"": ""https://staging-express.delhivery.com/api/p/packing_slip?wbns=MOCK1786080957487&pdf=true"", ""pickup_id"": null, ""proof_url"": ""/uploads/inbound_receive/1786081080694-593836678.png"", ""proof_urls"": [""/uploads/inbound_receive/1786081080694-593836678.png""], ""received_at"": ""2026-08-07T05:38:01.015Z"", ""received_by"": 1, ""courier_name"": ""Delhivery"", ""inbound_received_at"": ""2026-08-07T05:38:01.015Z""}",2026-08-07 05:35:57.204563,2026-09-05 08:51:21.741062,30,7.0,1.0,4.0,1.0,RETURN,PENDING,,,,,65.0,,,,2026-08-07 05:35:58,,,,,,RETURN_QC_FAILED,2026-08-07 05:40:19,1.0,,,,,,,2026-08-07 05:35:57,,,,2026-08-07 05:38:01,2026-08-07 05:37:44,InfoprosysSURFACE-B2C,"MIDC Phase 2, Pune, Maharashtra, Pune, Maharashtra",MOCK1786080957487,New,,not_ready,,4.0,DELHIVERY,RETURN,CUSTOMER_TO_HUB,,1,30.0,30.0,30.0,VENDOR,,,,,,,0,,0,1.0,,0,,,,,0.0,,0.0,,0.0
67,DTDC,4.0,4x4x4,D123,,,Booked,0,"{""remarks"": null, ""proof_url"": ""/uploads/inbound_receive/1786081840098-397874622.jpg"", ""proof_urls"": [""/uploads/inbound_receive/1786081840098-397874622.jpg""], ""received_at"": ""2026-08-07T05:50:40.344Z"", ""received_by"": 1, ""inbound_received_at"": ""2026-08-07T05:50:40.344Z""}",2026-08-07 05:50:13.826163,2026-09-05 08:51:21.741062,28,3.0,,1.0,1.0,INBOUND,PASSED,,,,68.0,,68.0,2026-08-07 05:51:24,,,,,,,,OUTBOUND_READY,2026-08-07 05:51:39,1.0,,,,,,,,2026-08-11,,,2026-08-07 05:50:40,,,,,,,ready_for_pickup,2026-08-07 05:50:14,,SELF,INBOUND,VENDOR_TO_HUB,2.0,1,4.0,4.0,4.0,VENDOR,Mahesh Vaidya,8788094928.0,Pune,Haveli,Maharashtra,411016.0,0,,0,,,0,,,,,0.0,,0.0,,0.0
68,Delhivery,199.0,10x8x12,MOCK1786081897268,,https://staging-express.delhivery.com/api/p/packing_slip?wbns=MOCK1786081897268&pdf=true,Booked,1,"{""awb"": ""MOCK1786081897268"", ""raw"": {""mock"": true, ""waybill"": ""MOCK1786081897268""}, ""adapter"": ""Delhivery"", ""booked_at"": ""2026-08-07T05:51:37.439Z"", ""label_url"": ""https://staging-express.delhivery.com/api/p/packing_slip?wbns=MOCK1786081897268&pdf=true"", ""pickup_id"": null, ""courier_name"": ""Delhivery""}",2026-08-07 05:51:36.749543,2026-09-05 08:51:21.741062,28,3.0,1.0,,,OUTBOUND,PENDING,,,,,67.0,,,,2026-08-07 05:51:38,2026-08-07 05:52:00,,,,,DELIVERED,2026-08-07 05:52:00,1.0,,,,,,,,,,,,2026-08-07 05:51:38,Vendor Pune Warehouse,"Pune, Pune, Pune City, Maharashtra",MOCK1786081897268,,1.0,pickup_scheduled,2026-08-07 05:51:38,5.0,DELHIVERY,OUTBOUND,HUB_TO_CUSTOMER,,1,10.0,8.0,12.0,VENDOR,,,,,,,0,,0,1.0,,0,,,,,0.0,,0.0,,0.0
69,DTDC,5.0,5x5x5,D12345678,,,Booked,0,"{""remarks"": null, ""proof_url"": ""/uploads/inbound_receive/1786082397479-622959888.png"", ""proof_urls"": [""/uploads/inbound_receive/1786082397479-622959888.png""], ""received_at"": ""2026-08-07T05:59:57.698Z"", ""received_by"": 1, ""inbound_received_at"": ""2026-08-07T05:59:57.698Z""}",2026-08-07 05:59:33.713143,2026-09-05 08:51:21.741062,31,7.0,,3.0,1.0,INBOUND,PASSED,,,,70.0,,70.0,2026-08-07 06:00:40,,,,,,,,OUTBOUND_READY,2026-08-07 06:00:47,1.0,,,,,,,,2026-08-11,,,2026-08-07 05:59:58,,,,,,,ready_for_pickup,2026-08-07 05:59:34,,SELF,INBOUND,VENDOR_TO_HUB,1.0,1,5.0,5.0,5.0,VENDOR,Sachin Rewatkar,9404950776.0,"Wakad, Pune",Pune,Maharashtra,441057.0,0,,0,,,0,,,,,0.0,,0.0,,0.0
70,Delhivery,50.0,30x30x30,MOCK1786082444928,,https://staging-express.delhivery.com/api/p/packing_slip?wbns=MOCK1786082444928&pdf=true,Booked,1,"{""awb"": ""MOCK1786082444928"", ""raw"": {""mock"": true, ""waybill"": ""MOCK1786082444928""}, ""adapter"": ""Delhivery"", ""booked_at"": ""2026-08-07T06:00:45.004Z"", ""label_url"": ""https://staging-express.delhivery.com/api/p/packing_slip?wbns=MOCK1786082444928&pdf=true"", ""pickup_id"": null, ""courier_name"": ""Delhivery""}",2026-08-07 06:00:44.310188,2026-09-05 08:51:21.741062,31,7.0,1.0,,,OUTBOUND,PENDING,"{""eta"": 2, ""cost"": 300, ""source"": ""FALLBACK_ESTIMATE"", ""service"": ""Standard"", ""provider"": ""Delhivery"", ""buffer_days"": 3, ""calculated_at"": ""2026-08-07T06:00:44.178Z""}",,,,69.0,,,,2026-08-07 06:00:45,2026-08-07 06:01:14,,,,,DELIVERED,2026-08-07 06:01:14,1.0,,,,,,,,,,,,2026-08-07 06:00:45,Vendor Pune Warehouse,"Pune, Wakad, Pune, Maharashtra",MOCK1786082444928,,1.0,pickup_scheduled,2026-08-07 06:00:46,4.0,DELHIVERY,OUTBOUND,HUB_TO_CUSTOMER,,1,30.0,30.0,30.0,VENDOR,,,,,,,0,,0,1.0,,0,,,,,0.0,,0.0,,0.0
71,Delhivery,50.0,30x30x30,MOCK1786082950472,,https://staging-express.delhivery.com/api/p/packing_slip?wbns=MOCK1786082950472&pdf=true,Booked,1,"{""awb"": ""MOCK1786082950472"", ""raw"": {""mock"": true, ""waybill"": ""MOCK1786082950472""}, ""adapter"": ""Delhivery"", ""remarks"": null, ""booked_at"": ""2026-08-07T06:09:10.619Z"", ""label_url"": ""https://staging-express.delhivery.com/api/p/packing_slip?wbns=MOCK1786082950472&pdf=true"", ""pickup_id"": null, ""proof_url"": ""/uploads/inbound_receive/1786091422413-844755379.png"", ""proof_urls"": [""/uploads/inbound_receive/1786091422413-844755379.png""], ""received_at"": ""2026-08-07T08:30:22.694Z"", ""received_by"": 1, ""courier_name"": ""Delhivery"", ""inbound_received_at"": ""2026-08-07T08:30:22.694Z""}",2026-08-07 06:09:10.219205,2026-09-05 08:51:21.741062,31,7.0,1.0,4.0,1.0,RETURN,PENDING,,,,,70.0,,,,2026-08-07 06:09:11,,,,,,RETURN_BOOKED,2026-08-07 06:09:11,,,,,,,,2026-08-07 06:09:10,,,,2026-08-07 08:30:23,,InfoprosysSURFACE-B2C,"MIDC Phase 2, Pune, Maharashtra, Pune, Maharashtra",MOCK1786082950472,New,,not_ready,,4.0,DELHIVERY,RETURN,CUSTOMER_TO_HUB,,1,30.0,30.0,30.0,VENDOR,,,,,,,0,,0,1.0,,0,,,,,0.0,,0.0,,0.0
72,DTDC,50.0,32x32x32,1234567890,,,Booked,0,"{""remarks"": null, ""proof_url"": ""/uploads/inbound_receive/1786083124248-673162443.png"", ""proof_urls"": [""/uploads/inbound_receive/1786083124248-673162443.png""], ""received_at"": ""2026-08-07T06:12:04.519Z"", ""received_by"": 1, ""inbound_received_at"": ""2026-08-07T06:12:04.519Z""}",2026-08-07 06:11:12.195120,2026-09-05 08:51:21.741062,32,7.0,,3.0,1.0,INBOUND,PENDING,,,,,,,,,,,,,,,HUB_RECEIVED,2026-08-07 06:12:05,1.0,,,,,,,,2026-08-09,,,2026-08-07 06:12:05,,,,,,,not_ready,,,SELF,INBOUND,VENDOR_TO_HUB,1.0,1,32.0,32.0,32.0,VENDOR,Sachin Rewatkar,9404950776.0,"Wakad, Pune",Pune,Maharashtra,441057.0,0,,0,,,0,,,,,0.0,,0.0,,0.0
73,q,1.0,1x1x1,Q,,,Booked,0,"{""remarks"": null, ""proof_url"": ""/uploads/inbound_receive/1786092277276-288967418.png"", ""proof_urls"": [""/uploads/inbound_receive/1786092277276-288967418.png""], ""received_at"": ""2026-08-07T08:44:37.505Z"", ""received_by"": 1, ""inbound_received_at"": ""2026-08-07T08:44:37.505Z""}",2026-08-07 08:44:09.492036,2026-09-05 08:51:21.741062,33,3.0,,1.0,1.0,INBOUND,PASSED,,,,74.0,,74.0,2026-08-07 08:45:09,,,,,,,,OUTBOUND_READY,2026-08-07 08:45:22,1.0,,,,,,,,2026-08-11,,,2026-08-07 08:44:38,,,,,,,ready_for_pickup,2026-08-07 08:44:10,,SELF,INBOUND,VENDOR_TO_HUB,2.0,1,1.0,1.0,1.0,VENDOR,Mahesh Vaidya,8788094928.0,Pune,Haveli,Maharashtra,411016.0,0,,0,,,0,,,,,0.0,,0.0,,0.0
74,Delhivery,199.0,10x8x12,MOCK1786092319853,,https://staging-express.delhivery.com/api/p/packing_slip?wbns=MOCK1786092319853&pdf=true,Booked,1,"{""awb"": ""MOCK1786092319853"", ""raw"": {""mock"": true, ""waybill"": ""MOCK1786092319853""}, ""adapter"": ""Delhivery"", ""booked_at"": ""2026-08-07T08:45:20.106Z"", ""label_url"": ""https://staging-express.delhivery.com/api/p/packing_slip?wbns=MOCK1786092319853&pdf=true"", ""pickup_id"": null, ""courier_name"": ""Delhivery""}",2026-08-07 08:45:19.348050,2026-09-05 08:51:21.741062,33,3.0,1.0,,,OUTBOUND,PENDING,,,,,73.0,,,,2026-08-07 08:45:20,2026-08-07 08:45:33,,,,,DELIVERED,2026-08-07 08:45:33,1.0,,,,,,,,,,,,2026-08-07 08:45:20,Vendor Pune Warehouse,"Pune, Wakad, Pune, Maharashtra",MOCK1786092319853,,1.0,pickup_scheduled,2026-08-07 08:45:21,4.0,DELHIVERY,OUTBOUND,HUB_TO_CUSTOMER,,1,10.0,8.0,12.0,VENDOR,,,,,,,0,,0,1.0,,0,,,,,0.0,,0.0,,0.0
75,Delhivery,199.0,10x8x12,MOCK1786092377889,,https://staging-express.delhivery.com/api/p/packing_slip?wbns=MOCK1786092377889&pdf=true,Booked,1,"{""awb"": ""MOCK1786092377889"", ""raw"": {""mock"": true, ""waybill"": ""MOCK1786092377889""}, ""adapter"": ""Delhivery"", ""remarks"": null, ""booked_at"": ""2026-08-07T08:46:18.005Z"", ""label_url"": ""https://staging-express.delhivery.com/api/p/packing_slip?wbns=MOCK1786092377889&pdf=true"", ""pickup_id"": null, ""proof_url"": ""/uploads/inbound_receive/1786092544857-590589714.png"", ""proof_urls"": [""/uploads/inbound_receive/1786092544857-590589714.png""], ""received_at"": ""2026-08-07T08:49:05.394Z"", ""received_by"": 1, ""courier_name"": ""Delhivery"", ""inbound_received_at"": ""2026-08-07T08:49:05.394Z""}",2026-08-07 08:46:17.556329,2026-09-05 08:51:21.741062,33,3.0,1.0,4.0,1.0,RETURN,PENDING,,,,,74.0,,,,2026-08-07 08:46:18,,,,,,RETURN_BOOKED,2026-08-07 08:46:18,,,,,,,,2026-08-07 08:46:18,,,,2026-08-07 08:49:05,,InfoprosysSURFACE-B2C,"MIDC Phase 2, Pune, Maharashtra, Pune, Maharashtra",MOCK1786092377889,New,,not_ready,,4.0,DELHIVERY,RETURN,CUSTOMER_TO_HUB,,1,10.0,8.0,12.0,VENDOR,,,,,,,0,,0,1.0,,0,,,,,0.0,,0.0,,0.0
76,q,5.0,5x5x5,w,,,Booked,0,"{""remarks"": null, ""proof_url"": ""/uploads/inbound_receive/1786092439200-63847423.png"", ""proof_urls"": [""/uploads/inbound_receive/1786092439200-63847423.png""], ""received_at"": ""2026-08-07T08:47:19.497Z"", ""received_by"": 1, ""inbound_received_at"": ""2026-08-07T08:47:19.497Z""}",2026-08-07 08:46:42.241892,2026-09-05 08:51:21.741062,34,3.0,,1.0,1.0,INBOUND,PASSED,,,,77.0,,77.0,2026-08-07 11:04:57,,,,,,,,HUB_PACKAGED,2026-08-07 11:04:57,1.0,,,,,,,,2026-08-09,,,2026-08-07 08:47:19,,,,,,,not_ready,,,SELF,INBOUND,VENDOR_TO_HUB,2.0,1,5.0,5.0,5.0,VENDOR,Mahesh Vaidya,8788094928.0,Pune,Haveli,Maharashtra,411016.0,0,,0,,,0,,,,,0.0,,0.0,,0.0
77,,199.0,10x8x12,,,,Pending,0,,2026-08-07 08:49:50.416787,2026-09-05 08:51:21.741062,34,3.0,1.0,,,OUTBOUND,PENDING,,,,,76.0,,,,,,,,,,,,,,,,,,,,,,,,,,,,,,not_ready,,4.0,DELHIVERY,OUTBOUND,HUB_TO_CUSTOMER,,1,10.0,8.0,12.0,VENDOR,,,,,,,0,,0,,,0,,,,,0.0,,0.0,,0.0
78,DTDC,5.0,5x5x5,D12345678,,,Booked,0,"{""remarks"": null, ""proof_url"": ""/uploads/inbound_receive/1786092821811-180046029.png"", ""proof_urls"": [""/uploads/inbound_receive/1786092821811-180046029.png""], ""received_at"": ""2026-08-07T08:53:42.041Z"", ""received_by"": 1, ""inbound_received_at"": ""2026-08-07T08:53:42.041Z""}",2026-08-07 08:53:17.915092,2026-09-05 08:51:21.741062,35,7.0,,3.0,1.0,INBOUND,PASSED,,,,79.0,,79.0,2026-08-07 08:54:34,,,,,,,,OUTBOUND_READY,2026-08-07 08:54:43,1.0,,,,,,,,2026-08-11,,,2026-08-07 08:53:42,,,,,,,ready_for_pickup,2026-08-07 08:53:18,,SELF,INBOUND,VENDOR_TO_HUB,1.0,1,5.0,5.0,5.0,VENDOR,Sachin Rewatkar,9404950776.0,"Wakad, Pune",Pune,Maharashtra,441057.0,0,,0,,,0,,,,,0.0,,0.0,,0.0
79,Delhivery,50.0,30x30x30,MOCK1786092881824,,https://staging-express.delhivery.com/api/p/packing_slip?wbns=MOCK1786092881824&pdf=true,Booked,1,"{""awb"": ""MOCK1786092881824"", ""raw"": {""mock"": true, ""waybill"": ""MOCK1786092881824""}, ""adapter"": ""Delhivery"", ""booked_at"": ""2026-08-07T08:54:41.899Z"", ""label_url"": ""https://staging-express.delhivery.com/api/p/packing_slip?wbns=MOCK1786092881824&pdf=true"", ""pickup_id"": null, ""courier_name"": ""Delhivery""}",2026-08-07 08:54:41.334185,2026-09-05 08:51:21.741062,35,7.0,1.0,,,OUTBOUND,PENDING,"{""eta"": 2, ""cost"": 300, ""source"": ""FALLBACK_ESTIMATE"", ""service"": ""Standard"", ""provider"": ""Delhivery"", ""buffer_days"": 3, ""calculated_at"": ""2026-08-07T08:54:41.190Z""}",,,,78.0,,,,2026-08-07 08:54:42,2026-08-07 08:56:26,,,,,DELIVERED,2026-08-07 08:56:26,1.0,,,,,,,,,,,,2026-08-07 08:54:42,Vendor Pune Warehouse,"Pune, Wakad, Pune, Maharashtra",MOCK1786092881824,,1.0,pickup_scheduled,2026-08-07 08:54:43,4.0,DELHIVERY,OUTBOUND,HUB_TO_CUSTOMER,,1,30.0,30.0,30.0,VENDOR,,,,,,,0,,0,1.0,,0,,,,,0.0,,0.0,,0.0
80,Delhivery,50.0,30x30x30,MOCK1786093322926,,https://staging-express.delhivery.com/api/p/packing_slip?wbns=MOCK1786093322926&pdf=true,Booked,1,"{""awb"": ""MOCK1786093322926"", ""raw"": {""mock"": true, ""waybill"": ""MOCK1786093322926""}, ""adapter"": ""Delhivery"", ""booked_at"": ""2026-08-07T09:02:03.086Z"", ""label_url"": ""https://staging-express.delhivery.com/api/p/packing_slip?wbns=MOCK1786093322926&pdf=true"", ""pickup_id"": null, ""courier_name"": ""Delhivery""}",2026-08-07 09:02:02.287030,2026-09-05 08:51:21.741062,35,7.0,1.0,4.0,1.0,RETURN,PENDING,,,,,79.0,,,,2026-08-07 09:02:03,,,,,,RETURN_IN_TRANSIT,2026-08-07 09:07:24,1.0,,,,,,,2026-08-07 09:02:03,,,,,2026-08-07 09:06:52,InfoprosysSURFACE-B2C,"MIDC Phase 2, Pune, Maharashtra, Pune, Maharashtra",MOCK1786093322926,New,,not_ready,,4.0,DELHIVERY,RETURN,CUSTOMER_TO_HUB,,1,30.0,30.0,30.0,VENDOR,,,,,,,0,,0,1.0,,0,,,,,0.0,,0.0,,0.0
81,DTDC,6.0,6x6x6,1234567890,,,Booked,0,"{""remarks"": null, ""proof_url"": ""/uploads/inbound_receive/1786093407407-905087121.png"", ""proof_urls"": [""/uploads/inbound_receive/1786093407407-905087121.png""], ""received_at"": ""2026-08-07T09:03:27.719Z"", ""received_by"": 1, ""inbound_received_at"": ""2026-08-07T09:03:27.719Z""}",2026-08-07 09:02:48.366622,2026-09-05 08:51:21.741062,36,7.0,,3.0,1.0,INBOUND,PASSED,,,,82.0,,82.0,2026-08-07 09:04:17,,,,,,,,HUB_PACKAGED,2026-08-07 09:04:18,1.0,,,,,,,,2026-08-09,,,2026-08-07 09:03:28,,,,,,,not_ready,,,SELF,INBOUND,VENDOR_TO_HUB,1.0,1,6.0,6.0,6.0,VENDOR,Sachin Rewatkar,9404950776.0,"Wakad, Pune",Pune,Maharashtra,441057.0,0,,0,,,0,,,,,0.0,,0.0,,0.0
82,,50.0,30x30x30,,,,Pending,0,,2026-08-07 09:03:49.706085,2026-09-05 08:51:21.741062,36,7.0,1.0,,,OUTBOUND,PENDING,"{""eta"": 2, ""cost"": 300, ""source"": ""FALLBACK_ESTIMATE"", ""service"": ""Standard"", ""provider"": ""Delhivery"", ""buffer_days"": 3, ""calculated_at"": ""2026-08-07T09:03:49.439Z""}",,,,81.0,,,,,,,,,,,,,,,,,,,,,,,,,,,,,,not_ready,,4.0,DELHIVERY,OUTBOUND,HUB_TO_CUSTOMER,,1,30.0,30.0,30.0,VENDOR,,,,,,,0,,0,,,0,,,,,0.0,,0.0,,0.0
83,DD1234,5.0,55x5x5,DEEGNN,,,Booked,0,"{""remarks"": ""jj"", ""proof_url"": ""/uploads/inbound_receive/1786102625468-153518449.jpg"", ""proof_urls"": [""/uploads/inbound_receive/1786102625468-153518449.jpg""], ""received_at"": ""2026-08-07T11:37:05.681Z"", ""received_by"": 1, ""inbound_received_at"": ""2026-08-07T11:37:05.681Z""}",2026-08-07 10:58:32.146711,2026-09-05 08:51:21.741062,37,3.0,,1.0,1.0,INBOUND,PASSED,,,,181.0,,181.0,2026-08-07 11:37:42,,,,,,,,OUTBOUND_READY,2026-08-22 10:33:14,1.0,,,,,,,,2026-08-11,,,2026-08-07 11:37:06,,,,,,,ready_for_pickup,2026-08-07 10:58:32,,SELF,INBOUND,VENDOR_TO_HUB,2.0,1,55.0,5.0,5.0,VENDOR,Mahesh Vaidya,8788094928.0,Pune,Haveli,Maharashtra,411016.0,0,,0,,,0,,,,,0.0,,0.0,,0.0
84,DTDTDT123456,5.0,5x5x5,DT1235,,,Booked,0,"{""remarks"": ""hhhs"", ""proof_url"": ""/uploads/inbound_receive/1786100636646-853255477.jpg"", ""proof_urls"": [""/uploads/inbound_receive/1786100636646-853255477.jpg""], ""received_at"": ""2026-08-07T11:03:57.144Z"", ""received_by"": 1, ""inbound_received_at"": ""2026-08-07T11:03:57.144Z""}",2026-08-07 11:02:44.069555,2026-09-05 08:51:21.741062,38,3.0,,1.0,1.0,INBOUND,PASSED,,,,85.0,,85.0,2026-08-07 11:04:34,,,,,,,,OUTBOUND_READY,2026-08-07 11:05:07,1.0,,,,,,,,2026-08-11,,,2026-08-07 11:03:57,,,,,,,ready_for_pickup,2026-08-07 11:02:44,,SELF,INBOUND,VENDOR_TO_HUB,2.0,1,5.0,5.0,5.0,VENDOR,Mahesh Vaidya,8788094928.0,Pune,Haveli,Maharashtra,411016.0,0,,0,,,0,,,,,0.0,,0.0,,0.0
85,Delhivery,199.0,10x8x12,MOCK1786100705246,,https://staging-express.delhivery.com/api/p/packing_slip?wbns=MOCK1786100705246&pdf=true,Booked,1,"{""awb"": ""MOCK1786100705246"", ""raw"": {""mock"": true, ""waybill"": ""MOCK1786100705246""}, ""adapter"": ""Delhivery"", ""booked_at"": ""2026-08-07T11:05:05.458Z"", ""label_url"": ""https://staging-express.delhivery.com/api/p/packing_slip?wbns=MOCK1786100705246&pdf=true"", ""pickup_id"": null, ""courier_name"": ""Delhivery""}",2026-08-07 11:05:04.637007,2026-09-05 08:51:21.741062,38,3.0,1.0,,,OUTBOUND,PENDING,,,,,84.0,,,,2026-08-07 11:05:06,2026-08-07 11:05:35,,,,,DELIVERED,2026-08-07 11:05:35,1.0,,,,,,,,,,,,2026-08-07 11:05:06,Vendor Pune Warehouse,"MG Road, Ashok Nagar, Pune, Karnataka",MOCK1786100705246,,1.0,pickup_scheduled,2026-08-07 11:05:06,7.0,DELHIVERY,OUTBOUND,HUB_TO_CUSTOMER,,1,10.0,8.0,12.0,VENDOR,,,,,,,0,,0,1.0,,0,,,,,0.0,,0.0,,0.0
86,q,1.0,1x1x1,Q,,,Booked,0,"{""remarks"": null, ""proof_url"": ""/uploads/inbound_receive/1786161892517-268670519.png"", ""proof_urls"": [""/uploads/inbound_receive/1786161892517-268670519.png""], ""received_at"": ""2026-08-08T04:04:52.737Z"", ""received_by"": 1, ""inbound_received_at"": ""2026-08-08T04:04:52.737Z""}",2026-08-08 04:04:32.426141,2026-09-05 08:51:21.741062,41,3.0,,1.0,1.0,INBOUND,PASSED,,,,87.0,,87.0,2026-08-08 04:06:00,,,,,,,,OUTBOUND_READY,2026-08-08 04:06:12,1.0,,,,,,,,2026-08-12,,,2026-08-08 04:04:53,,,,,,,ready_for_pickup,2026-08-08 04:04:33,,SELF,INBOUND,VENDOR_TO_HUB,2.0,1,1.0,1.0,1.0,VENDOR,Mahesh Vaidya,8788094928.0,Pune,Haveli,Maharashtra,411016.0,0,,0,,,0,,,,,0.0,,0.0,,0.0
87,Delhivery,199.0,10x8x12,MOCK1786161970338,,https://staging-express.delhivery.com/api/p/packing_slip?wbns=MOCK1786161970338&pdf=true,Booked,1,"{""awb"": ""MOCK1786161970338"", ""raw"": {""mock"": true, ""waybill"": ""MOCK1786161970338""}, ""adapter"": ""Delhivery"", ""booked_at"": ""2026-08-08T04:06:10.521Z"", ""label_url"": ""https://staging-express.delhivery.com/api/p/packing_slip?wbns=MOCK1786161970338&pdf=true"", ""pickup_id"": null, ""courier_name"": ""Delhivery""}",2026-08-08 04:06:09.893668,2026-09-05 08:51:21.741062,41,3.0,1.0,,,OUTBOUND,PENDING,,,,,86.0,,,,2026-08-08 04:06:11,2026-08-08 04:06:39,,,,,DELIVERED,2026-08-08 04:06:39,1.0,,,,,,,,,,,,2026-08-08 04:06:11,Vendor Pune Warehouse,"Pune, Wakad, Pune, Maharashtra",MOCK1786161970338,,1.0,pickup_scheduled,2026-08-08 04:06:11,4.0,DELHIVERY,OUTBOUND,HUB_TO_CUSTOMER,,1,10.0,8.0,12.0,VENDOR,,,,,,,0,,0,1.0,,0,,,,,0.0,,0.0,,0.0
88,Delhivery,199.0,10x8x12,MOCK1786162088006,,https://staging-express.delhivery.com/api/p/packing_slip?wbns=MOCK1786162088006&pdf=true,Booked,1,"{""awb"": ""MOCK1786162088006"", ""raw"": {""mock"": true, ""waybill"": ""MOCK1786162088006""}, ""adapter"": ""Delhivery"", ""booked_at"": ""2026-08-08T04:08:08.174Z"", ""label_url"": ""https://staging-express.delhivery.com/api/p/packing_slip?wbns=MOCK1786162088006&pdf=true"", ""pickup_id"": null, ""courier_name"": ""Delhivery""}",2026-08-08 04:08:07.489239,2026-09-05 08:51:21.741062,41,3.0,1.0,4.0,1.0,RETURN,PENDING,,,,,87.0,,,,2026-08-08 04:08:08,,,,,,RETURN_BOOKED,2026-08-08 04:08:08,,,,,,,,2026-08-08 04:08:08,,,,,,InfoprosysSURFACE-B2C,"MIDC Phase 2, Pune, Maharashtra, Pune, Maharashtra",MOCK1786162088006,New,,not_ready,,4.0,DELHIVERY,EXCHANGE_RETURN,CUSTOMER_TO_HUB,,1,10.0,8.0,12.0,VENDOR,,,,,,,0,,0,1.0,,0,,,,,0.0,,0.0,,0.0
89,q,1.0,1x1x1,q,,,Booked,0,"{""remarks"": null, ""proof_url"": ""/uploads/inbound_receive/1786162203690-363182925.png"", ""proof_urls"": [""/uploads/inbound_receive/1786162203690-363182925.png""], ""received_at"": ""2026-08-08T04:10:04.023Z"", ""received_by"": 1, ""old_order_id"": 41, ""exchange_return_id"": 21, ""inbound_received_at"": ""2026-08-08T04:10:04.023Z"", ""exchange_replacement"": true, ""replacement_order_id"": 42}",2026-08-08 04:09:04.524580,2026-09-05 08:51:21.741062,42,3.0,,1.0,1.0,INBOUND,PASSED,,,,91.0,,91.0,2026-08-08 04:10:44,,,,,,,,HUB_PACKAGED,2026-08-08 04:10:45,1.0,,,,,,,,2026-08-10,,,2026-08-08 04:10:04,,,,,,,not_ready,,,SELF,EXCHANGE_REPLACEMENT,VENDOR_TO_HUB,2.0,1,1.0,1.0,1.0,VENDOR,Mahesh Vaidya,8788094928.0,Pune,Haveli,Maharashtra,411016.0,0,,0,,,0,,,,,0.0,,0.0,,0.0
90,Delhivery,199.0,10x8x12,MOCK1786162846552,,https://staging-express.delhivery.com/api/p/packing_slip?wbns=MOCK1786162846552&pdf=true,Booked,1,"{""awb"": ""MOCK1786162846552"", ""raw"": {""mock"": true, ""waybill"": ""MOCK1786162846552""}, ""adapter"": ""Delhivery"", ""booked_at"": ""2026-08-08T04:20:46.679Z"", ""label_url"": ""https://staging-express.delhivery.com/api/p/packing_slip?wbns=MOCK1786162846552&pdf=true"", ""pickup_id"": null, ""courier_name"": ""Delhivery""}",2026-08-08 04:10:45.451524,2026-09-05 08:51:21.741062,42,3.0,1.0,,,OUTBOUND,PENDING,,,,,89.0,,,,2026-08-08 04:20:47,,,,,,DISPATCHED_TO_CUSTOMER,2026-08-08 04:20:47,,,,,,,,,,,,,2026-08-08 04:20:47,InfoprosysSURFACE-B2C,"Pune, Wakad, Pune, Maharashtra",MOCK1786162846552,,,not_ready,,4.0,DELHIVERY,OUTBOUND,HUB_TO_CUSTOMER,,1,10.0,8.0,12.0,VENDOR,,,,,,,0,,0,1.0,,0,,,,,0.0,,0.0,,0.0
91,Delhivery,199.0,10x8x12,MOCK1786162825150,,https://staging-express.delhivery.com/api/p/packing_slip?wbns=MOCK1786162825150&pdf=true,Booked,1,"{""awb"": ""MOCK1786162825150"", ""raw"": {""mock"": true, ""waybill"": ""MOCK1786162825150""}, ""adapter"": ""Delhivery"", ""booked_at"": ""2026-08-08T04:20:25.316Z"", ""label_url"": ""https://staging-express.delhivery.com/api/p/packing_slip?wbns=MOCK1786162825150&pdf=true"", ""pickup_id"": null, ""courier_name"": ""Delhivery""}",2026-08-08 04:10:45.526496,2026-09-05 10:31:11,42,3.0,1.0,,,OUTBOUND,PENDING,,,,,89.0,,,,2026-08-08 04:20:25,2026-09-05 10:31:12,,,,,DELIVERED,2026-09-05 10:31:12,1.0,,,,,,,,,,,,2026-08-08 04:20:25,InfoprosysSURFACE-B2C,"Pune, Wakad, Pune, Maharashtra",MOCK1786162825150,,,not_ready,,4.0,DELHIVERY,OUTBOUND,HUB_TO_CUSTOMER,,1,10.0,8.0,12.0,VENDOR,,,,,,,0,,0,1.0,,0,,,,,0.0,,0.0,,0.0
92,Aa,1.0,1x1x1,A,,,Booked,0,"{""remarks"": null, ""proof_url"": ""/uploads/inbound_receive/1786162443820-907060829.png"", ""proof_urls"": [""/uploads/inbound_receive/1786162443820-907060829.png""], ""received_at"": ""2026-08-08T04:14:04.169Z"", ""received_by"": 1, ""inbound_received_at"": ""2026-08-08T04:14:04.169Z""}",2026-08-08 04:12:38.068540,2026-09-05 08:51:21.741062,43,3.0,,1.0,1.0,INBOUND,PASSED,,,,93.0,,93.0,2026-08-08 04:14:29,,,,,,,,OUTBOUND_READY,2026-08-08 04:14:39,1.0,,,,,,,,2026-08-12,,,2026-08-08 04:14:04,,,,,,,ready_for_pickup,2026-08-08 04:12:38,,SELF,INBOUND,VENDOR_TO_HUB,2.0,1,1.0,1.0,1.0,VENDOR,Mahesh Vaidya,8788094928.0,Pune,Haveli,Maharashtra,411016.0,0,,0,,,0,,,,,0.0,,0.0,,0.0
93,Delhivery,199.0,10x8x12,MOCK1786162477161,,https://staging-express.delhivery.com/api/p/packing_slip?wbns=MOCK1786162477161&pdf=true,Booked,1,"{""awb"": ""MOCK1786162477161"", ""raw"": {""mock"": true, ""waybill"": ""MOCK1786162477161""}, ""adapter"": ""Delhivery"", ""booked_at"": ""2026-08-08T04:14:37.344Z"", ""label_url"": ""https://staging-express.delhivery.com/api/p/packing_slip?wbns=MOCK1786162477161&pdf=true"", ""pickup_id"": null, ""courier_name"": ""Delhivery""}",2026-08-08 04:14:36.633035,2026-09-05 08:51:21.741062,43,3.0,1.0,,,OUTBOUND,PENDING,,,,,92.0,,,,2026-08-08 04:14:37,2026-08-08 04:14:48,,,,,DELIVERED,2026-08-08 04:14:48,1.0,,,,,,,,,,,,2026-08-08 04:14:37,Vendor Pune Warehouse,"Pune, Wakad, Pune, Maharashtra",MOCK1786162477161,,1.0,pickup_scheduled,2026-08-08 04:14:38,4.0,DELHIVERY,OUTBOUND,HUB_TO_CUSTOMER,,1,10.0,8.0,12.0,VENDOR,,,,,,,0,,0,1.0,,0,,,,,0.0,,0.0,,0.0
94,Delhivery,199.0,10x8x12,MOCK1786162542620,,https://staging-express.delhivery.com/api/p/packing_slip?wbns=MOCK1786162542620&pdf=true,Booked,1,"{""awb"": ""MOCK1786162542620"", ""raw"": {""mock"": true, ""waybill"": ""MOCK1786162542620""}, ""adapter"": ""Delhivery"", ""remarks"": null, ""booked_at"": ""2026-08-08T04:15:42.769Z"", ""label_url"": ""https://staging-express.delhivery.com/api/p/packing_slip?wbns=MOCK1786162542620&pdf=true"", ""pickup_id"": null, ""proof_url"": ""/uploads/inbound_receive/1786175865442-258798625.jpg"", ""proof_urls"": [""/uploads/inbound_receive/1786175865442-258798625.jpg""], ""received_at"": ""2026-08-08T07:57:45.737Z"", ""received_by"": 1, ""courier_name"": ""Delhivery"", ""inbound_received_at"": ""2026-08-08T07:57:45.737Z""}",2026-08-08 04:15:42.339506,2026-09-05 08:51:21.741062,43,3.0,1.0,4.0,1.0,RETURN,PENDING,,,,,93.0,,,,2026-08-08 04:15:43,,,,,,RETURN_BOOKED,2026-08-08 04:15:43,,,,,,,,2026-08-08 04:15:42,,,,2026-08-08 07:57:46,,InfoprosysSURFACE-B2C,"MIDC Phase 2, Pune, Maharashtra, Pune, Maharashtra",MOCK1786162542620,New,,not_ready,,4.0,DELHIVERY,EXCHANGE_RETURN,CUSTOMER_TO_HUB,,1,10.0,8.0,12.0,VENDOR,,,,,,,0,,0,1.0,,0,,,,,0.0,,0.0,,0.0
95,g,1.0,1x1x1,g,,,Booked,0,"{""remarks"": null, ""proof_url"": ""/uploads/inbound_receive/1786162622759-937101191.png"", ""proof_urls"": [""/uploads/inbound_receive/1786162622759-937101191.png""], ""received_at"": ""2026-08-08T04:17:03.004Z"", ""received_by"": 1, ""old_order_id"": 43, ""exchange_return_id"": 22, ""inbound_received_at"": ""2026-08-08T04:17:03.004Z"", ""exchange_replacement"": true, ""replacement_order_id"": 44}",2026-08-08 04:16:31.292079,2026-09-05 08:51:21.741062,44,3.0,,1.0,1.0,INBOUND,PASSED,,,,97.0,,97.0,2026-08-08 04:17:31,,,,,,,,HUB_PACKAGED,2026-08-08 04:17:31,1.0,,,,,,,,2026-08-10,,,2026-08-08 04:17:03,,,,,,,not_ready,,,SELF,EXCHANGE_REPLACEMENT,VENDOR_TO_HUB,2.0,1,1.0,1.0,1.0,VENDOR,Mahesh Vaidya,8788094928.0,Pune,Haveli,Maharashtra,411016.0,0,,0,,,0,,,,,0.0,,0.0,,0.0
96,Delhivery,199.0,10x8x12,MOCK1786162770889,,https://staging-express.delhivery.com/api/p/packing_slip?wbns=MOCK1786162770889&pdf=true,Booked,1,"{""awb"": ""MOCK1786162770889"", ""raw"": {""mock"": true, ""waybill"": ""MOCK1786162770889""}, ""adapter"": ""Delhivery"", ""booked_at"": ""2026-08-08T04:19:31.019Z"", ""label_url"": ""https://staging-express.delhivery.com/api/p/packing_slip?wbns=MOCK1786162770889&pdf=true"", ""pickup_id"": null, ""courier_name"": ""Delhivery""}",2026-08-08 04:17:31.970227,2026-09-05 08:51:21.741062,44,3.0,1.0,,,OUTBOUND,PENDING,,,,,95.0,,,,2026-08-08 04:19:31,,,,,,DISPATCHED_TO_CUSTOMER,2026-08-08 04:19:31,,,,,,,,,,,,,2026-08-08 04:19:31,InfoprosysSURFACE-B2C,"Pune, Wakad, Pune, Maharashtra",MOCK1786162770889,,,not_ready,,4.0,DELHIVERY,OUTBOUND,HUB_TO_CUSTOMER,,1,10.0,8.0,12.0,VENDOR,,,,,,,0,,0,1.0,,0,,,,,0.0,,0.0,,0.0
97,Delhivery,199.0,10x8x12,MOCK1786162763296,,https://staging-express.delhivery.com/api/p/packing_slip?wbns=MOCK1786162763296&pdf=true,Booked,1,"{""awb"": ""MOCK1786162763296"", ""raw"": {""mock"": true, ""waybill"": ""MOCK1786162763296""}, ""adapter"": ""Delhivery"", ""booked_at"": ""2026-08-08T04:19:23.485Z"", ""label_url"": ""https://staging-express.delhivery.com/api/p/packing_slip?wbns=MOCK1786162763296&pdf=true"", ""pickup_id"": null, ""courier_name"": ""Delhivery""}",2026-08-08 04:17:32.105221,2026-09-05 08:51:21.741062,44,3.0,1.0,,,OUTBOUND,PENDING,,,,,95.0,,,,2026-08-08 04:19:24,2026-08-08 04:21:42,,,,,DELIVERED,2026-08-08 04:21:42,1.0,,,,,,,,,,,,2026-08-08 04:19:24,InfoprosysSURFACE-B2C,"Pune, Wakad, Pune, Maharashtra",MOCK1786162763296,,,not_ready,,4.0,DELHIVERY,OUTBOUND,HUB_TO_CUSTOMER,,1,10.0,8.0,12.0,VENDOR,,,,,,,0,,0,1.0,,0,,,,,0.0,,0.0,,0.0
98,DTDT,5.0,5x55x5,EWERW,,,Booked,0,"{""remarks"": ""jj"", ""proof_url"": ""/uploads/inbound_receive/1786167290866-961583079.jpg"", ""proof_urls"": [""/uploads/inbound_receive/1786167290866-961583079.jpg""], ""received_at"": ""2026-08-08T05:34:51.053Z"", ""received_by"": 1, ""inbound_received_at"": ""2026-08-08T05:34:51.053Z""}",2026-08-08 05:34:26.185833,2026-09-05 08:51:21.741062,45,3.0,,1.0,1.0,INBOUND,PASSED,,,,99.0,,99.0,2026-08-08 05:35:21,,,,,,,,OUTBOUND_READY,2026-08-08 05:35:28,1.0,,,,,,,,2026-08-12,,,2026-08-08 05:34:51,,,,,,,ready_for_pickup,2026-08-08 05:34:26,,SELF,INBOUND,VENDOR_TO_HUB,2.0,1,5.0,55.0,5.0,VENDOR,Mahesh Vaidya,8788094928.0,Pune,Haveli,Maharashtra,411016.0,0,,0,,,0,,,,,0.0,,0.0,,0.0
99,Delhivery,199.0,10x8x12,MOCK1786167326233,,https://staging-express.delhivery.com/api/p/packing_slip?wbns=MOCK1786167326233&pdf=true,Booked,1,"{""awb"": ""MOCK1786167326233"", ""raw"": {""mock"": true, ""waybill"": ""MOCK1786167326233""}, ""adapter"": ""Delhivery"", ""booked_at"": ""2026-08-08T05:35:26.395Z"", ""label_url"": ""https://staging-express.delhivery.com/api/p/packing_slip?wbns=MOCK1786167326233&pdf=true"", ""pickup_id"": null, ""courier_name"": ""Delhivery""}",2026-08-08 05:35:25.811158,2026-09-05 08:51:21.741062,45,3.0,1.0,,,OUTBOUND,PENDING,,,,,98.0,,,,2026-08-08 05:35:27,2026-08-08 05:35:39,,,,,DELIVERED,2026-08-08 05:35:39,1.0,,,,,,,,,,,,2026-08-08 05:35:27,Vendor Pune Warehouse,"MG Road, Ashok Nagar, Pune, Karnataka",MOCK1786167326233,,1.0,pickup_scheduled,2026-08-08 05:35:27,7.0,DELHIVERY,OUTBOUND,HUB_TO_CUSTOMER,,1,10.0,8.0,12.0,VENDOR,,,,,,,0,,0,1.0,,0,,,,,0.0,,0.0,,0.0
100,DTDC,5.0,5x5x5,D12345678,,,Booked,0,"{""remarks"": null, ""proof_url"": ""/uploads/inbound_receive/1786175778580-34202921.jpg"", ""proof_urls"": [""/uploads/inbound_receive/1786175778580-34202921.jpg""], ""received_at"": ""2026-08-08T07:56:18.829Z"", ""received_by"": 1, ""inbound_received_at"": ""2026-08-08T07:56:18.829Z""}",2026-08-08 07:22:03.330536,2026-09-05 08:51:21.741062,46,7.0,,3.0,1.0,INBOUND,PASSED,,,,103.0,,103.0,2026-08-08 07:59:17,,,,,,,,OUTBOUND_READY,2026-08-08 08:00:41,1.0,,,,,,,,2026-08-12,,,2026-08-08 07:56:19,,,,,,,ready_for_pickup,2026-08-08 07:22:03,,SELF,INBOUND,VENDOR_TO_HUB,1.0,1,5.0,5.0,5.0,VENDOR,Sachin Rewatkar,9404950776.0,"Wakad, Pune",Pune,Maharashtra,441057.0,0,,0,,,0,,,,,0.0,,0.0,,0.0
101,DTDC,5.0,5x5x5,D12345678,,,Booked,0,"{""remarks"": null, ""proof_url"": ""/uploads/inbound_receive/1786175792642-896274439.jpg"", ""proof_urls"": [""/uploads/inbound_receive/1786175792642-896274439.jpg""], ""received_at"": ""2026-08-08T07:56:32.831Z"", ""received_by"": 1, ""inbound_received_at"": ""2026-08-08T07:56:32.831Z""}",2026-08-08 07:24:26.335107,2026-09-05 08:51:21.741062,47,7.0,,3.0,1.0,INBOUND,PASSED,,,,103.0,,103.0,2026-08-08 07:59:38,,,,,,,,OUTBOUND_READY,2026-08-08 08:00:41,1.0,,,,,,,,2026-08-12,,,2026-08-08 07:56:33,,,,,,,ready_for_pickup,2026-08-08 07:24:26,,SELF,INBOUND,VENDOR_TO_HUB,1.0,1,5.0,5.0,5.0,VENDOR,Sachin Rewatkar,9404950776.0,"Wakad, Pune",Pune,Maharashtra,441057.0,0,,0,,,0,,,,,0.0,,0.0,,0.0
102,DTDC,5.0,5x5x5,D12345678,,,Booked,0,"{""remarks"": null, ""proof_url"": ""/uploads/inbound_receive/1786175805573-567612587.jpg"", ""proof_urls"": [""/uploads/inbound_receive/1786175805573-567612587.jpg""], ""received_at"": ""2026-08-08T07:56:45.778Z"", ""received_by"": 1, ""inbound_received_at"": ""2026-08-08T07:56:45.778Z""}",2026-08-08 07:24:59.493011,2026-09-05 08:51:21.741062,48,7.0,,3.0,1.0,INBOUND,PASSED,,,,103.0,,103.0,2026-08-08 07:59:58,,,,,,,,OUTBOUND_READY,2026-08-08 08:00:40,1.0,,,,,,,,2026-08-12,,,2026-08-08 07:56:46,,,,,,,ready_for_pickup,2026-08-08 07:25:00,,SELF,INBOUND,VENDOR_TO_HUB,1.0,1,5.0,5.0,5.0,VENDOR,Sachin Rewatkar,9404950776.0,"Wakad, Pune",Pune,Maharashtra,441057.0,0,,0,,,0,,,,,0.0,,0.0,,0.0
103,Delhivery,50.0,50x50x50,MOCK1786176037414,,https://staging-express.delhivery.com/api/p/packing_slip?wbns=MOCK1786176037414&pdf=true,Booked,1,"{""awb"": ""MOCK1786176037414"", ""raw"": {""mock"": true, ""waybill"": ""MOCK1786176037414""}, ""adapter"": ""Delhivery"", ""booked_at"": ""2026-08-08T08:00:37.519Z"", ""label_url"": ""https://staging-express.delhivery.com/api/p/packing_slip?wbns=MOCK1786176037414&pdf=true"", ""pickup_id"": null, ""courier_name"": ""Delhivery""}",2026-08-08 08:00:36.571656,2026-09-05 08:51:21.741062,48,,1.0,,,OUTBOUND,PENDING,"{""eta"": 2, ""cost"": 300, ""source"": ""FALLBACK_ESTIMATE"", ""service"": ""Standard"", ""provider"": ""Delhivery"", ""buffer_days"": 3, ""calculated_at"": ""2026-08-08T08:00:36.199Z""}",,,,102.0,,,,2026-08-08 08:00:38,2026-08-08 08:01:54,,,,,DELIVERED,2026-08-08 08:01:54,1.0,,,,,,,,,,"Consolidated outbound for orders: 48, 47, 46",,2026-08-08 08:00:38,Vendor Pune Warehouse,"Pune, Wakad, Pune, Maharashtra",MOCK1786176037414,,1.0,pickup_scheduled,2026-08-08 08:00:39,4.0,DELHIVERY,OUTBOUND,HUB_TO_CUSTOMER,,1,50.0,50.0,50.0,VENDOR,,,,,,,0,,0,1.0,,0,,,,,0.0,,0.0,,0.0
104,DTDC,5.0,5x5x5,D12345678,,,Booked,0,"{""remarks"": null, ""proof_url"": ""/uploads/inbound_receive/1786180596550-60885859.png"", ""proof_urls"": [""/uploads/inbound_receive/1786180596550-60885859.png""], ""received_at"": ""2026-08-08T09:16:36.852Z"", ""received_by"": 1, ""inbound_received_at"": ""2026-08-08T09:16:36.852Z""}",2026-08-08 09:15:56.820484,2026-09-05 08:51:21.741062,51,7.0,,3.0,1.0,INBOUND,PASSED,,,,105.0,,105.0,2026-08-08 09:17:20,,,,,,,,OUTBOUND_READY,2026-08-08 09:17:36,1.0,,,,,,,,2026-08-12,,,2026-08-08 09:16:37,,,,,,,ready_for_pickup,2026-08-08 09:15:57,,SELF,INBOUND,VENDOR_TO_HUB,1.0,1,5.0,5.0,5.0,VENDOR,Sachin Rewatkar,9404950776.0,"Wakad, Pune",Pune,Maharashtra,441057.0,0,,0,,,0,,,,,0.0,,0.0,,0.0
105,Delhivery,30.0,15x15x20,MOCK1786180654705,,https://staging-express.delhivery.com/api/p/packing_slip?wbns=MOCK1786180654705&pdf=true,Booked,1,"{""awb"": ""MOCK1786180654705"", ""raw"": {""mock"": true, ""waybill"": ""MOCK1786180654705""}, ""adapter"": ""Delhivery"", ""booked_at"": ""2026-08-08T09:17:34.781Z"", ""label_url"": ""https://staging-express.delhivery.com/api/p/packing_slip?wbns=MOCK1786180654705&pdf=true"", ""pickup_id"": null, ""courier_name"": ""Delhivery""}",2026-08-08 09:17:34.140647,2026-09-05 08:51:21.741062,51,7.0,1.0,,,OUTBOUND,PENDING,"{""eta"": 2, ""cost"": 300, ""source"": ""FALLBACK_ESTIMATE"", ""service"": ""Standard"", ""provider"": ""Delhivery"", ""buffer_days"": 3, ""calculated_at"": ""2026-08-08T09:17:34.041Z""}",,,,104.0,,,,2026-08-08 09:17:35,,,,,,DISPATCHED_TO_CUSTOMER,2026-08-08 09:17:36,1.0,,,,,,,,,,,,2026-08-08 09:17:35,Vendor Pune Warehouse,"Pune, Wakad, Pune, Maharashtra",MOCK1786180654705,,1.0,pickup_scheduled,2026-08-08 09:17:36,4.0,DELHIVERY,OUTBOUND,HUB_TO_CUSTOMER,,1,15.0,15.0,20.0,VENDOR,,,,,,,0,,0,1.0,,0,,,,,0.0,,0.0,,0.0
106,DTDC,50.0,54x54x54,D12345678,,,Booked,0,"{""remarks"": null, ""proof_url"": ""/uploads/inbound_receive/1786182285364-430508134.png"", ""proof_urls"": [""/uploads/inbound_receive/1786182285364-430508134.png""], ""received_at"": ""2026-08-08T09:44:45.656Z"", ""received_by"": 1, ""inbound_received_at"": ""2026-08-08T09:44:45.656Z""}",2026-08-08 09:44:19.564544,2026-09-05 08:51:21.741062,52,7.0,,3.0,1.0,INBOUND,PENDING,,,,,,,,,,,,,,,HUB_RECEIVED,2026-08-08 09:44:46,1.0,,,,,,,,2026-08-12,,,2026-08-08 09:44:46,,,,,,,ready_for_pickup,2026-08-08 09:44:20,,SELF,INBOUND,VENDOR_TO_HUB,1.0,1,54.0,54.0,54.0,VENDOR,Sachin Rewatkar,9404950776.0,"Wakad, Pune",Pune,Maharashtra,441057.0,0,,0,,,0,,,,,0.0,,0.0,,0.0
107,DTDC,5.0,5x5x5,D12345678,,,Booked,0,"{""remarks"": null, ""proof_url"": ""/uploads/inbound_receive/1786184977257-868085435.png"", ""proof_urls"": [""/uploads/inbound_receive/1786184977257-868085435.png""], ""received_at"": ""2026-08-08T10:29:37.801Z"", ""received_by"": 1, ""inbound_received_at"": ""2026-08-08T10:29:37.801Z""}",2026-08-08 10:28:56.453137,2026-09-05 08:51:21.741062,53,7.0,,3.0,1.0,INBOUND,PASSED,,,,108.0,,108.0,2026-08-08 10:30:17,,,,,,,,OUTBOUND_READY,2026-08-08 10:30:27,1.0,,,,,,,,2026-08-12,,,2026-08-08 10:29:38,,,,,,,ready_for_pickup,2026-08-08 10:28:57,,SELF,INBOUND,VENDOR_TO_HUB,1.0,1,5.0,5.0,5.0,VENDOR,Sachin Rewatkar,9404950776.0,"Wakad, Pune",Pune,Maharashtra,441057.0,0,,0,,,0,,,,,0.0,,0.0,,0.0
108,Delhivery,30.0,15x15x20,MOCK1786185024492,,https://staging-express.delhivery.com/api/p/packing_slip?wbns=MOCK1786185024492&pdf=true,Booked,1,"{""awb"": ""MOCK1786185024492"", ""raw"": {""mock"": true, ""waybill"": ""MOCK1786185024492""}, ""adapter"": ""Delhivery"", ""booked_at"": ""2026-08-08T10:30:24.577Z"", ""label_url"": ""https://staging-express.delhivery.com/api/p/packing_slip?wbns=MOCK1786185024492&pdf=true"", ""pickup_id"": null, ""courier_name"": ""Delhivery""}",2026-08-08 10:30:23.927175,2026-09-05 08:51:21.741062,53,7.0,1.0,,,OUTBOUND,PENDING,"{""eta"": 2, ""cost"": 300, ""source"": ""FALLBACK_ESTIMATE"", ""service"": ""Standard"", ""provider"": ""Delhivery"", ""buffer_days"": 3, ""calculated_at"": ""2026-08-08T10:30:23.768Z""}",,,,107.0,,,,2026-08-08 10:30:25,2026-08-08 10:30:39,,,,,DELIVERED,2026-08-08 10:30:39,1.0,,,,,,,,,,,,2026-08-08 10:30:25,Vendor Pune Warehouse,"Pune, Wakad, Pune, Maharashtra",MOCK1786185024492,,1.0,pickup_scheduled,2026-08-08 10:30:26,4.0,DELHIVERY,OUTBOUND,HUB_TO_CUSTOMER,,1,15.0,15.0,20.0,VENDOR,,,,,,,0,,0,1.0,,0,,,,,0.0,,0.0,,0.0
109,Delhivery,30.0,15x15x20,MOCK1786185129968,,https://staging-express.delhivery.com/api/p/packing_slip?wbns=MOCK1786185129968&pdf=true,Booked,1,"{""awb"": ""MOCK1786185129968"", ""raw"": {""mock"": true, ""waybill"": ""MOCK1786185129968""}, ""adapter"": ""Delhivery"", ""booked_at"": ""2026-08-08T10:32:10.132Z"", ""label_url"": ""https://staging-express.delhivery.com/api/p/packing_slip?wbns=MOCK1786185129968&pdf=true"", ""pickup_id"": null, ""courier_name"": ""Delhivery""}",2026-08-08 10:32:09.677101,2026-09-05 08:51:21.741062,53,7.0,1.0,4.0,1.0,RETURN,PENDING,,,,,108.0,,,,2026-08-08 10:32:10,,,,,,RETURN_BOOKED,2026-08-08 10:32:10,,,,,,,,2026-08-08 10:32:10,,,,,,InfoprosysSURFACE-B2C,"MIDC Phase 2, Pune, Maharashtra, Pune, Maharashtra",MOCK1786185129968,New,,not_ready,,4.0,DELHIVERY,EXCHANGE_RETURN,CUSTOMER_TO_HUB,,1,15.0,15.0,20.0,VENDOR,,,,,,,0,,0,1.0,,0,,,,,0.0,,0.0,,0.0
110,DTDC,5.0,5x5x5,1234567890,,,Booked,0,"{""remarks"": null, ""proof_url"": ""/uploads/inbound_receive/1786185303829-57459073.png"", ""proof_urls"": [""/uploads/inbound_receive/1786185303829-57459073.png""], ""received_at"": ""2026-08-08T10:35:04.255Z"", ""received_by"": 1, ""old_order_id"": 53, ""exchange_return_id"": 23, ""inbound_received_at"": ""2026-08-08T10:35:04.255Z"", ""exchange_replacement"": true, ""replacement_order_id"": 54}",2026-08-08 10:33:10.532516,2026-09-05 08:51:21.741062,54,7.0,,3.0,1.0,INBOUND,PASSED,,,,111.0,,111.0,2026-08-08 10:35:40,,,,,,,,HUB_PACKAGED,2026-08-08 10:35:41,1.0,,,,,,,,2026-08-10,,,2026-08-08 10:35:04,,,,,,,not_ready,,,SELF,EXCHANGE_REPLACEMENT,VENDOR_TO_HUB,1.0,1,5.0,5.0,5.0,VENDOR,Sachin Rewatkar,9404950776.0,"Wakad, Pune",Pune,Maharashtra,441057.0,0,,0,,,0,,,,,0.0,,0.0,,0.0
111,Delhivery,30.0,15x15x20,MOCK1786185453684,,https://staging-express.delhivery.com/api/p/packing_slip?wbns=MOCK1786185453684&pdf=true,Booked,1,"{""awb"": ""MOCK1786185453684"", ""raw"": {""mock"": true, ""waybill"": ""MOCK1786185453684""}, ""adapter"": ""Delhivery"", ""booked_at"": ""2026-08-08T10:37:33.890Z"", ""label_url"": ""https://staging-express.delhivery.com/api/p/packing_slip?wbns=MOCK1786185453684&pdf=true"", ""pickup_id"": null, ""courier_name"": ""Delhivery""}",2026-08-08 10:35:43.175879,2026-09-05 08:51:21.741062,54,7.0,1.0,,,OUTBOUND,PENDING,"{""eta"": 2, ""cost"": 300, ""source"": ""FALLBACK_ESTIMATE"", ""service"": ""Standard"", ""provider"": ""Delhivery"", ""buffer_days"": 3, ""calculated_at"": ""2026-08-08T10:35:42.597Z""}",,,,110.0,,,,2026-08-08 10:37:34,2026-08-08 10:38:48,,,,,DELIVERED,2026-08-08 10:38:48,1.0,,,,,,,,,,,,2026-08-08 10:37:34,InfoprosysSURFACE-B2C,"Pune, Wakad, Pune, Maharashtra",MOCK1786185453684,,,not_ready,,4.0,DELHIVERY,OUTBOUND,HUB_TO_CUSTOMER,,1,15.0,15.0,20.0,VENDOR,,,,,,,0,,0,1.0,,0,,,,,0.0,,0.0,,0.0
112,DTDC,5.0,5x5x5,D12345678,,,Booked,0,"{""remarks"": null, ""proof_url"": ""/uploads/inbound_receive/1786186984282-735580801.png"", ""proof_urls"": [""/uploads/inbound_receive/1786186984282-735580801.png""], ""received_at"": ""2026-08-08T11:03:04.444Z"", ""received_by"": 1, ""inbound_received_at"": ""2026-08-08T11:03:04.444Z""}",2026-08-08 11:02:21.960204,2026-09-05 08:51:21.741062,55,7.0,,3.0,1.0,INBOUND,PASSED,,,,113.0,,113.0,2026-08-08 11:03:40,,,,,,,,OUTBOUND_READY,2026-08-08 11:03:49,1.0,,,,,,,,2026-08-12,,,2026-08-08 11:03:04,,,,,,,ready_for_pickup,2026-08-08 11:02:22,,SELF,INBOUND,VENDOR_TO_HUB,1.0,1,5.0,5.0,5.0,VENDOR,Sachin Rewatkar,9404950776.0,"Wakad, Pune",Pune,Maharashtra,441057.0,0,,0,,,0,,,,,0.0,,0.0,,0.0
113,Delhivery,30.0,15x15x20,MOCK1786187027351,,https://staging-express.delhivery.com/api/p/packing_slip?wbns=MOCK1786187027351&pdf=true,Booked,1,"{""awb"": ""MOCK1786187027351"", ""raw"": {""mock"": true, ""waybill"": ""MOCK1786187027351""}, ""adapter"": ""Delhivery"", ""booked_at"": ""2026-08-08T11:03:47.429Z"", ""label_url"": ""https://staging-express.delhivery.com/api/p/packing_slip?wbns=MOCK1786187027351&pdf=true"", ""pickup_id"": null, ""courier_name"": ""Delhivery""}",2026-08-08 11:03:47.038194,2026-09-05 08:51:21.741062,55,7.0,1.0,,,OUTBOUND,PENDING,"{""eta"": 2, ""cost"": 300, ""source"": ""FALLBACK_ESTIMATE"", ""service"": ""Standard"", ""provider"": ""Delhivery"", ""buffer_days"": 3, ""calculated_at"": ""2026-08-08T11:03:46.959Z""}",,,,112.0,,,,2026-08-08 11:03:48,2026-08-08 11:04:01,,,,,DELIVERED,2026-08-08 11:04:01,1.0,,,,,,,,,,,,2026-08-08 11:03:48,Vendor Pune Warehouse,"Pune, Wakad, Pune, Maharashtra",MOCK1786187027351,,1.0,pickup_scheduled,2026-08-08 11:03:48,4.0,DELHIVERY,OUTBOUND,HUB_TO_CUSTOMER,,1,15.0,15.0,20.0,VENDOR,,,,,,,0,,0,1.0,,0,,,,,0.0,,0.0,,0.0
114,Delhivery,199.0,10x8x12,MOCK1786193374653,,https://staging-express.delhivery.com/api/p/packing_slip?wbns=MOCK1786193374653&pdf=true,Booked,1,"{""awb"": ""MOCK1786193374653"", ""raw"": {""mock"": true, ""waybill"": ""MOCK1786193374653""}, ""adapter"": ""Delhivery"", ""remarks"": null, ""booked_at"": ""2026-08-08T12:49:34.837Z"", ""label_url"": ""https://staging-express.delhivery.com/api/p/packing_slip?wbns=MOCK1786193374653&pdf=true"", ""pickup_id"": null, ""proof_url"": ""/uploads/inbound_receive/1786193410067-81529567.jpg"", ""proof_urls"": [""/uploads/inbound_receive/1786193410067-81529567.jpg""], ""received_at"": ""2026-08-08T12:50:10.364Z"", ""received_by"": 1, ""courier_name"": ""Delhivery"", ""inbound_received_at"": ""2026-08-08T12:50:10.364Z""}",2026-08-08 12:49:34.285501,2026-09-05 08:51:21.741062,28,3.0,1.0,5.0,1.0,RETURN,PENDING,,,,,68.0,,,,2026-08-08 12:49:35,,,,,,RETURN_COMPLETED,2026-08-08 12:50:28,1.0,,,,,,,2026-08-08 12:49:34,,,,2026-08-08 12:50:10,2026-08-08 12:49:46,InfoprosysSURFACE-B2C,"MIDC Phase 2, Pune, Maharashtra, Pune, Maharashtra",MOCK1786193374653,New,,not_ready,,5.0,DELHIVERY,RETURN,CUSTOMER_TO_HUB,,1,10.0,8.0,12.0,VENDOR,,,,,,,0,,0,1.0,,0,,,,,0.0,,0.0,,0.0
115,DTDC,1.0,3x4x4,D1212,,,Booked,0,"{""remarks"": null, ""proof_url"": ""/uploads/inbound_receive/1786342713642-867960329.jpg"", ""proof_urls"": [""/uploads/inbound_receive/1786342713642-867960329.jpg""], ""received_at"": ""2026-08-10T06:18:33.885Z"", ""received_by"": 1, ""inbound_received_at"": ""2026-08-10T06:18:33.885Z""}",2026-08-10 06:16:39.253562,2026-09-05 08:51:21.741062,56,3.0,,1.0,1.0,INBOUND,PASSED,,,,116.0,,116.0,2026-08-10 06:19:03,,,,,,,,OUTBOUND_READY,2026-08-10 06:19:09,1.0,,,,,,,,2026-08-14,,,2026-08-10 06:18:34,,,,,,,ready_for_pickup,2026-08-10 06:16:39,,SELF,INBOUND,VENDOR_TO_HUB,2.0,1,3.0,4.0,4.0,VENDOR,Mahesh Vaidya,8788094928.0,Pune,Haveli,Maharashtra,411016.0,0,,0,,,0,,,,,0.0,,0.0,,0.0
116,Delhivery,199.0,10x8x12,MOCK1786342747553,,https://staging-express.delhivery.com/api/p/packing_slip?wbns=MOCK1786342747553&pdf=true,Booked,1,"{""awb"": ""MOCK1786342747553"", ""raw"": {""mock"": true, ""waybill"": ""MOCK1786342747553""}, ""adapter"": ""Delhivery"", ""booked_at"": ""2026-08-10T06:19:07.774Z"", ""label_url"": ""https://staging-express.delhivery.com/api/p/packing_slip?wbns=MOCK1786342747553&pdf=true"", ""pickup_id"": null, ""courier_name"": ""Delhivery""}",2026-08-10 06:19:07.068873,2026-09-05 08:51:21.741062,56,3.0,1.0,,,OUTBOUND,PENDING,,,,,115.0,,,,2026-08-10 06:19:08,2026-08-10 06:19:20,,,,,DELIVERED,2026-08-10 06:19:20,1.0,,,,,,,,,,,,2026-08-10 06:19:08,Vendor Pune Warehouse,"Pune, Pune, Pune City, Maharashtra",MOCK1786342747553,,1.0,pickup_scheduled,2026-08-10 06:19:09,5.0,DELHIVERY,OUTBOUND,HUB_TO_CUSTOMER,,1,10.0,8.0,12.0,VENDOR,,,,,,,0,,0,1.0,,0,,,,,0.0,,0.0,,0.0
117,Delhivery,199.0,10x8x12,MOCK1786342818308,,https://staging-express.delhivery.com/api/p/packing_slip?wbns=MOCK1786342818308&pdf=true,Booked,1,"{""awb"": ""MOCK1786342818308"", ""raw"": {""mock"": true, ""waybill"": ""MOCK1786342818308""}, ""adapter"": ""Delhivery"", ""remarks"": null, ""booked_at"": ""2026-08-10T06:20:18.495Z"", ""label_url"": ""https://staging-express.delhivery.com/api/p/packing_slip?wbns=MOCK1786342818308&pdf=true"", ""pickup_id"": null, ""proof_url"": ""/uploads/inbound_receive/1786342851251-233479434.jpg"", ""proof_urls"": [""/uploads/inbound_receive/1786342851251-233479434.jpg""], ""received_at"": ""2026-08-10T06:20:51.629Z"", ""received_by"": 1, ""courier_name"": ""Delhivery"", ""inbound_received_at"": ""2026-08-10T06:20:51.629Z""}",2026-08-10 06:20:18.053659,2026-09-05 08:51:21.741062,56,3.0,1.0,5.0,1.0,RETURN,PENDING,,,,,116.0,,,,2026-08-10 06:20:19,,,,,,RETURN_COMPLETED,2026-08-10 06:21:02,1.0,,,,,,,2026-08-10 06:20:18,,,,2026-08-10 06:20:52,2026-08-10 06:20:28,InfoprosysSURFACE-B2C,"MIDC Phase 2, Pune, Maharashtra, Pune, Maharashtra",MOCK1786342818308,New,,not_ready,,5.0,DELHIVERY,RETURN,CUSTOMER_TO_HUB,,1,10.0,8.0,12.0,VENDOR,,,,,,,0,,0,1.0,,0,,,,,0.0,,0.0,,0.0
118,DTDC,50.0,32x32x32,D12345678,,,Booked,0,"{""remarks"": null, ""proof_url"": ""/uploads/inbound_receive/1786350889728-45236071.png"", ""proof_urls"": [""/uploads/inbound_receive/1786350889728-45236071.png""], ""received_at"": ""2026-08-10T08:34:49.958Z"", ""received_by"": 1, ""inbound_received_at"": ""2026-08-10T08:34:49.958Z""}",2026-08-10 08:34:22.431266,2026-09-05 08:51:21.741062,57,7.0,,3.0,1.0,INBOUND,FAILED,,,,119.0,,119.0,,,,,"QC failed: 3 item(s) unchecked: Rule_1, Test 1, Test 2",2026-08-10 08:35:15,,,RTV_BOOKED,2026-08-11 15:22:43,7.0,VENDOR,2026-08-10 08:35:17,"QC failed: 3 item(s) unchecked: Rule_1, Test 1, Test 2",,,,,2026-08-14,,,2026-08-10 08:34:50,,,,,,,ready_for_pickup,2026-08-10 08:34:22,,SELF,INBOUND,VENDOR_TO_HUB,1.0,1,32.0,32.0,32.0,VENDOR,Sachin Rewatkar,9404950776.0,"Wakad, Pune",Pune,Maharashtra,441057.0,0,,0,,,0,,,,0.0,0.0,,0.0,,0.0
119,,50.0,32x32x32,123,,,Pending,0,"{""admin_id"": 1, ""qc_remarks"": ""QC failed: 3 item(s) unchecked: Rule_1, Test 1, Test 2"", ""admin_notes"": ""QC failed: 3 item(s) unchecked: Rule_1, Test 1, Test 2"", ""created_reason"": ""Hub QC Failure RTV"", ""vendor_courier"": ""DTDC"", ""qc_failure_reason"": ""QC failed: 3 item(s) unchecked: Rule_1, Test 1, Test 2"", ""vendor_address_id"": 3, ""vendor_arranged_at"": ""2026-08-11T15:22:42.785Z"", ""vendor_pickup_notes"": ""return initiate from hub to vendor"", ""original_shipment_id"": 118}",2026-08-10 08:35:16.258275,2026-09-05 08:51:21.741062,57,7.0,,,,OUTBOUND,FAILED,,,,,118.0,,,,,,,,,,RTV_BOOKED,2026-08-11 15:22:43,7.0,VENDOR,2026-08-10 08:35:17,"QC failed: 3 item(s) unchecked: Rule_1, Test 1, Test 2",,,,,,,,,,,,123,,,not_ready,,,DELHIVERY,RTV,HUB_TO_VENDOR,1.0,1,32.0,32.0,32.0,VENDOR,,,,,,,0,,0,,,0,,,,0.0,0.0,,0.0,,0.0
120,DTDC,5.0,5x5x5,D12345678,,,Booked,0,"{""remarks"": null, ""proof_url"": ""/uploads/inbound_receive/1786352049243-824846930.png"", ""proof_urls"": [""/uploads/inbound_receive/1786352049243-824846930.png""], ""received_at"": ""2026-08-10T08:54:09.480Z"", ""received_by"": 1, ""inbound_received_at"": ""2026-08-10T08:54:09.480Z""}",2026-08-10 08:53:38.416314,2026-09-05 08:51:21.741062,58,7.0,,3.0,1.0,INBOUND,PASSED,,,,121.0,,121.0,2026-08-10 08:54:52,,,,,,,,OUTBOUND_READY,2026-08-10 08:55:03,1.0,,,,,,,,2026-08-14,,,2026-08-10 08:54:09,,,,,,,ready_for_pickup,2026-08-10 08:53:38,,SELF,INBOUND,VENDOR_TO_HUB,1.0,1,5.0,5.0,5.0,VENDOR,Sachin Rewatkar,9404950776.0,"Wakad, Pune",Pune,Maharashtra,441057.0,0,,0,,,0,,,,,0.0,,0.0,,0.0
121,Delhivery,30.0,15x15x20,MOCK1786352099883,,https://staging-express.delhivery.com/api/p/packing_slip?wbns=MOCK1786352099883&pdf=true,Booked,1,"{""awb"": ""MOCK1786352099883"", ""raw"": {""mock"": true, ""waybill"": ""MOCK1786352099883""}, ""adapter"": ""Delhivery"", ""booked_at"": ""2026-08-10T08:55:00.811Z"", ""label_url"": ""https://staging-express.delhivery.com/api/p/packing_slip?wbns=MOCK1786352099883&pdf=true"", ""pickup_id"": null, ""courier_name"": ""Delhivery""}",2026-08-10 08:54:59.462603,2026-09-05 08:51:21.741062,58,7.0,1.0,,,OUTBOUND,PENDING,"{""eta"": 2, ""cost"": 300, ""source"": ""FALLBACK_ESTIMATE"", ""service"": ""Standard"", ""provider"": ""Delhivery"", ""buffer_days"": 3, ""calculated_at"": ""2026-08-10T08:54:59.328Z""}",,,,120.0,,,,2026-08-10 08:55:01,2026-08-10 08:55:22,,,,,DELIVERED,2026-08-10 08:55:22,1.0,,,,,,,,,,,,2026-08-10 08:55:01,Vendor Pune Warehouse,"Pune, Wakad, Pune, Maharashtra",MOCK1786352099883,,1.0,pickup_scheduled,2026-08-10 08:55:03,4.0,DELHIVERY,OUTBOUND,HUB_TO_CUSTOMER,,1,15.0,15.0,20.0,VENDOR,,,,,,,0,,0,1.0,,0,,,,,0.0,,0.0,,0.0
122,DTDC,5.0,5x5x5,D12345678,,,Booked,0,"{""remarks"": null, ""proof_url"": ""/uploads/inbound_receive/1786352475606-800734084.png"", ""proof_urls"": [""/uploads/inbound_receive/1786352475606-800734084.png""], ""received_at"": ""2026-08-10T09:01:15.857Z"", ""received_by"": 1, ""inbound_received_at"": ""2026-08-10T09:01:15.857Z""}",2026-08-10 09:00:56.793136,2026-09-05 08:51:21.741062,59,7.0,,3.0,1.0,INBOUND,PASSED,,,,123.0,,123.0,2026-08-10 09:01:52,,,,,,,,OUTBOUND_READY,2026-08-10 09:02:03,1.0,,,,,,,,2026-08-14,,,2026-08-10 09:01:16,,,,,,,ready_for_pickup,2026-08-10 09:00:57,,SELF,INBOUND,VENDOR_TO_HUB,1.0,1,5.0,5.0,5.0,VENDOR,Sachin Rewatkar,9404950776.0,"Wakad, Pune",Pune,Maharashtra,441057.0,0,,0,,,0,,,,,0.0,,0.0,,0.0
123,Delhivery,50.0,50x50x50,MOCK1786352521362,,https://staging-express.delhivery.com/api/p/packing_slip?wbns=MOCK1786352521362&pdf=true,Booked,1,"{""awb"": ""MOCK1786352521362"", ""raw"": {""mock"": true, ""waybill"": ""MOCK1786352521362""}, ""adapter"": ""Delhivery"", ""booked_at"": ""2026-08-10T09:02:01.460Z"", ""label_url"": ""https://staging-express.delhivery.com/api/p/packing_slip?wbns=MOCK1786352521362&pdf=true"", ""pickup_id"": null, ""courier_name"": ""Delhivery""}",2026-08-10 09:02:00.655095,2026-09-05 08:51:21.741062,59,7.0,1.0,,,OUTBOUND,PENDING,"{""eta"": 2, ""cost"": 300, ""source"": ""FALLBACK_ESTIMATE"", ""service"": ""Standard"", ""provider"": ""Delhivery"", ""buffer_days"": 3, ""calculated_at"": ""2026-08-10T09:02:00.488Z""}",,,,122.0,,,,2026-08-10 09:02:02,2026-08-10 09:02:15,,,,,DELIVERED,2026-08-10 09:02:15,1.0,,,,,,,,,,,,2026-08-10 09:02:02,Vendor Pune Warehouse,"Pune, Wakad, Pune, Maharashtra",MOCK1786352521362,,1.0,pickup_scheduled,2026-08-10 09:02:03,4.0,DELHIVERY,OUTBOUND,HUB_TO_CUSTOMER,,1,50.0,50.0,50.0,VENDOR,,,,,,,0,,0,1.0,,0,,,,,0.0,,0.0,,0.0
124,DTDC,50.0,32x32x32,D12345678,,,Booked,0,"{""remarks"": null, ""proof_url"": ""/uploads/inbound_receive/1786355896868-966420343.jpeg"", ""proof_urls"": [""/uploads/inbound_receive/1786355896868-966420343.jpeg""], ""received_at"": ""2026-08-10T09:58:17.077Z"", ""received_by"": 1, ""inbound_received_at"": ""2026-08-10T09:58:17.077Z""}",2026-08-10 09:07:40.360890,2026-09-05 08:51:21.741062,60,7.0,,3.0,1.0,INBOUND,PENDING,,,,,,,,,,,,,,,HUB_RECEIVED,2026-08-10 09:58:17,1.0,,,,,,,,2026-08-14,,,2026-08-10 09:58:17,,,,,,,ready_for_pickup,2026-08-10 09:07:40,,SELF,INBOUND,VENDOR_TO_HUB,1.0,1,32.0,32.0,32.0,VENDOR,Sachin Rewatkar,9404950776.0,"Wakad, Pune",Pune,Maharashtra,441057.0,0,,0,,,0,,,,,0.0,,0.0,,0.0
125,DTDC,5.0,5x5x5,D12345678,,,Booked,0,"{""remarks"": null, ""proof_url"": ""/uploads/inbound_receive/1786353182283-400110095.png"", ""proof_urls"": [""/uploads/inbound_receive/1786353182283-400110095.png""], ""received_at"": ""2026-08-10T09:13:02.618Z"", ""received_by"": 1, ""inbound_received_at"": ""2026-08-10T09:13:02.618Z""}",2026-08-10 09:12:14.785862,2026-09-05 08:51:21.741062,61,7.0,,3.0,1.0,INBOUND,PASSED,,,,126.0,,126.0,2026-08-10 09:13:55,,,,,,,,OUTBOUND_READY,2026-08-10 09:14:04,1.0,,,,,,,,2026-08-14,,,2026-08-10 09:13:03,,,,,,,ready_for_pickup,2026-08-10 09:12:15,,SELF,INBOUND,VENDOR_TO_HUB,1.0,1,5.0,5.0,5.0,VENDOR,Sachin Rewatkar,9404950776.0,"Wakad, Pune",Pune,Maharashtra,441057.0,0,,0,,,0,,,,,0.0,,0.0,,0.0
126,Delhivery,50.0,50x50x50,MOCK1786353242579,,https://staging-express.delhivery.com/api/p/packing_slip?wbns=MOCK1786353242579&pdf=true,Booked,1,"{""awb"": ""MOCK1786353242579"", ""raw"": {""mock"": true, ""waybill"": ""MOCK1786353242579""}, ""adapter"": ""Delhivery"", ""booked_at"": ""2026-08-10T09:14:02.671Z"", ""label_url"": ""https://staging-express.delhivery.com/api/p/packing_slip?wbns=MOCK1786353242579&pdf=true"", ""pickup_id"": null, ""courier_name"": ""Delhivery""}",2026-08-10 09:14:01.846355,2026-09-05 08:51:21.741062,61,7.0,1.0,,,OUTBOUND,PENDING,"{""eta"": 2, ""cost"": 300, ""source"": ""FALLBACK_ESTIMATE"", ""service"": ""Standard"", ""provider"": ""Delhivery"", ""buffer_days"": 3, ""calculated_at"": ""2026-08-10T09:14:01.617Z""}",,,,125.0,,,,2026-08-10 09:14:03,,,,,,DISPATCHED_TO_CUSTOMER,2026-08-10 09:14:04,1.0,,,,,,,,,,,,2026-08-10 09:14:03,Vendor Pune Warehouse,"Pune, Wakad, Pune, Maharashtra",MOCK1786353242579,,1.0,pickup_scheduled,2026-08-10 09:14:04,4.0,DELHIVERY,OUTBOUND,HUB_TO_CUSTOMER,,1,50.0,50.0,50.0,VENDOR,,,,,,,0,,0,1.0,,0,,,,,0.0,,0.0,,0.0
127,DTDC,5.0,5x5x5,D12345678,,,Booked,0,"{""remarks"": null, ""proof_url"": ""/uploads/inbound_receive/1786355350255-638682111.png"", ""proof_urls"": [""/uploads/inbound_receive/1786355350255-638682111.png""], ""received_at"": ""2026-08-10T09:49:10.481Z"", ""received_by"": 1, ""inbound_received_at"": ""2026-08-10T09:49:10.481Z""}",2026-08-10 09:48:35.769098,2026-09-05 08:51:21.741062,63,7.0,,3.0,1.0,INBOUND,PASSED,,,,,,,2026-08-10 09:50:03,,,,,,,,HUB_PACKAGED,2026-08-10 09:50:04,1.0,,,,,,,,2026-08-14,,,2026-08-10 09:49:10,,,,,,,ready_for_pickup,2026-08-10 09:48:36,,SELF,INBOUND,VENDOR_TO_HUB,1.0,1,5.0,5.0,5.0,VENDOR,Sachin Rewatkar,9404950776.0,"Wakad, Pune",Pune,Maharashtra,441057.0,0,,0,,,0,,,,,0.0,,0.0,,0.0
128,DTDC,50.0,54x54x54,D12345678,,,Booked,0,"{""remarks"": null, ""proof_url"": ""/uploads/inbound_receive/1786357191201-984196057.png"", ""proof_urls"": [""/uploads/inbound_receive/1786357191201-984196057.png""], ""received_at"": ""2026-08-10T10:19:51.433Z"", ""received_by"": 1, ""inbound_received_at"": ""2026-08-10T10:19:51.433Z""}",2026-08-10 10:19:05.098088,2026-09-05 08:51:21.741062,64,7.0,,3.0,1.0,INBOUND,PASSED,,,,,,,,,,,,,,,PACKAGING_IN_PROGRESS,2026-08-10 10:20:11,1.0,,,,,,,,2026-08-14,,,2026-08-10 10:19:51,,,,,,,ready_for_pickup,2026-08-10 10:19:05,,SELF,INBOUND,VENDOR_TO_HUB,1.0,1,54.0,54.0,54.0,VENDOR,Sachin Rewatkar,9404950776.0,"Wakad, Pune",Pune,Maharashtra,441057.0,0,,0,,,0,,,,,0.0,,0.0,,0.0
129,DTDC,50.0,54x54x54,D12345678,,,Booked,0,"{""remarks"": null, ""proof_url"": ""/uploads/inbound_receive/1786359459391-232881584.png"", ""proof_urls"": [""/uploads/inbound_receive/1786359459391-232881584.png""], ""received_at"": ""2026-08-10T10:57:39.817Z"", ""received_by"": 1, ""inbound_received_at"": ""2026-08-10T10:57:39.817Z""}",2026-08-10 10:56:59.422938,2026-09-05 08:51:21.741062,65,7.0,,3.0,1.0,INBOUND,PASSED,,,,,,,,,,,,,,,PACKAGING_IN_PROGRESS,2026-08-10 10:58:01,1.0,,,,,,,,2026-08-14,,,2026-08-10 10:57:40,,,,,,,ready_for_pickup,2026-08-10 10:56:59,,SELF,INBOUND,VENDOR_TO_HUB,1.0,1,54.0,54.0,54.0,VENDOR,Sachin Rewatkar,9404950776.0,"Wakad, Pune",Pune,Maharashtra,441057.0,0,,0,,,0,,,,,0.0,,0.0,,0.0
130,DTDC,5.0,5x5x5,D12345678,,,Booked,0,"{""remarks"": null, ""proof_url"": ""/uploads/inbound_receive/1786376147624-240735373.png"", ""proof_urls"": [""/uploads/inbound_receive/1786376147624-240735373.png""], ""received_at"": ""2026-08-10T15:35:48.149Z"", ""received_by"": 1, ""inbound_received_at"": ""2026-08-10T15:35:48.149Z""}",2026-08-10 15:34:45.057665,2026-09-05 08:51:21.741062,66,7.0,,3.0,1.0,INBOUND,PASSED,,,,218.0,,218.0,2026-08-10 15:36:27,,,,,,,,OUTBOUND_READY,2026-09-03 08:13:49,1.0,,,,,,,,2026-08-14,,,2026-08-10 15:35:48,,,,,,,ready_for_pickup,2026-08-10 15:34:45,,SELF,INBOUND,VENDOR_TO_HUB,1.0,1,5.0,5.0,5.0,VENDOR,Sachin Rewatkar,9404950776.0,"Wakad, Pune",Pune,Maharashtra,441057.0,0,,0,,,0,,,,,0.0,,0.0,,0.0
131,BlueDart,4.0,67x7x8,B1234,,,Booked,0,"{""remarks"": null, ""proof_url"": ""/uploads/inbound_receive/1786423208825-406792669.avif"", ""proof_urls"": [""/uploads/inbound_receive/1786423208825-406792669.avif""], ""received_at"": ""2026-08-11T04:40:09.062Z"", ""received_by"": 1, ""inbound_received_at"": ""2026-08-11T04:40:09.062Z""}",2026-08-11 04:39:44.240364,2026-09-05 08:51:21.741062,67,3.0,,1.0,1.0,INBOUND,PASSED,,,,132.0,,132.0,2026-08-11 04:40:40,,,,,,,,OUTBOUND_READY,2026-08-11 04:40:48,1.0,,,,,,,,2026-08-15,,,2026-08-11 04:40:09,,,,,,,ready_for_pickup,2026-08-11 04:39:44,,SELF,INBOUND,VENDOR_TO_HUB,2.0,1,67.0,7.0,8.0,VENDOR,Mahesh Vaidya,8788094928.0,Pune,Haveli,Maharashtra,411016.0,0,,0,,,0,,,,,0.0,,0.0,,0.0
132,Delhivery,189.0,19x89x98,MOCK1786423245900,,https://staging-express.delhivery.com/api/p/packing_slip?wbns=MOCK1786423245900&pdf=true,Booked,1,"{""awb"": ""MOCK1786423245900"", ""raw"": {""mock"": true, ""waybill"": ""MOCK1786423245900""}, ""adapter"": ""Delhivery"", ""booked_at"": ""2026-08-11T04:40:46.114Z"", ""label_url"": ""https://staging-express.delhivery.com/api/p/packing_slip?wbns=MOCK1786423245900&pdf=true"", ""pickup_id"": null, ""courier_name"": ""Delhivery""}",2026-08-11 04:40:45.323973,2026-09-05 08:51:21.741062,67,3.0,1.0,,,OUTBOUND,PENDING,,,,,131.0,,,,2026-08-11 04:40:46,2026-08-11 04:40:57,,,,,DELIVERED,2026-08-11 04:40:57,1.0,,,,,,,,,,,,2026-08-11 04:40:46,Vendor Pune Warehouse,"Bengaluru, Bengaluru, Bangalore North, Karnataka",MOCK1786423245900,,1.0,pickup_scheduled,2026-08-11 04:40:47,5.0,DELHIVERY,OUTBOUND,HUB_TO_CUSTOMER,,1,19.0,89.0,98.0,VENDOR,,,,,,,0,,0,1.0,,0,,,,,0.0,,0.0,,0.0
133,etc,8.0,766x67x7,E123,,,Booked,0,"{""remarks"": null, ""proof_url"": ""/uploads/inbound_receive/1786424480483-139911641.jpg"", ""proof_urls"": [""/uploads/inbound_receive/1786424480483-139911641.jpg""], ""received_at"": ""2026-08-11T05:01:20.755Z"", ""received_by"": 1, ""inbound_received_at"": ""2026-08-11T05:01:20.755Z""}",2026-08-11 05:00:41.865483,2026-09-05 08:51:21.741062,68,3.0,,1.0,1.0,INBOUND,PASSED,,,,134.0,,134.0,2026-08-11 05:01:45,,,,,,,,OUTBOUND_READY,2026-08-11 05:01:51,1.0,,,,,,,,2026-08-15,,,2026-08-11 05:01:21,,,,,,,ready_for_pickup,2026-08-11 05:00:42,,SELF,INBOUND,VENDOR_TO_HUB,2.0,1,766.0,67.0,7.0,VENDOR,Mahesh Vaidya,8788094928.0,Pune,Haveli,Maharashtra,411016.0,0,,0,,,0,,,,,0.0,,0.0,,0.0
134,Delhivery,189.0,19x89x98,MOCK1786424509708,,https://staging-express.delhivery.com/api/p/packing_slip?wbns=MOCK1786424509708&pdf=true,Booked,1,"{""awb"": ""MOCK1786424509708"", ""raw"": {""mock"": true, ""waybill"": ""MOCK1786424509708""}, ""adapter"": ""Delhivery"", ""booked_at"": ""2026-08-11T05:01:49.887Z"", ""label_url"": ""https://staging-express.delhivery.com/api/p/packing_slip?wbns=MOCK1786424509708&pdf=true"", ""pickup_id"": null, ""courier_name"": ""Delhivery""}",2026-08-11 05:01:49.241174,2026-09-05 08:51:21.741062,68,3.0,1.0,,,OUTBOUND,PENDING,,,,,133.0,,,,2026-08-11 05:01:50,,,,,,DISPATCHED_TO_CUSTOMER,2026-08-11 05:01:51,1.0,,,,,,,,,,,,2026-08-11 05:01:50,Vendor Pune Warehouse,"Bengaluru, Bengaluru, Bangalore North, Karnataka",MOCK1786424509708,,1.0,pickup_scheduled,2026-08-11 05:01:51,5.0,DELHIVERY,OUTBOUND,HUB_TO_CUSTOMER,,1,19.0,89.0,98.0,VENDOR,,,,,,,0,,0,1.0,,0,,,,,0.0,,0.0,,0.0
135,DTDC,66.0,7x78x8,D2222,,,Booked,0,"{""remarks"": null, ""proof_url"": ""/uploads/inbound_receive/1786424999909-165292137.webp"", ""proof_urls"": [""/uploads/inbound_receive/1786424999909-165292137.webp""], ""received_at"": ""2026-08-11T05:10:00.382Z"", ""received_by"": 1, ""inbound_received_at"": ""2026-08-11T05:10:00.382Z""}",2026-08-11 05:09:37.178425,2026-09-05 08:51:21.741062,69,3.0,,1.0,1.0,INBOUND,PASSED,,,,136.0,,136.0,2026-08-11 05:10:26,,,,,,,,OUTBOUND_READY,2026-08-11 05:10:32,1.0,,,,,,,,2026-08-15,,,2026-08-11 05:10:00,,,,,,,ready_for_pickup,2026-08-11 05:09:37,,SELF,INBOUND,VENDOR_TO_HUB,2.0,1,7.0,78.0,8.0,VENDOR,Mahesh Vaidya,8788094928.0,Pune,Haveli,Maharashtra,411016.0,0,,0,,,0,,,,,0.0,,0.0,,0.0
136,Delhivery,189.0,19x89x98,MOCK1786425029816,,https://staging-express.delhivery.com/api/p/packing_slip?wbns=MOCK1786425029816&pdf=true,Booked,1,"{""awb"": ""MOCK1786425029816"", ""raw"": {""mock"": true, ""waybill"": ""MOCK1786425029816""}, ""adapter"": ""Delhivery"", ""booked_at"": ""2026-08-11T05:10:30.037Z"", ""label_url"": ""https://staging-express.delhivery.com/api/p/packing_slip?wbns=MOCK1786425029816&pdf=true"", ""pickup_id"": null, ""courier_name"": ""Delhivery""}",2026-08-11 05:10:29.409204,2026-09-05 08:51:21.741062,69,3.0,1.0,,,OUTBOUND,PENDING,,,,,135.0,,,,2026-08-11 05:10:30,,,,,,DISPATCHED_TO_CUSTOMER,2026-08-11 05:10:31,1.0,,,,,,,,,,,,2026-08-11 05:10:30,Vendor Pune Warehouse,"Bengaluru, Bengaluru, Bangalore North, Karnataka",MOCK1786425029816,,1.0,pickup_scheduled,2026-08-11 05:10:31,5.0,DELHIVERY,OUTBOUND,HUB_TO_CUSTOMER,,1,19.0,89.0,98.0,VENDOR,,,,,,,0,,0,1.0,,0,,,,,0.0,,0.0,,0.0
137,DTDC,4.0,10x20x10,D1265712,,,Booked,0,"{""remarks"": ""receive at hub"", ""proof_url"": ""/uploads/inbound_receive/1786459116428-888226337.jpg"", ""proof_urls"": [""/uploads/inbound_receive/1786459116428-888226337.jpg""], ""received_at"": ""2026-08-11T14:38:36.715Z"", ""received_by"": 1, ""inbound_received_at"": ""2026-08-11T14:38:36.715Z""}",2026-08-11 14:27:43.174074,2026-09-05 08:51:21.741062,71,10.0,,8.0,1.0,INBOUND,PASSED,,,,138.0,,138.0,2026-08-11 14:41:26,,,,,,,,OUTBOUND_READY,2026-08-11 14:41:39,1.0,,,,,,,,2026-08-12,,,2026-08-11 14:38:37,,,,,,,ready_for_pickup,2026-08-11 14:27:43,,SELF,INBOUND,VENDOR_TO_HUB,3.0,1,10.0,20.0,10.0,VENDOR,Sushma Desale,9422630055.0,"Sonawane Wasti, Gat No: 67, Bharat Weight Bridge, Industrial Area",Haveli,Maharashtra,411062.0,0,,0,,,0,,,,,0.0,,0.0,,0.0
138,Delhivery,1.0,10x15x18,MOCK1786459297482,,https://staging-express.delhivery.com/api/p/packing_slip?wbns=MOCK1786459297482&pdf=true,Booked,1,"{""awb"": ""MOCK1786459297482"", ""raw"": {""mock"": true, ""waybill"": ""MOCK1786459297482""}, ""adapter"": ""Delhivery"", ""booked_at"": ""2026-08-11T14:41:37.563Z"", ""label_url"": ""https://staging-express.delhivery.com/api/p/packing_slip?wbns=MOCK1786459297482&pdf=true"", ""pickup_id"": null, ""courier_name"": ""Delhivery""}",2026-08-11 14:41:36.876212,2026-09-05 08:51:21.741062,71,10.0,1.0,,,OUTBOUND,PENDING,"{""eta"": 4, ""cost"": 120, ""source"": ""FALLBACK_ESTIMATE"", ""service"": ""Standard"", ""provider"": ""Delhivery"", ""buffer_days"": 3, ""calculated_at"": ""2026-08-11T14:41:36.766Z""}",,,,137.0,,,,2026-08-11 14:41:38,2026-08-11 14:46:44,,,,,DELIVERED,2026-08-11 14:46:44,1.0,,,,,,,,,,,,2026-08-11 14:41:38,Vendor Pune Warehouse,"MG Road, Ashok Nagar, Pune, Karnataka",MOCK1786459297482,,1.0,pickup_scheduled,2026-08-11 14:41:38,7.0,DELHIVERY,OUTBOUND,HUB_TO_CUSTOMER,,1,10.0,15.0,18.0,VENDOR,,,,,,,0,,0,1.0,,0,,,,,0.0,,0.0,,0.0
139,Delhivery,1.0,10x15x18,MOCK1786460423964,,https://staging-express.delhivery.com/api/p/packing_slip?wbns=MOCK1786460423964&pdf=true,Booked,1,"{""awb"": ""MOCK1786460423964"", ""raw"": {""mock"": true, ""waybill"": ""MOCK1786460423964""}, ""adapter"": ""Delhivery"", ""remarks"": ""recive at hub for return product"", ""booked_at"": ""2026-08-11T15:00:24.083Z"", ""label_url"": ""https://staging-express.delhivery.com/api/p/packing_slip?wbns=MOCK1786460423964&pdf=true"", ""pickup_id"": null, ""proof_url"": ""/uploads/inbound_receive/1786460466441-507101841.jpg"", ""proof_urls"": [""/uploads/inbound_receive/1786460466441-507101841.jpg""], ""received_at"": ""2026-08-11T15:01:06.702Z"", ""received_by"": 1, ""courier_name"": ""Delhivery"", ""inbound_received_at"": ""2026-08-11T15:01:06.702Z""}",2026-08-11 15:00:23.268916,2026-09-05 08:51:21.741062,71,10.0,1.0,7.0,1.0,RETURN,PENDING,,,,,138.0,,,,2026-08-11 15:00:24,,,,,,RETURN_COMPLETED,2026-08-11 15:02:05,1.0,,,,,,,2026-08-11 15:00:23,,,,2026-08-11 15:01:07,2026-08-11 15:00:41,InfoprosysSURFACE-B2C,"MIDC Phase 2, Pune, Maharashtra, Pune, Maharashtra",MOCK1786460423964,New,,not_ready,,7.0,DELHIVERY,RETURN,CUSTOMER_TO_HUB,,1,10.0,15.0,18.0,VENDOR,,,,,,,0,,0,1.0,,0,,,,,0.0,,0.0,,0.0
140,DTDC,5.0,5x5x5,D12345678,,,Booked,0,"{""remarks"": null, ""proof_url"": ""/uploads/inbound_receive/1786613076127-542356389.png"", ""proof_urls"": [""/uploads/inbound_receive/1786613076127-542356389.png""], ""received_at"": ""2026-08-13T09:24:36.350Z"", ""received_by"": 1, ""inbound_received_at"": ""2026-08-13T09:24:36.350Z""}",2026-08-13 09:21:58.332365,2026-09-05 08:51:21.741062,74,7.0,,3.0,1.0,INBOUND,PASSED,,,,141.0,,141.0,2026-08-13 09:25:30,,,,,,,,OUTBOUND_READY,2026-08-13 09:25:41,1.0,,,,,,,,2026-08-17,,,2026-08-13 09:24:36,,,,,,,ready_for_pickup,2026-08-13 09:21:58,,SELF,INBOUND,VENDOR_TO_HUB,1.0,1,5.0,5.0,5.0,VENDOR,Sachin Rewatkar,9404950776.0,"Wakad, Pune",Pune,Maharashtra,441057.0,0,,0,,,0,,,,,0.0,,0.0,,0.0
141,Delhivery,50.0,50x50x50,MOCK1786613139132,,https://staging-express.delhivery.com/api/p/packing_slip?wbns=MOCK1786613139132&pdf=true,Booked,1,"{""awb"": ""MOCK1786613139132"", ""raw"": {""mock"": true, ""waybill"": ""MOCK1786613139132""}, ""adapter"": ""Delhivery"", ""booked_at"": ""2026-08-13T09:25:39.242Z"", ""label_url"": ""https://staging-express.delhivery.com/api/p/packing_slip?wbns=MOCK1786613139132&pdf=true"", ""pickup_id"": null, ""courier_name"": ""Delhivery""}",2026-08-13 09:25:38.637407,2026-09-05 08:51:21.741062,74,7.0,1.0,,,OUTBOUND,PENDING,"{""eta"": 2, ""cost"": 300, ""source"": ""FALLBACK_ESTIMATE"", ""service"": ""Standard"", ""provider"": ""Delhivery"", ""buffer_days"": 3, ""calculated_at"": ""2026-08-13T09:25:38.531Z""}",,,,140.0,,,,2026-08-13 09:25:39,,,,,,DISPATCHED_TO_CUSTOMER,2026-08-13 09:25:40,1.0,,,,,,,,,,,,2026-08-13 09:25:39,Vendor Pune Warehouse,"Pune, Wakad, Pune, Maharashtra",MOCK1786613139132,,1.0,pickup_scheduled,2026-08-13 09:25:40,4.0,DELHIVERY,OUTBOUND,HUB_TO_CUSTOMER,,1,50.0,50.0,50.0,VENDOR,,,,,,,0,,0,1.0,,0,,,,,0.0,,0.0,,0.0
142,DTDC,5.0,5x5x5,D12345678,,,Booked,0,"{""remarks"": null, ""proof_url"": ""/uploads/inbound_receive/1786613373599-765584822.png"", ""proof_urls"": [""/uploads/inbound_receive/1786613373599-765584822.png""], ""received_at"": ""2026-08-13T09:29:33.838Z"", ""received_by"": 1, ""inbound_received_at"": ""2026-08-13T09:29:33.838Z""}",2026-08-13 09:29:01.458558,2026-09-05 08:51:21.741062,75,7.0,,3.0,1.0,INBOUND,PASSED,,,,218.0,,218.0,2026-08-13 09:30:14,,,,,,,,OUTBOUND_READY,2026-09-03 08:13:49,1.0,,,,,,,,2026-08-17,,,2026-08-13 09:29:34,,,,,,,ready_for_pickup,2026-08-13 09:29:02,,SELF,INBOUND,VENDOR_TO_HUB,1.0,1,5.0,5.0,5.0,VENDOR,Sachin Rewatkar,9404950776.0,"Wakad, Pune",Pune,Maharashtra,441057.0,0,,0,,,0,,,,,0.0,,0.0,,0.0
143,DTDC,5.0,5x5x5,D12345678,,,Booked,0,"{""remarks"": null, ""proof_url"": ""/uploads/inbound_receive/1786617458459-810578387.png"", ""proof_urls"": [""/uploads/inbound_receive/1786617458459-810578387.png""], ""received_at"": ""2026-08-13T10:37:38.672Z"", ""received_by"": 1, ""inbound_received_at"": ""2026-08-13T10:37:38.672Z""}",2026-08-13 10:37:09.322929,2026-09-05 08:51:21.741062,76,7.0,,3.0,1.0,INBOUND,PASSED,,,,,,,2026-08-13 10:38:23,,,,,,,,HUB_PACKAGED,2026-08-13 10:38:23,1.0,,,,,,,,2026-08-17,,,2026-08-13 10:37:39,,,,,,,ready_for_pickup,2026-08-13 10:37:09,,SELF,INBOUND,VENDOR_TO_HUB,1.0,1,5.0,5.0,5.0,VENDOR,Sachin Rewatkar,9404950776.0,"Wakad, Pune",Pune,Maharashtra,441057.0,0,,0,,,0,,,,,0.0,,0.0,,0.0
144,DTDC,5.0,5x5x5,D12345678,,,Booked,0,"{""remarks"": null, ""proof_url"": ""/uploads/inbound_receive/1786618187029-193946116.png"", ""proof_urls"": [""/uploads/inbound_receive/1786618187029-193946116.png""], ""received_at"": ""2026-08-13T10:49:47.235Z"", ""received_by"": 1, ""inbound_received_at"": ""2026-08-13T10:49:47.235Z""}",2026-08-13 10:48:54.257397,2026-09-05 08:51:21.741062,77,7.0,,3.0,1.0,INBOUND,PASSED,,,,145.0,,145.0,2026-08-13 10:50:33,,,,,,,,OUTBOUND_READY,2026-08-13 10:50:55,1.0,,,,,,,,2026-08-17,,,2026-08-13 10:49:47,,,,,,,ready_for_pickup,2026-08-13 10:48:54,,SELF,INBOUND,VENDOR_TO_HUB,1.0,1,5.0,5.0,5.0,VENDOR,Sachin Rewatkar,9404950776.0,"Wakad, Pune",Pune,Maharashtra,441057.0,0,,0,,,0,,,,,0.0,,0.0,,0.0
145,Delhivery,25.0,20x20x20,MOCK1786618253872,,https://staging-express.delhivery.com/api/p/packing_slip?wbns=MOCK1786618253872&pdf=true,Booked,1,"{""awb"": ""MOCK1786618253872"", ""raw"": {""mock"": true, ""waybill"": ""MOCK1786618253872""}, ""adapter"": ""Delhivery"", ""booked_at"": ""2026-08-13T10:50:53.954Z"", ""label_url"": ""https://staging-express.delhivery.com/api/p/packing_slip?wbns=MOCK1786618253872&pdf=true"", ""pickup_id"": null, ""courier_name"": ""Delhivery""}",2026-08-13 10:50:53.501062,2026-09-05 08:51:21.741062,77,7.0,1.0,,,OUTBOUND,PENDING,"{""eta"": 2, ""cost"": 300, ""source"": ""FALLBACK_ESTIMATE"", ""service"": ""Standard"", ""provider"": ""Delhivery"", ""buffer_days"": 3, ""calculated_at"": ""2026-08-13T10:50:53.401Z""}",,,,144.0,,,,2026-08-13 10:50:54,,,,,,DISPATCHED_TO_CUSTOMER,2026-08-13 10:50:55,1.0,,,,,,,,,,,,2026-08-13 10:50:54,Vendor Pune Warehouse,"Pune, Wakad, Pune, Maharashtra",MOCK1786618253872,,1.0,pickup_scheduled,2026-08-13 10:50:55,4.0,DELHIVERY,OUTBOUND,HUB_TO_CUSTOMER,,1,20.0,20.0,20.0,VENDOR,,,,,,,0,,0,1.0,,0,,,,,0.0,,0.0,,0.0
146,DTDC,25.0,22x22x22,D12345678,,,Booked,0,,2026-08-13 10:56:51.371876,2026-09-05 08:51:21.741062,78,7.0,,3.0,1.0,INBOUND,PENDING,,,,,,,,,,,,,,,IN_TRANSIT_TO_HUB,2026-08-13 10:56:51,7.0,,,,,,,,2026-08-17,,,,,,,,,,ready_for_pickup,2026-08-13 10:56:51,,SELF,INBOUND,VENDOR_TO_HUB,1.0,1,22.0,22.0,22.0,VENDOR,Sachin Rewatkar,9404950776.0,"Wakad, Pune",Pune,Maharashtra,441057.0,1,,0,,,0,,,,,0.0,,0.0,,0.0
147,DTDC,5.0,5x5x5,D12345678,,,Booked,0,"{""remarks"": null, ""proof_url"": ""/uploads/inbound_receive/1786621684023-642230731.png"", ""proof_urls"": [""/uploads/inbound_receive/1786621684023-642230731.png""], ""received_at"": ""2026-08-13T11:48:04.298Z"", ""received_by"": 1, ""inbound_received_at"": ""2026-08-13T11:48:04.298Z""}",2026-08-13 11:47:35.612116,2026-09-05 08:51:21.741062,79,7.0,,3.0,1.0,INBOUND,PASSED,,,,,,,2026-08-13 11:48:42,,,,,,,,HUB_PACKAGED,2026-08-13 11:48:43,1.0,,,,,,,,2026-08-17,,,2026-08-13 11:48:04,,,,,,,ready_for_pickup,2026-08-13 11:47:36,,SELF,INBOUND,VENDOR_TO_HUB,1.0,1,5.0,5.0,5.0,VENDOR,Sachin Rewatkar,9404950776.0,"Wakad, Pune",Pune,Maharashtra,441057.0,0,,0,,,0,,,,,0.0,,0.0,,0.0
148,DTDC,5.0,5x5x5,D12345678,,,Booked,0,"{""remarks"": null, ""proof_url"": ""/uploads/inbound_receive/1786623976961-662886182.png"", ""proof_urls"": [""/uploads/inbound_receive/1786623976961-662886182.png""], ""received_at"": ""2026-08-13T12:26:17.205Z"", ""received_by"": 1, ""inbound_received_at"": ""2026-08-13T12:26:17.205Z""}",2026-08-13 12:25:43.242931,2026-09-05 08:51:21.741062,80,7.0,,3.0,1.0,INBOUND,PASSED,,,,,,,2026-08-13 12:27:31,,,,,,,,HUB_PACKAGED,2026-08-13 12:27:31,1.0,,,,,,,,2026-08-17,,,2026-08-13 12:26:17,,,,,,,ready_for_pickup,2026-08-13 12:25:43,,SELF,INBOUND,VENDOR_TO_HUB,1.0,1,5.0,5.0,5.0,VENDOR,Sachin Rewatkar,9404950776.0,"Wakad, Pune",Pune,Maharashtra,441057.0,0,,0,,,0,,,,,0.0,,0.0,,0.0
149,BlueDart001,7.0,87x67x8,B1111,,,Booked,0,"{""remarks"": null, ""proof_url"": ""/uploads/inbound_receive/1787027298874-285694265.jpg"", ""proof_urls"": [""/uploads/inbound_receive/1787027298874-285694265.jpg""], ""received_at"": ""2026-08-18T04:28:19.181Z"", ""received_by"": 1, ""inbound_received_at"": ""2026-08-18T04:28:19.181Z""}",2026-08-18 04:27:44.832680,2026-09-05 08:51:21.741062,97,3.0,,1.0,1.0,INBOUND,PASSED,,,,150.0,,150.0,2026-08-18 04:28:53,,,,,,,,OUTBOUND_READY,2026-08-18 04:29:00,1.0,,,,,,,,2026-08-22,,,2026-08-18 04:28:19,,,,,,,ready_for_pickup,2026-08-18 04:27:45,,SELF,INBOUND,VENDOR_TO_HUB,2.0,1,87.0,67.0,8.0,VENDOR,Mahesh Vaidya,8788094928.0,Pune,Haveli,Maharashtra,411016.0,0,,0,,,0,,,,,0.0,,0.0,,0.0
150,Delhivery,189.0,19x89x98,MOCK1787027337773,,https://staging-express.delhivery.com/api/p/packing_slip?wbns=MOCK1787027337773&pdf=true,Booked,1,"{""awb"": ""MOCK1787027337773"", ""raw"": {""mock"": true, ""waybill"": ""MOCK1787027337773""}, ""adapter"": ""Delhivery"", ""booked_at"": ""2026-08-18T04:28:57.957Z"", ""label_url"": ""https://staging-express.delhivery.com/api/p/packing_slip?wbns=MOCK1787027337773&pdf=true"", ""pickup_id"": null, ""courier_name"": ""Delhivery""}",2026-08-18 04:28:57.372208,2026-09-05 08:51:21.741062,97,3.0,1.0,,,OUTBOUND,PENDING,,,,,149.0,,,,2026-08-18 04:28:58,2026-08-18 04:29:09,,,,,DELIVERED,2026-08-18 04:29:09,1.0,,,,,,,,,,,,2026-08-18 04:28:58,Vendor Pune Warehouse,"Bengaluru, Bengaluru, Bangalore North, Karnataka",MOCK1787027337773,,1.0,pickup_scheduled,2026-08-18 04:28:59,5.0,DELHIVERY,OUTBOUND,HUB_TO_CUSTOMER,,1,19.0,89.0,98.0,VENDOR,,,,,,,0,,0,1.0,,0,,,,,0.0,,0.0,,0.0
151,BlueDart001,4.0,1x2x4,B1112,,,Booked,0,"{""remarks"": null, ""proof_url"": ""/uploads/inbound_receive/1787031032942-988277060.jpg"", ""proof_urls"": [""/uploads/inbound_receive/1787031032942-988277060.jpg""], ""received_at"": ""2026-08-18T05:30:33.172Z"", ""received_by"": 1, ""inbound_received_at"": ""2026-08-18T05:30:33.172Z""}",2026-08-18 05:30:10.723363,2026-09-05 08:51:21.741062,96,3.0,,1.0,1.0,INBOUND,PASSED,,,,152.0,,152.0,2026-08-18 05:31:04,,,,,,,,OUTBOUND_READY,2026-08-18 05:31:15,1.0,,,,,,,,2026-08-22,,,2026-08-18 05:30:33,,,,,,,ready_for_pickup,2026-08-18 05:30:11,,SELF,INBOUND,VENDOR_TO_HUB,2.0,1,1.0,2.0,4.0,VENDOR,Mahesh Vaidya,8788094928.0,Pune,Haveli,Maharashtra,411016.0,0,,0,,,0,,,,,0.0,,0.0,,0.0
152,Delhivery,189.0,19x89x98,MOCK1787031070096,,https://staging-express.delhivery.com/api/p/packing_slip?wbns=MOCK1787031070096&pdf=true,Booked,1,"{""awb"": ""MOCK1787031070096"", ""raw"": {""mock"": true, ""waybill"": ""MOCK1787031070096""}, ""adapter"": ""Delhivery"", ""booked_at"": ""2026-08-18T05:31:13.619Z"", ""label_url"": ""https://staging-express.delhivery.com/api/p/packing_slip?wbns=MOCK1787031070096&pdf=true"", ""pickup_id"": null, ""courier_name"": ""Delhivery""}",2026-08-18 05:31:09.534788,2026-09-05 08:51:21.741062,96,3.0,1.0,,,OUTBOUND,PENDING,,,,,151.0,,,,2026-08-18 05:31:14,2026-08-18 05:31:24,,,,,DELIVERED,2026-08-18 05:31:24,1.0,,,,,,,,,,,,2026-08-18 05:31:14,Vendor Pune Warehouse,"Bengaluru, Bengaluru, Bangalore North, Karnataka",MOCK1787031070096,,1.0,pickup_scheduled,2026-08-18 05:31:15,5.0,DELHIVERY,OUTBOUND,HUB_TO_CUSTOMER,,1,19.0,89.0,98.0,VENDOR,,,,,,,0,,0,1.0,,0,,,,,0.0,,0.0,,0.0
153,DTDC,5.0,5x5x5,D12345678,,,Booked,0,"{""remarks"": null, ""proof_url"": ""/uploads/inbound_receive/1787133619236-955285298.png"", ""proof_urls"": [""/uploads/inbound_receive/1787133619236-955285298.png""], ""received_at"": ""2026-08-19T10:00:19.647Z"", ""received_by"": 1, ""inbound_received_at"": ""2026-08-19T10:00:19.647Z""}",2026-08-19 09:58:28.029840,2026-09-05 08:51:21.741062,105,7.0,,3.0,1.0,INBOUND,PASSED,,,,154.0,,154.0,2026-08-19 10:01:13,,,,,,,,OUTBOUND_READY,2026-08-19 10:01:22,1.0,,,,,,,,2026-08-23,,,2026-08-19 10:00:20,,,,,,,ready_for_pickup,2026-08-19 09:58:28,,SELF,INBOUND,VENDOR_TO_HUB,1.0,1,5.0,5.0,5.0,VENDOR,Sachin Rewatkar,9404950776.0,"Wakad, Pune",Pune,Maharashtra,441057.0,0,,0,,,0,,,,,0.0,,0.0,,0.0
154,Delhivery,50.0,50x50x50,MOCK1787133681034,,https://staging-express.delhivery.com/api/p/packing_slip?wbns=MOCK1787133681034&pdf=true,Booked,1,"{""awb"": ""MOCK1787133681034"", ""raw"": {""mock"": true, ""waybill"": ""MOCK1787133681034""}, ""adapter"": ""Delhivery"", ""booked_at"": ""2026-08-19T10:01:21.115Z"", ""label_url"": ""https://staging-express.delhivery.com/api/p/packing_slip?wbns=MOCK1787133681034&pdf=true"", ""pickup_id"": null, ""courier_name"": ""Delhivery""}",2026-08-19 10:01:20.554594,2026-09-05 08:51:21.741062,105,7.0,1.0,,,OUTBOUND,PENDING,"{""eta"": 2, ""cost"": 300, ""source"": ""FALLBACK_ESTIMATE"", ""service"": ""Standard"", ""provider"": ""Delhivery"", ""buffer_days"": 3, ""calculated_at"": ""2026-08-19T10:01:20.429Z""}",,,,153.0,,,,2026-08-19 10:01:21,2026-08-19 10:01:48,,,,,DELIVERED,2026-08-19 10:01:47,1.0,,,,,,,,,,,,2026-08-19 10:01:21,Vendor Pune Warehouse,"Pune, Wakad, Pune, Maharashtra",MOCK1787133681034,,1.0,pickup_scheduled,2026-08-19 10:01:22,4.0,DELHIVERY,OUTBOUND,HUB_TO_CUSTOMER,,1,50.0,50.0,50.0,VENDOR,,,,,,,0,,0,1.0,,0,,,,,0.0,,0.0,,0.0
155,Delhivery,50.0,50x50x50,MOCK1787134054757,,https://staging-express.delhivery.com/api/p/packing_slip?wbns=MOCK1787134054757&pdf=true,Booked,1,"{""awb"": ""MOCK1787134054757"", ""raw"": {""mock"": true, ""waybill"": ""MOCK1787134054757""}, ""adapter"": ""Delhivery"", ""remarks"": null, ""booked_at"": ""2026-08-19T10:07:34.929Z"", ""label_url"": ""https://staging-express.delhivery.com/api/p/packing_slip?wbns=MOCK1787134054757&pdf=true"", ""pickup_id"": null, ""proof_url"": ""/uploads/inbound_receive/1787134095543-151101342.png"", ""proof_urls"": [""/uploads/inbound_receive/1787134095543-151101342.png""], ""received_at"": ""2026-08-19T10:08:15.803Z"", ""received_by"": 1, ""courier_name"": ""Delhivery"", ""inbound_received_at"": ""2026-08-19T10:08:15.803Z""}",2026-08-19 10:07:34.375738,2026-09-05 08:51:21.741062,105,7.0,1.0,4.0,1.0,RETURN,PASSED,,,,,154.0,,,,2026-08-19 10:07:35,,,,,,RETURN_COMPLETED,2026-08-19 10:08:53,1.0,,,,,,,2026-08-19 10:07:34,,,,2026-08-19 10:08:16,2026-08-19 10:07:57,InfoprosysSURFACE-B2C,"MIDC Phase 2, Pune, Maharashtra, Pune, Maharashtra",MOCK1787134054757,New,,not_ready,,4.0,DELHIVERY,RETURN,CUSTOMER_TO_HUB,,1,50.0,50.0,50.0,VENDOR,,,,,,,0,,0,1.0,,0,,,,,0.0,,0.0,,0.0
156,Delhivery,189.0,19x89x98,MOCK1787204454830,,https://staging-express.delhivery.com/api/p/packing_slip?wbns=MOCK1787204454830&pdf=true,Booked,1,"{""awb"": ""MOCK1787204454830"", ""raw"": {""mock"": true, ""waybill"": ""MOCK1787204454830""}, ""adapter"": ""Delhivery"", ""remarks"": ""sdsdf"", ""booked_at"": ""2026-08-20T05:40:55.053Z"", ""label_url"": ""https://staging-express.delhivery.com/api/p/packing_slip?wbns=MOCK1787204454830&pdf=true"", ""pickup_id"": null, ""proof_url"": ""/uploads/inbound_receive/1787765678822-859357312.jpg"", ""proof_urls"": [""/uploads/inbound_receive/1787765678822-859357312.jpg""], ""received_at"": ""2026-08-26T17:34:39.019Z"", ""received_by"": 1, ""courier_name"": ""Delhivery"", ""inbound_received_at"": ""2026-08-26T17:34:39.019Z""}",2026-08-20 05:40:54.411532,2026-09-05 08:51:21.741062,97,3.0,1.0,5.0,1.0,RETURN,PENDING,,,,,150.0,,,,2026-08-20 05:40:55,,,,,,RETURN_BOOKED,2026-08-20 05:40:55,,,,,,,,2026-08-20 05:40:55,,,,2026-08-26 17:34:39,,InfoprosysSURFACE-B2C,"MIDC Phase 2, Pune, Maharashtra, Pune, Maharashtra",MOCK1787204454830,New,,not_ready,,5.0,DELHIVERY,RETURN,CUSTOMER_TO_HUB,,1,19.0,89.0,98.0,VENDOR,,,,,,,0,,0,1.0,,0,,,,,0.0,,0.0,,0.0
157,sddsdf,5.0,5x5x5,DFSDFSF,,,Booked,0,"{""remarks"": ""Hii"", ""proof_url"": ""/uploads/inbound_receive/1787231617310-31166216.jpg"", ""proof_urls"": [""/uploads/inbound_receive/1787231617310-31166216.jpg""], ""received_at"": ""2026-08-20T13:13:37.525Z"", ""received_by"": 1, ""inbound_received_at"": ""2026-08-20T13:13:37.525Z""}",2026-08-20 13:12:49.415231,2026-09-05 08:51:21.741062,110,3.0,,1.0,1.0,INBOUND,PASSED,,,,158.0,,158.0,2026-08-20 13:14:18,,,,,,,,OUTBOUND_READY,2026-08-20 13:14:27,1.0,,,,,,,,2026-08-24,,,2026-08-20 13:13:38,,,,,,,ready_for_pickup,2026-08-20 13:12:49,,SELF,INBOUND,VENDOR_TO_HUB,2.0,1,5.0,5.0,5.0,VENDOR,Mahesh Vaidya,8788094928.0,Pune,Haveli,Maharashtra,411016.0,0,,0,,,0,,,,,0.0,,0.0,,0.0
158,Delhivery,189.0,19x89x98,MOCK1787231665132,,https://staging-express.delhivery.com/api/p/packing_slip?wbns=MOCK1787231665132&pdf=true,Booked,1,"{""awb"": ""MOCK1787231665132"", ""raw"": {""mock"": true, ""waybill"": ""MOCK1787231665132""}, ""adapter"": ""Delhivery"", ""booked_at"": ""2026-08-20T13:14:25.300Z"", ""label_url"": ""https://staging-express.delhivery.com/api/p/packing_slip?wbns=MOCK1787231665132&pdf=true"", ""pickup_id"": null, ""courier_name"": ""Delhivery""}",2026-08-20 13:14:24.730433,2026-09-05 08:51:21.741062,110,3.0,1.0,,,OUTBOUND,PENDING,,,,,157.0,,,,2026-08-20 13:14:25,2026-08-20 13:18:53,,,,,DELIVERED,2026-08-20 13:18:53,1.0,,,,,,,,,,,,2026-08-20 13:14:25,Vendor Pune Warehouse,"Bengaluru, Bengaluru, Bangalore North, Karnataka",MOCK1787231665132,,1.0,pickup_scheduled,2026-08-20 13:14:26,5.0,DELHIVERY,OUTBOUND,HUB_TO_CUSTOMER,,1,19.0,89.0,98.0,VENDOR,,,,,,,0,,0,1.0,,0,,,,,0.0,,0.0,,0.0
159,Delhivery,189.0,19x89x98,MOCK1787231999852,,https://staging-express.delhivery.com/api/p/packing_slip?wbns=MOCK1787231999852&pdf=true,Booked,1,"{""awb"": ""MOCK1787231999852"", ""raw"": {""mock"": true, ""waybill"": ""MOCK1787231999852""}, ""adapter"": ""Delhivery"", ""remarks"": ""kk"", ""booked_at"": ""2026-08-20T13:20:00.018Z"", ""label_url"": ""https://staging-express.delhivery.com/api/p/packing_slip?wbns=MOCK1787231999852&pdf=true"", ""pickup_id"": null, ""proof_url"": ""/uploads/inbound_receive/1787232025128-143858539.jpg"", ""proof_urls"": [""/uploads/inbound_receive/1787232025128-143858539.jpg""], ""received_at"": ""2026-08-20T13:20:25.332Z"", ""received_by"": 1, ""courier_name"": ""Delhivery"", ""inbound_received_at"": ""2026-08-20T13:20:25.332Z""}",2026-08-20 13:19:59.586794,2026-09-05 08:51:21.741062,110,3.0,1.0,5.0,1.0,RETURN,PENDING,,,,,158.0,,,,2026-08-20 13:20:00,,,,,,RETURN_QC_PENDING,2026-08-20 13:20:26,1.0,,,,,,,2026-08-20 13:20:00,,,,2026-08-20 13:20:25,2026-08-20 13:20:15,InfoprosysSURFACE-B2C,"MIDC Phase 2, Pune, Maharashtra, Pune, Maharashtra",MOCK1787231999852,New,,not_ready,,5.0,DELHIVERY,RETURN,CUSTOMER_TO_HUB,,1,19.0,89.0,98.0,VENDOR,,,,,,,0,,0,1.0,,0,,,,,0.0,,0.0,,0.0
160,DTDC12345678,25.0,22x22x22,D12345678,,,Booked,0,,2026-08-20 13:30:05.797660,2026-09-05 08:51:21.741062,113,7.0,,3.0,1.0,INBOUND,PENDING,,,,,,,,,,,,,,,IN_TRANSIT_TO_HUB,2026-08-20 13:30:06,7.0,,,,,,,,2026-08-24,,,,,,,,,,ready_for_pickup,2026-08-20 13:30:06,,SELF,INBOUND,VENDOR_TO_HUB,1.0,1,22.0,22.0,22.0,VENDOR,Sachin Rewatkar,9404950776.0,"Wakad, Pune",Pune,Maharashtra,441057.0,1,,0,,,0,,,,,0.0,,0.0,,0.0
161,DTDC123456789,50.0,50x50x50,D12345678,,,Booked,0,"{""remarks"": null, ""proof_url"": ""/uploads/inbound_receive/1787232869896-532982564.png"", ""proof_urls"": [""/uploads/inbound_receive/1787232869896-532982564.png""], ""received_at"": ""2026-08-20T13:34:30.137Z"", ""received_by"": 1, ""inbound_received_at"": ""2026-08-20T13:34:30.137Z""}",2026-08-20 13:33:32.167855,2026-09-05 08:51:21.741062,114,7.0,,3.0,1.0,INBOUND,PASSED,,,,162.0,,162.0,2026-08-20 13:38:28,,,,,,,,OUTBOUND_READY,2026-08-20 13:41:40,1.0,,,,,,,,2026-08-24,,,2026-08-20 13:34:30,,,,,,,ready_for_pickup,2026-08-20 13:33:32,,SELF,INBOUND,VENDOR_TO_HUB,1.0,1,50.0,50.0,50.0,VENDOR,Sachin Rewatkar,9404950776.0,"Wakad, Pune",Pune,Maharashtra,441057.0,0,,0,,,0,,,,,0.0,,0.0,,0.0
162,Delhivery,25.0,20x20x20,MOCK1787233298821,,https://staging-express.delhivery.com/api/p/packing_slip?wbns=MOCK1787233298821&pdf=true,Booked,1,"{""awb"": ""MOCK1787233298821"", ""raw"": {""mock"": true, ""waybill"": ""MOCK1787233298821""}, ""adapter"": ""Delhivery"", ""booked_at"": ""2026-08-20T13:41:38.898Z"", ""label_url"": ""https://staging-express.delhivery.com/api/p/packing_slip?wbns=MOCK1787233298821&pdf=true"", ""pickup_id"": null, ""courier_name"": ""Delhivery""}",2026-08-20 13:41:38.354872,2026-09-05 08:51:21.741062,114,7.0,1.0,,,OUTBOUND,PENDING,"{""eta"": 2, ""cost"": 300, ""source"": ""FALLBACK_ESTIMATE"", ""service"": ""Standard"", ""provider"": ""Delhivery"", ""buffer_days"": 3, ""calculated_at"": ""2026-08-20T13:41:38.241Z""}",,,,161.0,,,,2026-08-20 13:41:39,,,,,,DISPATCHED_TO_CUSTOMER,2026-08-20 13:41:40,1.0,,,,,,,,,,,,2026-08-20 13:41:39,Vendor Pune Warehouse,"Pune, Wakad, Pune, Maharashtra",MOCK1787233298821,,1.0,pickup_scheduled,2026-08-20 13:41:40,4.0,DELHIVERY,OUTBOUND,HUB_TO_CUSTOMER,,1,20.0,20.0,20.0,VENDOR,,,,,,,0,,0,1.0,,0,,,,,0.0,,0.0,,0.0
163,345897,1.0,1x1x1,298,,,Booked,0,"{""remarks"": null, ""proof_url"": ""/uploads/inbound_receive/1787326052662-348077581.png"", ""proof_urls"": [""/uploads/inbound_receive/1787326052662-348077581.png""], ""received_at"": ""2026-08-21T15:27:32.842Z"", ""received_by"": 1, ""inbound_received_at"": ""2026-08-21T15:27:32.842Z""}",2026-08-21 15:26:57.934489,2026-09-05 08:51:21.741062,116,5.0,,2.0,1.0,INBOUND,PASSED,,,,164.0,,164.0,2026-08-21 15:28:07,,,,,,,,OUTBOUND_READY,2026-08-21 15:28:22,1.0,,,,,,,,2026-08-25,,,2026-08-21 15:27:33,,,,,,,ready_for_pickup,2026-08-21 15:26:58,,SELF,INBOUND,VENDOR_TO_HUB,4.0,1,1.0,1.0,1.0,VENDOR,Rohit Sharma,9365412578.0,Wakad,Haveli,Maharashtra,411057.0,0,,0,,,0,,,,,0.0,,0.0,,0.0
164,Delhivery,60.0,50x50x50,MOCK1787326100786,,https://staging-express.delhivery.com/api/p/packing_slip?wbns=MOCK1787326100786&pdf=true,Booked,1,"{""awb"": ""MOCK1787326100786"", ""raw"": {""mock"": true, ""waybill"": ""MOCK1787326100786""}, ""adapter"": ""Delhivery"", ""booked_at"": ""2026-08-21T15:28:20.942Z"", ""label_url"": ""https://staging-express.delhivery.com/api/p/packing_slip?wbns=MOCK1787326100786&pdf=true"", ""pickup_id"": null, ""courier_name"": ""Delhivery""}",2026-08-21 15:28:20.410135,2026-09-05 08:51:21.741062,116,5.0,1.0,,,OUTBOUND,PENDING,,,,,163.0,,,,2026-08-21 15:28:21,2026-08-21 15:28:42,,,,,DELIVERED,2026-08-21 15:28:42,1.0,,,,,,,,,,,,2026-08-21 15:28:21,Vendor Pune Warehouse,"Pune, Wakad, Pune, Maharashtra",MOCK1787326100786,,1.0,pickup_scheduled,2026-08-21 15:28:22,4.0,DELHIVERY,OUTBOUND,HUB_TO_CUSTOMER,,1,50.0,50.0,50.0,VENDOR,,,,,,,0,,0,1.0,,0,,,,,0.0,,0.0,,0.0
165,wsf,1.0,1x1x1,Q2E,,,Booked,0,"{""remarks"": null, ""proof_url"": ""/uploads/inbound_receive/1787326388109-965390398.png"", ""proof_urls"": [""/uploads/inbound_receive/1787326388109-965390398.png""], ""received_at"": ""2026-08-21T15:33:08.312Z"", ""received_by"": 1, ""inbound_received_at"": ""2026-08-21T15:33:08.312Z""}",2026-08-21 15:32:47.172395,2026-09-05 08:51:21.741062,117,5.0,,2.0,1.0,INBOUND,PASSED,,,,166.0,,166.0,2026-08-21 15:33:44,,,,,,,,OUTBOUND_READY,2026-08-21 15:33:51,1.0,,,,,,,,2026-08-25,,,2026-08-21 15:33:08,,,,,,,ready_for_pickup,2026-08-21 15:32:47,,SELF,INBOUND,VENDOR_TO_HUB,4.0,1,1.0,1.0,1.0,VENDOR,Rohit Sharma,9365412578.0,Wakad,Haveli,Maharashtra,411057.0,0,,0,,,0,,,,,0.0,,0.0,,0.0
166,Delhivery,60.0,50x50x50,MOCK1787326430056,,https://staging-express.delhivery.com/api/p/packing_slip?wbns=MOCK1787326430056&pdf=true,Booked,1,"{""awb"": ""MOCK1787326430056"", ""raw"": {""mock"": true, ""waybill"": ""MOCK1787326430056""}, ""adapter"": ""Delhivery"", ""booked_at"": ""2026-08-21T15:33:50.262Z"", ""label_url"": ""https://staging-express.delhivery.com/api/p/packing_slip?wbns=MOCK1787326430056&pdf=true"", ""pickup_id"": null, ""courier_name"": ""Delhivery""}",2026-08-21 15:33:49.699638,2026-09-05 08:51:21.741062,117,5.0,1.0,,,OUTBOUND,PENDING,,,,,165.0,,,,2026-08-21 15:33:50,2026-08-21 15:34:05,,,,,DELIVERED,2026-08-21 15:34:05,1.0,,,,,,,,,,,,2026-08-21 15:33:50,Vendor Pune Warehouse,"Pune, Wakad, Pune, Maharashtra",MOCK1787326430056,,1.0,pickup_scheduled,2026-08-21 15:33:51,4.0,DELHIVERY,OUTBOUND,HUB_TO_CUSTOMER,,1,50.0,50.0,50.0,VENDOR,,,,,,,0,,0,1.0,,0,,,,,0.0,,0.0,,0.0
167,Delhivery,60.0,50x50x50,MOCK1787326504521,,https://staging-express.delhivery.com/api/p/packing_slip?wbns=MOCK1787326504521&pdf=true,Booked,1,"{""awb"": ""MOCK1787326504521"", ""raw"": {""mock"": true, ""waybill"": ""MOCK1787326504521""}, ""adapter"": ""Delhivery"", ""remarks"": null, ""booked_at"": ""2026-08-21T15:35:04.675Z"", ""label_url"": ""https://staging-express.delhivery.com/api/p/packing_slip?wbns=MOCK1787326504521&pdf=true"", ""pickup_id"": null, ""proof_url"": ""/uploads/inbound_receive/1787326539586-88889588.png"", ""proof_urls"": [""/uploads/inbound_receive/1787326539586-88889588.png""], ""received_at"": ""2026-08-21T15:35:40.014Z"", ""received_by"": 1, ""courier_name"": ""Delhivery"", ""inbound_received_at"": ""2026-08-21T15:35:40.014Z""}",2026-08-21 15:35:04.244447,2026-09-05 08:51:21.741062,116,5.0,1.0,4.0,1.0,RETURN,PENDING,,,,,164.0,,,,2026-08-21 15:35:05,,,,,,RETURN_COMPLETED,2026-08-21 15:36:12,1.0,,,,,,,2026-08-21 15:35:04,,,,2026-08-21 15:35:40,2026-08-21 15:35:28,InfoprosysSURFACE-B2C,"MIDC Phase 2, Pune, Maharashtra, Pune, Maharashtra",MOCK1787326504521,New,,not_ready,,4.0,DELHIVERY,RETURN,CUSTOMER_TO_HUB,,1,50.0,50.0,50.0,VENDOR,,,,,,,0,,0,1.0,,0,,,,,0.0,,0.0,,0.0
168,Delhivery,60.0,50x50x50,MOCK1787380493715,,https://staging-express.delhivery.com/api/p/packing_slip?wbns=MOCK1787380493715&pdf=true,Booked,1,"{""awb"": ""MOCK1787380493715"", ""raw"": {""mock"": true, ""waybill"": ""MOCK1787380493715""}, ""adapter"": ""Delhivery"", ""remarks"": null, ""booked_at"": ""2026-08-22T06:34:53.934Z"", ""label_url"": ""https://staging-express.delhivery.com/api/p/packing_slip?wbns=MOCK1787380493715&pdf=true"", ""pickup_id"": null, ""proof_url"": ""/uploads/inbound_receive/1787380803598-534701061.jpg"", ""proof_urls"": [""/uploads/inbound_receive/1787380803598-534701061.jpg""], ""received_at"": ""2026-08-22T06:40:04.203Z"", ""received_by"": 1, ""courier_name"": ""Delhivery"", ""inbound_received_at"": ""2026-08-22T06:40:04.203Z""}",2026-08-22 06:34:53.312701,2026-09-05 08:51:21.741062,117,5.0,1.0,4.0,1.0,RETURN,PASSED,,,,,166.0,,,,2026-08-22 06:34:54,,,,,,RETURN_COMPLETED,2026-08-22 06:40:18,1.0,,,,,,,2026-08-22 06:34:53,,,,2026-08-22 06:40:04,2026-08-22 06:39:24,InfoprosysSURFACE-B2C,"MIDC Phase 2, Pune, Maharashtra, Pune, Maharashtra",MOCK1787380493715,New,,not_ready,,4.0,DELHIVERY,EXCHANGE_RETURN,CUSTOMER_TO_HUB,,1,50.0,50.0,50.0,VENDOR,,,,,,,0,,0,1.0,,0,,,,,0.0,,0.0,,0.0
169,DD,1.0,1x1x1,12345,,,Booked,0,"{""remarks"": null, ""proof_url"": ""/uploads/inbound_receive/1787380555614-44937154.jpg"", ""proof_urls"": [""/uploads/inbound_receive/1787380555614-44937154.jpg""], ""received_at"": ""2026-08-22T06:35:55.901Z"", ""received_by"": 1, ""old_order_id"": 117, ""exchange_return_id"": 31, ""inbound_received_at"": ""2026-08-22T06:35:55.901Z"", ""exchange_replacement"": true, ""replacement_order_id"": 119}",2026-08-22 06:35:35.397544,2026-09-05 08:51:21.741062,119,5.0,,2.0,1.0,INBOUND,PASSED,,,,171.0,,171.0,2026-08-22 06:36:43,,,,,,,,HUB_PACKAGED,2026-08-22 06:36:44,1.0,,,,,,,,2026-08-24,,,2026-08-22 06:35:56,,,,,,,not_ready,,,SELF,EXCHANGE_REPLACEMENT,VENDOR_TO_HUB,4.0,1,1.0,1.0,1.0,VENDOR,Rohit Sharma,9365412578.0,Wakad,Haveli,Maharashtra,411057.0,0,,0,,,0,,,,,0.0,,0.0,,0.0
170,,60.0,50x50x50,,,,Pending,0,,2026-08-22 06:36:44.488872,2026-09-05 08:51:21.741062,119,5.0,1.0,,,OUTBOUND,PENDING,,,,,169.0,,,,,,,,,,OUTBOUND_READY,,,,,,,,,,,,,,,,,,,,not_ready,,4.0,DELHIVERY,OUTBOUND,HUB_TO_CUSTOMER,,1,50.0,50.0,50.0,VENDOR,,,,,,,0,,0,,,0,,,,,0.0,,0.0,,0.0
171,Delhivery,60.0,50x50x50,MOCK1787380675630,,https://staging-express.delhivery.com/api/p/packing_slip?wbns=MOCK1787380675630&pdf=true,Booked,1,"{""awb"": ""MOCK1787380675630"", ""raw"": {""mock"": true, ""waybill"": ""MOCK1787380675630""}, ""adapter"": ""Delhivery"", ""booked_at"": ""2026-08-22T06:37:55.845Z"", ""label_url"": ""https://staging-express.delhivery.com/api/p/packing_slip?wbns=MOCK1787380675630&pdf=true"", ""pickup_id"": null, ""courier_name"": ""Delhivery""}",2026-08-22 06:36:44.698199,2026-09-05 08:51:21.741062,119,5.0,1.0,,,OUTBOUND,PENDING,,,,,169.0,,,,2026-08-22 06:37:56,2026-08-22 06:38:09,,,,,DELIVERED,2026-08-22 06:38:09,1.0,,,,,,,,,,,,2026-08-22 06:37:56,InfoprosysSURFACE-B2C,"Pune, Wakad, Pune, Maharashtra",MOCK1787380675630,,,not_ready,,4.0,DELHIVERY,OUTBOUND,HUB_TO_CUSTOMER,,1,50.0,50.0,50.0,VENDOR,,,,,,,0,,0,1.0,,0,,,,,0.0,,0.0,,0.0
172,Delhivery,60.0,50x50x50,MOCK1787381098509,,https://staging-express.delhivery.com/api/p/packing_slip?wbns=MOCK1787381098509&pdf=true,Booked,1,"{""awb"": ""MOCK1787381098509"", ""raw"": {""mock"": true, ""waybill"": ""MOCK1787381098509""}, ""adapter"": ""Delhivery"", ""remarks"": null, ""booked_at"": ""2026-08-22T06:44:58.711Z"", ""label_url"": ""https://staging-express.delhivery.com/api/p/packing_slip?wbns=MOCK1787381098509&pdf=true"", ""pickup_id"": null, ""proof_url"": ""/uploads/inbound_receive/1787381514288-32370906.jpg"", ""proof_urls"": [""/uploads/inbound_receive/1787381514288-32370906.jpg""], ""received_at"": ""2026-08-22T06:51:54.542Z"", ""received_by"": 1, ""courier_name"": ""Delhivery"", ""inbound_received_at"": ""2026-08-22T06:51:54.542Z""}",2026-08-22 06:44:58.231970,2026-09-05 08:51:21.741062,119,5.0,1.0,4.0,1.0,RETURN,PASSED,,,,,171.0,,,,2026-08-22 06:44:59,,,,,,RETURN_COMPLETED,2026-08-22 07:03:07,1.0,,,,,,,2026-08-22 06:44:58,,,,2026-08-22 06:51:55,2026-08-22 06:51:00,InfoprosysSURFACE-B2C,"MIDC Phase 2, Pune, Maharashtra, Pune, Maharashtra",MOCK1787381098509,New,,not_ready,,4.0,DELHIVERY,EXCHANGE_RETURN,CUSTOMER_TO_HUB,,1,50.0,50.0,50.0,VENDOR,,,,,,,0,,0,1.0,,0,,,,,0.0,,0.0,,0.0
173,DD,1.0,1x1x1,7776879,,,Booked,0,"{""remarks"": null, ""proof_url"": ""/uploads/inbound_receive/1787381156116-488874885.jpg"", ""proof_urls"": [""/uploads/inbound_receive/1787381156116-488874885.jpg""], ""received_at"": ""2026-08-22T06:45:56.528Z"", ""received_by"": 1, ""old_order_id"": 119, ""exchange_return_id"": 32, ""inbound_received_at"": ""2026-08-22T06:45:56.528Z"", ""exchange_replacement"": true, ""replacement_order_id"": 120}",2026-08-22 06:45:31.243386,2026-09-05 08:51:21.741062,120,5.0,,2.0,1.0,INBOUND,PASSED,,,,175.0,,175.0,2026-08-22 06:46:56,,,,,,,,HUB_PACKAGED,2026-08-22 06:46:56,1.0,,,,,,,,2026-08-24,,,2026-08-22 06:45:57,,,,,,,not_ready,,,SELF,EXCHANGE_REPLACEMENT,VENDOR_TO_HUB,4.0,1,1.0,1.0,1.0,VENDOR,Rohit Sharma,9365412578.0,Wakad,Haveli,Maharashtra,411057.0,0,,0,,,0,,,,,0.0,,0.0,,0.0
174,,60.0,50x50x50,,,,Pending,0,,2026-08-22 06:46:56.764667,2026-09-05 08:51:21.741062,120,5.0,1.0,,,OUTBOUND,PENDING,,,,,173.0,,,,,,,,,,OUTBOUND_READY,,,,,,,,,,,,,,,,,,,,not_ready,,4.0,DELHIVERY,OUTBOUND,HUB_TO_CUSTOMER,,1,50.0,50.0,50.0,VENDOR,,,,,,,0,,0,,,0,,,,,0.0,,0.0,,0.0
175,Delhivery,60.0,50x50x50,MOCK1787381256837,,https://staging-express.delhivery.com/api/p/packing_slip?wbns=MOCK1787381256837&pdf=true,Booked,1,"{""awb"": ""MOCK1787381256837"", ""raw"": {""mock"": true, ""waybill"": ""MOCK1787381256837""}, ""adapter"": ""Delhivery"", ""booked_at"": ""2026-08-22T06:47:37.113Z"", ""label_url"": ""https://staging-express.delhivery.com/api/p/packing_slip?wbns=MOCK1787381256837&pdf=true"", ""pickup_id"": null, ""courier_name"": ""Delhivery""}",2026-08-22 06:46:56.917050,2026-09-05 08:51:21.741062,120,5.0,1.0,,,OUTBOUND,PENDING,,,,,173.0,,,,2026-08-22 06:47:37,2026-08-22 06:47:44,,,,,DELIVERED,2026-08-22 06:47:44,1.0,,,,,,,,,,,,2026-08-22 06:47:37,InfoprosysSURFACE-B2C,"Pune, Wakad, Pune, Maharashtra",MOCK1787381256837,,,not_ready,,4.0,DELHIVERY,OUTBOUND,HUB_TO_CUSTOMER,,1,50.0,50.0,50.0,VENDOR,,,,,,,0,,0,1.0,,0,,,,,0.0,,0.0,,0.0
176,Delhivery,60.0,50x50x50,MOCK1787381367960,,https://staging-express.delhivery.com/api/p/packing_slip?wbns=MOCK1787381367960&pdf=true,Booked,1,"{""awb"": ""MOCK1787381367960"", ""raw"": {""mock"": true, ""waybill"": ""MOCK1787381367960""}, ""adapter"": ""Delhivery"", ""remarks"": null, ""booked_at"": ""2026-08-22T06:49:28.111Z"", ""label_url"": ""https://staging-express.delhivery.com/api/p/packing_slip?wbns=MOCK1787381367960&pdf=true"", ""pickup_id"": null, ""proof_url"": ""/uploads/inbound_receive/1787381535039-71977600.png"", ""proof_urls"": [""/uploads/inbound_receive/1787381535039-71977600.png""], ""received_at"": ""2026-08-22T06:52:15.302Z"", ""received_by"": 1, ""courier_name"": ""Delhivery"", ""inbound_received_at"": ""2026-08-22T06:52:15.302Z""}",2026-08-22 06:49:27.589403,2026-09-05 08:51:21.741062,120,5.0,1.0,4.0,1.0,RETURN,PENDING,,,,,175.0,,,,2026-08-22 06:49:28,,,,,,RETURN_BOOKED,2026-08-22 06:49:28,,,,,,,,2026-08-22 06:49:28,,,,2026-08-22 06:51:43,,InfoprosysSURFACE-B2C,"MIDC Phase 2, Pune, Maharashtra, Pune, Maharashtra",MOCK1787381367960,New,,not_ready,,4.0,DELHIVERY,EXCHANGE_RETURN,CUSTOMER_TO_HUB,,1,50.0,50.0,50.0,VENDOR,,,,,,,0,,0,1.0,,0,,,,,0.0,,0.0,,0.0
177,DD,1.0,1x1x1,12345,,,Booked,0,"{""remarks"": null, ""proof_url"": ""/uploads/inbound_receive/1787381485858-171765765.jpg"", ""proof_urls"": [""/uploads/inbound_receive/1787381485858-171765765.jpg""], ""received_at"": ""2026-08-22T06:51:26.215Z"", ""received_by"": 1, ""old_order_id"": 120, ""exchange_return_id"": 33, ""inbound_received_at"": ""2026-08-22T06:51:26.215Z"", ""exchange_replacement"": true, ""replacement_order_id"": 121}",2026-08-22 06:49:47.627593,2026-09-05 08:51:21.741062,121,5.0,,2.0,1.0,INBOUND,PASSED,,,,,,,2026-08-25 13:27:37,,,,,,,,HUB_PACKAGED,2026-08-25 13:27:37,1.0,,,,,,,,2026-08-24,,,2026-08-22 06:51:26,,,,,,,not_ready,,,SELF,EXCHANGE_REPLACEMENT,VENDOR_TO_HUB,4.0,1,1.0,1.0,1.0,VENDOR,Rohit Sharma,9365412578.0,Wakad,Haveli,Maharashtra,411057.0,0,,0,,,0,,,,,0.0,,0.0,,0.0
178,DTDT12345,5.0,5x5x5,DTDT12356,,,Booked,0,"{""remarks"": null, ""proof_url"": ""/uploads/inbound_receive/1787393320624-238464131.jfif"", ""proof_urls"": [""/uploads/inbound_receive/1787393320624-238464131.jfif""], ""received_at"": ""2026-08-22T10:08:40.831Z"", ""received_by"": 1, ""inbound_received_at"": ""2026-08-22T10:08:40.831Z""}",2026-08-22 10:06:40.085618,2026-09-05 08:51:21.741062,122,3.0,,1.0,1.0,INBOUND,PASSED,,,,179.0,,179.0,2026-08-22 10:18:47,,,,,,,,OUTBOUND_READY,2026-08-22 10:19:09,1.0,,,,,,,,2026-08-26,,,2026-08-22 10:08:41,,,,,,,ready_for_pickup,2026-08-22 10:06:40,,SELF,INBOUND,VENDOR_TO_HUB,2.0,1,5.0,5.0,5.0,VENDOR,Mahesh Vaidya,8788094928.0,Pune,Haveli,Maharashtra,411016.0,0,,0,,,0,,,,,0.0,,0.0,,0.0
179,Delhivery,500.0,5x8x8,MOCK1787393947375,,https://staging-express.delhivery.com/api/p/packing_slip?wbns=MOCK1787393947375&pdf=true,Booked,1,"{""awb"": ""MOCK1787393947375"", ""raw"": {""mock"": true, ""waybill"": ""MOCK1787393947375""}, ""adapter"": ""Delhivery"", ""booked_at"": ""2026-08-22T10:19:07.547Z"", ""label_url"": ""https://staging-express.delhivery.com/api/p/packing_slip?wbns=MOCK1787393947375&pdf=true"", ""pickup_id"": null, ""courier_name"": ""Delhivery""}",2026-08-22 10:19:07.011911,2026-09-05 08:51:21.741062,122,3.0,1.0,,,OUTBOUND,PENDING,,,,,178.0,,,,2026-08-22 10:19:08,2026-08-22 10:21:14,,,,,DELIVERED,2026-08-22 10:21:14,1.0,,,,,,,,,,,,2026-08-22 10:19:08,Vendor Pune Warehouse,"abc, Ranikhet, Uttarakhand",MOCK1787393947375,,1.0,pickup_scheduled,2026-08-22 10:19:08,10.0,DELHIVERY,OUTBOUND,HUB_TO_CUSTOMER,,1,5.0,8.0,8.0,VENDOR,,,,,,,0,,1,1.0,,0,,,,,0.0,,0.0,,0.0
180,,25.0,20x20x20,,,,Pending,0,,2026-08-22 10:29:47.267941,2026-09-05 08:51:21.741062,80,,1.0,,,OUTBOUND,PENDING,"{""eta"": 2, ""cost"": 180, ""source"": ""FALLBACK_ESTIMATE"", ""service"": ""Standard"", ""provider"": ""Delhivery"", ""buffer_days"": 3, ""calculated_at"": ""2026-08-22T10:29:47.054Z""}",,,,148.0,,,,,,,,,,,,,,,,,,,,,,"Consolidated outbound for orders: 80, 79",,,,,,,,not_ready,,4.0,DELHIVERY,OUTBOUND,HUB_TO_CUSTOMER,,1,20.0,20.0,20.0,VENDOR,,,,,,,0,,0,,,0,,,,,0.0,,0.0,,0.0
181,Delhivery,199.0,10x8x12,MOCK1787394791695,,https://staging-express.delhivery.com/api/p/packing_slip?wbns=MOCK1787394791695&pdf=true,Booked,1,"{""awb"": ""MOCK1787394791695"", ""raw"": {""mock"": true, ""waybill"": ""MOCK1787394791695""}, ""adapter"": ""Delhivery"", ""booked_at"": ""2026-08-22T10:33:11.863Z"", ""label_url"": ""https://staging-express.delhivery.com/api/p/packing_slip?wbns=MOCK1787394791695&pdf=true"", ""pickup_id"": null, ""courier_name"": ""Delhivery""}",2026-08-22 10:33:11.320201,2026-09-05 08:51:21.741062,37,3.0,1.0,,,OUTBOUND,PENDING,,,,,83.0,,,,2026-08-22 10:33:12,,,,,,DISPATCHED_TO_CUSTOMER,2026-08-22 10:33:13,1.0,,,,,,,,,,,,2026-08-22 10:33:12,Vendor Pune Warehouse,"MG Road, Ashok Nagar, Pune, Karnataka",MOCK1787394791695,,1.0,pickup_scheduled,2026-08-22 10:33:13,7.0,DELHIVERY,OUTBOUND,HUB_TO_CUSTOMER,,1,10.0,8.0,12.0,VENDOR,,,,,,,0,,0,1.0,,0,,,,,0.0,,0.0,,0.0
182,DTDC,188.9,59x59x59,D1234,,,Booked,0,,2026-08-25 12:27:16.304338,2026-09-05 08:51:21.741062,146,3.0,,1.0,1.0,INBOUND,PENDING,,,,,,,,,,,,,,,IN_TRANSIT_TO_HUB,2026-08-25 12:27:16,3.0,,,,,,,,2026-08-29,,,,,,,,,,ready_for_pickup,2026-08-25 12:27:16,,SELF,INBOUND,VENDOR_TO_HUB,2.0,1,59.0,59.0,59.0,VENDOR,Mahesh Vaidya,8788094928.0,Pune,Haveli,Maharashtra,411016.0,1,,0,,,0,,,,,0.0,,0.0,,0.0
183,DD,1.0,1x1x1,D12345,,,Booked,0,"{""remarks"": null, ""proof_url"": ""/uploads/inbound_receive/1787664398849-124233603.jpg"", ""proof_urls"": [""/uploads/inbound_receive/1787664398849-124233603.jpg""], ""received_at"": ""2026-08-25T13:26:39.086Z"", ""received_by"": 1, ""inbound_received_at"": ""2026-08-25T13:26:39.086Z""}",2026-08-25 13:24:20.787715,2026-09-05 08:51:21.741062,125,5.0,,2.0,1.0,INBOUND,PASSED,,,,184.0,,184.0,2026-08-25 13:27:17,,,,,,,,HUB_PACKAGED,2026-08-25 13:27:17,1.0,,,,,,,,2026-08-29,,,2026-08-25 13:26:39,,,,,,,ready_for_pickup,2026-08-25 13:24:21,,SELF,INBOUND,VENDOR_TO_HUB,4.0,1,1.0,1.0,1.0,VENDOR,Rohit Sharma,9365412578.0,Wakad,Haveli,Maharashtra,411057.0,0,,0,,,0,,,,,0.0,,0.0,,0.0
184,,60.0,50x50x50,,,,Failed,2,"{""bookingErrors"": [{""at"": ""2026-08-25T13:27:45.043Z"", ""raw"": {""code"": ""b2b_contract_unverified"", ""name"": ""B2bBookingGatedError"", ""details"": {""error"": ""Delhivery B2B contract is not verified. Hub-to-customer B2B booking is gated.""}, ""message"": ""Delhivery B2B contract is not verified. Hub-to-customer B2B booking is gated."", ""aggregatorConfig"": {""name"": ""Delhivery"", ""hasApiKey"": true, ""api_booking_url"": ""https://staging-express.delhivery.com/api/cmu/create.json""}}, ""code"": ""b2b_contract_unverified"", ""message"": ""Delhivery B2B contract is not verified. Hub-to-customer B2B booking is gated.""}, {""at"": ""2026-08-25T13:27:59.634Z"", ""raw"": {""code"": ""b2b_contract_unverified"", ""name"": ""B2bBookingGatedError"", ""details"": {""error"": ""Delhivery B2B contract is not verified. Hub-to-customer B2B booking is gated.""}, ""message"": ""Delhivery B2B contract is not verified. Hub-to-customer B2B booking is gated."", ""aggregatorConfig"": {""name"": ""Delhivery"", ""hasApiKey"": true, ""api_booking_url"": ""https://staging-express.delhivery.com/api/cmu/create.json""}}, ""code"": ""b2b_contract_unverified"", ""message"": ""Delhivery B2B contract is not verified. Hub-to-customer B2B booking is gated.""}]}",2026-08-25 13:27:44.596362,2026-09-05 08:51:21.741062,125,5.0,1.0,,,OUTBOUND,PENDING,"{""eta"": 0, ""cost"": 0, ""source"": ""FALLBACK_ESTIMATE"", ""service"": ""Standard"", ""provider"": ""Delhivery"", ""buffer_days"": 0, ""calculated_at"": ""2026-08-25T13:27:45.038Z"", ""customer_type"": ""B2B"", ""delhivery_service"": ""B2B_CARGO"", ""delhivery_resolution_reason"": ""b2b_contract_unverified""}",,,,183.0,,,,,,,,,,OUTBOUND_READY,,,,,,,,,,,,,,,,,,,,not_ready,,5.0,DELHIVERY,OUTBOUND,HUB_TO_CUSTOMER,,1,50.0,50.0,50.0,VENDOR,,,,,,,0,,0,,,0,,,,,0.0,,0.0,,0.0
185,DD,1.0,1x1x1,D2345,,,Booked,0,"{""remarks"": null, ""proof_url"": ""/uploads/inbound_receive/1787664699057-60514839.jpg"", ""proof_urls"": [""/uploads/inbound_receive/1787664699057-60514839.jpg""], ""received_at"": ""2026-08-25T13:31:39.249Z"", ""received_by"": 1, ""inbound_received_at"": ""2026-08-25T13:31:39.249Z""}",2026-08-25 13:31:09.917377,2026-09-05 08:51:21.741062,147,5.0,,2.0,1.0,INBOUND,PASSED,,,,186.0,,186.0,2026-08-25 13:32:09,,,,,,,,OUTBOUND_READY,2026-08-25 13:32:18,1.0,,,,,,,,2026-08-29,,,2026-08-25 13:31:39,,,,,,,ready_for_pickup,2026-08-25 13:31:10,,SELF,INBOUND,VENDOR_TO_HUB,4.0,1,1.0,1.0,1.0,VENDOR,Rohit Sharma,9365412578.0,Wakad,Haveli,Maharashtra,411057.0,0,,0,,,0,,,,,0.0,,0.0,,0.0
186,Delhivery,60.0,50x50x50,MOCK1787664736392,,https://staging-express.delhivery.com/api/p/packing_slip?wbns=MOCK1787664736392&pdf=true,Booked,1,"{""awb"": ""MOCK1787664736392"", ""raw"": {""mock"": true, ""waybill"": ""MOCK1787664736392""}, ""adapter"": ""Delhivery"", ""booked_at"": ""2026-08-25T13:32:16.574Z"", ""label_url"": ""https://staging-express.delhivery.com/api/p/packing_slip?wbns=MOCK1787664736392&pdf=true"", ""pickup_id"": null, ""courier_name"": ""Delhivery""}",2026-08-25 13:32:16.026482,2026-09-05 08:51:21.741062,147,5.0,1.0,,,OUTBOUND,PENDING,"{""eta"": 0, ""cost"": 0, ""source"": ""FALLBACK_ESTIMATE"", ""service"": ""Standard"", ""provider"": ""Delhivery"", ""buffer_days"": 0, ""calculated_at"": ""2026-08-25T13:32:16.391Z"", ""customer_type"": ""B2C"", ""delhivery_service"": ""B2C_PARCEL"", ""delhivery_resolution_reason"": ""no_valid_gstin""}",,,,185.0,,,,2026-08-25 13:32:17,2026-08-25 13:32:32,,,,,DELIVERED,2026-08-25 13:32:32,1.0,,,,,,,,,,,,2026-08-25 13:32:17,Vendor Pune Warehouse,"Pune, Wakad, Pune, Maharashtra",MOCK1787664736392,,1.0,pickup_scheduled,2026-08-25 13:32:17,4.0,DELHIVERY,OUTBOUND,HUB_TO_CUSTOMER,,1,50.0,50.0,50.0,VENDOR,,,,,,,0,,0,1.0,,0,,,,,0.0,,0.0,,0.0
187,Delhivery,60.0,50x50x50,MOCK1787664806429,,https://staging-express.delhivery.com/api/p/packing_slip?wbns=MOCK1787664806429&pdf=true,Booked,1,"{""awb"": ""MOCK1787664806429"", ""raw"": {""mock"": true, ""waybill"": ""MOCK1787664806429""}, ""adapter"": ""Delhivery"", ""booked_at"": ""2026-08-25T13:33:26.615Z"", ""label_url"": ""https://staging-express.delhivery.com/api/p/packing_slip?wbns=MOCK1787664806429&pdf=true"", ""pickup_id"": null, ""courier_name"": ""Delhivery""}",2026-08-25 13:33:26.179423,2026-09-09 11:24:50,147,5.0,1.0,4.0,1.0,RETURN,PENDING,,,,,186.0,,,,2026-08-25 13:33:27,,,,,,RETURN_IN_TRANSIT,2026-09-09 11:24:51,1.0,,,,,,,2026-08-25 13:33:26,,,,,2026-09-09 11:24:51,InfoprosysSURFACE-B2C,"MIDC Phase 2, Pune, Maharashtra, Pune, Maharashtra",MOCK1787664806429,New,,not_ready,,4.0,DELHIVERY,EXCHANGE_RETURN,CUSTOMER_TO_HUB,,1,50.0,50.0,50.0,VENDOR,,,,,,,0,,0,1.0,,0,,,,,0.0,,0.0,,0.0
188,DD,60.0,54x54x54,7776879,,,Booked,0,"{""remarks"": ""sfsdf"", ""proof_url"": ""/uploads/inbound_receive/1787769237137-271474243.jpg"", ""proof_urls"": [""/uploads/inbound_receive/1787769237137-271474243.jpg""], ""received_at"": ""2026-08-26T18:33:57.322Z"", ""received_by"": 1, ""old_order_id"": 147, ""exchange_return_id"": 34, ""inbound_received_at"": ""2026-08-26T18:33:57.322Z"", ""exchange_replacement"": true, ""replacement_order_id"": 148}",2026-08-25 13:34:17.846825,2026-09-05 08:51:21.741062,148,5.0,,2.0,1.0,INBOUND,PENDING,,,,,,,,,,,,,,,HUB_RECEIVED,2026-08-26 18:33:57,1.0,,,,,,,,2026-08-27,,,2026-08-26 18:33:57,,,,,,,not_ready,,,SELF,EXCHANGE_REPLACEMENT,VENDOR_TO_HUB,4.0,1,54.0,54.0,54.0,VENDOR,Rohit Sharma,9365412578.0,Wakad,Haveli,Maharashtra,411057.0,0,,0,,,0,,,,,0.0,,0.0,,0.0
189,DD,1.0,1x1x1,D9870,,,Booked,0,"{""remarks"": null, ""proof_url"": ""/uploads/inbound_receive/1787665044632-992449012.jpg"", ""proof_urls"": [""/uploads/inbound_receive/1787665044632-992449012.jpg""], ""received_at"": ""2026-08-25T13:37:24.821Z"", ""received_by"": 1, ""inbound_received_at"": ""2026-08-25T13:37:24.821Z""}",2026-08-25 13:37:07.430397,2026-09-05 08:51:21.741062,149,5.0,,2.0,1.0,INBOUND,PASSED,,,,190.0,,190.0,2026-08-25 13:37:52,,,,,,,,OUTBOUND_READY,2026-08-25 13:38:00,1.0,,,,,,,,2026-08-29,,,2026-08-25 13:37:25,,,,,,,ready_for_pickup,2026-08-25 13:37:07,,SELF,INBOUND,VENDOR_TO_HUB,4.0,1,1.0,1.0,1.0,VENDOR,Rohit Sharma,9365412578.0,Wakad,Haveli,Maharashtra,411057.0,0,,0,,,0,,,,,0.0,,0.0,,0.0
190,Delhivery,60.0,50x50x50,MOCK1787665077867,,https://staging-express.delhivery.com/api/p/packing_slip?wbns=MOCK1787665077867&pdf=true,Booked,1,"{""awb"": ""MOCK1787665077867"", ""raw"": {""mock"": true, ""waybill"": ""MOCK1787665077867""}, ""adapter"": ""Delhivery"", ""booked_at"": ""2026-08-25T13:37:58.025Z"", ""label_url"": ""https://staging-express.delhivery.com/api/p/packing_slip?wbns=MOCK1787665077867&pdf=true"", ""pickup_id"": null, ""courier_name"": ""Delhivery""}",2026-08-25 13:37:57.527855,2026-09-05 08:51:21.741062,149,5.0,1.0,,,OUTBOUND,PENDING,"{""eta"": 0, ""cost"": 0, ""source"": ""FALLBACK_ESTIMATE"", ""service"": ""Standard"", ""provider"": ""Delhivery"", ""buffer_days"": 0, ""calculated_at"": ""2026-08-25T13:37:57.867Z"", ""customer_type"": ""B2C"", ""delhivery_service"": ""B2C_PARCEL"", ""delhivery_resolution_reason"": ""no_valid_gstin""}",,,,189.0,,,,2026-08-25 13:37:58,2026-08-25 13:38:10,,,,,DELIVERED,2026-08-25 13:38:10,1.0,,,,,,,,,,,,2026-08-25 13:37:58,Vendor Pune Warehouse,"Pune, Wakad, Pune, Maharashtra",MOCK1787665077867,,1.0,pickup_scheduled,2026-08-25 13:37:59,4.0,DELHIVERY,OUTBOUND,HUB_TO_CUSTOMER,,1,50.0,50.0,50.0,VENDOR,,,,,,,0,,0,1.0,,0,,,,,0.0,,0.0,,0.0
191,qw,60.0,54x54x54,Q,,,Booked,0,"{""remarks"": ""sdfsf"", ""proof_url"": ""/uploads/inbound_receive/1787765656676-973911814.jpg"", ""proof_urls"": [""/uploads/inbound_receive/1787765656676-973911814.jpg""], ""received_at"": ""2026-08-26T17:34:16.928Z"", ""received_by"": 1, ""inbound_received_at"": ""2026-08-26T17:34:16.928Z""}",2026-08-26 05:59:43.559749,2026-09-05 08:51:21.741062,115,5.0,,2.0,1.0,INBOUND,PASSED,,,,,,,,,,,,,,,PACKAGING_IN_PROGRESS,2026-09-02 11:56:52,1.0,,,,,,,,2026-08-30,,,2026-08-26 17:34:17,,,,,,,ready_for_pickup,2026-08-26 05:59:44,,SELF,INBOUND,VENDOR_TO_HUB,4.0,1,54.0,54.0,54.0,VENDOR,Rohit Sharma,9365412578.0,Wakad,Haveli,Maharashtra,411057.0,0,,0,,,0,,,,,0.0,,0.0,,0.0
192,sfsfwdfs,5.0,5x555x5,FSFSF,,,Booked,0,"{""remarks"": ""dsd"", ""proof_url"": ""/uploads/inbound_receive/1787764552778-946749503.jpg"", ""proof_urls"": [""/uploads/inbound_receive/1787764552778-946749503.jpg""], ""received_at"": ""2026-08-26T17:15:53.207Z"", ""received_by"": 1, ""inbound_received_at"": ""2026-08-26T17:15:53.207Z""}",2026-08-26 17:14:37.344363,2026-09-05 08:51:21.741062,163,5.0,,2.0,1.0,INBOUND,PASSED,,,,193.0,,193.0,2026-08-26 17:16:28,,,,,,,,OUTBOUND_READY,2026-08-26 17:16:34,1.0,,,,,,,,2026-08-30,,,2026-08-26 17:15:53,,,,,,,ready_for_pickup,2026-08-26 17:14:37,,SELF,INBOUND,VENDOR_TO_HUB,4.0,1,5.0,555.0,5.0,VENDOR,Rohit Sharma,9365412578.0,Wakad,Haveli,Maharashtra,411057.0,0,,0,,,0,,,,,0.0,,0.0,,0.0
193,Delhivery,60.0,50x50x50,MOCK1787764592406,,https://staging-express.delhivery.com/api/p/packing_slip?wbns=MOCK1787764592406&pdf=true,Booked,1,"{""awb"": ""MOCK1787764592406"", ""raw"": {""mock"": true, ""waybill"": ""MOCK1787764592406""}, ""adapter"": ""Delhivery"", ""booked_at"": ""2026-08-26T17:16:32.582Z"", ""label_url"": ""https://staging-express.delhivery.com/api/p/packing_slip?wbns=MOCK1787764592406&pdf=true"", ""pickup_id"": null, ""courier_name"": ""Delhivery""}",2026-08-26 17:16:31.966501,2026-09-05 08:51:21.741062,163,5.0,1.0,,,OUTBOUND,PENDING,"{""eta"": 0, ""cost"": 0, ""source"": ""FALLBACK_ESTIMATE"", ""service"": ""Standard"", ""provider"": ""Delhivery"", ""buffer_days"": 0, ""calculated_at"": ""2026-08-26T17:16:32.405Z"", ""customer_type"": ""B2C"", ""delhivery_service"": ""B2C_PARCEL"", ""delhivery_resolution_reason"": ""no_valid_gstin""}",,,,192.0,,,,2026-08-26 17:16:33,2026-08-26 17:20:06,,,,,DELIVERED,2026-08-26 17:20:06,1.0,,,,,,,,,,,,2026-08-26 17:16:33,Vendor Pune Warehouse,"Wakad, Pune, Haveli, Maharashtra",MOCK1787764592406,,1.0,pickup_scheduled,2026-08-26 17:16:33,6.0,DELHIVERY,OUTBOUND,HUB_TO_CUSTOMER,,1,50.0,50.0,50.0,VENDOR,,,,,,,0,,0,1.0,,0,,,,,0.0,,0.0,,0.0
194,Delhivery,60.0,50x50x50,MOCK1787765322692,,https://staging-express.delhivery.com/api/p/packing_slip?wbns=MOCK1787765322692&pdf=true,Booked,1,"{""awb"": ""MOCK1787765322692"", ""raw"": {""mock"": true, ""waybill"": ""MOCK1787765322692""}, ""adapter"": ""Delhivery"", ""remarks"": ""xfs"", ""booked_at"": ""2026-08-26T17:28:42.869Z"", ""label_url"": ""https://staging-express.delhivery.com/api/p/packing_slip?wbns=MOCK1787765322692&pdf=true"", ""pickup_id"": null, ""proof_url"": ""/uploads/inbound_receive/1787765689920-556874475.jpg"", ""proof_urls"": [""/uploads/inbound_receive/1787765689920-556874475.jpg""], ""received_at"": ""2026-08-26T17:34:50.117Z"", ""received_by"": 1, ""courier_name"": ""Delhivery"", ""inbound_received_at"": ""2026-08-26T17:34:50.117Z""}",2026-08-26 17:28:42.395603,2026-09-05 08:51:21.741062,163,5.0,1.0,6.0,1.0,RETURN,PENDING,,,,,193.0,,,,2026-08-26 17:28:43,,,,,,RETURN_COMPLETED,2026-08-26 17:36:33,1.0,,,,,,,2026-08-26 17:28:42,,,,2026-08-26 17:34:50,2026-08-26 17:28:48,InfoprosysSURFACE-B2C,"MIDC Phase 2, Pune, Maharashtra, Pune, Maharashtra",MOCK1787765322692,New,,not_ready,,6.0,DELHIVERY,RETURN,CUSTOMER_TO_HUB,,1,50.0,50.0,50.0,VENDOR,,,,,,,0,,0,1.0,,0,,,,,0.0,,0.0,,0.0
195,dyghhj,5.0,5x55x5,DT1234,,,Booked,0,"{""remarks"": ""jkkkkkkkkkkkkkkkkkkk"", ""proof_url"": ""/uploads/inbound_receive/1787767097479-698710601.jpg"", ""proof_urls"": [""/uploads/inbound_receive/1787767097479-698710601.jpg""], ""received_at"": ""2026-08-26T17:58:17.876Z"", ""received_by"": 1, ""inbound_received_at"": ""2026-08-26T17:58:17.876Z""}",2026-08-26 17:57:41.100598,2026-09-05 08:51:21.741062,164,5.0,,2.0,1.0,INBOUND,PASSED,,,,196.0,,196.0,2026-08-26 18:00:40,,,,,,,,OUTBOUND_READY,2026-08-26 18:00:46,1.0,,,,,,,,2026-08-30,,,2026-08-26 17:58:18,,,,,,,ready_for_pickup,2026-08-26 17:57:41,,SELF,INBOUND,VENDOR_TO_HUB,4.0,1,5.0,55.0,5.0,VENDOR,Rohit Sharma,9365412578.0,Wakad,Haveli,Maharashtra,411057.0,0,,0,,,0,,,,,0.0,,0.0,,0.0
196,Delhivery,60.0,50x50x50,MOCK1787767244634,,https://staging-express.delhivery.com/api/p/packing_slip?wbns=MOCK1787767244634&pdf=true,Booked,1,"{""awb"": ""MOCK1787767244634"", ""raw"": {""mock"": true, ""waybill"": ""MOCK1787767244634""}, ""adapter"": ""Delhivery"", ""booked_at"": ""2026-08-26T18:00:44.778Z"", ""label_url"": ""https://staging-express.delhivery.com/api/p/packing_slip?wbns=MOCK1787767244634&pdf=true"", ""pickup_id"": null, ""courier_name"": ""Delhivery""}",2026-08-26 18:00:44.133976,2026-09-05 08:51:21.741062,164,5.0,1.0,,,OUTBOUND,PENDING,"{""eta"": 0, ""cost"": 0, ""source"": ""FALLBACK_ESTIMATE"", ""service"": ""Standard"", ""provider"": ""Delhivery"", ""buffer_days"": 0, ""calculated_at"": ""2026-08-26T18:00:44.634Z"", ""customer_type"": ""B2C"", ""delhivery_service"": ""B2C_PARCEL"", ""delhivery_resolution_reason"": ""no_valid_gstin""}",,,,195.0,,,,2026-08-26 18:00:45,2026-08-26 18:01:13,,,,,DELIVERED,2026-08-26 18:01:13,1.0,,,,,,,,,,,,2026-08-26 18:00:45,Vendor Pune Warehouse,"Wakad, Pune, Haveli, Maharashtra",MOCK1787767244634,,1.0,pickup_scheduled,2026-08-26 18:00:45,6.0,DELHIVERY,OUTBOUND,HUB_TO_CUSTOMER,,1,50.0,50.0,50.0,VENDOR,,,,,,,0,,0,1.0,,0,,,,,0.0,,0.0,,0.0
197,Delhivery,60.0,50x50x50,MOCK1787767414915,,https://staging-express.delhivery.com/api/p/packing_slip?wbns=MOCK1787767414915&pdf=true,Booked,1,"{""awb"": ""MOCK1787767414915"", ""raw"": {""mock"": true, ""waybill"": ""MOCK1787767414915""}, ""adapter"": ""Delhivery"", ""remarks"": ""kjkjkjklkjkjjlkjk"", ""booked_at"": ""2026-08-26T18:03:35.108Z"", ""label_url"": ""https://staging-express.delhivery.com/api/p/packing_slip?wbns=MOCK1787767414915&pdf=true"", ""pickup_id"": null, ""proof_url"": ""/uploads/inbound_receive/1787767499420-451123142.jpg"", ""proof_urls"": [""/uploads/inbound_receive/1787767499420-451123142.jpg""], ""received_at"": ""2026-08-26T18:04:59.633Z"", ""received_by"": 1, ""courier_name"": ""Delhivery"", ""inbound_received_at"": ""2026-08-26T18:04:59.633Z""}",2026-08-26 18:03:34.622954,2026-09-05 08:51:21.741062,164,5.0,1.0,6.0,1.0,RETURN,PENDING,,,,,196.0,,,,2026-08-26 18:03:35,,,,,,RETURN_QC_FAILED,2026-08-26 18:07:16,1.0,,,,,,,2026-08-26 18:03:35,,,,2026-08-26 18:05:00,2026-08-26 18:04:37,InfoprosysSURFACE-B2C,"MIDC Phase 2, Pune, Maharashtra, Pune, Maharashtra",MOCK1787767414915,New,,not_ready,,6.0,DELHIVERY,RETURN,CUSTOMER_TO_HUB,,1,50.0,50.0,50.0,VENDOR,,,,,,,0,,0,1.0,,0,,,,,0.0,,0.0,,0.0
198,dtdtdt1234,5.0,5x5x5,DT12345,,,Booked,0,"{""remarks"": ""hey hiii?"", ""proof_url"": ""/uploads/inbound_receive/1787768140360-766027050.jpg"", ""proof_urls"": [""/uploads/inbound_receive/1787768140360-766027050.jpg""], ""received_at"": ""2026-08-26T18:15:40.630Z"", ""received_by"": 1, ""inbound_received_at"": ""2026-08-26T18:15:40.630Z""}",2026-08-26 18:14:53.038937,2026-09-05 08:51:21.741062,165,5.0,,2.0,1.0,INBOUND,PASSED,,,,199.0,,199.0,2026-08-26 18:16:38,,,,,,,,OUTBOUND_READY,2026-08-26 18:16:46,1.0,,,,,,,,2026-08-30,,,2026-08-26 18:15:41,,,,,,,ready_for_pickup,2026-08-26 18:14:53,,SELF,INBOUND,VENDOR_TO_HUB,4.0,1,5.0,5.0,5.0,VENDOR,Rohit Sharma,9365412578.0,Wakad,Haveli,Maharashtra,411057.0,0,,0,,,0,,,,,0.0,,0.0,,0.0
199,Delhivery,60.0,50x50x50,MOCK1787768204343,,https://staging-express.delhivery.com/api/p/packing_slip?wbns=MOCK1787768204343&pdf=true,Booked,1,"{""awb"": ""MOCK1787768204343"", ""raw"": {""mock"": true, ""waybill"": ""MOCK1787768204343""}, ""adapter"": ""Delhivery"", ""booked_at"": ""2026-08-26T18:16:44.547Z"", ""label_url"": ""https://staging-express.delhivery.com/api/p/packing_slip?wbns=MOCK1787768204343&pdf=true"", ""pickup_id"": null, ""courier_name"": ""Delhivery""}",2026-08-26 18:16:43.974319,2026-09-05 08:51:21.741062,165,5.0,1.0,,,OUTBOUND,PENDING,"{""eta"": 0, ""cost"": 0, ""source"": ""FALLBACK_ESTIMATE"", ""service"": ""Standard"", ""provider"": ""Delhivery"", ""buffer_days"": 0, ""calculated_at"": ""2026-08-26T18:16:44.343Z"", ""customer_type"": ""B2C"", ""delhivery_service"": ""B2C_PARCEL"", ""delhivery_resolution_reason"": ""no_valid_gstin""}",,,,198.0,,,,2026-08-26 18:16:45,2026-08-26 18:16:55,,,,,DELIVERED,2026-08-26 18:16:55,1.0,,,,,,,,,,,,2026-08-26 18:16:45,Vendor Pune Warehouse,"Wakad, Pune, Haveli, Maharashtra",MOCK1787768204343,,1.0,pickup_scheduled,2026-08-26 18:16:45,6.0,DELHIVERY,OUTBOUND,HUB_TO_CUSTOMER,,1,50.0,50.0,50.0,VENDOR,,,,,,,0,,0,1.0,,0,,,,,0.0,,0.0,,0.0
200,Delhivery,60.0,50x50x50,MOCK1787768406837,,https://staging-express.delhivery.com/api/p/packing_slip?wbns=MOCK1787768406837&pdf=true,Booked,1,"{""awb"": ""MOCK1787768406837"", ""raw"": {""mock"": true, ""waybill"": ""MOCK1787768406837""}, ""adapter"": ""Delhivery"", ""remarks"": ""sdf"", ""booked_at"": ""2026-08-26T18:20:07.003Z"", ""label_url"": ""https://staging-express.delhivery.com/api/p/packing_slip?wbns=MOCK1787768406837&pdf=true"", ""pickup_id"": null, ""proof_url"": ""/uploads/inbound_receive/1787769223975-397164863.jpg"", ""proof_urls"": [""/uploads/inbound_receive/1787769223975-397164863.jpg""], ""received_at"": ""2026-08-26T18:33:44.140Z"", ""received_by"": 1, ""courier_name"": ""Delhivery"", ""inbound_received_at"": ""2026-08-26T18:33:44.140Z""}",2026-08-26 18:20:06.563211,2026-09-05 08:51:21.741062,165,5.0,1.0,6.0,1.0,RETURN,PENDING,,,,,199.0,,,,2026-08-26 18:20:07,,,,,,RETURN_QC_PENDING,2026-08-26 18:33:44,1.0,,,,,,,2026-08-26 18:20:07,,,,2026-08-26 18:31:41,2026-08-26 18:32:53,InfoprosysSURFACE-B2C,"MIDC Phase 2, Pune, Maharashtra, Pune, Maharashtra",MOCK1787768406837,New,,not_ready,,6.0,DELHIVERY,EXCHANGE_RETURN,CUSTOMER_TO_HUB,,1,50.0,50.0,50.0,VENDOR,,,,,,,0,,0,1.0,,0,,,,,0.0,,0.0,,0.0
201,fsfs,60.0,54x54x54,sdfsf,,,Booked,0,"{""remarks"": ""rwerw"", ""proof_url"": ""/uploads/inbound_receive/1787769146288-130137337.jpg"", ""proof_urls"": [""/uploads/inbound_receive/1787769146288-130137337.jpg""], ""received_at"": ""2026-08-26T18:32:26.428Z"", ""received_by"": 1, ""old_order_id"": 165, ""exchange_return_id"": 38, ""inbound_received_at"": ""2026-08-26T18:32:26.428Z"", ""exchange_replacement"": true, ""replacement_order_id"": 166}",2026-08-26 18:29:16.512718,2026-09-05 08:51:21.741062,166,5.0,,2.0,1.0,INBOUND,PENDING,,,,,,,,,,,,,,,HUB_RECEIVED,2026-08-26 18:31:51,1.0,,,,,,,,2026-08-28,,,2026-08-26 18:31:51,,,,,,,not_ready,,,SELF,EXCHANGE_REPLACEMENT,VENDOR_TO_HUB,4.0,1,54.0,54.0,54.0,VENDOR,Rohit Sharma,9365412578.0,Wakad,Haveli,Maharashtra,411057.0,0,,0,,,0,,,,,0.0,,0.0,,0.0
202,DTDC,189.0,59x59x59,D1787815113752,,,Booked,0,,2026-08-27 07:18:46.871696,2026-09-05 08:51:21.741062,160,3.0,,1.0,1.0,INBOUND,PENDING,,,,,,,,,,,,,,,IN_TRANSIT_TO_HUB,2026-08-27 07:18:47,3.0,,,,,,,,2026-08-31,,,,,,,,,,ready_for_pickup,2026-08-27 07:18:47,,SELF,INBOUND,VENDOR_TO_HUB,2.0,1,59.0,59.0,59.0,VENDOR,Mahesh Vaidya,8788094928.0,Pune,Haveli,Maharashtra,411016.0,1,,0,,,0,,,,,0.0,,0.0,,0.0
203,DTDC,188.9,59x59x59,D1787816229587,,,Booked,0,,2026-08-27 07:37:10.511541,2026-09-05 08:51:21.741062,153,3.0,,1.0,1.0,INBOUND,PENDING,,,,,,,,,,,,,,,IN_TRANSIT_TO_HUB,2026-08-27 07:37:11,3.0,,,,,,,,2026-08-31,,,,,,,,,,ready_for_pickup,2026-08-27 07:37:11,,SELF,INBOUND,VENDOR_TO_HUB,2.0,1,59.0,59.0,59.0,VENDOR,Mahesh Vaidya,8788094928.0,Pune,Haveli,Maharashtra,411016.0,1,,0,,,0,,,,,0.0,,0.0,,0.0
204,DTDC,5.0,5x5x5,D12345678,,,Booked,0,"{""remarks"": null, ""proof_url"": ""/uploads/inbound_receive/1787829295578-189104801.png"", ""proof_urls"": [""/uploads/inbound_receive/1787829295578-189104801.png""], ""received_at"": ""2026-08-27T11:14:55.805Z"", ""received_by"": 1, ""inbound_received_at"": ""2026-08-27T11:14:55.805Z""}",2026-08-27 11:13:03.404236,2026-09-05 08:51:21.741062,199,7.0,,3.0,1.0,INBOUND,PASSED,,,,205.0,,205.0,2026-08-27 11:33:44,,,,,,,,OUTBOUND_READY,2026-08-27 11:33:54,1.0,,,,,,,,2026-08-31,,,2026-08-27 11:14:56,,,,,,,ready_for_pickup,2026-08-27 11:13:03,,SELF,INBOUND,VENDOR_TO_HUB,1.0,1,5.0,5.0,5.0,VENDOR,Sachin Rewatkar,9404950776.0,"Wakad, Pune",Pune,Maharashtra,441057.0,0,,0,,,0,,,,,0.0,,0.0,,0.0
205,Delhivery,25.0,20x20x20,MOCK1787830432989,,https://staging-express.delhivery.com/api/p/packing_slip?wbns=MOCK1787830432989&pdf=true,Booked,1,"{""awb"": ""MOCK1787830432989"", ""raw"": {""mock"": true, ""waybill"": ""MOCK1787830432989""}, ""adapter"": ""Delhivery"", ""booked_at"": ""2026-08-27T11:33:53.077Z"", ""label_url"": ""https://staging-express.delhivery.com/api/p/packing_slip?wbns=MOCK1787830432989&pdf=true"", ""pickup_id"": null, ""courier_name"": ""Delhivery""}",2026-08-27 11:33:52.564987,2026-09-05 08:51:21.741062,199,7.0,1.0,,,OUTBOUND,PENDING,"{""eta"": 2, ""cost"": 300, ""source"": ""FALLBACK_ESTIMATE"", ""service"": ""Standard"", ""provider"": ""Delhivery"", ""buffer_days"": 3, ""calculated_at"": ""2026-08-27T11:33:52.456Z"", ""customer_type"": ""B2C"", ""delhivery_service"": ""B2C_PARCEL"", ""delhivery_resolution_reason"": ""no_valid_gstin""}",,,,204.0,,,,2026-08-27 11:33:53,2026-08-27 11:35:12,,,,,DELIVERED,2026-08-27 11:35:12,1.0,,,,,,,,,,,,2026-08-27 11:33:53,Vendor Pune Warehouse,"Pune, Wakad, Pune, Maharashtra",MOCK1787830432989,,1.0,pickup_scheduled,2026-08-27 11:33:54,4.0,DELHIVERY,OUTBOUND,HUB_TO_CUSTOMER,,1,20.0,20.0,20.0,VENDOR,,,,,,,0,,1,1.0,,0,,,,,0.0,,0.0,,0.0
206,fsfsdf,5.0,5x55x5,SFSDFDF,,,Booked,0,"{""remarks"": null, ""proof_url"": ""/uploads/inbound_receive/1787985082211-663838513.jpg"", ""proof_urls"": [""/uploads/inbound_receive/1787985082211-663838513.jpg""], ""received_at"": ""2026-08-29T06:31:22.450Z"", ""received_by"": 1, ""inbound_received_at"": ""2026-08-29T06:31:22.450Z""}",2026-08-29 06:31:03.016041,2026-09-05 08:51:21.741062,201,3.0,,1.0,1.0,INBOUND,PASSED,,,,207.0,,207.0,2026-08-29 06:31:53,,,,,,,,OUTBOUND_READY,2026-08-29 06:32:06,1.0,,,,,,,,2026-09-02,,,2026-08-29 06:31:22,,,,,,,ready_for_pickup,2026-08-29 06:31:03,,SELF,INBOUND,VENDOR_TO_HUB,2.0,1,5.0,55.0,5.0,VENDOR,Mahesh Vaidya,8788094928.0,Pune,Haveli,Maharashtra,411016.0,0,,0,,,0,,,,,0.0,,0.0,,0.0
207,Delhivery,189.0,19x89x98,MOCK1787985123093,,https://staging-express.delhivery.com/api/p/packing_slip?wbns=MOCK1787985123093&pdf=true,Booked,1,"{""awb"": ""MOCK1787985123093"", ""raw"": {""mock"": true, ""waybill"": ""MOCK1787985123093""}, ""adapter"": ""Delhivery"", ""booked_at"": ""2026-08-29T06:32:03.283Z"", ""label_url"": ""https://staging-express.delhivery.com/api/p/packing_slip?wbns=MOCK1787985123093&pdf=true"", ""pickup_id"": null, ""courier_name"": ""Delhivery""}",2026-08-29 06:32:02.311040,2026-09-05 08:51:21.741062,201,3.0,1.0,,,OUTBOUND,PENDING,"{""eta"": 0, ""cost"": 0, ""source"": ""FALLBACK_ESTIMATE"", ""service"": ""Standard"", ""provider"": ""Delhivery"", ""buffer_days"": 0, ""calculated_at"": ""2026-08-29T06:32:03.093Z"", ""customer_type"": ""B2C"", ""delhivery_service"": ""B2C_PARCEL"", ""delhivery_resolution_reason"": ""no_valid_gstin""}",,,,206.0,,,,2026-08-29 06:32:03,,,,,,DISPATCHED_TO_CUSTOMER,2026-08-29 06:32:04,1.0,,,,,,,,,,,,2026-08-29 06:32:03,Vendor Pune Warehouse,"Pune, Wakad, Pune, Maharashtra",MOCK1787985123093,,1.0,pickup_scheduled,2026-08-29 06:32:04,4.0,DELHIVERY,OUTBOUND,HUB_TO_CUSTOMER,,1,19.0,89.0,98.0,VENDOR,,,,,,,0,,0,1.0,,0,,,,,0.0,,0.0,,0.0
208,fsfs,5.0,5x55x5,FSFSF,,,Booked,0,"{""remarks"": null, ""proof_url"": ""/uploads/inbound_receive/1787987877845-658708233.jpg"", ""proof_urls"": [""/uploads/inbound_receive/1787987877845-658708233.jpg""], ""received_at"": ""2026-08-29T07:17:58.094Z"", ""received_by"": 1, ""inbound_received_at"": ""2026-08-29T07:17:58.094Z""}",2026-08-29 07:16:42.640086,2026-09-05 08:51:21.741062,204,3.0,,1.0,1.0,INBOUND,PASSED,,,,209.0,,209.0,2026-08-29 07:18:27,,,,,,,,OUTBOUND_READY,2026-08-29 07:18:34,1.0,,,,,,,,2026-09-02,,,2026-08-29 07:17:58,,,,,,,ready_for_pickup,2026-08-29 07:16:43,,SELF,INBOUND,VENDOR_TO_HUB,2.0,1,5.0,55.0,5.0,VENDOR,Mahesh Vaidya,8788094928.0,Pune,Haveli,Maharashtra,411016.0,0,,0,,,0,,,,,0.0,,0.0,,0.0
209,Delhivery,189.0,19x89x98,MOCK1787987912930,,https://staging-express.delhivery.com/api/p/packing_slip?wbns=MOCK1787987912930&pdf=true,Booked,1,"{""awb"": ""MOCK1787987912930"", ""raw"": {""mock"": true, ""waybill"": ""MOCK1787987912930""}, ""adapter"": ""Delhivery"", ""booked_at"": ""2026-08-29T07:18:33.082Z"", ""label_url"": ""https://staging-express.delhivery.com/api/p/packing_slip?wbns=MOCK1787987912930&pdf=true"", ""pickup_id"": null, ""courier_name"": ""Delhivery""}",2026-08-29 07:18:32.483861,2026-09-05 08:51:21.741062,204,3.0,1.0,,,OUTBOUND,PENDING,"{""eta"": 0, ""cost"": 0, ""source"": ""FALLBACK_ESTIMATE"", ""service"": ""Standard"", ""provider"": ""Delhivery"", ""buffer_days"": 0, ""calculated_at"": ""2026-08-29T07:18:32.929Z"", ""customer_type"": ""B2C"", ""delhivery_service"": ""B2C_PARCEL"", ""delhivery_resolution_reason"": ""no_valid_gstin""}",,,,208.0,,,,2026-08-29 07:18:33,2026-08-29 08:07:01,,,,,DELIVERED,2026-08-29 08:07:01,1.0,,,,,,,,,,,,2026-08-29 07:18:33,Vendor Pune Warehouse,"Pune, Wakad, Pune, Maharashtra",MOCK1787987912930,,1.0,pickup_scheduled,2026-08-29 07:18:34,4.0,DELHIVERY,OUTBOUND,HUB_TO_CUSTOMER,,1,19.0,89.0,98.0,VENDOR,,,,,,,0,,0,1.0,,0,,,,,0.0,,0.0,,0.0
210,Delhivery,189.0,19x89x98,MOCK1787990882371,,https://staging-express.delhivery.com/api/p/packing_slip?wbns=MOCK1787990882371&pdf=true,Booked,1,"{""awb"": ""MOCK1787990882371"", ""raw"": {""mock"": true, ""waybill"": ""MOCK1787990882371""}, ""adapter"": ""Delhivery"", ""remarks"": null, ""booked_at"": ""2026-08-29T08:08:02.515Z"", ""label_url"": ""https://staging-express.delhivery.com/api/p/packing_slip?wbns=MOCK1787990882371&pdf=true"", ""pickup_id"": null, ""proof_url"": ""/uploads/inbound_receive/1787990938832-573153674.jpg"", ""proof_urls"": [""/uploads/inbound_receive/1787990938832-573153674.jpg""], ""received_at"": ""2026-08-29T08:08:59.060Z"", ""received_by"": 1, ""courier_name"": ""Delhivery"", ""inbound_received_at"": ""2026-08-29T08:08:59.060Z""}",2026-08-29 08:08:02.015511,2026-09-05 08:51:21.741062,204,3.0,1.0,4.0,1.0,RETURN,PENDING,,,,,209.0,,,,2026-08-29 08:08:03,,,,,,RETURN_COMPLETED,2026-08-29 08:09:23,1.0,,,,,,,2026-08-29 08:08:02,,,,2026-08-29 08:08:35,2026-08-29 08:08:51,InfoprosysSURFACE-B2C,"MIDC Phase 2, Pune, Maharashtra, Pune, Maharashtra",MOCK1787990882371,New,,not_ready,,4.0,DELHIVERY,RETURN,CUSTOMER_TO_HUB,,1,19.0,89.0,98.0,VENDOR,,,,,,,0,,0,1.0,,0,,,,,0.0,,0.0,,0.0
211,sdfsf,5.0,5x5x5,JJJ,,,Booked,0,"{""remarks"": ""dsf"", ""proof_url"": ""/uploads/inbound_receive/1788166783701-520895128.jpg"", ""proof_urls"": [""/uploads/inbound_receive/1788166783701-520895128.jpg""], ""received_at"": ""2026-08-31T08:59:44.132Z"", ""received_by"": 1, ""inbound_received_at"": ""2026-08-31T08:59:44.132Z""}",2026-08-31 08:59:21.577931,2026-09-05 08:51:21.741062,205,5.0,,2.0,1.0,INBOUND,PASSED,,,,212.0,,212.0,2026-08-31 09:00:13,,,,,,,,OUTBOUND_READY,2026-08-31 09:00:21,1.0,,,,,,,,2026-09-04,,,2026-08-31 08:59:44,,,,,,,ready_for_pickup,2026-08-31 08:59:22,,SELF,INBOUND,VENDOR_TO_HUB,4.0,1,5.0,5.0,5.0,VENDOR,Rohit Sharma,9365412578.0,Wakad,Haveli,Maharashtra,411057.0,0,,0,,,0,,,,,0.0,,0.0,,0.0
212,Delhivery,60.0,50x50x50,MOCK1788166818982,,https://staging-express.delhivery.com/api/p/packing_slip?wbns=MOCK1788166818982&pdf=true,Booked,1,"{""awb"": ""MOCK1788166818982"", ""raw"": {""mock"": true, ""waybill"": ""MOCK1788166818982""}, ""adapter"": ""Delhivery"", ""booked_at"": ""2026-08-31T09:00:19.151Z"", ""label_url"": ""https://staging-express.delhivery.com/api/p/packing_slip?wbns=MOCK1788166818982&pdf=true"", ""pickup_id"": null, ""courier_name"": ""Delhivery""}",2026-08-31 09:00:18.375368,2026-09-05 08:51:21.741062,205,5.0,1.0,,,OUTBOUND,PENDING,"{""eta"": 0, ""cost"": 0, ""source"": ""FALLBACK_ESTIMATE"", ""service"": ""Standard"", ""provider"": ""Delhivery"", ""buffer_days"": 0, ""calculated_at"": ""2026-08-31T09:00:18.981Z"", ""customer_type"": ""B2C"", ""delhivery_service"": ""B2C_PARCEL"", ""delhivery_resolution_reason"": ""no_valid_gstin""}",,,,211.0,,,,2026-08-31 09:00:19,,,,,,DISPATCHED_TO_CUSTOMER,2026-08-31 09:00:20,1.0,,,,,,,,,,,,2026-08-31 09:00:19,Vendor Pune Warehouse,"Wakad, Pune, Haveli, Maharashtra",MOCK1788166818982,,1.0,pickup_scheduled,2026-08-31 09:00:20,6.0,DELHIVERY,OUTBOUND,HUB_TO_CUSTOMER,,1,50.0,50.0,50.0,VENDOR,,,,,,,0,,0,1.0,,0,,,,,0.0,,0.0,,0.0
213,DTDC,189.0,59x59x59,D1788347920112,,,Booked,0,,2026-09-02 11:18:41.473706,2026-09-06 00:00:00,217,3.0,,1.0,1.0,INBOUND,PENDING,,,,,,,,,,,,,,,IN_TRANSIT_TO_HUB,2026-09-02 11:18:42,3.0,,,,,,,,2026-09-06,,,,,,,,,,ready_for_pickup,2026-09-02 11:18:42,,SELF,INBOUND,VENDOR_TO_HUB,2.0,1,59.0,59.0,59.0,VENDOR,Mahesh Vaidya,8788094928.0,Pune,Haveli,Maharashtra,411016.0,1,,0,,,0,,,,,0.0,,0.0,,0.0
214,DTDC12345,50.0,32x32x32,D12345,,,Booked,0,"{""remarks"": ""Received successfully."", ""proof_url"": ""/uploads/inbound_receive/9ab6e86b-bc0c-42a0-8b9d-5c182d69a644.png"", ""proof_urls"": [""/uploads/inbound_receive/9ab6e86b-bc0c-42a0-8b9d-5c182d69a644.png"", ""/uploads/inbound_receive/500ed5c4-f1f1-454a-b4c3-e3266ab2adca.png"", ""/uploads/inbound_receive/d1302aac-0156-4c40-b63b-a872960a884a.png"", ""/uploads/inbound_receive/aa9195d1-798a-4290-a81d-5140c0e75be4.png"", ""/uploads/inbound_receive/e8a7ed91-b992-44d3-8849-e2995e024820.png""], ""received_at"": ""2026-09-03T05:31:40.172Z"", ""received_by"": 1, ""inbound_received_at"": ""2026-09-03T05:31:40.172Z""}",2026-09-03 05:23:30.984228,2026-09-05 08:51:21.741062,238,7.0,,3.0,1.0,INBOUND,FAILED,,,,215.0,,215.0,,,,,"QC failed: 5 item(s) unchecked: Rule_1, Test 1, Test 2, quantity, quality",2026-09-03 05:44:50,,,RTV_INITIATED,2026-09-03 05:44:50,1.0,VENDOR,2026-09-03 05:44:50,"QC failed: 5 item(s) unchecked: Rule_1, Test 1, Test 2, quantity, quality",,,,,2026-09-07,,,2026-09-03 05:31:40,,,,,,,ready_for_pickup,2026-09-03 05:23:31,,SELF,INBOUND,VENDOR_TO_HUB,1.0,1,32.0,32.0,32.0,VENDOR,Sachin Rewatkar,9404950776.0,"Wakad, Pune",Pune,Maharashtra,441057.0,0,,0,,,0,,,,0.0,0.0,,0.0,,0.0
215,,50.0,32x32x32,,,,Pending,0,"{""admin_id"": 1, ""qc_remarks"": ""QC failed: 5 item(s) unchecked: Rule_1, Test 1, Test 2, quantity, quality"", ""admin_notes"": ""QC failed: 5 item(s) unchecked: Rule_1, Test 1, Test 2, quantity, quality"", ""created_reason"": ""Hub QC Failure RTV"", ""qc_failure_reason"": ""QC failed: 5 item(s) unchecked: Rule_1, Test 1, Test 2, quantity, quality"", ""vendor_address_id"": 3, ""original_shipment_id"": 214}",2026-09-03 05:44:49.963208,2026-09-05 08:51:21.741062,238,7.0,,,,OUTBOUND,FAILED,,,,,214.0,,,,,,,,,,RTV_INITIATED,2026-09-03 05:44:51,1.0,VENDOR,2026-09-03 05:44:51,"QC failed: 5 item(s) unchecked: Rule_1, Test 1, Test 2, quantity, quality",,,,,,,,,,,,,,,not_ready,,,DELHIVERY,RTV,HUB_TO_VENDOR,1.0,1,32.0,32.0,32.0,VENDOR,,,,,,,0,,0,,,0,,,,0.0,0.0,,0.0,,0.0
216,DTDC12345,25.0,22x22x22,D12345,,,Booked,0,"{""remarks"": ""Received successfully."", ""proof_url"": ""/uploads/inbound_receive/f4d3a3ad-0f17-4e96-817a-941b5873722d.png"", ""proof_urls"": [""/uploads/inbound_receive/f4d3a3ad-0f17-4e96-817a-941b5873722d.png""], ""received_at"": ""2026-09-03T06:02:16.520Z"", ""received_by"": 1, ""inbound_received_at"": ""2026-09-03T06:02:16.520Z""}",2026-09-03 06:00:57.950871,2026-09-05 08:51:21.741062,239,7.0,,3.0,1.0,INBOUND,PENDING,,,,,,,,,,,,,,,HUB_RECEIVED,2026-09-03 06:02:17,1.0,,,,,,,,2026-09-07,,,2026-09-03 06:02:17,,,,,,,ready_for_pickup,2026-09-03 06:00:58,,SELF,INBOUND,VENDOR_TO_HUB,1.0,1,22.0,22.0,22.0,VENDOR,Sachin Rewatkar,9404950776.0,"Wakad, Pune",Pune,Maharashtra,441057.0,0,,0,,,0,,,,,0.0,,0.0,,0.0
217,DTDC12345,50.0,54x54x54,D12345,,,Booked,0,"{""remarks"": ""Received successfully."", ""proof_url"": ""/uploads/inbound_receive/7603582d-a1ca-429f-bf52-01388c490f14.png"", ""proof_urls"": [""/uploads/inbound_receive/7603582d-a1ca-429f-bf52-01388c490f14.png""], ""received_at"": ""2026-09-03T06:40:35.860Z"", ""received_by"": 1, ""inbound_received_at"": ""2026-09-03T06:40:35.860Z""}",2026-09-03 06:39:00.472068,2026-09-05 08:51:21.741062,244,7.0,,3.0,1.0,INBOUND,PASSED,,,,,,,,,,,,,,,PACKAGING_IN_PROGRESS,2026-09-03 06:43:04,1.0,,,,,,,,2026-09-07,,,2026-09-03 06:40:36,,,,,,,ready_for_pickup,2026-09-03 06:39:01,,SELF,INBOUND,VENDOR_TO_HUB,1.0,1,54.0,54.0,54.0,VENDOR,Sachin Rewatkar,9404950776.0,"Wakad, Pune",Pune,Maharashtra,441057.0,0,,0,,,0,,,,,0.0,,0.0,,0.0
218,Delhivery,7.0,7x7x7,MOCK1788423227280,,https://staging-express.delhivery.com/api/p/packing_slip?wbns=MOCK1788423227280&pdf=true,Booked,1,"{""awb"": ""MOCK1788423227280"", ""raw"": {""mock"": true, ""waybill"": ""MOCK1788423227280""}, ""adapter"": ""Delhivery"", ""booked_at"": ""2026-09-03T08:13:47.452Z"", ""label_url"": ""https://staging-express.delhivery.com/api/p/packing_slip?wbns=MOCK1788423227280&pdf=true"", ""pickup_id"": null, ""proof_url"": ""/uploads/dispatch_club_proof/1788423226040-960129752.jpg"", ""proof_urls"": [""/uploads/dispatch_club_proof/1788423226040-960129752.jpg""], ""courier_name"": ""Delhivery""}",2026-09-03 08:13:46.515701,2026-09-05 08:51:21.741062,75,,1.0,,,OUTBOUND,PENDING,"{""eta"": 2, ""cost"": 250, ""source"": ""FALLBACK_ESTIMATE"", ""service"": ""Standard"", ""provider"": ""Delhivery"", ""buffer_days"": 3, ""calculated_at"": ""2026-09-03T08:13:46.398Z"", ""customer_type"": ""B2C"", ""delhivery_service"": ""B2C_PARCEL"", ""delhivery_resolution_reason"": ""no_valid_gstin""}",,,,142.0,,,,2026-09-03 08:13:48,,,,,,DISPATCHED_TO_CUSTOMER,2026-09-03 08:13:49,1.0,,,,,,,,,,"Consolidated outbound for orders: 75, 66",,2026-09-03 08:13:48,Vendor Pune Warehouse,"Pune, Wakad, Haveli, Maharashtra",MOCK1788423227280,,1.0,pickup_scheduled,2026-09-03 08:13:49,4.0,DELHIVERY,OUTBOUND,HUB_TO_CUSTOMER,,1,7.0,7.0,7.0,VENDOR,,,,,,,0,,0,1.0,,0,,,,,0.0,,0.0,,0.0
219,DTDC123456,10.0,10x10x10,D1234567,,,Booked,0,"{""remarks"": ""Received."", ""proof_url"": ""/uploads/inbound_receive/70e0312f-b1b8-4e13-939a-e84e9dd960c9.png"", ""proof_urls"": [""/uploads/inbound_receive/70e0312f-b1b8-4e13-939a-e84e9dd960c9.png""], ""received_at"": ""2026-09-03T08:44:32.036Z"", ""received_by"": 1, ""inbound_received_at"": ""2026-09-03T08:44:32.036Z""}",2026-09-03 08:41:29.403572,2026-09-05 08:51:21.741062,247,7.0,,3.0,1.0,INBOUND,PASSED,,,,220.0,,220.0,2026-09-03 08:48:01,,,,,,,,OUTBOUND_READY,2026-09-03 08:48:42,1.0,,,,,,,,2026-09-07,,,2026-09-03 08:44:32,,,,,,,ready_for_pickup,2026-09-03 08:41:29,,SELF,INBOUND,VENDOR_TO_HUB,1.0,1,10.0,10.0,10.0,VENDOR,Sachin Rewatkar,9404950776.0,"Wakad, Pune",Pune,Maharashtra,441057.0,0,,0,,,0,,,,,0.0,,0.0,,0.0
220,Delhivery,25.0,20x20x20,MOCK1788425320800,,https://staging-express.delhivery.com/api/p/packing_slip?wbns=MOCK1788425320800&pdf=true,Booked,1,"{""awb"": ""MOCK1788425320800"", ""raw"": {""mock"": true, ""waybill"": ""MOCK1788425320800""}, ""adapter"": ""Delhivery"", ""booked_at"": ""2026-09-03T08:48:41.022Z"", ""label_url"": ""https://staging-express.delhivery.com/api/p/packing_slip?wbns=MOCK1788425320800&pdf=true"", ""pickup_id"": null, ""courier_name"": ""Delhivery""}",2026-09-03 08:48:40.160638,2026-09-05 08:51:21.741062,247,7.0,1.0,,,OUTBOUND,PENDING,"{""eta"": 2, ""cost"": 300, ""source"": ""FALLBACK_ESTIMATE"", ""service"": ""Standard"", ""provider"": ""Delhivery"", ""buffer_days"": 3, ""calculated_at"": ""2026-09-03T08:48:39.971Z"", ""customer_type"": ""B2C"", ""delhivery_service"": ""B2C_PARCEL"", ""delhivery_resolution_reason"": ""no_valid_gstin""}",,,,219.0,,,,2026-09-03 08:48:41,2026-09-03 08:49:04,,,,,DELIVERED,2026-09-03 08:49:04,1.0,,,,,,,,,,,,2026-09-03 08:48:41,Vendor Pune Warehouse,"Pune, Wakad, Haveli, Maharashtra",MOCK1788425320800,,1.0,pickup_scheduled,2026-09-03 08:48:42,4.0,DELHIVERY,OUTBOUND,HUB_TO_CUSTOMER,,1,20.0,20.0,20.0,VENDOR,,,,,,,0,,0,1.0,,0,,,,,0.0,,0.0,,0.0
221,DTDC123456,10.0,10x10x10,D123456,,,Booked,0,"{""remarks"": ""Received."", ""proof_url"": ""/uploads/inbound_receive/958a55d1-116b-4483-99a6-7ffab70a2450.png"", ""proof_urls"": [""/uploads/inbound_receive/958a55d1-116b-4483-99a6-7ffab70a2450.png""], ""received_at"": ""2026-09-03T09:11:11.465Z"", ""received_by"": 1, ""inbound_received_at"": ""2026-09-03T09:11:11.465Z""}",2026-09-03 09:10:41.540114,2026-09-05 08:51:21.741062,250,7.0,,3.0,1.0,INBOUND,PASSED,,,,222.0,,222.0,2026-09-03 09:12:13,,,,,,,,OUTBOUND_READY,2026-09-03 09:12:25,1.0,,,,,,,,2026-09-07,,,2026-09-03 09:11:11,,,,,,,ready_for_pickup,2026-09-03 09:10:42,,SELF,INBOUND,VENDOR_TO_HUB,1.0,1,10.0,10.0,10.0,VENDOR,Sachin Rewatkar,9404950776.0,"Wakad, Pune",Pune,Maharashtra,441057.0,0,,0,,,0,,,,,0.0,,0.0,,0.0
222,Delhivery,25.0,20x20x20,MOCK1788426744415,,https://staging-express.delhivery.com/api/p/packing_slip?wbns=MOCK1788426744415&pdf=true,Booked,1,"{""awb"": ""MOCK1788426744415"", ""raw"": {""mock"": true, ""waybill"": ""MOCK1788426744415""}, ""adapter"": ""Delhivery"", ""booked_at"": ""2026-09-03T09:12:24.556Z"", ""label_url"": ""https://staging-express.delhivery.com/api/p/packing_slip?wbns=MOCK1788426744415&pdf=true"", ""pickup_id"": null, ""courier_name"": ""Delhivery""}",2026-09-03 09:12:23.989976,2026-09-05 08:51:21.741062,250,7.0,1.0,,,OUTBOUND,PENDING,"{""eta"": 2, ""cost"": 300, ""source"": ""FALLBACK_ESTIMATE"", ""service"": ""Standard"", ""provider"": ""Delhivery"", ""buffer_days"": 3, ""calculated_at"": ""2026-09-03T09:12:23.886Z"", ""customer_type"": ""B2C"", ""delhivery_service"": ""B2C_PARCEL"", ""delhivery_resolution_reason"": ""no_valid_gstin""}",,,,221.0,,,,2026-09-03 09:12:25,2026-09-03 09:15:09,,,,,DELIVERED,2026-09-03 09:15:09,1.0,,,,,,,,,,,,2026-09-03 09:12:25,Vendor Pune Warehouse,"Pune, Wakad, Haveli, Maharashtra",MOCK1788426744415,,1.0,pickup_scheduled,2026-09-03 09:12:25,4.0,DELHIVERY,OUTBOUND,HUB_TO_CUSTOMER,,1,20.0,20.0,20.0,VENDOR,,,,,,,0,,0,1.0,,0,,,,,0.0,,0.0,,0.0
223,DTDC123456,10.0,10x10x10,D123456,,,Booked,0,"{""remarks"": ""Received."", ""proof_url"": ""/uploads/inbound_receive/77978d72-033a-4110-8a85-6e38bf3acfcc.png"", ""proof_urls"": [""/uploads/inbound_receive/77978d72-033a-4110-8a85-6e38bf3acfcc.png""], ""received_at"": ""2026-09-03T09:17:30.495Z"", ""received_by"": 1, ""inbound_received_at"": ""2026-09-03T09:17:30.495Z""}",2026-09-03 09:17:03.660824,2026-09-05 08:51:21.741062,251,7.0,,3.0,1.0,INBOUND,PASSED,,,,224.0,,224.0,2026-09-03 09:18:37,,,,,,,,OUTBOUND_READY,2026-09-03 09:18:49,1.0,,,,,,,,2026-09-07,,,2026-09-03 09:17:30,,,,,,,ready_for_pickup,2026-09-03 09:17:04,,SELF,INBOUND,VENDOR_TO_HUB,1.0,1,10.0,10.0,10.0,VENDOR,Sachin Rewatkar,9404950776.0,"Wakad, Pune",Pune,Maharashtra,441057.0,0,,0,,,0,,,,,0.0,,0.0,,0.0
224,Delhivery,50.0,50x50x50,MOCK1788427127642,,https://staging-express.delhivery.com/api/p/packing_slip?wbns=MOCK1788427127642&pdf=true,Booked,1,"{""awb"": ""MOCK1788427127642"", ""raw"": {""mock"": true, ""waybill"": ""MOCK1788427127642""}, ""adapter"": ""Delhivery"", ""booked_at"": ""2026-09-03T09:18:47.790Z"", ""label_url"": ""https://staging-express.delhivery.com/api/p/packing_slip?wbns=MOCK1788427127642&pdf=true"", ""pickup_id"": null, ""courier_name"": ""Delhivery""}",2026-09-03 09:18:47.307559,2026-09-05 08:51:21.741062,251,7.0,1.0,,,OUTBOUND,PENDING,"{""eta"": 2, ""cost"": 300, ""source"": ""FALLBACK_ESTIMATE"", ""service"": ""Standard"", ""provider"": ""Delhivery"", ""buffer_days"": 3, ""calculated_at"": ""2026-09-03T09:18:47.225Z"", ""customer_type"": ""B2C"", ""delhivery_service"": ""B2C_PARCEL"", ""delhivery_resolution_reason"": ""no_valid_gstin""}",,,,223.0,,,,2026-09-03 09:18:48,,,,,,DISPATCHED_TO_CUSTOMER,2026-09-03 09:18:48,1.0,,,,,,,,,,,,2026-09-03 09:18:48,Vendor Pune Warehouse,"Pune, Wakad, Haveli, Maharashtra",MOCK1788427127642,,1.0,pickup_scheduled,2026-09-03 09:18:48,4.0,DELHIVERY,OUTBOUND,HUB_TO_CUSTOMER,,1,50.0,50.0,50.0,VENDOR,,,,,,,0,,0,1.0,,0,,,,,0.0,,0.0,,0.0
225,DTDC,5.0,5x6x4,TC1212454,,,Booked,0,"{""remarks"": ""Good Received at HUB"", ""proof_url"": ""/uploads/inbound_receive/ad2c18a6-e9c3-4c29-b887-47903eda2036.webp"", ""proof_urls"": [""/uploads/inbound_receive/ad2c18a6-e9c3-4c29-b887-47903eda2036.webp""], ""received_at"": ""2026-09-03T10:56:22.823Z"", ""received_by"": 1, ""inbound_received_at"": ""2026-09-03T10:56:22.823Z""}",2026-09-03 10:54:46.000744,2026-09-05 08:51:21.741062,254,3.0,,1.0,1.0,INBOUND,PASSED,,,,226.0,,226.0,2026-09-03 10:57:28,,,,,,,,HUB_PACKAGED,2026-09-03 10:57:28,1.0,,,,,,,,2026-09-07,,,2026-09-03 10:56:23,,,,,,,ready_for_pickup,2026-09-03 10:54:46,,SELF,INBOUND,VENDOR_TO_HUB,2.0,1,5.0,6.0,4.0,VENDOR,Mahesh Vaidya,8788094928.0,Pune,Haveli,Maharashtra,411016.0,0,,0,,,0,,,,,0.0,,0.0,,0.0
226,,189.0,19x89x98,,,,Failed,2,"{""bookingErrors"": [{""at"": ""2026-09-03T10:57:36.913Z"", ""raw"": {""code"": ""b2b_contract_unverified"", ""name"": ""B2bBookingGatedError"", ""details"": {""error"": ""Delhivery B2B contract is not verified. Hub-to-customer B2B booking is gated.""}, ""message"": ""Delhivery B2B contract is not verified. Hub-to-customer B2B booking is gated."", ""aggregatorConfig"": {""name"": ""Delhivery"", ""hasApiKey"": true, ""api_booking_url"": ""https://staging-express.delhivery.com/api/cmu/create.json""}}, ""code"": ""b2b_contract_unverified"", ""message"": ""Delhivery B2B contract is not verified. Hub-to-customer B2B booking is gated.""}, {""at"": ""2026-09-03T10:57:45.293Z"", ""raw"": {""code"": ""b2b_contract_unverified"", ""name"": ""B2bBookingGatedError"", ""details"": {""error"": ""Delhivery B2B contract is not verified. Hub-to-customer B2B booking is gated.""}, ""message"": ""Delhivery B2B contract is not verified. Hub-to-customer B2B booking is gated."", ""aggregatorConfig"": {""name"": ""Delhivery"", ""hasApiKey"": true, ""api_booking_url"": ""https://staging-express.delhivery.com/api/cmu/create.json""}}, ""code"": ""b2b_contract_unverified"", ""message"": ""Delhivery B2B contract is not verified. Hub-to-customer B2B booking is gated.""}]}",2026-09-03 10:57:36.510526,2026-09-05 08:51:21.741062,254,3.0,1.0,,,OUTBOUND,PENDING,"{""eta"": 0, ""cost"": 0, ""source"": ""FALLBACK_ESTIMATE"", ""service"": ""Standard"", ""provider"": ""Delhivery"", ""buffer_days"": 0, ""calculated_at"": ""2026-09-03T10:57:36.908Z"", ""customer_type"": ""B2B"", ""delhivery_service"": ""B2B_CARGO"", ""delhivery_resolution_reason"": ""b2b_contract_unverified""}",,,,225.0,,,,,,,,,,OUTBOUND_READY,,,,,,,,,,,,,,,,,,,,not_ready,,5.0,DELHIVERY,OUTBOUND,HUB_TO_CUSTOMER,,1,19.0,89.0,98.0,VENDOR,,,,,,,0,,0,,,0,,,,,0.0,,0.0,,0.0
227,DTDC76565,6.0,66x66x6,DC4545545,,,Booked,0,"{""remarks"": ""Received"", ""proof_url"": ""/uploads/inbound_receive/8bd1c142-de93-4807-acff-4a9b84bc19e4.webp"", ""proof_urls"": [""/uploads/inbound_receive/8bd1c142-de93-4807-acff-4a9b84bc19e4.webp""], ""received_at"": ""2026-09-03T11:06:38.634Z"", ""received_by"": 1, ""inbound_received_at"": ""2026-09-03T11:06:38.634Z""}",2026-09-03 11:05:55.829372,2026-09-05 08:51:21.741062,256,3.0,,1.0,1.0,INBOUND,PASSED,,,,228.0,,228.0,2026-09-03 11:07:41,,,,,,,,OUTBOUND_READY,2026-09-03 11:07:50,1.0,,,,,,,,2026-09-07,,,2026-09-03 11:06:39,,,,,,,ready_for_pickup,2026-09-03 11:05:56,,SELF,INBOUND,VENDOR_TO_HUB,2.0,1,66.0,66.0,6.0,VENDOR,Mahesh Vaidya,8788094928.0,Pune,Haveli,Maharashtra,411016.0,0,,0,,,0,,,,,0.0,,0.0,,0.0
228,Delhivery,189.0,19x89x98,MOCK1788433669153,,https://staging-express.delhivery.com/api/p/packing_slip?wbns=MOCK1788433669153&pdf=true,Booked,1,"{""awb"": ""MOCK1788433669153"", ""raw"": {""mock"": true, ""waybill"": ""MOCK1788433669153""}, ""adapter"": ""Delhivery"", ""booked_at"": ""2026-09-03T11:07:49.325Z"", ""label_url"": ""https://staging-express.delhivery.com/api/p/packing_slip?wbns=MOCK1788433669153&pdf=true"", ""pickup_id"": null, ""courier_name"": ""Delhivery""}",2026-09-03 11:07:48.813824,2026-09-05 08:51:21.741062,256,3.0,1.0,,,OUTBOUND,PENDING,"{""eta"": 0, ""cost"": 0, ""source"": ""FALLBACK_ESTIMATE"", ""service"": ""Standard"", ""provider"": ""Delhivery"", ""buffer_days"": 0, ""calculated_at"": ""2026-09-03T11:07:49.152Z"", ""customer_type"": ""B2C"", ""delhivery_service"": ""B2C_PARCEL"", ""delhivery_resolution_reason"": ""no_valid_gstin""}",,,,227.0,,,,2026-09-03 11:07:49,2026-09-03 11:08:16,,,,,DELIVERED,2026-09-03 11:08:16,1.0,,,,,,,,,,,,2026-09-03 11:07:49,Vendor Pune Warehouse,"At.Post. Dhangar Takli Tq.Purna Dist.Parbhani, Near Ram Temple, Purna, Maharashtra",MOCK1788433669153,,1.0,pickup_scheduled,2026-09-03 11:07:50,11.0,DELHIVERY,OUTBOUND,HUB_TO_CUSTOMER,,1,19.0,89.0,98.0,VENDOR,,,,,,,0,,0,1.0,,0,,,,,0.0,,0.0,,0.0
229,gjhg,4.0,4x4x4,111,,,Booked,0,"{""remarks"": ""hi"", ""proof_url"": ""/uploads/inbound_receive/b4c63ad5-ae7d-4774-9eb2-7644c299f7de.png"", ""proof_urls"": [""/uploads/inbound_receive/b4c63ad5-ae7d-4774-9eb2-7644c299f7de.png""], ""received_at"": ""2026-09-03T11:14:55.553Z"", ""received_by"": 1, ""inbound_received_at"": ""2026-09-03T11:14:55.553Z""}",2026-09-03 11:14:37.681414,2026-09-05 08:51:21.741062,258,3.0,,1.0,1.0,INBOUND,PASSED,,,,230.0,,230.0,2026-09-03 11:15:34,,,,,,,,OUTBOUND_READY,2026-09-03 11:15:46,1.0,,,,,,,,2026-09-07,,,2026-09-03 11:14:56,,,,,,,ready_for_pickup,2026-09-03 11:14:38,,SELF,INBOUND,VENDOR_TO_HUB,2.0,1,4.0,4.0,4.0,VENDOR,Mahesh Vaidya,8788094928.0,Pune,Haveli,Maharashtra,411016.0,0,,0,,,0,,,,,0.0,,0.0,,0.0
230,Delhivery,189.0,19x89x98,MOCK1788434144457,,https://staging-express.delhivery.com/api/p/packing_slip?wbns=MOCK1788434144457&pdf=true,Booked,1,"{""awb"": ""MOCK1788434144457"", ""raw"": {""mock"": true, ""waybill"": ""MOCK1788434144457""}, ""adapter"": ""Delhivery"", ""booked_at"": ""2026-09-03T11:15:44.619Z"", ""label_url"": ""https://staging-express.delhivery.com/api/p/packing_slip?wbns=MOCK1788434144457&pdf=true"", ""pickup_id"": null, ""courier_name"": ""Delhivery""}",2026-09-03 11:15:43.923613,2026-09-05 08:51:21.741062,258,3.0,1.0,,,OUTBOUND,PENDING,"{""eta"": 0, ""cost"": 0, ""source"": ""FALLBACK_ESTIMATE"", ""service"": ""Standard"", ""provider"": ""Delhivery"", ""buffer_days"": 0, ""calculated_at"": ""2026-09-03T11:15:44.457Z"", ""customer_type"": ""B2C"", ""delhivery_service"": ""B2C_PARCEL"", ""delhivery_resolution_reason"": ""no_valid_gstin""}",,,,229.0,,,,2026-09-03 11:15:45,2026-09-03 11:16:30,,,,,DELIVERED,2026-09-03 11:16:30,1.0,,,,,,,,,,,,2026-09-03 11:15:45,Vendor Pune Warehouse,"At.Post. Dhangar Takli Tq.Purna Dist.Parbhani, Near Ram Temple, Purna, Maharashtra",MOCK1788434144457,,1.0,pickup_scheduled,2026-09-03 11:15:45,11.0,DELHIVERY,OUTBOUND,HUB_TO_CUSTOMER,,1,19.0,89.0,98.0,VENDOR,,,,,,,0,,0,1.0,,0,,,,,0.0,,0.0,,0.0
231,DTDC,188.9,59x59x59,D1788438586730,,,Booked,0,,2026-09-03 12:29:47.457513,2026-09-07 00:00:00,261,3.0,,1.0,1.0,INBOUND,PENDING,,,,,,,,,,,,,,,IN_TRANSIT_TO_HUB,2026-09-03 12:29:48,3.0,,,,,,,,2026-09-07,,,,,,,,,,ready_for_pickup,2026-09-03 12:29:48,,SELF,INBOUND,VENDOR_TO_HUB,2.0,1,59.0,59.0,59.0,VENDOR,Mahesh Vaidya,8788094928.0,Pune,Haveli,Maharashtra,411016.0,1,,0,,,0,,,,,0.0,,0.0,,0.0
232,DTDC,188.9,59x59x59,D1788439136316,,,Booked,0,,2026-09-03 12:38:57.040943,2026-09-07 00:00:00,248,3.0,,1.0,1.0,INBOUND,PENDING,,,,,,,,,,,,,,,IN_TRANSIT_TO_HUB,2026-09-03 12:38:57,3.0,,,,,,,,2026-09-07,,,,,,,,,,ready_for_pickup,2026-09-03 12:38:57,,SELF,INBOUND,VENDOR_TO_HUB,2.0,1,59.0,59.0,59.0,VENDOR,Mahesh Vaidya,8788094928.0,Pune,Haveli,Maharashtra,411016.0,1,,0,,,0,,,,,0.0,,0.0,,0.0
233,DTDC12245,6.0,6x7x6,TC3555665,,,Booked,0,"{""remarks"": ""Received"", ""proof_url"": ""/uploads/inbound_receive/7e721db0-8087-4656-a2f3-9a9dc48f06d2.webp"", ""proof_urls"": [""/uploads/inbound_receive/7e721db0-8087-4656-a2f3-9a9dc48f06d2.webp""], ""received_at"": ""2026-09-03T14:01:20.422Z"", ""received_by"": 1, ""inbound_received_at"": ""2026-09-03T14:01:20.422Z""}",2026-09-03 14:00:32.049485,2026-09-05 08:51:21.741062,263,3.0,,1.0,1.0,INBOUND,PASSED,,,,,,,2026-09-03 14:02:31,,,,,,,,HUB_PACKAGED,2026-09-03 14:02:31,1.0,,,,,,,,2026-09-07,,,2026-09-03 14:01:20,,,,,,,ready_for_pickup,2026-09-03 14:00:32,,SELF,INBOUND,VENDOR_TO_HUB,2.0,1,6.0,7.0,6.0,VENDOR,Mahesh Vaidya,8788094928.0,Pune,Haveli,Maharashtra,411016.0,0,,0,,,0,,,,,0.0,,0.0,,0.0
234,DTDC2656556,6.0,3x4x6,TC56666,,,Booked,0,"{""remarks"": ""Good"", ""proof_url"": ""/uploads/inbound_receive/ea6649c4-b3a3-4914-a652-e7c2422ab67a.webp"", ""proof_urls"": [""/uploads/inbound_receive/ea6649c4-b3a3-4914-a652-e7c2422ab67a.webp""], ""received_at"": ""2026-09-04T04:15:37.426Z"", ""received_by"": 1, ""inbound_received_at"": ""2026-09-04T04:15:37.426Z""}",2026-09-04 04:15:06.879673,2026-09-05 08:51:21.741062,264,15.0,,12.0,1.0,INBOUND,PASSED,,,,235.0,,235.0,2026-09-04 04:16:33,,,,,,,,OUTBOUND_READY,2026-09-04 04:17:23,1.0,,,,,,,,2026-09-08,,,2026-09-04 04:15:37,,,,,,,ready_for_pickup,2026-09-04 04:15:07,,SELF,INBOUND,VENDOR_TO_HUB,5.0,1,3.0,4.0,6.0,VENDOR,Dnyaneshwar Panchal,9309162864.0,"Plot No. 45, Phase III, Peenya Industrial Area",Bangalore North,Karnataka,560058.0,0,,0,,,0,,,,,0.0,,0.0,,0.0
235,Delhivery,5.0,20x15x30,MOCK1788495441517,,https://staging-express.delhivery.com/api/p/packing_slip?wbns=MOCK1788495441517&pdf=true,Booked,1,"{""awb"": ""MOCK1788495441517"", ""raw"": {""mock"": true, ""waybill"": ""MOCK1788495441517""}, ""adapter"": ""Delhivery"", ""booked_at"": ""2026-09-04T04:17:21.679Z"", ""label_url"": ""https://staging-express.delhivery.com/api/p/packing_slip?wbns=MOCK1788495441517&pdf=true"", ""pickup_id"": null, ""courier_name"": ""Delhivery""}",2026-09-04 04:17:21.139668,2026-09-05 08:51:21.741062,264,15.0,1.0,,,OUTBOUND,PENDING,"{""eta"": 2, ""cost"": 180, ""source"": ""FALLBACK_ESTIMATE"", ""service"": ""Standard"", ""provider"": ""Delhivery"", ""buffer_days"": 3, ""calculated_at"": ""2026-09-04T04:17:21.047Z"", ""customer_type"": ""B2C"", ""delhivery_service"": ""B2C_PARCEL"", ""delhivery_resolution_reason"": ""no_valid_gstin""}",,,,234.0,,,,2026-09-04 04:17:22,2026-09-04 04:17:55,,,,,DELIVERED,2026-09-04 04:17:55,1.0,,,,,,,,,,,,2026-09-04 04:17:22,Vendor Pune Warehouse,"At.Post. Dhangar Takli Tq.Purna Dist.Parbhani, Near Ram Temple, Purna, Maharashtra",MOCK1788495441517,,2.0,pickup_scheduled,2026-09-04 04:17:22,11.0,DELHIVERY,OUTBOUND,HUB_TO_CUSTOMER,,1,20.0,15.0,30.0,VENDOR,,,,,,,0,,0,1.0,,0,,,,,0.0,,0.0,,0.0
236,DTDC12345,19.0,19x19x19,D12345,,,Booked,0,"{""remarks"": ""abc"", ""proof_url"": ""/uploads/inbound_receive/885a6ae5-52c5-4d33-a987-54799ba2f42b.png"", ""proof_urls"": [""/uploads/inbound_receive/885a6ae5-52c5-4d33-a987-54799ba2f42b.png""], ""received_at"": ""2026-09-04T08:36:02.414Z"", ""received_by"": 1, ""inbound_received_at"": ""2026-09-04T08:36:02.414Z""}",2026-09-04 08:35:16.466798,2026-09-05 08:51:21.741062,268,7.0,,3.0,1.0,INBOUND,PASSED,,,,237.0,,237.0,2026-09-04 08:36:57,,,,,,,,OUTBOUND_READY,2026-09-04 08:37:06,1.0,,,,,,,,2026-09-08,,,2026-09-04 08:36:02,,,,,,,ready_for_pickup,2026-09-04 08:35:17,,SELF,INBOUND,VENDOR_TO_HUB,1.0,1,19.0,19.0,19.0,VENDOR,Sachin Rewatkar,9404950776.0,"Wakad, Pune",Pune,Maharashtra,441057.0,0,,0,,,0,,,,,0.0,,0.0,,0.0
237,Delhivery,50.0,30x30x30,MOCK1788511025277,,https://staging-express.delhivery.com/api/p/packing_slip?wbns=MOCK1788511025277&pdf=true,Booked,1,"{""awb"": ""MOCK1788511025277"", ""raw"": {""mock"": true, ""waybill"": ""MOCK1788511025277""}, ""adapter"": ""Delhivery"", ""booked_at"": ""2026-09-04T08:37:05.436Z"", ""label_url"": ""https://staging-express.delhivery.com/api/p/packing_slip?wbns=MOCK1788511025277&pdf=true"", ""pickup_id"": null, ""courier_name"": ""Delhivery""}",2026-09-04 08:37:04.761108,2026-09-05 08:51:21.741062,268,7.0,1.0,,,OUTBOUND,PENDING,"{""eta"": 2, ""cost"": 300, ""source"": ""FALLBACK_ESTIMATE"", ""service"": ""Standard"", ""provider"": ""Delhivery"", ""buffer_days"": 3, ""calculated_at"": ""2026-09-04T08:37:04.609Z"", ""customer_type"": ""B2C"", ""delhivery_service"": ""B2C_PARCEL"", ""delhivery_resolution_reason"": ""no_valid_gstin""}",,,,236.0,,,,2026-09-04 08:37:06,2026-09-04 08:37:26,,,,,DELIVERED,2026-09-04 08:37:26,1.0,,,,,,,,,,,,2026-09-04 08:37:06,Vendor Pune Warehouse,"Pune, Wakad, Haveli, Maharashtra",MOCK1788511025277,,2.0,pickup_scheduled,2026-09-04 08:37:06,4.0,DELHIVERY,OUTBOUND,HUB_TO_CUSTOMER,,1,30.0,30.0,30.0,VENDOR,,,,,,,0,,0,1.0,,0,,,,,0.0,,0.0,,0.0
238,Delhivery,50.0,30x30x30,MOCK1788512531646,,https://staging-express.delhivery.com/api/p/packing_slip?wbns=MOCK1788512531646&pdf=true,Booked,1,"{""awb"": ""MOCK1788512531646"", ""raw"": {""mock"": true, ""waybill"": ""MOCK1788512531646""}, ""adapter"": ""Delhivery"", ""remarks"": ""Received at hub"", ""booked_at"": ""2026-09-04T09:02:11.795Z"", ""label_url"": ""https://staging-express.delhivery.com/api/p/packing_slip?wbns=MOCK1788512531646&pdf=true"", ""pickup_id"": null, ""proof_url"": ""/uploads/inbound_receive/d33eca66-f21e-4046-92db-24fadcac6f01.png"", ""proof_urls"": [""/uploads/inbound_receive/d33eca66-f21e-4046-92db-24fadcac6f01.png""], ""received_at"": ""2026-09-04T09:06:28.381Z"", ""received_by"": 1, ""courier_name"": ""Delhivery"", ""inbound_received_at"": ""2026-09-04T09:06:28.381Z""}",2026-09-04 09:02:11.384405,2026-09-05 08:51:21.741062,268,7.0,1.0,4.0,1.0,RETURN,PASSED,,,,,237.0,,,,2026-09-04 09:02:12,,,,,,RETURN_COMPLETED,2026-09-04 09:07:34,1.0,,,,,,,2026-09-04 09:02:11,,,,2026-09-04 09:06:28,2026-09-04 09:02:29,InfoprosysSURFACE-B2C,"MIDC Phase 2, Pune, Maharashtra, Pune, Maharashtra",MOCK1788512531646,New,,not_ready,,4.0,DELHIVERY,RETURN,CUSTOMER_TO_HUB,,1,30.0,30.0,30.0,VENDOR,,,,,,,0,,0,1.0,,0,,,,,0.0,,0.0,,0.0
239,DTDC12345,10.0,10x10x10,D12345,,,Booked,0,"{""remarks"": ""abc"", ""proof_url"": ""/uploads/inbound_receive/f3271377-e95d-4615-9cd6-e7389a9fbbd5.png"", ""proof_urls"": [""/uploads/inbound_receive/f3271377-e95d-4615-9cd6-e7389a9fbbd5.png""], ""received_at"": ""2026-09-04T10:28:07.879Z"", ""received_by"": 1, ""inbound_received_at"": ""2026-09-04T10:28:07.879Z""}",2026-09-04 10:27:26.558119,2026-09-05 08:51:21.741062,269,7.0,,3.0,1.0,INBOUND,PASSED,,,,240.0,,240.0,2026-09-04 10:29:03,,,,,,,,OUTBOUND_READY,2026-09-04 10:29:18,1.0,,,,,,,,2026-09-08,,,2026-09-04 10:28:08,,,,,,,ready_for_pickup,2026-09-04 10:27:27,,SELF,INBOUND,VENDOR_TO_HUB,1.0,1,10.0,10.0,10.0,VENDOR,Sachin Rewatkar,9404950776.0,"Wakad, Pune",Pune,Maharashtra,441057.0,0,,0,,,0,,,,,0.0,,0.0,,0.0
240,Delhivery,25.0,20x20x20,MOCK1788517757070,,https://staging-express.delhivery.com/api/p/packing_slip?wbns=MOCK1788517757070&pdf=true,Booked,1,"{""awb"": ""MOCK1788517757070"", ""raw"": {""mock"": true, ""waybill"": ""MOCK1788517757070""}, ""adapter"": ""Delhivery"", ""booked_at"": ""2026-09-04T10:29:17.223Z"", ""label_url"": ""https://staging-express.delhivery.com/api/p/packing_slip?wbns=MOCK1788517757070&pdf=true"", ""pickup_id"": null, ""courier_name"": ""Delhivery""}",2026-09-04 10:29:16.714237,2026-09-05 08:51:21.741062,269,7.0,1.0,,,OUTBOUND,PENDING,"{""eta"": 2, ""cost"": 300, ""source"": ""FALLBACK_ESTIMATE"", ""service"": ""Standard"", ""provider"": ""Delhivery"", ""buffer_days"": 3, ""calculated_at"": ""2026-09-04T10:29:16.513Z"", ""customer_type"": ""B2C"", ""delhivery_service"": ""B2C_PARCEL"", ""delhivery_resolution_reason"": ""no_valid_gstin""}",,,,239.0,,,,2026-09-04 10:29:17,2026-09-04 10:29:47,,,,,DELIVERED,2026-09-04 10:29:47,1.0,,,,,,,,,,,,2026-09-04 10:29:17,Vendor Pune Warehouse,"Pune, Wakad, Haveli, Maharashtra",MOCK1788517757070,,2.0,pickup_scheduled,2026-09-04 10:29:18,4.0,DELHIVERY,OUTBOUND,HUB_TO_CUSTOMER,,1,20.0,20.0,20.0,VENDOR,,,,,,,0,,0,1.0,,0,,,,,0.0,,0.0,,0.0
241,DTDC12345,15.0,15x15x15,D12345,,,Booked,0,"{""remarks"": ""abc"", ""proof_url"": ""/uploads/inbound_receive/2456dfb1-23d8-4bfd-b2da-0bb0d9820b6e.png"", ""proof_urls"": [""/uploads/inbound_receive/2456dfb1-23d8-4bfd-b2da-0bb0d9820b6e.png""], ""received_at"": ""2026-09-04T10:46:55.187Z"", ""received_by"": 1, ""inbound_received_at"": ""2026-09-04T10:46:55.187Z""}",2026-09-04 10:46:15.343153,2026-09-05 08:51:21.741062,270,7.0,,3.0,1.0,INBOUND,PASSED,,,,242.0,,242.0,2026-09-04 10:47:48,,,,,,,,OUTBOUND_READY,2026-09-04 10:48:10,1.0,,,,,,,,2026-09-08,,,2026-09-04 10:46:55,,,,,,,ready_for_pickup,2026-09-04 10:46:15,,SELF,INBOUND,VENDOR_TO_HUB,1.0,1,15.0,15.0,15.0,VENDOR,Sachin Rewatkar,9404950776.0,"Wakad, Pune",Pune,Maharashtra,441057.0,0,,0,,,0,,,,,0.0,,0.0,,0.0
242,Delhivery,50.0,30x30x30,MOCK1788518888382,,https://staging-express.delhivery.com/api/p/packing_slip?wbns=MOCK1788518888382&pdf=true,Booked,1,"{""awb"": ""MOCK1788518888382"", ""raw"": {""mock"": true, ""waybill"": ""MOCK1788518888382""}, ""adapter"": ""Delhivery"", ""booked_at"": ""2026-09-04T10:48:08.555Z"", ""label_url"": ""https://staging-express.delhivery.com/api/p/packing_slip?wbns=MOCK1788518888382&pdf=true"", ""pickup_id"": null, ""courier_name"": ""Delhivery""}",2026-09-04 10:48:07.968389,2026-09-05 08:51:21.741062,270,7.0,1.0,,,OUTBOUND,PENDING,"{""eta"": 2, ""cost"": 300, ""source"": ""FALLBACK_ESTIMATE"", ""service"": ""Standard"", ""provider"": ""Delhivery"", ""buffer_days"": 3, ""calculated_at"": ""2026-09-04T10:48:07.869Z"", ""customer_type"": ""B2C"", ""delhivery_service"": ""B2C_PARCEL"", ""delhivery_resolution_reason"": ""no_valid_gstin""}",,,,241.0,,,,2026-09-04 10:48:09,2026-09-04 10:48:21,,,,,DELIVERED,2026-09-04 10:48:21,1.0,,,,,,,,,,,,2026-09-04 10:48:09,Vendor Pune Warehouse,"Pune, Wakad, Haveli, Maharashtra",MOCK1788518888382,,2.0,pickup_scheduled,2026-09-04 10:48:10,4.0,DELHIVERY,OUTBOUND,HUB_TO_CUSTOMER,,1,30.0,30.0,30.0,VENDOR,,,,,,,0,,0,1.0,,0,,,,,0.0,,0.0,,0.0
243,BTTS,7.0,6x4x8,TS46566,,,Booked,0,"{""remarks"": ""Received"", ""proof_url"": ""/uploads/inbound_receive/3c9588f4-7e80-423b-aeef-c6a40a4e1b88.webp"", ""proof_urls"": [""/uploads/inbound_receive/3c9588f4-7e80-423b-aeef-c6a40a4e1b88.webp""], ""received_at"": ""2026-09-04T10:51:02.504Z"", ""received_by"": 1, ""inbound_received_at"": ""2026-09-04T10:51:02.504Z""}",2026-09-04 10:49:09.823114,2026-09-05 08:51:21.741062,271,15.0,,12.0,1.0,INBOUND,PASSED,,,,244.0,,244.0,2026-09-04 10:51:46,,,,,,,,OUTBOUND_READY,2026-09-04 10:51:56,1.0,,,,,,,,2026-09-08,,,2026-09-04 10:51:03,,,,,,,ready_for_pickup,2026-09-04 10:49:10,,SELF,INBOUND,VENDOR_TO_HUB,5.0,1,6.0,4.0,8.0,VENDOR,Dnyaneshwar Panchal,9309162864.0,"Plot No. 45, Phase III, Peenya Industrial Area",Bangalore North,Karnataka,560058.0,0,,0,,,0,,,,,0.0,,0.0,,0.0
244,Delhivery,5.0,20x15x30,MOCK1788519114731,,https://staging-express.delhivery.com/api/p/packing_slip?wbns=MOCK1788519114731&pdf=true,Booked,1,"{""awb"": ""MOCK1788519114731"", ""raw"": {""mock"": true, ""waybill"": ""MOCK1788519114731""}, ""adapter"": ""Delhivery"", ""booked_at"": ""2026-09-04T10:51:54.882Z"", ""label_url"": ""https://staging-express.delhivery.com/api/p/packing_slip?wbns=MOCK1788519114731&pdf=true"", ""pickup_id"": null, ""courier_name"": ""Delhivery""}",2026-09-04 10:51:54.428967,2026-09-05 08:51:21.741062,271,15.0,1.0,,,OUTBOUND,PENDING,"{""eta"": 2, ""cost"": 180, ""source"": ""FALLBACK_ESTIMATE"", ""service"": ""Standard"", ""provider"": ""Delhivery"", ""buffer_days"": 3, ""calculated_at"": ""2026-09-04T10:51:54.340Z"", ""customer_type"": ""B2C"", ""delhivery_service"": ""B2C_PARCEL"", ""delhivery_resolution_reason"": ""no_valid_gstin""}",,,,243.0,,,,2026-09-04 10:51:55,2026-09-04 10:52:07,,,,,DELIVERED,2026-09-04 10:52:07,1.0,,,,,,,,,,,,2026-09-04 10:51:55,Vendor Pune Warehouse,"At.Post. Dhangar Takli Tq.Purna Dist.Parbhani, Near Ram Temple, Purna, Maharashtra",MOCK1788519114731,,2.0,pickup_scheduled,2026-09-04 10:51:55,11.0,DELHIVERY,OUTBOUND,HUB_TO_CUSTOMER,,1,20.0,15.0,30.0,VENDOR,,,,,,,0,,0,1.0,,0,,,,,0.0,,0.0,,0.0
245,TPSC,5.0,7x8x4,TP13455,,,Booked,0,"{""remarks"": ""Received"", ""proof_url"": ""/uploads/inbound_receive/0746fb00-f7fc-4096-be0e-5899aaa967c0.png"", ""proof_urls"": [""/uploads/inbound_receive/0746fb00-f7fc-4096-be0e-5899aaa967c0.png""], ""received_at"": ""2026-09-04T12:17:50.522Z"", ""received_by"": 1, ""inbound_received_at"": ""2026-09-04T12:17:50.522Z""}",2026-09-04 12:17:13.877748,2026-09-05 08:51:21.741062,272,15.0,,12.0,1.0,INBOUND,PASSED,,,,246.0,,246.0,2026-09-04 12:18:52,,,,,,,,OUTBOUND_READY,2026-09-04 12:19:04,1.0,,,,,,,,2026-09-08,,,2026-09-04 12:17:51,,,,,,,ready_for_pickup,2026-09-04 12:17:14,,SELF,INBOUND,VENDOR_TO_HUB,5.0,1,7.0,8.0,4.0,VENDOR,Dnyaneshwar Panchal,9309162864.0,"Plot No. 45, Phase III, Peenya Industrial Area",Bangalore North,Karnataka,560058.0,0,,0,,,0,,,,,0.0,,0.0,,0.0
246,Delhivery,5.0,20x15x30,MOCK1788524342814,,https://staging-express.delhivery.com/api/p/packing_slip?wbns=MOCK1788524342814&pdf=true,Booked,1,"{""awb"": ""MOCK1788524342814"", ""raw"": {""mock"": true, ""waybill"": ""MOCK1788524342814""}, ""adapter"": ""Delhivery"", ""booked_at"": ""2026-09-04T12:19:02.970Z"", ""label_url"": ""https://staging-express.delhivery.com/api/p/packing_slip?wbns=MOCK1788524342814&pdf=true"", ""pickup_id"": null, ""courier_name"": ""Delhivery""}",2026-09-04 12:19:02.329268,2026-09-05 08:51:21.741062,272,15.0,1.0,,,OUTBOUND,PENDING,"{""eta"": 2, ""cost"": 180, ""source"": ""FALLBACK_ESTIMATE"", ""service"": ""Standard"", ""provider"": ""Delhivery"", ""buffer_days"": 3, ""calculated_at"": ""2026-09-04T12:19:02.166Z"", ""customer_type"": ""B2C"", ""delhivery_service"": ""B2C_PARCEL"", ""delhivery_resolution_reason"": ""no_valid_gstin""}",,,,245.0,,,,2026-09-04 12:19:03,2026-09-04 12:19:21,,,,,DELIVERED,2026-09-04 12:19:21,1.0,,,,,,,,,,,,2026-09-04 12:19:03,Vendor Pune Warehouse,"At.Post. Dhangar Takli Tq.Purna Dist.Parbhani, Near Ram Temple, Purna, Maharashtra",MOCK1788524342814,,2.0,pickup_scheduled,2026-09-04 12:19:04,11.0,DELHIVERY,OUTBOUND,HUB_TO_CUSTOMER,,1,20.0,15.0,30.0,VENDOR,,,,,,,0,,0,1.0,,0,,,,,0.0,,0.0,,0.0
247,DTDC12345,10.0,10x10x10,D12345,,,Booked,0,"{""remarks"": ""Received."", ""proof_url"": ""/uploads/inbound_receive/902a89b8-2f77-48a0-b8b9-b5b59bc1d18d.jpg"", ""proof_urls"": [""/uploads/inbound_receive/902a89b8-2f77-48a0-b8b9-b5b59bc1d18d.jpg""], ""received_at"": ""2026-09-05T08:33:20.496Z"", ""received_by"": 1, ""inbound_received_at"": ""2026-09-05T08:33:20.496Z""}",2026-09-05 08:31:43.376358,2026-09-05 08:51:21.741062,273,7.0,,3.0,1.0,INBOUND,PASSED,,,,248.0,,248.0,2026-09-05 08:34:29,,,,,,,,OUTBOUND_READY,2026-09-05 08:34:38,1.0,,,,,,,,2026-09-09,,,2026-09-05 08:33:20,,,,,,,ready_for_pickup,2026-09-05 08:31:43,,SELF,INBOUND,VENDOR_TO_HUB,1.0,1,10.0,10.0,10.0,VENDOR,Sachin Rewatkar,9404950776.0,"Wakad, Pune",Pune,Maharashtra,441057.0,0,,0,,,0,,,,,0.0,,0.0,,0.0
248,Delhivery,4.0,300x300x140,MOCK1788597277267,,https://staging-express.delhivery.com/api/p/packing_slip?wbns=MOCK1788597277267&pdf=true,Booked,1,"{""awb"": ""MOCK1788597277267"", ""raw"": {""mock"": true, ""waybill"": ""MOCK1788597277267""}, ""adapter"": ""Delhivery"", ""booked_at"": ""2026-09-05T08:34:37.433Z"", ""label_url"": ""https://staging-express.delhivery.com/api/p/packing_slip?wbns=MOCK1788597277267&pdf=true"", ""pickup_id"": null, ""courier_name"": ""Delhivery""}",2026-09-05 08:34:36.916044,2026-09-05 08:51:21.741062,273,7.0,1.0,,,OUTBOUND,PENDING,"{""eta"": 2, ""cost"": 180, ""source"": ""FALLBACK_ESTIMATE"", ""service"": ""Standard"", ""provider"": ""Delhivery"", ""buffer_days"": 3, ""calculated_at"": ""2026-09-05T08:34:36.769Z"", ""customer_type"": ""B2C"", ""delhivery_service"": ""B2C_PARCEL"", ""delhivery_resolution_reason"": ""no_valid_gstin""}",,,,247.0,,,,2026-09-05 08:34:38,2026-09-05 08:35:59,,,,,DELIVERED,2026-09-05 08:35:59,1.0,,,,,,,,,,,,2026-09-05 08:34:38,Vendor Pune Warehouse,"Pune, Wakad, Haveli, Maharashtra",MOCK1788597277267,,3.0,pickup_scheduled,2026-09-05 08:34:38,4.0,DELHIVERY,OUTBOUND,HUB_TO_CUSTOMER,,1,300.0,300.0,140.0,VENDOR,,,,,,,0,,0,1.0,,0,,,,,0.0,,0.0,,0.0
249,Delhivery,4.0,300x300x140,MOCK1788949808537,,https://staging-express.delhivery.com/api/p/packing_slip?wbns=MOCK1788949808537&pdf=true,Booked,1,"{""awb"": ""MOCK1788949808537"", ""raw"": {""mock"": true, ""waybill"": ""MOCK1788949808537""}, ""adapter"": ""Delhivery"", ""booked_at"": ""2026-09-09T10:30:08.672Z"", ""label_url"": ""https://staging-express.delhivery.com/api/p/packing_slip?wbns=MOCK1788949808537&pdf=true"", ""pickup_id"": null, ""courier_name"": ""Delhivery"", ""replacement_outbound_shipment_id"": 299, ""swap_with_replacement_outbound_order_id"": 282, ""deferred_swap_until_replacement_outbound"": false}",2026-09-05 09:58:14.110313,2026-09-09 10:30:08,273,7.0,1.0,4.0,1.0,RETURN,PENDING,,,,,248.0,,,,2026-09-05 10:37:54,,,,,,RETURN_IN_TRANSIT,2026-09-05 10:37:54,1.0,,,,,,,2026-09-05 09:58:14,,,,,2026-09-05 10:37:54,InfoprosysSURFACE-B2C,"MIDC Phase 2, Pune, Maharashtra, Pune, Maharashtra",MOCK1788949808537,New,,not_ready,,4.0,DELHIVERY,EXCHANGE_RETURN,CUSTOMER_TO_HUB,,1,300.0,300.0,140.0,VENDOR,,,,,,,0,,0,1.0,,0,,,,,,,,,
250,DTDC12345,1.0,1x1x1,1234567890,,,Booked,0,"{""remarks"": ""Received replacement order from vendor."", ""proof_url"": ""/uploads/inbound_receive/1fc99ab1-d97a-445e-a6bc-c44915fc0210.png"", ""proof_urls"": [""/uploads/inbound_receive/1fc99ab1-d97a-445e-a6bc-c44915fc0210.png""], ""received_at"": ""2026-09-05T10:13:56.455Z"", ""received_by"": 1, ""old_order_id"": 273, ""exchange_return_id"": 41, ""inbound_received_at"": ""2026-09-05T10:13:56.455Z"", ""exchange_replacement"": true, ""replacement_order_id"": 282}",2026-09-05 10:11:51.916415,2026-09-09 10:30:06,282,7.0,,3.0,1.0,INBOUND,PASSED,,,,299.0,,299.0,2026-09-09 10:30:06,,,,,,,,HUB_PACKAGED,2026-09-09 10:30:06,1.0,,,,,,,,2026-09-07,,,2026-09-05 10:13:56,,,,,,,not_ready,,,SELF,EXCHANGE_REPLACEMENT,VENDOR_TO_HUB,1.0,1,1.0,1.0,1.0,VENDOR,Sachin Rewatkar,9404950776.0,"Wakad, Pune",Pune,Maharashtra,441057.0,0,,0,,,0,,,,,,,,,
251,DTDC12345,10.0,10x10x10,D12345,,,Booked,0,"{""remarks"": ""Received."", ""proof_url"": ""/uploads/inbound_receive/8fa2c80a-8777-40a5-8d6c-3c8dd8850fb8.png"", ""proof_urls"": [""/uploads/inbound_receive/8fa2c80a-8777-40a5-8d6c-3c8dd8850fb8.png""], ""received_at"": ""2026-09-05T10:42:05.777Z"", ""received_by"": 1, ""inbound_received_at"": ""2026-09-05T10:42:05.777Z""}",2026-09-05 10:41:36.939586,2026-09-05 10:47:06,283,7.0,,3.0,1.0,INBOUND,PASSED,,,,252.0,,252.0,2026-09-05 10:46:54,,,,,,,,OUTBOUND_READY,2026-09-05 10:47:07,1.0,,,,,,,,2026-09-09,,,2026-09-05 10:42:06,,,,,,,ready_for_pickup,2026-09-05 10:41:37,,SELF,INBOUND,VENDOR_TO_HUB,1.0,1,10.0,10.0,10.0,VENDOR,Sachin Rewatkar,9404950776.0,"Wakad, Pune",Pune,Maharashtra,441057.0,0,,0,,,0,,,,,,,,,
252,Delhivery,4.0,300x300x140,MOCK1788605225478,,https://staging-express.delhivery.com/api/p/packing_slip?wbns=MOCK1788605225478&pdf=true,Booked,1,"{""awb"": ""MOCK1788605225478"", ""raw"": {""mock"": true, ""waybill"": ""MOCK1788605225478""}, ""adapter"": ""Delhivery"", ""booked_at"": ""2026-09-05T10:47:05.635Z"", ""label_url"": ""https://staging-express.delhivery.com/api/p/packing_slip?wbns=MOCK1788605225478&pdf=true"", ""pickup_id"": null, ""courier_name"": ""Delhivery""}",2026-09-05 10:47:05.060200,2026-09-05 10:47:21,283,7.0,1.0,,,OUTBOUND,PENDING,"{""eta"": 2, ""cost"": 180, ""source"": ""FALLBACK_ESTIMATE"", ""service"": ""Standard"", ""provider"": ""Delhivery"", ""buffer_days"": 3, ""calculated_at"": ""2026-09-05T10:47:04.942Z"", ""customer_type"": ""B2C"", ""delhivery_service"": ""B2C_PARCEL"", ""delhivery_resolution_reason"": ""no_valid_gstin""}",,,,251.0,,,,2026-09-05 10:47:06,2026-09-05 10:47:21,,,,,DELIVERED,2026-09-05 10:47:21,1.0,,,,,,,,,,,,2026-09-05 10:47:06,Vendor Pune Warehouse,"Pune, Wakad, Haveli, Maharashtra",MOCK1788605225478,,3.0,pickup_scheduled,2026-09-05 10:47:06,4.0,DELHIVERY,OUTBOUND,HUB_TO_CUSTOMER,,1,300.0,300.0,140.0,VENDOR,,,,,,,0,,0,1.0,,0,,,,,,,,,
253,Delhivery,4.0,300x300x140,MOCK1788606595150,,https://staging-express.delhivery.com/api/p/packing_slip?wbns=MOCK1788606595150&pdf=true,Booked,1,"{""awb"": ""MOCK1788606595150"", ""raw"": {""mock"": true, ""waybill"": ""MOCK1788606595150""}, ""adapter"": ""Delhivery"", ""remarks"": ""abc"", ""booked_at"": ""2026-09-05T11:09:55.293Z"", ""label_url"": ""https://staging-express.delhivery.com/api/p/packing_slip?wbns=MOCK1788606595150&pdf=true"", ""pickup_id"": null, ""proof_url"": ""/uploads/inbound_receive/606707c6-b854-42e5-89aa-daa915e2f7ff.png"", ""proof_urls"": [""/uploads/inbound_receive/606707c6-b854-42e5-89aa-daa915e2f7ff.png""], ""received_at"": ""2026-09-07T10:44:52.413Z"", ""received_by"": 1, ""courier_name"": ""Delhivery"", ""inbound_received_at"": ""2026-09-07T10:44:52.413Z"", ""replacement_outbound_shipment_id"": 256, ""swap_with_replacement_outbound_order_id"": 284, ""deferred_swap_until_replacement_outbound"": false}",2026-09-05 10:51:29.262147,2026-09-07 10:44:52,283,7.0,1.0,4.0,1.0,RETURN,PENDING,,,,,252.0,,,,2026-09-05 11:09:55,,,,,,RETURN_QC_PENDING,2026-09-07 10:44:53,1.0,,,,,,,2026-09-05 10:51:29,,,,2026-09-07 10:44:52,2026-09-05 11:10:44,InfoprosysSURFACE-B2C,"MIDC Phase 2, Pune, Maharashtra, Pune, Maharashtra",MOCK1788606595150,New,,not_ready,,4.0,DELHIVERY,EXCHANGE_RETURN,CUSTOMER_TO_HUB,,1,300.0,300.0,140.0,VENDOR,,,,,,,0,,0,1.0,,0,,,,,,,,,
254,DTDC,10.0,10x10x10,1234567890,,,Booked,0,"{""remarks"": ""Received."", ""proof_url"": ""/uploads/inbound_receive/0a6b3a5d-3ea5-4864-a932-30fbd9e4be79.png"", ""proof_urls"": [""/uploads/inbound_receive/0a6b3a5d-3ea5-4864-a932-30fbd9e4be79.png""], ""received_at"": ""2026-09-05T10:54:55.733Z"", ""received_by"": 1, ""old_order_id"": 283, ""exchange_return_id"": 42, ""inbound_received_at"": ""2026-09-05T10:54:55.733Z"", ""exchange_replacement"": true, ""replacement_order_id"": 284}",2026-09-05 10:54:19.697860,2026-09-05 11:09:53,284,7.0,,3.0,1.0,INBOUND,PASSED,,,,256.0,,256.0,2026-09-05 11:09:54,,,,,,,,HUB_PACKAGED,2026-09-05 11:09:54,1.0,,,,,,,,2026-09-07,,,2026-09-05 10:54:56,,,,,,,not_ready,,,SELF,EXCHANGE_REPLACEMENT,VENDOR_TO_HUB,1.0,1,10.0,10.0,10.0,VENDOR,Sachin Rewatkar,9404950776.0,"Wakad, Pune",Pune,Maharashtra,441057.0,0,,0,,,0,,,,,,,,,
255,,4.0,300x300x140,,,,Pending,0,,2026-09-05 11:09:54.163379,2026-09-05 11:09:54,284,7.0,1.0,,,OUTBOUND,PENDING,"{""eta"": 2, ""cost"": 180, ""source"": ""FALLBACK_ESTIMATE"", ""service"": ""Standard"", ""provider"": ""Delhivery"", ""buffer_days"": 3, ""calculated_at"": ""2026-09-05T11:09:53.979Z""}",,,,254.0,,,,,,,,,,OUTBOUND_READY,,,,,,,,,,,,,,,,,,,,not_ready,,4.0,DELHIVERY,OUTBOUND,HUB_TO_CUSTOMER,,1,300.0,300.0,140.0,VENDOR,,,,,,,0,,0,,,0,,,,,,,,,
256,,4.0,300x300x140,,,,Pending,0,,2026-09-05 11:09:54.213837,2026-09-05 11:09:54,284,7.0,1.0,,,OUTBOUND,PENDING,"{""eta"": 2, ""cost"": 180, ""source"": ""FALLBACK_ESTIMATE"", ""service"": ""Standard"", ""provider"": ""Delhivery"", ""buffer_days"": 3, ""calculated_at"": ""2026-09-05T11:09:54.109Z""}",,,,254.0,,,,,,,,,,OUTBOUND_READY,,,,,,,,,,,,,,,,,,,,not_ready,,4.0,DELHIVERY,OUTBOUND,HUB_TO_CUSTOMER,,1,300.0,300.0,140.0,VENDOR,,,,,,,0,,0,,,0,,,,,,,,,
257,DTDC,10.0,10x10x10,D123456,,,Booked,0,"{""remarks"": ""Received."", ""proof_url"": ""/uploads/inbound_receive/a7ba6853-4815-41d2-b9c0-69ed47acff82.png"", ""proof_urls"": [""/uploads/inbound_receive/a7ba6853-4815-41d2-b9c0-69ed47acff82.png""], ""received_at"": ""2026-09-07T10:23:02.873Z"", ""received_by"": 1, ""inbound_received_at"": ""2026-09-07T10:23:02.873Z""}",2026-09-07 10:22:32.148435,2026-09-07 10:24:02,288,7.0,,3.0,1.0,INBOUND,PASSED,,,,258.0,,258.0,2026-09-07 10:23:54,,,,,,,,OUTBOUND_READY,2026-09-07 10:24:03,1.0,,,,,,,,2026-09-11,,,2026-09-07 10:23:03,,,,,,,ready_for_pickup,2026-09-07 10:22:32,,SELF,INBOUND,VENDOR_TO_HUB,1.0,1,10.0,10.0,10.0,VENDOR,Sachin Rewatkar,9404950776.0,"Wakad, Pune",Pune,Maharashtra,441057.0,0,,0,,,0,,,,,,,,,
258,Delhivery,4.0,300x300x140,MOCK1788776641343,,https://staging-express.delhivery.com/api/p/packing_slip?wbns=MOCK1788776641343&pdf=true,Booked,1,"{""awb"": ""MOCK1788776641343"", ""raw"": {""mock"": true, ""waybill"": ""MOCK1788776641343""}, ""adapter"": ""Delhivery"", ""booked_at"": ""2026-09-07T10:24:01.520Z"", ""label_url"": ""https://staging-express.delhivery.com/api/p/packing_slip?wbns=MOCK1788776641343&pdf=true"", ""pickup_id"": null, ""courier_name"": ""Delhivery""}",2026-09-07 10:24:01.008913,2026-09-07 10:24:14,288,7.0,1.0,,,OUTBOUND,PENDING,"{""eta"": 2, ""cost"": 180, ""source"": ""FALLBACK_ESTIMATE"", ""service"": ""Standard"", ""provider"": ""Delhivery"", ""buffer_days"": 3, ""calculated_at"": ""2026-09-07T10:24:00.931Z"", ""customer_type"": ""B2C"", ""delhivery_service"": ""B2C_PARCEL"", ""delhivery_resolution_reason"": ""no_valid_gstin""}",,,,257.0,,,,2026-09-07 10:24:02,2026-09-07 10:24:15,,,,,DELIVERED,2026-09-07 10:24:15,1.0,,,,,,,,,,,,2026-09-07 10:24:02,Vendor Pune Warehouse,"Pune, Wakad, Haveli, Maharashtra",MOCK1788776641343,,4.0,pickup_scheduled,2026-09-07 10:24:02,4.0,DELHIVERY,OUTBOUND,HUB_TO_CUSTOMER,,1,300.0,300.0,140.0,VENDOR,,,,,,,0,,0,1.0,,0,,,,,,,,,
259,Delhivery,4.0,300x300x140,MOCK1788777030702,,https://staging-express.delhivery.com/api/p/packing_slip?wbns=MOCK1788777030702&pdf=true,Booked,1,"{""awb"": ""MOCK1788777030702"", ""raw"": {""mock"": true, ""waybill"": ""MOCK1788777030702""}, ""adapter"": ""Delhivery"", ""remarks"": ""Yes"", ""booked_at"": ""2026-09-07T10:30:30.813Z"", ""label_url"": ""https://staging-express.delhivery.com/api/p/packing_slip?wbns=MOCK1788777030702&pdf=true"", ""pickup_id"": null, ""proof_url"": ""/uploads/inbound_receive/2abe430b-3420-4d19-9f03-1bc2b27be706.png"", ""proof_urls"": [""/uploads/inbound_receive/2abe430b-3420-4d19-9f03-1bc2b27be706.png""], ""received_at"": ""2026-09-07T10:31:53.269Z"", ""received_by"": 1, ""courier_name"": ""Delhivery"", ""inbound_received_at"": ""2026-09-07T10:31:53.269Z""}",2026-09-07 10:30:30.363552,2026-09-07 10:45:17,288,7.0,1.0,4.0,1.0,RETURN,PASSED,,,,,258.0,,,,2026-09-07 10:30:31,,,,,,RETURN_COMPLETED,2026-09-07 10:45:17,1.0,,,,,,,2026-09-07 10:30:31,,,,2026-09-07 10:31:53,2026-09-07 10:31:00,InfoprosysSURFACE-B2C,"MIDC Phase 2, Pune, Maharashtra, Pune, Maharashtra",MOCK1788777030702,New,,not_ready,,4.0,DELHIVERY,RETURN,CUSTOMER_TO_HUB,,1,300.0,300.0,140.0,VENDOR,,,,,,,0,,0,1.0,,0,,,,,,,,,
260,DTDC,10.0,10x10x10,D123456,,,Booked,0,"{""remarks"": ""a"", ""proof_url"": ""/uploads/inbound_receive/66e8630f-e3a6-45fb-ab68-fb78bcd030f8.png"", ""proof_urls"": [""/uploads/inbound_receive/66e8630f-e3a6-45fb-ab68-fb78bcd030f8.png""], ""received_at"": ""2026-09-08T11:07:27.854Z"", ""received_by"": 1, ""inbound_received_at"": ""2026-09-08T11:07:27.854Z""}",2026-09-08 10:37:46.796977,2026-09-08 11:08:42,299,7.0,,3.0,1.0,INBOUND,PASSED,,,,261.0,,261.0,2026-09-08 11:08:31,,,,,,,,OUTBOUND_READY,2026-09-08 11:08:43,1.0,,,,,,,,2026-09-12,,,2026-09-08 11:07:28,,,,,,,ready_for_pickup,2026-09-08 10:37:47,,SELF,INBOUND,VENDOR_TO_HUB,1.0,1,10.0,10.0,10.0,VENDOR,Sachin Rewatkar,9404950776.0,"Wakad, Pune",Pune,Maharashtra,441057.0,0,,0,,,0,,,,,,,,,
261,Delhivery,50.0,50x50x50,MOCK1788865721725,,https://staging-express.delhivery.com/api/p/packing_slip?wbns=MOCK1788865721725&pdf=true,Booked,1,"{""awb"": ""MOCK1788865721725"", ""raw"": {""mock"": true, ""waybill"": ""MOCK1788865721725""}, ""adapter"": ""Delhivery"", ""booked_at"": ""2026-09-08T11:08:41.888Z"", ""label_url"": ""https://staging-express.delhivery.com/api/p/packing_slip?wbns=MOCK1788865721725&pdf=true"", ""pickup_id"": null, ""courier_name"": ""Delhivery""}",2026-09-08 11:08:41.201559,2026-09-08 11:08:51,299,7.0,1.0,,,OUTBOUND,PENDING,"{""eta"": 2, ""cost"": 300, ""source"": ""FALLBACK_ESTIMATE"", ""service"": ""Standard"", ""provider"": ""Delhivery"", ""buffer_days"": 3, ""calculated_at"": ""2026-09-08T11:08:41.105Z"", ""customer_type"": ""B2C"", ""delhivery_service"": ""B2C_PARCEL"", ""delhivery_resolution_reason"": ""no_valid_gstin""}",,,,260.0,,,,2026-09-08 11:08:42,2026-09-08 11:08:52,,,,,DELIVERED,2026-09-08 11:08:52,1.0,,,,,,,,,,,,2026-09-08 11:08:42,Vendor Pune Warehouse,"Pune, Wakad, Haveli, Maharashtra",MOCK1788865721725,,5.0,pickup_scheduled,2026-09-08 11:08:43,4.0,DELHIVERY,OUTBOUND,HUB_TO_CUSTOMER,,1,50.0,50.0,50.0,VENDOR,,,,,,,0,,0,1.0,,0,,,,,,,,,
265,DTDC,10.0,10x10x10,D123456,,,Booked,0,"{""remarks"": ""product received."", ""proof_url"": ""/uploads/inbound_receive/0e6ce400-2e69-4e7d-990f-f7be1df638df.png"", ""proof_urls"": [""/uploads/inbound_receive/0e6ce400-2e69-4e7d-990f-f7be1df638df.png""], ""received_at"": ""2026-09-08T17:30:06.009Z"", ""received_by"": 1, ""inbound_received_at"": ""2026-09-08T17:30:06.009Z""}",2026-09-08 17:29:17.416461,2026-09-08 17:31:31,306,7.0,,3.0,1.0,INBOUND,PASSED,,,,266.0,,266.0,2026-09-08 17:31:21,,,,,,,,OUTBOUND_READY,2026-09-08 17:31:31,1.0,,,,,,,,2026-09-12,,,2026-09-08 17:30:06,,,,,,,ready_for_pickup,2026-09-08 17:29:17,,SELF,INBOUND,VENDOR_TO_HUB,1.0,1,10.0,10.0,10.0,VENDOR,Sachin Rewatkar,9404950776.0,"Wakad, Pune",Pune,Maharashtra,441057.0,0,,0,,,0,,,,,,,,,
266,Delhivery,4.0,300x300x140,MOCK1788888689987,,https://staging-express.delhivery.com/api/p/packing_slip?wbns=MOCK1788888689987&pdf=true,Booked,1,"{""awb"": ""MOCK1788888689987"", ""raw"": {""mock"": true, ""waybill"": ""MOCK1788888689987""}, ""adapter"": ""Delhivery"", ""booked_at"": ""2026-09-08T17:31:30.153Z"", ""label_url"": ""https://staging-express.delhivery.com/api/p/packing_slip?wbns=MOCK1788888689987&pdf=true"", ""pickup_id"": null, ""courier_name"": ""Delhivery""}",2026-09-08 17:31:29.653845,2026-09-08 17:31:43,306,7.0,1.0,,,OUTBOUND,PENDING,"{""eta"": 2, ""cost"": 180, ""source"": ""FALLBACK_ESTIMATE"", ""service"": ""Standard"", ""provider"": ""Delhivery"", ""buffer_days"": 3, ""calculated_at"": ""2026-09-08T17:31:29.587Z"", ""customer_type"": ""B2C"", ""delhivery_service"": ""B2C_PARCEL"", ""delhivery_resolution_reason"": ""no_valid_gstin""}",,,,265.0,,,,2026-09-08 17:31:30,2026-09-08 17:31:43,,,,,DELIVERED,2026-09-08 17:31:43,1.0,,,,,,,,,,,,2026-09-08 17:31:30,Vendor Pune Warehouse,"Pune, Wakad, Haveli, Maharashtra",MOCK1788888689987,,5.0,pickup_scheduled,2026-09-08 17:31:31,4.0,DELHIVERY,OUTBOUND,HUB_TO_CUSTOMER,,1,300.0,300.0,140.0,VENDOR,,,,,,,0,,0,1.0,,0,,,,,,,,,
268,DTDC,10.0,10x10x10,D123456,,,Booked,0,"{""remarks"": ""RRRRRRRRRRRRRRRRRRRRRRRRRRRRR"", ""proof_url"": ""/uploads/inbound_receive/249680f6-cf98-4be6-b380-e4d2eedb3369.png"", ""proof_urls"": [""/uploads/inbound_receive/249680f6-cf98-4be6-b380-e4d2eedb3369.png""], ""received_at"": ""2026-09-08T17:52:17.577Z"", ""received_by"": 1, ""inbound_received_at"": ""2026-09-08T17:52:17.577Z""}",2026-09-08 17:51:46.819669,2026-09-08 17:53:11,308,7.0,,3.0,1.0,INBOUND,PASSED,,,,269.0,,269.0,2026-09-08 17:53:03,,,,,,,,OUTBOUND_READY,2026-09-08 17:53:12,1.0,,,,,,,,2026-09-12,,,2026-09-08 17:52:18,,,,,,,ready_for_pickup,2026-09-08 17:51:47,,SELF,INBOUND,VENDOR_TO_HUB,1.0,1,10.0,10.0,10.0,VENDOR,Sachin Rewatkar,9404950776.0,"Wakad, Pune",Pune,Maharashtra,441057.0,0,,0,,,0,,,,,,,,,
269,Delhivery,4.0,300x300x140,MOCK1788889990859,,https://staging-express.delhivery.com/api/p/packing_slip?wbns=MOCK1788889990859&pdf=true,Booked,1,"{""awb"": ""MOCK1788889990859"", ""raw"": {""mock"": true, ""waybill"": ""MOCK1788889990859""}, ""adapter"": ""Delhivery"", ""booked_at"": ""2026-09-08T17:53:11.011Z"", ""label_url"": ""https://staging-express.delhivery.com/api/p/packing_slip?wbns=MOCK1788889990859&pdf=true"", ""pickup_id"": null, ""courier_name"": ""Delhivery""}",2026-09-08 17:53:10.571403,2026-09-08 17:53:42,308,7.0,1.0,,,OUTBOUND,PENDING,"{""eta"": 2, ""cost"": 180, ""source"": ""FALLBACK_ESTIMATE"", ""service"": ""Standard"", ""provider"": ""Delhivery"", ""buffer_days"": 3, ""calculated_at"": ""2026-09-08T17:53:10.492Z"", ""customer_type"": ""B2C"", ""delhivery_service"": ""B2C_PARCEL"", ""delhivery_resolution_reason"": ""no_valid_gstin""}",,,,268.0,,,,2026-09-08 17:53:11,2026-09-08 17:53:43,,,,,DELIVERED,2026-09-08 17:53:43,1.0,,,,,,,,,,,,2026-09-08 17:53:11,Vendor Pune Warehouse,"Pune, Wakad, Haveli, Maharashtra",MOCK1788889990859,,5.0,pickup_scheduled,2026-09-08 17:53:12,4.0,DELHIVERY,OUTBOUND,HUB_TO_CUSTOMER,,1,300.0,300.0,140.0,VENDOR,,,,,,,0,,0,1.0,,0,,,,,,,,,
273,Delhivery,4.0,300x300x140,MOCK1788928789581,,https://staging-express.delhivery.com/api/p/packing_slip?wbns=MOCK1788928789581&pdf=true,Booked,1,"{""awb"": ""MOCK1788928789581"", ""raw"": {""mock"": true, ""waybill"": ""MOCK1788928789581""}, ""adapter"": ""Delhivery"", ""booked_at"": ""2026-09-09T04:39:49.768Z"", ""label_url"": ""https://staging-express.delhivery.com/api/p/packing_slip?wbns=MOCK1788928789581&pdf=true"", ""pickup_id"": null, ""courier_name"": ""Delhivery""}",2026-09-09 04:39:48.489530,2026-09-09 09:17:19,308,7.0,1.0,4.0,1.0,RETURN,PENDING,,,,,269.0,,,,2026-09-09 04:39:50,,,,,,RETURN_IN_TRANSIT,2026-09-09 09:17:20,1.0,,,,,,,2026-09-09 04:39:49,,,,,2026-09-09 09:17:20,InfoprosysSURFACE-B2C,"MIDC Phase 2, Pune, Maharashtra, Pune, Maharashtra",MOCK1788928789581,New,,not_ready,,4.0,DELHIVERY,RETURN,CUSTOMER_TO_HUB,,1,300.0,300.0,140.0,VENDOR,,,,,,,0,,0,1.0,,0,,,,,,,,,
274,,4.0,300x300x140,,,,Pending,0,"{""actor_id"": 1, ""return_reason"": ""Damaged Product - abcmmmmmmmmmmmmmmmmmmmmmmmmmmmmmmmmmmmm"", ""created_reason"": ""Customer Exchange Reverse Logistics"", ""exchange_return"": true, ""original_outbound_shipment_id"": 266, ""deferred_swap_until_replacement_outbound"": true}",2026-09-09 04:40:03.335084,2026-09-09 09:17:13,306,7.0,,4.0,1.0,RETURN,PENDING,,,,,266.0,,,,2026-09-09 09:17:13,,,,,,RETURN_PICKED_UP,2026-09-09 09:17:13,1.0,,,,,,,2026-09-09 04:40:04,,,,,2026-09-09 09:17:13,,,,,,not_ready,,4.0,DELHIVERY,EXCHANGE_RETURN,CUSTOMER_TO_HUB,,1,300.0,300.0,140.0,VENDOR,,,,,,,0,,0,,,0,,,,,,,,,
275,DTDC,10.0,10x10x10,D123456,,,Booked,0,"{""remarks"": ""aaaaaaaaaaaaaaaaaaaaaaaaaa"", ""proof_url"": ""/uploads/inbound_receive/77e70c9e-1341-4914-a3d7-fbb600548f20.png"", ""proof_urls"": [""/uploads/inbound_receive/77e70c9e-1341-4914-a3d7-fbb600548f20.png""], ""received_at"": ""2026-09-09T06:22:40.918Z"", ""received_by"": 1, ""inbound_received_at"": ""2026-09-09T06:22:40.918Z""}",2026-09-09 06:21:56.847888,2026-09-09 06:23:39,310,7.0,,3.0,1.0,INBOUND,PASSED,,,,276.0,,276.0,2026-09-09 06:23:30,,,,,,,,OUTBOUND_READY,2026-09-09 06:23:39,1.0,,,,,,,,2026-09-13,,,2026-09-09 06:22:41,,,,,,,ready_for_pickup,2026-09-09 06:21:57,,SELF,INBOUND,VENDOR_TO_HUB,1.0,1,10.0,10.0,10.0,VENDOR,Sachin Rewatkar,9404950776.0,"Wakad, Pune",Pune,Maharashtra,441057.0,0,,0,,,0,,,,,,,,,
276,Delhivery,4.0,300x300x140,MOCK1788935018090,,https://staging-express.delhivery.com/api/p/packing_slip?wbns=MOCK1788935018090&pdf=true,Booked,1,"{""awb"": ""MOCK1788935018090"", ""raw"": {""mock"": true, ""waybill"": ""MOCK1788935018090""}, ""adapter"": ""Delhivery"", ""booked_at"": ""2026-09-09T06:23:38.222Z"", ""label_url"": ""https://staging-express.delhivery.com/api/p/packing_slip?wbns=MOCK1788935018090&pdf=true"", ""pickup_id"": null, ""courier_name"": ""Delhivery""}",2026-09-09 06:23:37.782014,2026-09-09 06:24:19,310,7.0,1.0,,,OUTBOUND,PENDING,"{""eta"": 2, ""cost"": 180, ""source"": ""FALLBACK_ESTIMATE"", ""service"": ""Standard"", ""provider"": ""Delhivery"", ""buffer_days"": 3, ""calculated_at"": ""2026-09-09T06:23:37.692Z"", ""customer_type"": ""B2C"", ""delhivery_service"": ""B2C_PARCEL"", ""delhivery_resolution_reason"": ""no_valid_gstin""}",,,,275.0,,,,2026-09-09 06:23:38,2026-09-09 06:24:19,,,,,DELIVERED,2026-09-09 06:24:19,1.0,,,,,,,,,,,,2026-09-09 06:23:38,Vendor Pune Warehouse,"Pune, Wakad, Haveli, Maharashtra",MOCK1788935018090,,6.0,pickup_scheduled,2026-09-09 06:23:39,4.0,DELHIVERY,OUTBOUND,HUB_TO_CUSTOMER,,1,300.0,300.0,140.0,VENDOR,,,,,,,0,,0,1.0,,0,,,,,,,,,
277,Delhivery,4.0,300x300x140,MOCK1788935922235,,https://staging-express.delhivery.com/api/p/packing_slip?wbns=MOCK1788935922235&pdf=true,Booked,1,"{""awb"": ""MOCK1788935922235"", ""raw"": {""mock"": true, ""waybill"": ""MOCK1788935922235""}, ""adapter"": ""Delhivery"", ""booked_at"": ""2026-09-09T06:38:42.441Z"", ""label_url"": ""https://staging-express.delhivery.com/api/p/packing_slip?wbns=MOCK1788935922235&pdf=true"", ""pickup_id"": null, ""courier_name"": ""Delhivery"", ""replacement_outbound_shipment_id"": 280, ""swap_with_replacement_outbound_order_id"": 311, ""deferred_swap_until_replacement_outbound"": false}",2026-09-09 06:25:45.984543,2026-09-09 06:43:24,310,7.0,1.0,4.0,1.0,RETURN,PENDING,,,,,276.0,,,,2026-09-09 06:38:43,,,,,,RETURN_IN_TRANSIT,2026-09-09 06:43:25,1.0,,,,,,,2026-09-09 06:25:46,,,,,2026-09-09 06:43:07,InfoprosysSURFACE-B2C,"MIDC Phase 2, Pune, Maharashtra, Pune, Maharashtra",MOCK1788935922235,New,,not_ready,,4.0,DELHIVERY,EXCHANGE_RETURN,CUSTOMER_TO_HUB,,1,300.0,300.0,140.0,VENDOR,,,,,,,0,,0,1.0,,0,,,,,,,,,
278,DTDC,10.0,10x10x10,1234567890,,,Booked,0,"{""remarks"": ""aaaaaaaaaaaaaaaaaaaaaaaaaaaaaaaa"", ""proof_url"": ""/uploads/inbound_receive/8e173113-46b3-43ac-a19e-9421f127de10.png"", ""proof_urls"": [""/uploads/inbound_receive/8e173113-46b3-43ac-a19e-9421f127de10.png""], ""received_at"": ""2026-09-09T06:35:04.397Z"", ""received_by"": 1, ""old_order_id"": 310, ""exchange_return_id"": 47, ""inbound_received_at"": ""2026-09-09T06:35:04.397Z"", ""exchange_replacement"": true, ""replacement_order_id"": 311}",2026-09-09 06:34:34.315874,2026-09-09 06:38:41,311,7.0,,3.0,1.0,INBOUND,PASSED,,,,280.0,,280.0,2026-09-09 06:38:40,,,,,,,,HUB_PACKAGED,2026-09-09 06:38:40,1.0,,,,,,,,2026-09-11,,,2026-09-09 06:35:04,,,,,,,not_ready,,,SELF,EXCHANGE_REPLACEMENT,VENDOR_TO_HUB,1.0,1,10.0,10.0,10.0,VENDOR,Sachin Rewatkar,9404950776.0,"Wakad, Pune",Pune,Maharashtra,441057.0,0,,0,,,0,,,,,,,,,
279,,4.0,300x300x140,,,,Pending,0,,2026-09-09 06:38:40.947544,2026-09-09 06:38:41,311,7.0,1.0,,,OUTBOUND,PENDING,"{""eta"": 2, ""cost"": 180, ""source"": ""FALLBACK_ESTIMATE"", ""service"": ""Standard"", ""provider"": ""Delhivery"", ""buffer_days"": 3, ""calculated_at"": ""2026-09-09T06:38:40.760Z""}",,,,278.0,,,,,,,,,,OUTBOUND_READY,,,,,,,,,,,,,,,,,,,,not_ready,,4.0,DELHIVERY,OUTBOUND,HUB_TO_CUSTOMER,,1,300.0,300.0,140.0,VENDOR,,,,,,,0,,0,,,0,,,,,,,,,
280,,4.0,300x300x140,,,,Pending,0,,2026-09-09 06:38:41.082503,2026-09-09 06:38:41,311,7.0,1.0,,,OUTBOUND,PENDING,"{""eta"": 2, ""cost"": 180, ""source"": ""FALLBACK_ESTIMATE"", ""service"": ""Standard"", ""provider"": ""Delhivery"", ""buffer_days"": 3, ""calculated_at"": ""2026-09-09T06:38:40.860Z""}",,,,278.0,,,,,,,,,,OUTBOUND_READY,,,,,,,,,,,,,,,,,,,,not_ready,,4.0,DELHIVERY,OUTBOUND,HUB_TO_CUSTOMER,,1,300.0,300.0,140.0,VENDOR,,,,,,,0,,0,,,0,,,,,,,,,
281,DTDC,10.0,10x10x10,D1234567,,,Booked,0,"{""remarks"": ""aaaaaaaaaaaaaaaaaaaaaaaaaaaaaa"", ""proof_url"": ""/uploads/inbound_receive/fe1a55ee-b508-4409-9512-c2d348ec524d.png"", ""proof_urls"": [""/uploads/inbound_receive/fe1a55ee-b508-4409-9512-c2d348ec524d.png""], ""received_at"": ""2026-09-09T07:31:48.462Z"", ""received_by"": 1, ""inbound_received_at"": ""2026-09-09T07:31:48.462Z""}",2026-09-09 07:31:23.252125,2026-09-09 07:32:40,314,7.0,,3.0,1.0,INBOUND,PASSED,,,,282.0,,282.0,2026-09-09 07:32:33,,,,,,,,OUTBOUND_READY,2026-09-09 07:32:41,1.0,,,,,,,,2026-09-13,,,2026-09-09 07:31:48,,,,,,,ready_for_pickup,2026-09-09 07:31:23,,SELF,INBOUND,VENDOR_TO_HUB,1.0,1,10.0,10.0,10.0,VENDOR,Sachin Rewatkar,9404950776.0,"Wakad, Pune",Pune,Maharashtra,441057.0,0,,0,,,0,,,,,,,,,
282,Delhivery,4.0,300x300x140,MOCK1788939159274,,https://staging-express.delhivery.com/api/p/packing_slip?wbns=MOCK1788939159274&pdf=true,Booked,1,"{""awb"": ""MOCK1788939159274"", ""raw"": {""mock"": true, ""waybill"": ""MOCK1788939159274""}, ""adapter"": ""Delhivery"", ""booked_at"": ""2026-09-09T07:32:39.461Z"", ""label_url"": ""https://staging-express.delhivery.com/api/p/packing_slip?wbns=MOCK1788939159274&pdf=true"", ""pickup_id"": null, ""courier_name"": ""Delhivery""}",2026-09-09 07:32:38.947006,2026-09-09 07:32:49,314,7.0,1.0,,,OUTBOUND,PENDING,"{""eta"": 2, ""cost"": 180, ""source"": ""FALLBACK_ESTIMATE"", ""service"": ""Standard"", ""provider"": ""Delhivery"", ""buffer_days"": 3, ""calculated_at"": ""2026-09-09T07:32:38.857Z"", ""customer_type"": ""B2C"", ""delhivery_service"": ""B2C_PARCEL"", ""delhivery_resolution_reason"": ""no_valid_gstin""}",,,,281.0,,,,2026-09-09 07:32:40,2026-09-09 07:32:50,,,,,DELIVERED,2026-09-09 07:32:50,1.0,,,,,,,,,,,,2026-09-09 07:32:40,Vendor Pune Warehouse,"Pune, Wakad, Haveli, Maharashtra",MOCK1788939159274,,6.0,pickup_scheduled,2026-09-09 07:32:40,4.0,DELHIVERY,OUTBOUND,HUB_TO_CUSTOMER,,1,300.0,300.0,140.0,VENDOR,,,,,,,0,,0,1.0,,0,,,,,,,,,
283,,4.0,300x300x140,,,,Pending,0,"{""actor_id"": 1, ""return_reason"": ""Missing Parts - aaaaaaaaaaaaaaaaaaaaaaaaaaaaaaaaaaaaaaaaaaaaaaaa"", ""created_reason"": ""Customer Exchange Reverse Logistics"", ""exchange_return"": true, ""original_outbound_shipment_id"": 282, ""deferred_swap_until_replacement_outbound"": true}",2026-09-09 07:34:41.148546,2026-09-09 09:12:53,314,7.0,,4.0,1.0,RETURN,PENDING,,,,,282.0,,,,2026-09-09 09:12:54,,,,,,RETURN_IN_TRANSIT,2026-09-09 09:12:54,1.0,,,,,,,2026-09-09 07:34:41,,,,,2026-09-09 09:12:54,,,,,,not_ready,,4.0,DELHIVERY,EXCHANGE_RETURN,CUSTOMER_TO_HUB,,1,300.0,300.0,140.0,VENDOR,,,,,,,0,,0,,,0,,,,,,,,,
284,DTDC,10.0,10x10x10,D1234567,,,Booked,0,"{""remarks"": ""aaaaaaaaaaaaaaaaaaaaaaaaaaaaaaaaaa"", ""proof_url"": ""/uploads/inbound_receive/37a74aea-dc3d-495b-be89-4ffde66619e6.png"", ""proof_urls"": [""/uploads/inbound_receive/37a74aea-dc3d-495b-be89-4ffde66619e6.png""], ""received_at"": ""2026-09-09T07:50:59.513Z"", ""received_by"": 1, ""inbound_received_at"": ""2026-09-09T07:50:59.513Z""}",2026-09-09 07:50:34.972363,2026-09-09 07:52:05,315,7.0,,3.0,1.0,INBOUND,PASSED,,,,285.0,,285.0,2026-09-09 07:51:56,,,,,,,,OUTBOUND_READY,2026-09-09 07:52:05,1.0,,,,,,,,2026-09-13,,,2026-09-09 07:51:00,,,,,,,ready_for_pickup,2026-09-09 07:50:35,,SELF,INBOUND,VENDOR_TO_HUB,1.0,1,10.0,10.0,10.0,VENDOR,Sachin Rewatkar,9404950776.0,"Wakad, Pune",Pune,Maharashtra,441057.0,0,,0,,,0,,,,,,,,,
285,Delhivery,50.0,50x50x50,MOCK1788940324010,,https://staging-express.delhivery.com/api/p/packing_slip?wbns=MOCK1788940324010&pdf=true,Booked,1,"{""awb"": ""MOCK1788940324010"", ""raw"": {""mock"": true, ""waybill"": ""MOCK1788940324010""}, ""adapter"": ""Delhivery"", ""booked_at"": ""2026-09-09T07:52:04.182Z"", ""label_url"": ""https://staging-express.delhivery.com/api/p/packing_slip?wbns=MOCK1788940324010&pdf=true"", ""pickup_id"": null, ""courier_name"": ""Delhivery""}",2026-09-09 07:52:03.654687,2026-09-09 07:52:15,315,7.0,1.0,,,OUTBOUND,PENDING,"{""eta"": 2, ""cost"": 300, ""source"": ""FALLBACK_ESTIMATE"", ""service"": ""Standard"", ""provider"": ""Delhivery"", ""buffer_days"": 3, ""calculated_at"": ""2026-09-09T07:52:03.569Z"", ""customer_type"": ""B2C"", ""delhivery_service"": ""B2C_PARCEL"", ""delhivery_resolution_reason"": ""no_valid_gstin""}",,,,284.0,,,,2026-09-09 07:52:04,2026-09-09 07:52:15,,,,,DELIVERED,2026-09-09 07:52:15,1.0,,,,,,,,,,,,2026-09-09 07:52:04,Vendor Pune Warehouse,"Pune, Wakad, Haveli, Maharashtra",MOCK1788940324010,,6.0,pickup_scheduled,2026-09-09 07:52:05,4.0,DELHIVERY,OUTBOUND,HUB_TO_CUSTOMER,,1,50.0,50.0,50.0,VENDOR,,,,,,,0,,0,1.0,,0,,,,,,,,,
286,Delhivery,50.0,50x50x50,MOCK1788940912178,,https://staging-express.delhivery.com/api/p/packing_slip?wbns=MOCK1788940912178&pdf=true,Booked,1,"{""awb"": ""MOCK1788940912178"", ""raw"": {""mock"": true, ""waybill"": ""MOCK1788940912178""}, ""adapter"": ""Delhivery"", ""booked_at"": ""2026-09-09T08:01:52.367Z"", ""label_url"": ""https://staging-express.delhivery.com/api/p/packing_slip?wbns=MOCK1788940912178&pdf=true"", ""pickup_id"": null, ""courier_name"": ""Delhivery""}",2026-09-09 08:01:51.375559,2026-09-09 08:17:27,315,7.0,1.0,4.0,1.0,RETURN,PENDING,,,,,285.0,,,,2026-09-09 08:01:52,,,,,,RETURN_PICKED_UP,2026-09-09 08:17:27,1.0,,,,,,,2026-09-09 08:01:51,,,,,2026-09-09 08:17:27,InfoprosysSURFACE-B2C,"MIDC Phase 2, Pune, Maharashtra, Pune, Maharashtra",MOCK1788940912178,New,,not_ready,,4.0,DELHIVERY,RETURN,CUSTOMER_TO_HUB,,1,50.0,50.0,50.0,VENDOR,,,,,,,0,,0,1.0,,0,,,,,,,,,
287,DTDC-111,10.0,10x10x10,D123456,,,Booked,0,"{""remarks"": ""aaaaaaaaaaaaaaaaaaaaaaaaaaaaaaaa"", ""proof_url"": ""/uploads/inbound_receive/38ae7f18-9048-481a-bfb0-e084564725ef.png"", ""proof_urls"": [""/uploads/inbound_receive/38ae7f18-9048-481a-bfb0-e084564725ef.png""], ""received_at"": ""2026-09-09T09:01:53.414Z"", ""received_by"": 1, ""inbound_received_at"": ""2026-09-09T09:01:53.414Z""}",2026-09-09 09:01:24.328422,2026-09-09 09:02:57,316,7.0,,3.0,1.0,INBOUND,PASSED,,,,288.0,,288.0,2026-09-09 09:02:50,,,,,,,,OUTBOUND_READY,2026-09-09 09:02:58,1.0,,,,,,,,2026-09-13,,,2026-09-09 09:01:53,,,,,,,ready_for_pickup,2026-09-09 09:01:24,,SELF,INBOUND,VENDOR_TO_HUB,1.0,1,10.0,10.0,10.0,VENDOR,Sachin Rewatkar,9404950776.0,"Wakad, Pune",Pune,Maharashtra,441057.0,0,,0,,,0,,,,,,,,,
288,Delhivery,50.0,50x50x50,MOCK1788944576825,,https://staging-express.delhivery.com/api/p/packing_slip?wbns=MOCK1788944576825&pdf=true,Booked,1,"{""awb"": ""MOCK1788944576825"", ""raw"": {""mock"": true, ""waybill"": ""MOCK1788944576825""}, ""adapter"": ""Delhivery"", ""booked_at"": ""2026-09-09T09:02:56.969Z"", ""label_url"": ""https://staging-express.delhivery.com/api/p/packing_slip?wbns=MOCK1788944576825&pdf=true"", ""pickup_id"": null, ""courier_name"": ""Delhivery""}",2026-09-09 09:02:56.522012,2026-09-09 09:03:10,316,7.0,1.0,,,OUTBOUND,PENDING,"{""eta"": 2, ""cost"": 300, ""source"": ""FALLBACK_ESTIMATE"", ""service"": ""Standard"", ""provider"": ""Delhivery"", ""buffer_days"": 3, ""calculated_at"": ""2026-09-09T09:02:56.449Z"", ""customer_type"": ""B2C"", ""delhivery_service"": ""B2C_PARCEL"", ""delhivery_resolution_reason"": ""no_valid_gstin""}",,,,287.0,,,,2026-09-09 09:02:57,2026-09-09 09:03:10,,,,,DELIVERED,2026-09-09 09:03:10,1.0,,,,,,,,,,,,2026-09-09 09:02:57,Vendor Pune Warehouse,"Pune, Wakad, Haveli, Maharashtra",MOCK1788944576825,,6.0,pickup_scheduled,2026-09-09 09:02:57,4.0,DELHIVERY,OUTBOUND,HUB_TO_CUSTOMER,,1,50.0,50.0,50.0,VENDOR,,,,,,,0,,0,1.0,,0,,,,,,,,,
289,Delhivery,50.0,50x50x50,MOCK1788945120619,,https://staging-express.delhivery.com/api/p/packing_slip?wbns=MOCK1788945120619&pdf=true,Booked,1,"{""awb"": ""MOCK1788945120551"", ""raw"": {""mock"": true, ""waybill"": ""MOCK1788945120551""}, ""adapter"": ""Delhivery"", ""booked_at"": ""2026-09-09T09:12:00.742Z"", ""label_url"": ""https://staging-express.delhivery.com/api/p/packing_slip?wbns=MOCK1788945120551&pdf=true"", ""pickup_id"": null, ""courier_name"": ""Delhivery"", ""replacement_outbound_shipment_id"": 292, ""swap_with_replacement_outbound_order_id"": 317, ""deferred_swap_until_replacement_outbound"": false}",2026-09-09 09:07:25.028549,2026-09-09 09:18:50,316,7.0,1.0,4.0,1.0,RETURN,PENDING,,,,,288.0,,,,2026-09-09 09:12:01,,,,,,RETURN_IN_TRANSIT,2026-09-09 09:18:51,1.0,,,,,,,2026-09-09 09:07:25,,,,,2026-09-09 09:12:49,InfoprosysSURFACE-B2C,"MIDC Phase 2, Pune, Maharashtra, Pune, Maharashtra",MOCK1788945120619,New,,not_ready,,4.0,DELHIVERY,EXCHANGE_RETURN,CUSTOMER_TO_HUB,,1,50.0,50.0,50.0,VENDOR,,,,,,,0,,0,1.0,,0,,,,,,,,,
290,DTDC,1.0,1x1x1,1234567789,,,Booked,0,"{""remarks"": ""aaaaaaaaaaaaaaaaaaaaaaaaaaa"", ""proof_url"": ""/uploads/inbound_receive/1a806f1e-541e-48d0-9893-7bd07e293bc2.png"", ""proof_urls"": [""/uploads/inbound_receive/1a806f1e-541e-48d0-9893-7bd07e293bc2.png""], ""received_at"": ""2026-09-09T09:11:06.817Z"", ""received_by"": 1, ""old_order_id"": 316, ""exchange_return_id"": 50, ""inbound_received_at"": ""2026-09-09T09:11:06.817Z"", ""exchange_replacement"": true, ""replacement_order_id"": 317}",2026-09-09 09:10:00.692809,2026-09-09 09:11:59,317,7.0,,3.0,1.0,INBOUND,PASSED,,,,292.0,,292.0,2026-09-09 09:11:59,,,,,,,,HUB_PACKAGED,2026-09-09 09:11:59,1.0,,,,,,,,2026-09-11,,,2026-09-09 09:11:07,,,,,,,not_ready,,,SELF,EXCHANGE_REPLACEMENT,VENDOR_TO_HUB,1.0,1,1.0,1.0,1.0,VENDOR,Sachin Rewatkar,9404950776.0,"Wakad, Pune",Pune,Maharashtra,441057.0,0,,0,,,0,,,,,,,,,
291,,50.0,50x50x50,,,,Pending,0,,2026-09-09 09:11:59.454758,2026-09-09 09:11:59,317,7.0,1.0,,,OUTBOUND,PENDING,"{""eta"": 2, ""cost"": 300, ""source"": ""FALLBACK_ESTIMATE"", ""service"": ""Standard"", ""provider"": ""Delhivery"", ""buffer_days"": 3, ""calculated_at"": ""2026-09-09T09:11:59.263Z""}",,,,290.0,,,,,,,,,,OUTBOUND_READY,,,,,,,,,,,,,,,,,,,,not_ready,,4.0,DELHIVERY,OUTBOUND,HUB_TO_CUSTOMER,,1,50.0,50.0,50.0,VENDOR,,,,,,,0,,0,,,0,,,,,,,,,
292,Delhivery,50.0,50x50x50,MOCK1788945417313,,https://staging-express.delhivery.com/api/p/packing_slip?wbns=MOCK1788945417313&pdf=true,Booked,1,"{""awb"": ""MOCK1788945417313"", ""raw"": {""mock"": true, ""waybill"": ""MOCK1788945417313""}, ""adapter"": ""Delhivery"", ""booked_at"": ""2026-09-09T09:16:57.521Z"", ""label_url"": ""https://staging-express.delhivery.com/api/p/packing_slip?wbns=MOCK1788945417313&pdf=true"", ""pickup_id"": null, ""courier_name"": ""Delhivery""}",2026-09-09 09:11:59.538060,2026-09-09 09:18:05,317,7.0,1.0,,,OUTBOUND,PENDING,"{""eta"": 2, ""cost"": 300, ""source"": ""FALLBACK_ESTIMATE"", ""service"": ""Standard"", ""provider"": ""Delhivery"", ""buffer_days"": 3, ""calculated_at"": ""2026-09-09T09:11:59.409Z"", ""customer_type"": ""B2C"", ""delhivery_service"": ""B2C_PARCEL"", ""delhivery_resolution_reason"": ""no_valid_gstin""}",,,,290.0,,,,2026-09-09 09:16:58,2026-09-09 09:18:06,,,,,DELIVERED,2026-09-09 09:18:06,1.0,,,,,,,,,,,,2026-09-09 09:16:58,InfoprosysSURFACE-B2C,"Pune, Wakad, Haveli, Maharashtra",MOCK1788945417313,,,not_ready,,4.0,DELHIVERY,OUTBOUND,HUB_TO_CUSTOMER,,1,50.0,50.0,50.0,VENDOR,,,,,,,0,,0,1.0,,0,,,,,,,,,
293,DTDC,5.0,5x55x5,DERR12,,,Booked,0,"{""remarks"": ""DONEjsdbjhxbasj"", ""proof_url"": ""/uploads/inbound_receive/28228b18-18d9-432b-aae5-808d80955a3b.jpg"", ""proof_urls"": [""/uploads/inbound_receive/28228b18-18d9-432b-aae5-808d80955a3b.jpg"", ""/uploads/inbound_receive/9733a6d8-4997-45f9-8448-c33717091144.webp"", ""/uploads/inbound_receive/7b45f359-8290-4940-95d9-001eef27b130.webp"", ""/uploads/inbound_receive/a2c732f6-53b3-4af1-8311-8d40e0500cdb.jpg"", ""/uploads/inbound_receive/e6f7065d-5f53-404a-a590-b3624d82268e.jpg""], ""received_at"": ""2026-09-09T10:09:31.011Z"", ""received_by"": 1, ""inbound_received_at"": ""2026-09-09T10:09:31.011Z""}",2026-09-09 10:01:10.837871,2026-09-09 10:10:21,318,18.0,,14.0,1.0,INBOUND,PASSED,,,,294.0,,294.0,2026-09-09 10:10:19,,,,,,,,HUB_PACKAGED,2026-09-09 10:10:19,1.0,,,,,,,,2026-09-13,,,2026-09-09 10:09:31,,,,,,,ready_for_pickup,2026-09-09 10:01:11,,SELF,INBOUND,VENDOR_TO_HUB,6.0,1,5.0,55.0,5.0,VENDOR,Mahesh Vaidya,8788094928.0,"Suite 402, 4th Floor",Mumbai,Maharashtra,400001.0,0,,0,,,0,,,,,,,,,
294,,6.0,105x8x8,,,,Failed,1,"{""bookingErrors"": [{""at"": ""2026-09-09T10:10:22.157Z"", ""raw"": {""code"": ""b2b_contract_unverified"", ""name"": ""B2bBookingGatedError"", ""details"": {""error"": ""Delhivery B2B contract is not verified. Hub-to-customer B2B booking is gated.""}, ""message"": ""Delhivery B2B contract is not verified. Hub-to-customer B2B booking is gated."", ""aggregatorConfig"": {""name"": ""Delhivery"", ""hasApiKey"": true, ""api_booking_url"": ""https://staging-express.delhivery.com/api/cmu/create.json""}}, ""code"": ""b2b_contract_unverified"", ""message"": ""Delhivery B2B contract is not verified. Hub-to-customer B2B booking is gated.""}]}",2026-09-09 10:10:21.726678,2026-09-09 10:10:22,318,18.0,1.0,,,OUTBOUND,PENDING,"{""eta"": 4, ""cost"": 220, ""source"": ""FALLBACK_ESTIMATE"", ""service"": ""Standard"", ""provider"": ""Delhivery"", ""buffer_days"": 3, ""calculated_at"": ""2026-09-09T10:10:21.635Z"", ""customer_type"": ""B2B"", ""delhivery_service"": ""B2B_CARGO"", ""delhivery_resolution_reason"": ""b2b_contract_unverified""}",,,,293.0,,,,,,,,,,OUTBOUND_READY,,,,,,,,,,,,,,,,,,,,not_ready,,5.0,DELHIVERY,OUTBOUND,HUB_TO_CUSTOMER,,1,105.0,8.0,8.0,VENDOR,,,,,,,0,,0,,,0,,,,,,,,,
295,DTDC,1.0,1x1x1,D123456,,,Booked,0,"{""remarks"": ""ZZZZZZZZZZZZZZZZZZZZZZZZZZZZZZZZZZ"", ""proof_url"": ""/uploads/inbound_receive/15bc42c4-60b6-4225-9033-f3f899e0ed9b.png"", ""proof_urls"": [""/uploads/inbound_receive/15bc42c4-60b6-4225-9033-f3f899e0ed9b.png""], ""received_at"": ""2026-09-09T10:21:03.251Z"", ""received_by"": 1, ""inbound_received_at"": ""2026-09-09T10:21:03.251Z""}",2026-09-09 10:20:41.409495,2026-09-09 10:22:03,319,7.0,,3.0,1.0,INBOUND,PASSED,,,,296.0,,296.0,2026-09-09 10:21:52,,,,,,,,OUTBOUND_READY,2026-09-09 10:22:03,1.0,,,,,,,,2026-09-13,,,2026-09-09 10:21:03,,,,,,,ready_for_pickup,2026-09-09 10:20:41,,SELF,INBOUND,VENDOR_TO_HUB,1.0,1,1.0,1.0,1.0,VENDOR,Sachin Rewatkar,9404950776.0,"Wakad, Pune",Pune,Maharashtra,441057.0,0,,0,,,0,,,,,,,,,
296,Delhivery,4.0,300x300x140,MOCK1788949321577,,https://staging-express.delhivery.com/api/p/packing_slip?wbns=MOCK1788949321577&pdf=true,Booked,1,"{""awb"": ""MOCK1788949321577"", ""raw"": {""mock"": true, ""waybill"": ""MOCK1788949321577""}, ""adapter"": ""Delhivery"", ""booked_at"": ""2026-09-09T10:22:01.762Z"", ""label_url"": ""https://staging-express.delhivery.com/api/p/packing_slip?wbns=MOCK1788949321577&pdf=true"", ""pickup_id"": null, ""courier_name"": ""Delhivery""}",2026-09-09 10:22:01.167693,2026-09-09 10:22:17,319,7.0,1.0,,,OUTBOUND,PENDING,"{""eta"": 2, ""cost"": 180, ""source"": ""FALLBACK_ESTIMATE"", ""service"": ""Standard"", ""provider"": ""Delhivery"", ""buffer_days"": 3, ""calculated_at"": ""2026-09-09T10:22:01.058Z"", ""customer_type"": ""B2C"", ""delhivery_service"": ""B2C_PARCEL"", ""delhivery_resolution_reason"": ""no_valid_gstin""}",,,,295.0,,,,2026-09-09 10:22:02,2026-09-09 10:22:18,,,,,DELIVERED,2026-09-09 10:22:18,1.0,,,,,,,,,,,,2026-09-09 10:22:02,Vendor Pune Warehouse,"Pune, Wakad, Haveli, Maharashtra",MOCK1788949321577,,6.0,pickup_scheduled,2026-09-09 10:22:03,4.0,DELHIVERY,OUTBOUND,HUB_TO_CUSTOMER,,1,300.0,300.0,140.0,VENDOR,,,,,,,0,,0,1.0,,0,,,,,,,,,
297,Delhivery,4.0,300x300x140,MOCK1788949406093,,https://staging-express.delhivery.com/api/p/packing_slip?wbns=MOCK1788949406093&pdf=true,Booked,1,"{""awb"": ""MOCK1788949406093"", ""raw"": {""mock"": true, ""waybill"": ""MOCK1788949406093""}, ""adapter"": ""Delhivery"", ""remarks"": ""bbbbbbbbbbbbbbbbbbbbbbbbbbbb"", ""booked_at"": ""2026-09-09T10:23:26.266Z"", ""label_url"": ""https://staging-express.delhivery.com/api/p/packing_slip?wbns=MOCK1788949406093&pdf=true"", ""pickup_id"": null, ""proof_url"": ""/uploads/inbound_receive/5f857e6f-a9d6-4431-9061-0903ab4a605b.png"", ""proof_urls"": [""/uploads/inbound_receive/5f857e6f-a9d6-4431-9061-0903ab4a605b.png""], ""received_at"": ""2026-09-09T10:27:52.662Z"", ""received_by"": 1, ""courier_name"": ""Delhivery"", ""inbound_received_at"": ""2026-09-09T10:27:52.662Z""}",2026-09-09 10:23:25.402274,2026-09-09 10:29:33,319,7.0,1.0,4.0,1.0,RETURN,PASSED,,,,,296.0,,,,2026-09-09 10:23:26,,,,,,RETURN_COMPLETED,2026-09-09 10:29:33,1.0,,,,,,,2026-09-09 10:23:25,,,,2026-09-09 10:27:53,2026-09-09 10:27:34,InfoprosysSURFACE-B2C,"MIDC Phase 2, Pune, Maharashtra, Pune, Maharashtra",MOCK1788949406093,New,,not_ready,,4.0,DELHIVERY,RETURN,CUSTOMER_TO_HUB,,1,300.0,300.0,140.0,VENDOR,,,,,,,0,,0,1.0,,0,,,,,,,,,
298,,4.0,300x300x140,,,,Pending,0,,2026-09-09 10:30:07.069107,2026-09-09 10:30:07,282,7.0,1.0,,,OUTBOUND,PENDING,"{""eta"": 2, ""cost"": 180, ""source"": ""FALLBACK_ESTIMATE"", ""service"": ""Standard"", ""provider"": ""Delhivery"", ""buffer_days"": 3, ""calculated_at"": ""2026-09-09T10:30:06.681Z""}",,,,250.0,,,,,,,,,,OUTBOUND_READY,,,,,,,,,,,,,,,,,,,,not_ready,,4.0,DELHIVERY,OUTBOUND,HUB_TO_CUSTOMER,,1,300.0,300.0,140.0,VENDOR,,,,,,,0,,0,,,0,,,,,,,,,
299,,4.0,300x300x140,,,,Pending,0,,2026-09-09 10:30:07.242969,2026-09-09 10:30:07,282,7.0,1.0,,,OUTBOUND,PENDING,"{""eta"": 2, ""cost"": 180, ""source"": ""FALLBACK_ESTIMATE"", ""service"": ""Standard"", ""provider"": ""Delhivery"", ""buffer_days"": 3, ""calculated_at"": ""2026-09-09T10:30:06.868Z""}",,,,250.0,,,,,,,,,,OUTBOUND_READY,,,,,,,,,,,,,,,,,,,,not_ready,,4.0,DELHIVERY,OUTBOUND,HUB_TO_CUSTOMER,,1,300.0,300.0,140.0,VENDOR,,,,,,,0,,0,,,0,,,,,,,,,
300,DTDC,1.0,1x1x1,D123456,,,Booked,0,"{""remarks"": ""BBBBBBBBBBBBBBBBBBBBBBBBBBBB"", ""proof_url"": ""/uploads/inbound_receive/6fe08aa5-3025-41c6-907c-c0b37633679f.png"", ""proof_urls"": [""/uploads/inbound_receive/6fe08aa5-3025-41c6-907c-c0b37633679f.png""], ""received_at"": ""2026-09-09T10:57:28.960Z"", ""received_by"": 1, ""inbound_received_at"": ""2026-09-09T10:57:28.960Z""}",2026-09-09 10:56:53.347494,2026-09-09 10:58:25,320,7.0,,3.0,1.0,INBOUND,PASSED,,,,301.0,,301.0,2026-09-09 10:58:18,,,,,,,,OUTBOUND_READY,2026-09-09 10:58:26,1.0,,,,,,,,2026-09-13,,,2026-09-09 10:57:29,,,,,,,ready_for_pickup,2026-09-09 10:56:53,,SELF,INBOUND,VENDOR_TO_HUB,1.0,1,1.0,1.0,1.0,VENDOR,Sachin Rewatkar,9404950776.0,"Wakad, Pune",Pune,Maharashtra,441057.0,0,,0,,,0,,,,,,,,,
301,Delhivery,4.0,300x300x140,MOCK1788951504812,,https://staging-express.delhivery.com/api/p/packing_slip?wbns=MOCK1788951504812&pdf=true,Booked,1,"{""awb"": ""MOCK1788951504812"", ""raw"": {""mock"": true, ""waybill"": ""MOCK1788951504812""}, ""adapter"": ""Delhivery"", ""booked_at"": ""2026-09-09T10:58:25.013Z"", ""label_url"": ""https://staging-express.delhivery.com/api/p/packing_slip?wbns=MOCK1788951504812&pdf=true"", ""pickup_id"": null, ""courier_name"": ""Delhivery""}",2026-09-09 10:58:24.494092,2026-09-09 10:59:09,320,7.0,1.0,,,OUTBOUND,PENDING,"{""eta"": 2, ""cost"": 180, ""source"": ""FALLBACK_ESTIMATE"", ""service"": ""Standard"", ""provider"": ""Delhivery"", ""buffer_days"": 3, ""calculated_at"": ""2026-09-09T10:58:24.418Z"", ""customer_type"": ""B2C"", ""delhivery_service"": ""B2C_PARCEL"", ""delhivery_resolution_reason"": ""no_valid_gstin""}",,,,300.0,,,,2026-09-09 10:58:25,2026-09-09 10:59:09,,,,,DELIVERED,2026-09-09 10:59:09,1.0,,,,,,,,,,,,2026-09-09 10:58:25,Vendor Pune Warehouse,"Pune, Wakad, Haveli, Maharashtra",MOCK1788951504812,,6.0,pickup_scheduled,2026-09-09 10:58:26,4.0,DELHIVERY,OUTBOUND,HUB_TO_CUSTOMER,,1,300.0,300.0,140.0,VENDOR,,,,,,,0,,0,1.0,,0,,,,,,,,,
302,Delhivery,4.0,300x300x140,MOCK1788952979518,,https://staging-express.delhivery.com/api/p/packing_slip?wbns=MOCK1788952979518&pdf=true,Booked,1,"{""awb"": ""MOCK1788952979518"", ""raw"": {""mock"": true, ""waybill"": ""MOCK1788952979518""}, ""adapter"": ""Delhivery"", ""remarks"": ""xxxxxxxxxxxxxxxxxxxxxxxxxxxxx"", ""booked_at"": ""2026-09-09T11:22:59.655Z"", ""label_url"": ""https://staging-express.delhivery.com/api/p/packing_slip?wbns=MOCK1788952979518&pdf=true"", ""pickup_id"": null, ""proof_url"": ""/uploads/inbound_receive/63755aab-0662-43a5-8c9a-5e964ba29d70.png"", ""proof_urls"": [""/uploads/inbound_receive/63755aab-0662-43a5-8c9a-5e964ba29d70.png""], ""received_at"": ""2026-09-09T11:25:58.795Z"", ""received_by"": 1, ""courier_name"": ""Delhivery"", ""inbound_received_at"": ""2026-09-09T11:25:58.795Z"", ""replacement_outbound_shipment_id"": 307, ""swap_with_replacement_outbound_order_id"": 321, ""deferred_swap_until_replacement_outbound"": false}",2026-09-09 11:01:25.897366,2026-09-09 11:27:04,320,7.0,1.0,4.0,1.0,RETURN,PASSED,,,,,301.0,,,,2026-09-09 11:23:00,,,,,,RETURN_COMPLETED,2026-09-09 11:27:05,1.0,,,,,,,2026-09-09 11:01:26,,,,2026-09-09 11:25:59,2026-09-09 11:24:46,InfoprosysSURFACE-B2C,"MIDC Phase 2, Pune, Maharashtra, Pune, Maharashtra",MOCK1788952979518,New,,not_ready,,4.0,DELHIVERY,EXCHANGE_RETURN,CUSTOMER_TO_HUB,,1,300.0,300.0,140.0,VENDOR,,,,,,,0,,0,1.0,,0,,,,,,,,,
303,DTDC,1.0,1x1x1,1234567890,,,Booked,0,"{""remarks"": ""bbbbbbbbbbbbbbbbbbbbbbbbb"", ""proof_url"": ""/uploads/inbound_receive/e58d0e0e-3d5c-4b2c-927d-e3e81d2389e3.png"", ""proof_urls"": [""/uploads/inbound_receive/e58d0e0e-3d5c-4b2c-927d-e3e81d2389e3.png""], ""received_at"": ""2026-09-09T11:21:56.001Z"", ""received_by"": 1, ""old_order_id"": 320, ""exchange_return_id"": 52, ""inbound_received_at"": ""2026-09-09T11:21:56.001Z"", ""exchange_replacement"": true, ""replacement_order_id"": 321}",2026-09-09 11:20:46.823271,2026-09-09 11:22:58,321,7.0,,3.0,1.0,INBOUND,PASSED,,,,307.0,,307.0,2026-09-09 11:22:58,,,,,,,,HUB_PACKAGED,2026-09-09 11:22:58,1.0,,,,,,,,2026-09-11,,,2026-09-09 11:21:56,,,,,,,not_ready,,,SELF,EXCHANGE_REPLACEMENT,VENDOR_TO_HUB,1.0,1,1.0,1.0,1.0,VENDOR,Sachin Rewatkar,9404950776.0,"Wakad, Pune",Pune,Maharashtra,441057.0,0,,0,,,0,,,,,,,,,
304,DTUC,188.9,59x59x59,UI576866,,,Booked,0,"{""remarks"": ""Received product"", ""proof_url"": ""/uploads/inbound_receive/7d176453-e5e6-46d3-a224-a9e507fe9ec7.png"", ""proof_urls"": [""/uploads/inbound_receive/7d176453-e5e6-46d3-a224-a9e507fe9ec7.png""], ""received_at"": ""2026-09-09T11:21:48.620Z"", ""received_by"": 1, ""inbound_received_at"": ""2026-09-09T11:21:48.620Z""}",2026-09-09 11:20:51.370877,2026-09-09 11:33:19,322,3.0,,1.0,1.0,INBOUND,FAILED,,,,305.0,,305.0,,,,,"QC failed: 4 item(s) unchecked: Test 1, Test 2, quantity, quality",2026-09-09 11:22:41,,,RTV_BOOKED,2026-09-09 11:33:19,3.0,VENDOR,2026-09-09 11:22:42,"QC failed: 4 item(s) unchecked: Test 1, Test 2, quantity, quality",,,,,2026-09-13,,,2026-09-09 11:21:49,,,,,,,ready_for_pickup,2026-09-09 11:20:51,,SELF,INBOUND,VENDOR_TO_HUB,2.0,1,59.0,59.0,59.0,VENDOR,Mahesh Vaidya,8788094928.0,Pune,Haveli,Maharashtra,411016.0,0,,0,,,0,,,,,0.0,,,,
305,,188.9,59x59x59,AT57766,,,Pending,0,"{""admin_id"": 1, ""qc_remarks"": ""QC failed: 4 item(s) unchecked: Test 1, Test 2, quantity, quality"", ""admin_notes"": ""QC failed: 4 item(s) unchecked: Test 1, Test 2, quantity, quality"", ""created_reason"": ""Hub QC Failure RTV"", ""vendor_courier"": ""DTDC"", ""qc_failure_reason"": ""QC failed: 4 item(s) unchecked: Test 1, Test 2, quantity, quality"", ""vendor_address_id"": 1, ""vendor_arranged_at"": ""2026-09-09T11:38:48.784Z"", ""original_shipment_id"": 304}",2026-09-09 11:22:41.563187,2026-09-09 11:38:48,322,3.0,,,,OUTBOUND,FAILED,,,,,304.0,,,,,,,,,,RTV_BOOKED,2026-09-09 11:33:19,3.0,VENDOR,2026-09-09 11:22:42,"QC failed: 4 item(s) unchecked: Test 1, Test 2, quantity, quality",,,,,,,,,,,,AT57766,,,not_ready,,,DELHIVERY,RTV,HUB_TO_VENDOR,2.0,1,59.0,59.0,59.0,VENDOR,,,,,,,0,,0,,,0,,,,,0.0,,,,
306,Delhivery,4.0,300x300x140,MOCK1788953061191,,https://staging-express.delhivery.com/api/p/packing_slip?wbns=MOCK1788953061191&pdf=true,Booked,1,"{""awb"": ""MOCK1788953061191"", ""raw"": {""mock"": true, ""waybill"": ""MOCK1788953061191""}, ""adapter"": ""Delhivery"", ""booked_at"": ""2026-09-09T11:24:21.391Z"", ""label_url"": ""https://staging-express.delhivery.com/api/p/packing_slip?wbns=MOCK1788953061191&pdf=true"", ""pickup_id"": null, ""courier_name"": ""Delhivery""}",2026-09-09 11:22:58.677037,2026-09-09 11:24:21,321,7.0,1.0,,,OUTBOUND,PENDING,"{""eta"": 2, ""cost"": 180, ""source"": ""FALLBACK_ESTIMATE"", ""service"": ""Standard"", ""provider"": ""Delhivery"", ""buffer_days"": 3, ""calculated_at"": ""2026-09-09T11:22:58.518Z"", ""customer_type"": ""B2C"", ""delhivery_service"": ""B2C_PARCEL"", ""delhivery_resolution_reason"": ""no_valid_gstin""}",,,,303.0,,,,2026-09-09 11:24:21,,,,,,DISPATCHED_TO_CUSTOMER,2026-09-09 11:24:21,,,,,,,,,,,,,2026-09-09 11:24:21,InfoprosysSURFACE-B2C,"Pune, Wakad, Haveli, Maharashtra",MOCK1788953061191,,,not_ready,,4.0,DELHIVERY,OUTBOUND,HUB_TO_CUSTOMER,,1,300.0,300.0,140.0,VENDOR,,,,,,,0,,0,1.0,,0,,,,,,,,,
307,Delhivery,4.0,300x300x140,MOCK1788953027620,,https://staging-express.delhivery.com/api/p/packing_slip?wbns=MOCK1788953027620&pdf=true,Booked,1,"{""awb"": ""MOCK1788953027620"", ""raw"": {""mock"": true, ""waybill"": ""MOCK1788953027620""}, ""adapter"": ""Delhivery"", ""booked_at"": ""2026-09-09T11:23:47.755Z"", ""label_url"": ""https://staging-express.delhivery.com/api/p/packing_slip?wbns=MOCK1788953027620&pdf=true"", ""pickup_id"": null, ""courier_name"": ""Delhivery""}",2026-09-09 11:22:58.792399,2026-09-09 11:23:48,321,7.0,1.0,,,OUTBOUND,PENDING,"{""eta"": 2, ""cost"": 180, ""source"": ""FALLBACK_ESTIMATE"", ""service"": ""Standard"", ""provider"": ""Delhivery"", ""buffer_days"": 3, ""calculated_at"": ""2026-09-09T11:22:58.683Z"", ""customer_type"": ""B2C"", ""delhivery_service"": ""B2C_PARCEL"", ""delhivery_resolution_reason"": ""no_valid_gstin""}",,,,303.0,,,,2026-09-09 11:23:48,,,,,,DISPATCHED_TO_CUSTOMER,2026-09-09 11:23:48,,,,,,,,,,,,,2026-09-09 11:23:48,InfoprosysSURFACE-B2C,"Pune, Wakad, Haveli, Maharashtra",MOCK1788953027620,,,not_ready,,4.0,DELHIVERY,OUTBOUND,HUB_TO_CUSTOMER,,1,300.0,300.0,140.0,VENDOR,,,,,,,0,,0,1.0,,0,,,,,,,,,
308,DTDC,1.0,1x1x1,D1234567,,,Booked,0,"{""remarks"": ""aaaaaaaaaaaaaaaaaaaaaaaaaa"", ""proof_url"": ""/uploads/inbound_receive/2316283f-fb90-4798-b0ea-006684b87578.png"", ""proof_urls"": [""/uploads/inbound_receive/2316283f-fb90-4798-b0ea-006684b87578.png""], ""received_at"": ""2026-09-09T12:24:51.497Z"", ""received_by"": 1, ""inbound_received_at"": ""2026-09-09T12:24:51.497Z""}",2026-09-09 12:24:23.845493,2026-09-09 12:25:57,325,7.0,,3.0,1.0,INBOUND,PASSED,,,,309.0,,309.0,2026-09-09 12:25:50,,,,,,,,OUTBOUND_READY,2026-09-09 12:25:58,1.0,,,,,,,,2026-09-13,,,2026-09-09 12:24:51,,,,,,,ready_for_pickup,2026-09-09 12:24:24,,SELF,INBOUND,VENDOR_TO_HUB,1.0,1,1.0,1.0,1.0,VENDOR,Sachin Rewatkar,9404950776.0,"Wakad, Pune",Pune,Maharashtra,441057.0,0,,0,,,0,,,,,,,,,
309,Delhivery,4.0,300x300x140,MOCK1788956756789,,https://staging-express.delhivery.com/api/p/packing_slip?wbns=MOCK1788956756789&pdf=true,Booked,1,"{""awb"": ""MOCK1788956756789"", ""raw"": {""mock"": true, ""waybill"": ""MOCK1788956756789""}, ""adapter"": ""Delhivery"", ""booked_at"": ""2026-09-09T12:25:56.965Z"", ""label_url"": ""https://staging-express.delhivery.com/api/p/packing_slip?wbns=MOCK1788956756789&pdf=true"", ""pickup_id"": null, ""courier_name"": ""Delhivery""}",2026-09-09 12:25:56.405238,2026-09-09 12:26:10,325,7.0,1.0,,,OUTBOUND,PENDING,"{""eta"": 2, ""cost"": 180, ""source"": ""FALLBACK_ESTIMATE"", ""service"": ""Standard"", ""provider"": ""Delhivery"", ""buffer_days"": 3, ""calculated_at"": ""2026-09-09T12:25:56.320Z"", ""customer_type"": ""B2C"", ""delhivery_service"": ""B2C_PARCEL"", ""delhivery_resolution_reason"": ""no_valid_gstin""}",,,,308.0,,,,2026-09-09 12:25:57,2026-09-09 12:26:10,,,,,DELIVERED,2026-09-09 12:26:10,1.0,,,,,,,,,,,,2026-09-09 12:25:57,Vendor Pune Warehouse,"Pune, Wakad, Haveli, Maharashtra",MOCK1788956756789,,6.0,pickup_scheduled,2026-09-09 12:25:58,4.0,DELHIVERY,OUTBOUND,HUB_TO_CUSTOMER,,1,300.0,300.0,140.0,VENDOR,,,,,,,0,,0,1.0,,0,,,,,,,,,
310,DTDC-33,1.0,1x1x1,D123456,,,Booked,0,"{""remarks"": ""aaaaaaaaaaaaaaaaaaaaaaaaaa"", ""proof_url"": ""/uploads/inbound_receive/d95ea415-0c6d-4c52-8629-72626cd5e03f.png"", ""proof_urls"": [""/uploads/inbound_receive/d95ea415-0c6d-4c52-8629-72626cd5e03f.png""], ""received_at"": ""2026-09-10T05:51:38.858Z"", ""received_by"": 1, ""inbound_received_at"": ""2026-09-10T05:51:38.858Z""}",2026-09-10 05:49:04.033824,2026-09-10 05:52:41,333,7.0,,3.0,1.0,INBOUND,PASSED,,,,311.0,,311.0,2026-09-10 05:52:32,,,,,,,,OUTBOUND_READY,2026-09-10 05:52:42,1.0,,,,,,,,2026-09-14,,,2026-09-10 05:51:39,,,,,,,ready_for_pickup,2026-09-10 05:49:04,,SELF,INBOUND,VENDOR_TO_HUB,1.0,1,1.0,1.0,1.0,VENDOR,Sachin Rewatkar,9404950776.0,"Wakad, Pune",Pune,Maharashtra,441057.0,0,,0,,,0,,,,,,,,,
311,Delhivery,4.0,300x300x140,MOCK1789019560668,,https://staging-express.delhivery.com/api/p/packing_slip?wbns=MOCK1789019560668&pdf=true,Booked,1,"{""awb"": ""MOCK1789019560668"", ""raw"": {""mock"": true, ""waybill"": ""MOCK1789019560668""}, ""adapter"": ""Delhivery"", ""booked_at"": ""2026-09-10T05:52:40.836Z"", ""label_url"": ""https://staging-express.delhivery.com/api/p/packing_slip?wbns=MOCK1789019560668&pdf=true"", ""pickup_id"": null, ""courier_name"": ""Delhivery""}",2026-09-10 05:52:40.317030,2026-09-10 05:52:53,333,7.0,1.0,,,OUTBOUND,PENDING,"{""eta"": 2, ""cost"": 180, ""source"": ""FALLBACK_ESTIMATE"", ""service"": ""Standard"", ""provider"": ""Delhivery"", ""buffer_days"": 3, ""calculated_at"": ""2026-09-10T05:52:40.206Z"", ""customer_type"": ""B2C"", ""delhivery_service"": ""B2C_PARCEL"", ""delhivery_resolution_reason"": ""no_valid_gstin""}",,,,310.0,,,,2026-09-10 05:52:41,2026-09-10 05:52:53,,,,,DELIVERED,2026-09-10 05:52:53,1.0,,,,,,,,,,,,2026-09-10 05:52:41,Vendor Pune Warehouse,"Pune, Wakad, Haveli, Maharashtra",MOCK1789019560668,,7.0,pickup_scheduled,2026-09-10 05:52:42,4.0,DELHIVERY,OUTBOUND,HUB_TO_CUSTOMER,,1,300.0,300.0,140.0,VENDOR,,,,,,,0,,0,1.0,,0,,,,,,,,,
312,Delhivery,4.0,300x300x140,MOCK1789020064732,,https://staging-express.delhivery.com/api/p/packing_slip?wbns=MOCK1789020064732&pdf=true,Booked,1,"{""awb"": ""MOCK1789020064732"", ""raw"": {""mock"": true, ""waybill"": ""MOCK1789020064732""}, ""adapter"": ""Delhivery"", ""remarks"": ""aaaaaaaaaaaaaaaaaaaaaaaaaaaaaaaaaaaaaa"", ""booked_at"": ""2026-09-10T06:01:04.884Z"", ""label_url"": ""https://staging-express.delhivery.com/api/p/packing_slip?wbns=MOCK1789020064732&pdf=true"", ""pickup_id"": null, ""proof_url"": ""/uploads/inbound_receive/f9175aeb-7050-45a4-afe6-6ee97b89555b.png"", ""proof_urls"": [""/uploads/inbound_receive/f9175aeb-7050-45a4-afe6-6ee97b89555b.png""], ""received_at"": ""2026-09-10T06:08:24.489Z"", ""received_by"": 1, ""courier_name"": ""Delhivery"", ""inbound_received_at"": ""2026-09-10T06:08:24.489Z"", ""replacement_outbound_shipment_id"": 315, ""swap_with_replacement_outbound_order_id"": 334, ""deferred_swap_until_replacement_outbound"": false}",2026-09-10 05:55:23.886029,2026-09-10 06:08:40,333,7.0,1.0,4.0,1.0,RETURN,PASSED,,,,,311.0,,,,2026-09-10 06:01:05,,,,,,RETURN_COMPLETED,2026-09-10 06:08:41,1.0,,,,,,,2026-09-10 05:55:24,,,,2026-09-10 06:08:24,2026-09-10 06:05:17,InfoprosysSURFACE-B2C,"MIDC Phase 2, Pune, Maharashtra, Pune, Maharashtra",MOCK1789020064732,New,,not_ready,,4.0,DELHIVERY,EXCHANGE_RETURN,CUSTOMER_TO_HUB,,1,300.0,300.0,140.0,VENDOR,,,,,,,0,,0,1.0,,0,,,,,,,,,
313,DTDC,1.0,1x1x1,1234567890,,,Booked,0,"{""remarks"": ""aaaaaaaaaaaaaaaaaaaaaaaaa"", ""proof_url"": ""/uploads/inbound_receive/1da9e970-10a7-4be3-a3c8-eaaacbffdbbb.png"", ""proof_urls"": [""/uploads/inbound_receive/1da9e970-10a7-4be3-a3c8-eaaacbffdbbb.png""], ""received_at"": ""2026-09-10T05:59:48.151Z"", ""received_by"": 1, ""old_order_id"": 333, ""exchange_return_id"": 54, ""inbound_received_at"": ""2026-09-10T05:59:48.151Z"", ""exchange_replacement"": true, ""replacement_order_id"": 334}",2026-09-10 05:59:18.089960,2026-09-10 06:01:02,334,7.0,,3.0,1.0,INBOUND,PASSED,,,,315.0,,315.0,2026-09-10 06:01:03,,,,,,,,HUB_PACKAGED,2026-09-10 06:01:03,1.0,,,,,,,,2026-09-12,,,2026-09-10 05:59:48,,,,,,,not_ready,,,SELF,EXCHANGE_REPLACEMENT,VENDOR_TO_HUB,1.0,1,1.0,1.0,1.0,VENDOR,Sachin Rewatkar,9404950776.0,"Wakad, Pune",Pune,Maharashtra,441057.0,0,,0,,,0,,,,,,,,,
314,,4.0,300x300x140,,,,Pending,0,,2026-09-10 06:01:03.491362,2026-09-10 06:01:03,334,7.0,1.0,,,OUTBOUND,PENDING,"{""eta"": 2, ""cost"": 180, ""source"": ""FALLBACK_ESTIMATE"", ""service"": ""Standard"", ""provider"": ""Delhivery"", ""buffer_days"": 3, ""calculated_at"": ""2026-09-10T06:01:03.179Z""}",,,,313.0,,,,,,,,,,OUTBOUND_READY,,,,,,,,,,,,,,,,,,,,not_ready,,4.0,DELHIVERY,OUTBOUND,HUB_TO_CUSTOMER,,1,300.0,300.0,140.0,VENDOR,,,,,,,0,,0,,,0,,,,,,,,,
315,Delhivery,4.0,300x300x140,MOCK1789020141199,,https://staging-express.delhivery.com/api/p/packing_slip?wbns=MOCK1789020141199&pdf=true,Booked,1,"{""awb"": ""MOCK1789020141199"", ""raw"": {""mock"": true, ""waybill"": ""MOCK1789020141199""}, ""adapter"": ""Delhivery"", ""booked_at"": ""2026-09-10T06:02:21.352Z"", ""label_url"": ""https://staging-express.delhivery.com/api/p/packing_slip?wbns=MOCK1789020141199&pdf=true"", ""pickup_id"": null, ""courier_name"": ""Delhivery""}",2026-09-10 06:01:03.583929,2026-09-10 06:02:22,334,7.0,1.0,,,OUTBOUND,PENDING,"{""eta"": 2, ""cost"": 180, ""source"": ""FALLBACK_ESTIMATE"", ""service"": ""Standard"", ""provider"": ""Delhivery"", ""buffer_days"": 3, ""calculated_at"": ""2026-09-10T06:01:03.398Z"", ""customer_type"": ""B2C"", ""delhivery_service"": ""B2C_PARCEL"", ""delhivery_resolution_reason"": ""no_valid_gstin""}",,,,313.0,,,,2026-09-10 06:02:22,,,,,,DISPATCHED_TO_CUSTOMER,2026-09-10 06:02:21,,,,,,,,,,,,,2026-09-10 06:02:22,InfoprosysSURFACE-B2C,"Pune, Wakad, Haveli, Maharashtra",MOCK1789020141199,,,not_ready,,4.0,DELHIVERY,OUTBOUND,HUB_TO_CUSTOMER,,1,300.0,300.0,140.0,VENDOR,,,,,,,0,,0,1.0,,0,,,,,,,,,
316,DTDC,1.0,1x1x1,D12345,,,Booked,0,"{""remarks"": ""aaaaaaaaaaaaaaaaaaaaaaaaaaa"", ""proof_url"": ""/uploads/inbound_receive/4568d0a2-201c-4dcc-8b5a-3f309eca0a3f.png"", ""proof_urls"": [""/uploads/inbound_receive/4568d0a2-201c-4dcc-8b5a-3f309eca0a3f.png""], ""received_at"": ""2026-09-10T06:19:59.640Z"", ""received_by"": 1, ""inbound_received_at"": ""2026-09-10T06:19:59.640Z""}",2026-09-10 06:19:30.209617,2026-09-10 06:20:54,335,7.0,,3.0,1.0,INBOUND,PASSED,,,,317.0,,317.0,2026-09-10 06:20:45,,,,,,,,OUTBOUND_READY,2026-09-10 06:20:55,1.0,,,,,,,,2026-09-14,,,2026-09-10 06:20:00,,,,,,,ready_for_pickup,2026-09-10 06:19:30,,SELF,INBOUND,VENDOR_TO_HUB,1.0,1,1.0,1.0,1.0,VENDOR,Sachin Rewatkar,9404950776.0,"Wakad, Pune",Pune,Maharashtra,441057.0,0,,0,,,0,,,,,,,,,
317,Delhivery,4.0,300x300x140,MOCK1789021253653,,https://staging-express.delhivery.com/api/p/packing_slip?wbns=MOCK1789021253653&pdf=true,Booked,1,"{""awb"": ""MOCK1789021253653"", ""raw"": {""mock"": true, ""waybill"": ""MOCK1789021253653""}, ""adapter"": ""Delhivery"", ""booked_at"": ""2026-09-10T06:20:53.820Z"", ""label_url"": ""https://staging-express.delhivery.com/api/p/packing_slip?wbns=MOCK1789021253653&pdf=true"", ""pickup_id"": null, ""courier_name"": ""Delhivery""}",2026-09-10 06:20:53.214589,2026-09-10 06:21:05,335,7.0,1.0,,,OUTBOUND,PENDING,"{""eta"": 2, ""cost"": 180, ""source"": ""FALLBACK_ESTIMATE"", ""service"": ""Standard"", ""provider"": ""Delhivery"", ""buffer_days"": 3, ""calculated_at"": ""2026-09-10T06:20:53.131Z"", ""customer_type"": ""B2C"", ""delhivery_service"": ""B2C_PARCEL"", ""delhivery_resolution_reason"": ""no_valid_gstin""}",,,,316.0,,,,2026-09-10 06:20:54,2026-09-10 06:21:05,,,,,DELIVERED,2026-09-10 06:21:05,1.0,,,,,,,,,,,,2026-09-10 06:20:54,Vendor Pune Warehouse,"Pune, Wakad, Haveli, Maharashtra",MOCK1789021253653,,7.0,pickup_scheduled,2026-09-10 06:20:54,4.0,DELHIVERY,OUTBOUND,HUB_TO_CUSTOMER,,1,300.0,300.0,140.0,VENDOR,,,,,,,0,,0,1.0,,0,,,,,,,,,
318,Delhivery,4.0,300x300x140,MOCK1789021790919,,https://staging-express.delhivery.com/api/p/packing_slip?wbns=MOCK1789021790919&pdf=true,Booked,1,"{""awb"": ""MOCK1789021790919"", ""raw"": {""mock"": true, ""waybill"": ""MOCK1789021790919""}, ""adapter"": ""Delhivery"", ""remarks"": ""aaaaaaaaaaaaaaaaaaa"", ""booked_at"": ""2026-09-10T06:29:51.051Z"", ""label_url"": ""https://staging-express.delhivery.com/api/p/packing_slip?wbns=MOCK1789021790919&pdf=true"", ""pickup_id"": null, ""proof_url"": ""/uploads/inbound_receive/da9fba68-6bb1-4969-a68b-396e6d3d17cb.png"", ""proof_urls"": [""/uploads/inbound_receive/da9fba68-6bb1-4969-a68b-396e6d3d17cb.png""], ""received_at"": ""2026-09-10T06:32:55.989Z"", ""received_by"": 1, ""courier_name"": ""Delhivery"", ""inbound_received_at"": ""2026-09-10T06:32:55.989Z"", ""replacement_outbound_shipment_id"": 321, ""swap_with_replacement_outbound_order_id"": 336, ""deferred_swap_until_replacement_outbound"": false}",2026-09-10 06:22:50.530951,2026-09-10 06:33:25,335,7.0,1.0,4.0,1.0,RETURN,PASSED,,,,,317.0,,,,2026-09-10 06:29:51,,,,,,RETURN_COMPLETED,2026-09-10 06:33:25,1.0,,,,,,,2026-09-10 06:22:51,,,,2026-09-10 06:32:56,2026-09-10 06:32:12,InfoprosysSURFACE-B2C,"MIDC Phase 2, Pune, Maharashtra, Pune, Maharashtra",MOCK1789021790919,New,,not_ready,,4.0,DELHIVERY,EXCHANGE_RETURN,CUSTOMER_TO_HUB,,1,300.0,300.0,140.0,VENDOR,,,,,,,0,,0,1.0,,0,,,,,,,,,
319,DTDC,1.0,1x1x1,1234567890,,,Booked,0,"{""remarks"": ""aaaaaaaaaaaaaaaaaaaaaaa"", ""proof_url"": ""/uploads/inbound_receive/385251c1-f996-4460-8277-e6c2d9e19e71.png"", ""proof_urls"": [""/uploads/inbound_receive/385251c1-f996-4460-8277-e6c2d9e19e71.png""], ""received_at"": ""2026-09-10T06:29:01.054Z"", ""received_by"": 1, ""old_order_id"": 335, ""exchange_return_id"": 55, ""inbound_received_at"": ""2026-09-10T06:29:01.054Z"", ""exchange_replacement"": true, ""replacement_order_id"": 336}",2026-09-10 06:23:25.081142,2026-09-10 06:29:50,336,7.0,,3.0,1.0,INBOUND,PASSED,,,,321.0,,321.0,2026-09-10 06:29:49,,,,,,,,HUB_PACKAGED,2026-09-10 06:29:49,1.0,,,,,,,,2026-09-12,,,2026-09-10 06:29:01,,,,,,,not_ready,,,SELF,EXCHANGE_REPLACEMENT,VENDOR_TO_HUB,1.0,1,1.0,1.0,1.0,VENDOR,Sachin Rewatkar,9404950776.0,"Wakad, Pune",Pune,Maharashtra,441057.0,0,,0,,,0,,,,,,,,,
320,,4.0,300x300x140,,,,Pending,0,,2026-09-10 06:29:49.941257,2026-09-10 06:29:50,336,7.0,1.0,,,OUTBOUND,PENDING,"{""eta"": 2, ""cost"": 180, ""source"": ""FALLBACK_ESTIMATE"", ""service"": ""Standard"", ""provider"": ""Delhivery"", ""buffer_days"": 3, ""calculated_at"": ""2026-09-10T06:29:49.735Z""}",,,,319.0,,,,,,,,,,OUTBOUND_READY,,,,,,,,,,,,,,,,,,,,not_ready,,4.0,DELHIVERY,OUTBOUND,HUB_TO_CUSTOMER,,1,300.0,300.0,140.0,VENDOR,,,,,,,0,,0,,,0,,,,,,,,,
321,Delhivery,4.0,300x300x140,MOCK1789021818486,,https://staging-express.delhivery.com/api/p/packing_slip?wbns=MOCK1789021818486&pdf=true,Booked,1,"{""awb"": ""MOCK1789021818486"", ""raw"": {""mock"": true, ""waybill"": ""MOCK1789021818486""}, ""adapter"": ""Delhivery"", ""booked_at"": ""2026-09-10T06:30:18.623Z"", ""label_url"": ""https://staging-express.delhivery.com/api/p/packing_slip?wbns=MOCK1789021818486&pdf=true"", ""pickup_id"": null, ""courier_name"": ""Delhivery""}",2026-09-10 06:29:49.998384,2026-09-10 06:30:19,336,7.0,1.0,,,OUTBOUND,PENDING,"{""eta"": 2, ""cost"": 180, ""source"": ""FALLBACK_ESTIMATE"", ""service"": ""Standard"", ""provider"": ""Delhivery"", ""buffer_days"": 3, ""calculated_at"": ""2026-09-10T06:29:49.845Z"", ""customer_type"": ""B2C"", ""delhivery_service"": ""B2C_PARCEL"", ""delhivery_resolution_reason"": ""no_valid_gstin""}",,,,319.0,,,,2026-09-10 06:30:19,,,,,,DISPATCHED_TO_CUSTOMER,2026-09-10 06:30:19,,,,,,,,,,,,,2026-09-10 06:30:19,InfoprosysSURFACE-B2C,"Pune, Wakad, Haveli, Maharashtra",MOCK1789021818486,,,not_ready,,4.0,DELHIVERY,OUTBOUND,HUB_TO_CUSTOMER,,1,300.0,300.0,140.0,VENDOR,,,,,,,0,,0,1.0,,0,,,,,,,,,
322,DTDC-44,1.0,1x1x1,D123456,,,Booked,0,"{""remarks"": ""aaaaaaaaaaaaaaaaaaaaaaaaaaaaaaa"", ""proof_url"": ""/uploads/inbound_receive/277185c1-ffb2-4ce9-acd4-7261a59a4ed9.png"", ""proof_urls"": [""/uploads/inbound_receive/277185c1-ffb2-4ce9-acd4-7261a59a4ed9.png""], ""received_at"": ""2026-09-10T09:21:42.163Z"", ""received_by"": 1, ""inbound_received_at"": ""2026-09-10T09:21:42.163Z""}",2026-09-10 09:21:18.738227,2026-09-10 09:22:35,339,7.0,,3.0,1.0,INBOUND,PASSED,,,,323.0,,323.0,2026-09-10 09:22:28,,,,,,,,OUTBOUND_READY,2026-09-10 09:22:36,1.0,,,,,,,,2026-09-14,,,2026-09-10 09:21:42,,,,,,,ready_for_pickup,2026-09-10 09:21:19,,SELF,INBOUND,VENDOR_TO_HUB,1.0,1,1.0,1.0,1.0,VENDOR,Sachin Rewatkar,9404950776.0,"Wakad, Pune",Pune,Maharashtra,441057.0,0,,0,,,0,,,,,,,,,
323,Delhivery,4.0,300x300x140,MOCK1789032154812,,https://staging-express.delhivery.com/api/p/packing_slip?wbns=MOCK1789032154812&pdf=true,Booked,1,"{""awb"": ""MOCK1789032154812"", ""raw"": {""mock"": true, ""waybill"": ""MOCK1789032154812""}, ""adapter"": ""Delhivery"", ""booked_at"": ""2026-09-10T09:22:34.982Z"", ""label_url"": ""https://staging-express.delhivery.com/api/p/packing_slip?wbns=MOCK1789032154812&pdf=true"", ""pickup_id"": null, ""courier_name"": ""Delhivery""}",2026-09-10 09:22:34.483688,2026-09-10 09:22:47,339,7.0,1.0,,,OUTBOUND,PENDING,"{""eta"": 2, ""cost"": 180, ""source"": ""FALLBACK_ESTIMATE"", ""service"": ""Standard"", ""provider"": ""Delhivery"", ""buffer_days"": 3, ""calculated_at"": ""2026-09-10T09:22:34.401Z"", ""customer_type"": ""B2C"", ""delhivery_service"": ""B2C_PARCEL"", ""delhivery_resolution_reason"": ""no_valid_gstin""}",,,,322.0,,,,2026-09-10 09:22:35,2026-09-10 09:22:47,,,,,DELIVERED,2026-09-10 09:22:47,1.0,,,,,,,,,,,,2026-09-10 09:22:35,Vendor Pune Warehouse,"Pune, Wakad, Haveli, Maharashtra",MOCK1789032154812,,7.0,pickup_scheduled,2026-09-10 09:22:36,4.0,DELHIVERY,OUTBOUND,HUB_TO_CUSTOMER,,1,300.0,300.0,140.0,VENDOR,,,,,,,0,,0,1.0,,0,,,,,,,,,
324,,4.0,300x300x140,,,,Pending,0,"{""actor_id"": 1, ""return_reason"": ""Missing Parts - aaaaaaaaaaaaaaaaaaaaaaaaaaaaaaaaaaa"", ""created_reason"": ""Customer Exchange Reverse Logistics"", ""exchange_return"": true, ""original_outbound_shipment_id"": 323, ""deferred_swap_until_replacement_outbound"": true}",2026-09-10 09:23:39.158648,2026-09-10 09:23:39,339,7.0,,4.0,1.0,RETURN,PENDING,,,,,323.0,,,,,,,,,,RETURN_APPROVED,2026-09-10 09:23:39,1.0,,,,,,,2026-09-10 09:23:39,,,,,,,,,,,not_ready,,4.0,DELHIVERY,EXCHANGE_RETURN,CUSTOMER_TO_HUB,,1,300.0,300.0,140.0,VENDOR,,,,,,,0,,0,,,0,,,,,,,,,
325,DTDC-99,1.0,11x1x1,D123456,,,Booked,0,"{""remarks"": ""aaaaaaaaaaaaaaaaaaaaaaa"", ""proof_url"": ""/uploads/inbound_receive/1a110f76-cf19-43fa-a952-46b86c6b8fdc.png"", ""proof_urls"": [""/uploads/inbound_receive/1a110f76-cf19-43fa-a952-46b86c6b8fdc.png""], ""received_at"": ""2026-09-10T09:27:40.302Z"", ""received_by"": 1, ""inbound_received_at"": ""2026-09-10T09:27:40.302Z""}",2026-09-10 09:27:15.840413,2026-09-10 09:28:29,341,7.0,,3.0,1.0,INBOUND,PASSED,,,,326.0,,326.0,2026-09-10 09:28:24,,,,,,,,OUTBOUND_READY,2026-09-10 09:28:30,1.0,,,,,,,,2026-09-14,,,2026-09-10 09:27:40,,,,,,,ready_for_pickup,2026-09-10 09:27:16,,SELF,INBOUND,VENDOR_TO_HUB,1.0,1,11.0,1.0,1.0,VENDOR,Sachin Rewatkar,9404950776.0,"Wakad, Pune",Pune,Maharashtra,441057.0,0,,0,,,0,,,,,,,,,
326,Delhivery,4.0,300x300x140,MOCK1789032508854,,https://staging-express.delhivery.com/api/p/packing_slip?wbns=MOCK1789032508854&pdf=true,Booked,1,"{""awb"": ""MOCK1789032508854"", ""raw"": {""mock"": true, ""waybill"": ""MOCK1789032508854""}, ""adapter"": ""Delhivery"", ""booked_at"": ""2026-09-10T09:28:29.015Z"", ""label_url"": ""https://staging-express.delhivery.com/api/p/packing_slip?wbns=MOCK1789032508854&pdf=true"", ""pickup_id"": null, ""courier_name"": ""Delhivery""}",2026-09-10 09:28:28.514324,2026-09-10 09:28:38,341,7.0,1.0,,,OUTBOUND,PENDING,"{""eta"": 2, ""cost"": 180, ""source"": ""FALLBACK_ESTIMATE"", ""service"": ""Standard"", ""provider"": ""Delhivery"", ""buffer_days"": 3, ""calculated_at"": ""2026-09-10T09:28:28.443Z"", ""customer_type"": ""B2C"", ""delhivery_service"": ""B2C_PARCEL"", ""delhivery_resolution_reason"": ""no_valid_gstin""}",,,,325.0,,,,2026-09-10 09:28:29,2026-09-10 09:28:38,,,,,DELIVERED,2026-09-10 09:28:38,1.0,,,,,,,,,,,,2026-09-10 09:28:29,Vendor Pune Warehouse,"Pune, Wakad, Haveli, Maharashtra",MOCK1789032508854,,7.0,pickup_scheduled,2026-09-10 09:28:30,4.0,DELHIVERY,OUTBOUND,HUB_TO_CUSTOMER,,1,300.0,300.0,140.0,VENDOR,,,,,,,0,,0,1.0,,0,,,,,,,,,
327,,4.0,300x300x140,,,,Pending,0,"{""actor_id"": 1, ""return_reason"": ""Missing Parts - aaaaaaaaaaaaaaaaaaaaaaaaaaaaaaaaaaaaa"", ""created_reason"": ""Customer Exchange Reverse Logistics"", ""exchange_return"": true, ""original_outbound_shipment_id"": 326, ""deferred_swap_until_replacement_outbound"": true}",2026-09-10 09:29:42.663930,2026-09-10 09:29:42,341,7.0,,4.0,1.0,RETURN,PENDING,,,,,326.0,,,,,,,,,,RETURN_APPROVED,2026-09-10 09:29:43,1.0,,,,,,,2026-09-10 09:29:43,,,,,,,,,,,not_ready,,4.0,DELHIVERY,EXCHANGE_RETURN,CUSTOMER_TO_HUB,,1,300.0,300.0,140.0,VENDOR,,,,,,,0,,0,,,0,,,,,,,,,
328,DTDC,3.5,248x248x248,1234567890,,,Failed,0,"{""remarks"": ""aaaaaaaaaaaaaaaaaaaaa"", ""proof_url"": ""/uploads/inbound_receive/896246f6-fec3-47ba-a12e-5dffd7f8fbac.png"", ""proof_urls"": [""/uploads/inbound_receive/896246f6-fec3-47ba-a12e-5dffd7f8fbac.png""], ""received_at"": ""2026-09-10T09:54:49.907Z"", ""received_by"": 1, ""cancellation"": {""at"": ""2026-09-13T10:02:01.357Z"", ""awb"": ""1234567890"", ""mode"": ""courier_cancel"", ""stage"": ""INBOUND"", ""orderId"": 340}, ""old_order_id"": 339, ""exchange_return_id"": 56, ""inbound_received_at"": ""2026-09-10T09:54:49.907Z"", ""exchange_replacement"": true, ""replacement_order_id"": 340}",2026-09-10 09:53:56.317156,2026-09-13 10:02:01,340,7.0,,3.0,1.0,INBOUND,FAILED,,,,329.0,,329.0,,,,,"QC failed: 3 item(s) unchecked: quantity, quality, Specification",2026-09-10 09:55:11,,,CANCELLED_BY_ADMIN,2026-09-13 10:02:01,,VENDOR,2026-09-10 09:55:12,"QC failed: 3 item(s) unchecked: quantity, quality, Specification",,,,,2026-09-12,,,2026-09-10 09:54:50,,,,,,,not_ready,,,SELF,EXCHANGE_REPLACEMENT,VENDOR_TO_HUB,1.0,1,248.0,248.0,248.0,VENDOR,Sachin Rewatkar,9404950776.0,"Wakad, Pune",Pune,Maharashtra,441057.0,0,,0,,,0,,,,,0.0,,,,
329,,3.5,248x248x248,123456,,,Failed,0,"{""admin_id"": 1, ""qc_remarks"": ""QC failed: 3 item(s) unchecked: quantity, quality, Specification"", ""admin_notes"": ""QC failed: 3 item(s) unchecked: quantity, quality, Specification"", ""cancellation"": {""at"": ""2026-09-13T10:02:01.148Z"", ""awb"": ""123456"", ""mode"": ""courier_cancel"", ""stage"": ""OUTBOUND"", ""orderId"": 340}, ""created_reason"": ""Hub QC Failure RTV"", ""vendor_courier"": ""DTDC"", ""qc_failure_reason"": ""QC failed: 3 item(s) unchecked: quantity, quality, Specification"", ""vendor_address_id"": 3, ""vendor_arranged_at"": ""2026-09-10T09:58:45.024Z"", ""original_shipment_id"": 328}",2026-09-10 09:55:11.672015,2026-09-13 10:02:01,340,7.0,,,,OUTBOUND,FAILED,,,,,328.0,,,,,,,,,,CANCELLED_BY_ADMIN,2026-09-13 10:02:01,,VENDOR,2026-09-10 09:55:12,"QC failed: 3 item(s) unchecked: quantity, quality, Specification",2026-09-10 10:02:10,,,,,,,,,,,123456,,,not_ready,,,DELHIVERY,RTV,HUB_TO_VENDOR,1.0,1,248.0,248.0,248.0,VENDOR,,,,,,,0,,0,,,0,,,,,0.0,,,,
330,DTDC,3.5,248x248x248,D123456,,,Booked,0,"{""remarks"": ""AAAAAAAAAAAAAAAAA"", ""proof_url"": ""/uploads/inbound_receive/096e130b-9490-4817-aecf-3f01a1a8824b.png"", ""proof_urls"": [""/uploads/inbound_receive/096e130b-9490-4817-aecf-3f01a1a8824b.png""], ""received_at"": ""2026-09-10T10:17:53.598Z"", ""received_by"": 1, ""inbound_received_at"": ""2026-09-10T10:17:53.598Z""}",2026-09-10 10:17:33.037054,2026-09-10 10:35:43,342,7.0,,3.0,1.0,INBOUND,FAILED,,,,331.0,,331.0,,,,,"QC failed: 3 item(s) unchecked: quantity, quality, Specification",2026-09-10 10:18:09,,,RTV_BOOKED,2026-09-10 10:35:43,7.0,VENDOR,2026-09-10 10:18:10,"QC failed: 3 item(s) unchecked: quantity, quality, Specification",,,,,2026-09-14,,,2026-09-10 10:17:54,,,,,,,ready_for_pickup,2026-09-10 10:17:33,,SELF,INBOUND,VENDOR_TO_HUB,1.0,1,248.0,248.0,248.0,VENDOR,Sachin Rewatkar,9404950776.0,"Wakad, Pune",Pune,Maharashtra,441057.0,0,,0,,,0,,,,,0.0,,,,
331,,3.5,248x248x248,123456789,,,Pending,0,"{""admin_id"": 1, ""qc_remarks"": ""QC failed: 3 item(s) unchecked: quantity, quality, Specification"", ""admin_notes"": ""QC failed: 3 item(s) unchecked: quantity, quality, Specification"", ""created_reason"": ""Hub QC Failure RTV"", ""vendor_courier"": ""DTDC"", ""qc_failure_reason"": ""QC failed: 3 item(s) unchecked: quantity, quality, Specification"", ""vendor_address_id"": 3, ""vendor_arranged_at"": ""2026-09-10T10:40:55.719Z"", ""original_shipment_id"": 330}",2026-09-10 10:18:09.316118,2026-09-10 10:53:48,342,7.0,,,,OUTBOUND,FAILED,,,,,330.0,,,,,,,,,,RTV_BOOKED,2026-09-10 10:35:43,7.0,VENDOR,2026-09-10 10:18:10,"QC failed: 3 item(s) unchecked: quantity, quality, Specification",2026-09-10 10:53:48,,,,,,,,,,,123456789,,,not_ready,,,DELHIVERY,RTV,HUB_TO_VENDOR,1.0,1,248.0,248.0,248.0,VENDOR,,,,,,,0,,0,,,0,,,,,0.0,,,,
332,DTDC,1.0,11x1x1,D1234567,,,Booked,0,"{""remarks"": ""aaaaaaaaaaaaaaaaaaaaaaaaaaaaa"", ""proof_url"": ""/uploads/inbound_receive/12725ba0-b028-494b-bdf4-abaa73c26a16.png"", ""proof_urls"": [""/uploads/inbound_receive/12725ba0-b028-494b-bdf4-abaa73c26a16.png""], ""received_at"": ""2026-09-10T12:23:20.166Z"", ""received_by"": 1, ""inbound_received_at"": ""2026-09-10T12:23:20.166Z""}",2026-09-10 12:22:48.211105,2026-09-10 12:25:01,345,7.0,,3.0,1.0,INBOUND,PASSED,,,,333.0,,333.0,2026-09-10 12:24:51,,,,,,,,OUTBOUND_READY,2026-09-10 12:25:01,1.0,,,,,,,,2026-09-14,,,2026-09-10 12:23:20,,,,,,,ready_for_pickup,2026-09-10 12:22:48,,SELF,INBOUND,VENDOR_TO_HUB,1.0,1,11.0,1.0,1.0,VENDOR,Sachin Rewatkar,9404950776.0,"Wakad, Pune",Pune,Maharashtra,441057.0,0,,0,,,0,,,,,,,,,
333,Delhivery,4.0,300x300x140,MOCK1789043099168,,https://staging-express.delhivery.com/api/p/packing_slip?wbns=MOCK1789043099168&pdf=true,Booked,1,"{""awb"": ""MOCK1789043099168"", ""raw"": {""mock"": true, ""waybill"": ""MOCK1789043099168""}, ""adapter"": ""Delhivery"", ""booked_at"": ""2026-09-10T12:24:59.324Z"", ""label_url"": ""https://staging-express.delhivery.com/api/p/packing_slip?wbns=MOCK1789043099168&pdf=true"", ""pickup_id"": null, ""courier_name"": ""Delhivery""}",2026-09-10 12:24:58.808629,2026-09-10 12:25:21,345,7.0,1.0,,,OUTBOUND,PENDING,"{""eta"": 2, ""cost"": 180, ""source"": ""FALLBACK_ESTIMATE"", ""service"": ""Standard"", ""provider"": ""Delhivery"", ""buffer_days"": 3, ""calculated_at"": ""2026-09-10T12:24:58.674Z"", ""customer_type"": ""B2C"", ""delhivery_service"": ""B2C_PARCEL"", ""delhivery_resolution_reason"": ""no_valid_gstin""}",,,,332.0,,,,2026-09-10 12:25:00,2026-09-10 12:25:21,,,,,DELIVERED,2026-09-10 12:25:21,1.0,,,,,,,,,,,,2026-09-10 12:25:00,Vendor Pune Warehouse,"Pune, Wakad, Haveli, Maharashtra",MOCK1789043099168,,7.0,pickup_scheduled,2026-09-10 12:25:01,4.0,DELHIVERY,OUTBOUND,HUB_TO_CUSTOMER,,1,300.0,300.0,140.0,VENDOR,,,,,,,0,,0,1.0,,0,,,,,,,,,
334,Delhivery,4.0,300x300x140,MOCK1789043204039,,https://staging-express.delhivery.com/api/p/packing_slip?wbns=MOCK1789043204039&pdf=true,Booked,1,"{""awb"": ""MOCK1789043204039"", ""raw"": {""mock"": true, ""waybill"": ""MOCK1789043204039""}, ""adapter"": ""Delhivery"", ""booked_at"": ""2026-09-10T12:26:44.198Z"", ""label_url"": ""https://staging-express.delhivery.com/api/p/packing_slip?wbns=MOCK1789043204039&pdf=true"", ""pickup_id"": null, ""courier_name"": ""Delhivery""}",2026-09-10 12:26:43.094820,2026-09-10 12:28:04,345,7.0,1.0,4.0,1.0,RETURN,PENDING,,,,,333.0,,,,2026-09-10 12:26:44,,,,,,RETURN_IN_TRANSIT,2026-09-10 12:28:05,1.0,,,,,,,2026-09-10 12:26:43,,,,,2026-09-10 12:27:57,InfoprosysSURFACE-B2C,"MIDC Phase 2, Pune, Maharashtra, Pune, Maharashtra",MOCK1789043204039,New,,not_ready,,4.0,DELHIVERY,RETURN,CUSTOMER_TO_HUB,,1,300.0,300.0,140.0,VENDOR,,,,,,,0,,0,1.0,,0,,,,,,,,,
335,DTDC-66,1.0,1x1x1,D12345,,,Booked,0,"{""remarks"": ""aaaaaaaaaaaaaaaaaaaaaa"", ""proof_url"": ""/uploads/inbound_receive/d1e5b5e2-a9dc-42f7-ba66-cc40ae4cbe8c.png"", ""proof_urls"": [""/uploads/inbound_receive/d1e5b5e2-a9dc-42f7-ba66-cc40ae4cbe8c.png""], ""received_at"": ""2026-09-11T05:18:14.029Z"", ""received_by"": 1, ""inbound_received_at"": ""2026-09-11T05:18:14.029Z""}",2026-09-11 05:17:02.087684,2026-09-11 05:19:05,346,7.0,,3.0,1.0,INBOUND,PASSED,,,,336.0,,336.0,2026-09-11 05:18:57,,,,,,,,OUTBOUND_READY,2026-09-11 05:19:05,1.0,,,,,,,,2026-09-15,,,2026-09-11 05:18:14,,,,,,,ready_for_pickup,2026-09-11 05:17:02,,SELF,INBOUND,VENDOR_TO_HUB,1.0,1,1.0,1.0,1.0,VENDOR,Sachin Rewatkar,9404950776.0,"Wakad, Pune",Pune,Maharashtra,441057.0,0,,0,,,0,,,,,,,,,
336,Delhivery,4.0,300x300x140,MOCK1789103944194,,https://staging-express.delhivery.com/api/p/packing_slip?wbns=MOCK1789103944194&pdf=true,Booked,1,"{""awb"": ""MOCK1789103944194"", ""raw"": {""mock"": true, ""waybill"": ""MOCK1789103944194""}, ""adapter"": ""Delhivery"", ""booked_at"": ""2026-09-11T05:19:04.394Z"", ""label_url"": ""https://staging-express.delhivery.com/api/p/packing_slip?wbns=MOCK1789103944194&pdf=true"", ""pickup_id"": null, ""courier_name"": ""Delhivery""}",2026-09-11 05:19:03.827585,2026-09-11 05:27:16,346,7.0,1.0,,,OUTBOUND,PENDING,"{""eta"": 2, ""cost"": 180, ""source"": ""FALLBACK_ESTIMATE"", ""service"": ""Standard"", ""provider"": ""Delhivery"", ""buffer_days"": 3, ""calculated_at"": ""2026-09-11T05:19:03.702Z"", ""customer_type"": ""B2C"", ""delhivery_service"": ""B2C_PARCEL"", ""delhivery_resolution_reason"": ""no_valid_gstin""}",,,,335.0,,,,2026-09-11 05:19:05,2026-09-11 05:27:17,,,,,DELIVERED,2026-09-11 05:27:17,1.0,,,,,,,,,,,,2026-09-11 05:19:05,Vendor Pune Warehouse,"Pune, Wakad, Haveli, Maharashtra",MOCK1789103944194,,8.0,pickup_scheduled,2026-09-11 05:19:05,4.0,DELHIVERY,OUTBOUND,HUB_TO_CUSTOMER,,1,300.0,300.0,140.0,VENDOR,,,,,,,0,,0,1.0,,0,,,,,,,,,
337,Delhivery,4.0,300x300x140,MOCK1789104685533,,https://staging-express.delhivery.com/api/p/packing_slip?wbns=MOCK1789104685533&pdf=true,Booked,1,"{""awb"": ""MOCK1789104685533"", ""raw"": {""mock"": true, ""waybill"": ""MOCK1789104685533""}, ""adapter"": ""Delhivery"", ""remarks"": ""aaaaaaaaaaaaaaaaaaaaaaaaaaa"", ""booked_at"": ""2026-09-11T05:31:25.659Z"", ""label_url"": ""https://staging-express.delhivery.com/api/p/packing_slip?wbns=MOCK1789104685533&pdf=true"", ""pickup_id"": null, ""proof_url"": ""/uploads/inbound_receive/d8aa5b34-bb41-4ac5-b1b1-e4f8e0355bd5.png"", ""proof_urls"": [""/uploads/inbound_receive/d8aa5b34-bb41-4ac5-b1b1-e4f8e0355bd5.png""], ""received_at"": ""2026-09-11T05:33:25.726Z"", ""received_by"": 1, ""courier_name"": ""Delhivery"", ""inbound_received_at"": ""2026-09-11T05:33:25.726Z""}",2026-09-11 05:31:24.889681,2026-09-11 05:33:25,346,7.0,1.0,4.0,1.0,RETURN,PENDING,,,,,336.0,,,,2026-09-11 05:31:26,,,,,,RETURN_QC_PENDING,2026-09-11 05:33:26,1.0,,,,,,,2026-09-11 05:31:25,,,,2026-09-11 05:33:26,2026-09-11 05:32:34,InfoprosysSURFACE-B2C,"MIDC Phase 2, Pune, Maharashtra, Pune, Maharashtra",MOCK1789104685533,New,,not_ready,,4.0,DELHIVERY,RETURN,CUSTOMER_TO_HUB,,1,300.0,300.0,140.0,VENDOR,,,,,,,0,,0,1.0,,0,,,,,,,,,
338,DTDC,1.0,1x1x1,D123456,,,Booked,0,"{""remarks"": ""aaaaaaaaaaaaaaaaaaaa"", ""proof_url"": ""/uploads/inbound_receive/253f1afb-84a1-468c-a73e-9bd397f7efb6.png"", ""proof_urls"": [""/uploads/inbound_receive/253f1afb-84a1-468c-a73e-9bd397f7efb6.png""], ""received_at"": ""2026-09-11T05:36:30.623Z"", ""received_by"": 1, ""inbound_received_at"": ""2026-09-11T05:36:30.623Z""}",2026-09-11 05:36:07.870681,2026-09-11 05:37:22,347,7.0,,3.0,1.0,INBOUND,PASSED,,,,339.0,,339.0,2026-09-11 05:37:15,,,,,,,,OUTBOUND_READY,2026-09-11 05:37:22,1.0,,,,,,,,2026-09-15,,,2026-09-11 05:36:31,,,,,,,ready_for_pickup,2026-09-11 05:36:08,,SELF,INBOUND,VENDOR_TO_HUB,1.0,1,1.0,1.0,1.0,VENDOR,Sachin Rewatkar,9404950776.0,"Wakad, Pune",Pune,Maharashtra,441057.0,0,,0,,,0,,,,,,,,,
339,Delhivery,4.0,300x300x140,MOCK1789105041580,,https://staging-express.delhivery.com/api/p/packing_slip?wbns=MOCK1789105041580&pdf=true,Booked,1,"{""awb"": ""MOCK1789105041580"", ""raw"": {""mock"": true, ""waybill"": ""MOCK1789105041580""}, ""adapter"": ""Delhivery"", ""booked_at"": ""2026-09-11T05:37:21.742Z"", ""label_url"": ""https://staging-express.delhivery.com/api/p/packing_slip?wbns=MOCK1789105041580&pdf=true"", ""pickup_id"": null, ""courier_name"": ""Delhivery""}",2026-09-11 05:37:21.278076,2026-09-11 05:37:32,347,7.0,1.0,,,OUTBOUND,PENDING,"{""eta"": 2, ""cost"": 180, ""source"": ""FALLBACK_ESTIMATE"", ""service"": ""Standard"", ""provider"": ""Delhivery"", ""buffer_days"": 3, ""calculated_at"": ""2026-09-11T05:37:21.204Z"", ""customer_type"": ""B2C"", ""delhivery_service"": ""B2C_PARCEL"", ""delhivery_resolution_reason"": ""no_valid_gstin""}",,,,338.0,,,,2026-09-11 05:37:22,2026-09-11 05:37:33,,,,,DELIVERED,2026-09-11 05:37:33,1.0,,,,,,,,,,,,2026-09-11 05:37:22,Vendor Pune Warehouse,"Pune, Wakad, Haveli, Maharashtra",MOCK1789105041580,,8.0,pickup_scheduled,2026-09-11 05:37:22,4.0,DELHIVERY,OUTBOUND,HUB_TO_CUSTOMER,,1,300.0,300.0,140.0,VENDOR,,,,,,,0,,0,1.0,,0,,,,,,,,,
340,Delhivery,4.0,300x300x140,MOCK1789105118722,,https://staging-express.delhivery.com/api/p/packing_slip?wbns=MOCK1789105118722&pdf=true,Booked,1,"{""awb"": ""MOCK1789105118722"", ""raw"": {""mock"": true, ""waybill"": ""MOCK1789105118722""}, ""adapter"": ""Delhivery"", ""remarks"": ""aaaaaaaaaaaaaaaaaaaaaaaaaaaaaaa"", ""booked_at"": ""2026-09-11T05:38:38.849Z"", ""label_url"": ""https://staging-express.delhivery.com/api/p/packing_slip?wbns=MOCK1789105118722&pdf=true"", ""pickup_id"": null, ""proof_url"": ""/uploads/inbound_receive/c27b2509-97db-4be9-909e-e4d9671b093b.png"", ""proof_urls"": [""/uploads/inbound_receive/c27b2509-97db-4be9-909e-e4d9671b093b.png""], ""received_at"": ""2026-09-11T08:46:48.242Z"", ""received_by"": 1, ""courier_name"": ""Delhivery"", ""inbound_received_at"": ""2026-09-11T08:46:48.242Z""}",2026-09-11 05:38:37.936844,2026-09-11 08:47:27,347,7.0,1.0,4.0,1.0,RETURN,PENDING,,,,,339.0,,,,2026-09-11 05:38:39,,,,,,RETURN_COMPLETED,2026-09-11 08:47:28,1.0,,,,,,,2026-09-11 05:38:38,,,,2026-09-11 08:46:48,2026-09-11 08:45:33,InfoprosysSURFACE-B2C,"MIDC Phase 2, Pune, Maharashtra, Pune, Maharashtra",MOCK1789105118722,New,,not_ready,,4.0,DELHIVERY,RETURN,CUSTOMER_TO_HUB,,1,300.0,300.0,140.0,VENDOR,,,,,,,0,,0,1.0,,0,,,,,,,,,
341,DTDC,1.0,1x1x1,D123456,,,Booked,0,"{""remarks"": ""aaaaaaaaaaaaaaaaaaaaaaa"", ""proof_url"": ""/uploads/inbound_receive/260aaa77-14a3-416d-9d48-249eae271e51.png"", ""proof_urls"": [""/uploads/inbound_receive/260aaa77-14a3-416d-9d48-249eae271e51.png""], ""received_at"": ""2026-09-11T08:52:32.738Z"", ""received_by"": 1, ""inbound_received_at"": ""2026-09-11T08:52:32.738Z""}",2026-09-11 08:52:04.695261,2026-09-11 08:53:23,348,7.0,,3.0,1.0,INBOUND,PASSED,,,,342.0,,342.0,2026-09-11 08:53:17,,,,,,,,OUTBOUND_READY,2026-09-11 08:53:24,1.0,,,,,,,,2026-09-15,,,2026-09-11 08:52:33,,,,,,,ready_for_pickup,2026-09-11 08:52:05,,SELF,INBOUND,VENDOR_TO_HUB,1.0,1,1.0,1.0,1.0,VENDOR,Sachin Rewatkar,9404950776.0,"Wakad, Pune",Pune,Maharashtra,441057.0,0,,0,,,0,,,,,,,,,
342,Delhivery,4.0,300x300x140,MOCK1789116802882,,https://staging-express.delhivery.com/api/p/packing_slip?wbns=MOCK1789116802882&pdf=true,Booked,1,"{""awb"": ""MOCK1789116802882"", ""raw"": {""mock"": true, ""waybill"": ""MOCK1789116802882""}, ""adapter"": ""Delhivery"", ""booked_at"": ""2026-09-11T08:53:23.034Z"", ""label_url"": ""https://staging-express.delhivery.com/api/p/packing_slip?wbns=MOCK1789116802882&pdf=true"", ""pickup_id"": null, ""courier_name"": ""Delhivery""}",2026-09-11 08:53:22.559194,2026-09-11 08:53:34,348,7.0,1.0,,,OUTBOUND,PENDING,"{""eta"": 2, ""cost"": 180, ""source"": ""FALLBACK_ESTIMATE"", ""service"": ""Standard"", ""provider"": ""Delhivery"", ""buffer_days"": 3, ""calculated_at"": ""2026-09-11T08:53:22.332Z"", ""customer_type"": ""B2C"", ""delhivery_service"": ""B2C_PARCEL"", ""delhivery_resolution_reason"": ""no_valid_gstin""}",,,,341.0,,,,2026-09-11 08:53:23,2026-09-11 08:53:35,,,,,DELIVERED,2026-09-11 08:53:35,1.0,,,,,,,,,,,,2026-09-11 08:53:23,Vendor Pune Warehouse,"Pune, Wakad, Haveli, Maharashtra",MOCK1789116802882,,8.0,pickup_scheduled,2026-09-11 08:53:24,4.0,DELHIVERY,OUTBOUND,HUB_TO_CUSTOMER,,1,300.0,300.0,140.0,VENDOR,,,,,,,0,,0,1.0,,0,,,,,,,,,
343,Delhivery,4.0,300x300x140,MOCK1789117524406,,https://staging-express.delhivery.com/api/p/packing_slip?wbns=MOCK1789117524406&pdf=true,Booked,1,"{""awb"": ""MOCK1789117524406"", ""raw"": {""mock"": true, ""waybill"": ""MOCK1789117524406""}, ""adapter"": ""Delhivery"", ""remarks"": ""aaaaaaaaaaaaaaaaaaaaaaa"", ""booked_at"": ""2026-09-11T09:05:24.566Z"", ""label_url"": ""https://staging-express.delhivery.com/api/p/packing_slip?wbns=MOCK1789117524406&pdf=true"", ""pickup_id"": null, ""proof_url"": ""/uploads/inbound_receive/6c23f502-80fe-4722-a858-b43784f9f283.png"", ""proof_urls"": [""/uploads/inbound_receive/6c23f502-80fe-4722-a858-b43784f9f283.png""], ""received_at"": ""2026-09-11T09:07:14.347Z"", ""received_by"": 1, ""courier_name"": ""Delhivery"", ""inbound_received_at"": ""2026-09-11T09:07:14.347Z""}",2026-09-11 09:05:23.567978,2026-09-11 09:07:42,348,7.0,1.0,4.0,1.0,RETURN,PENDING,,,,,342.0,,,,2026-09-11 09:05:25,,,,,,RETURN_COMPLETED,2026-09-11 09:07:42,1.0,,,,,,,2026-09-11 09:05:24,,,,2026-09-11 09:07:14,2026-09-11 09:05:47,InfoprosysSURFACE-B2C,"MIDC Phase 2, Pune, Maharashtra, Pune, Maharashtra",MOCK1789117524406,New,,not_ready,,4.0,DELHIVERY,RETURN,CUSTOMER_TO_HUB,,1,300.0,300.0,140.0,VENDOR,,,,,,,0,,0,1.0,,0,,,,,,,,,
344,DTDC,1.0,1x1x1,D123456,,,Booked,0,"{""remarks"": ""aaaaaaaaaaaaaaaaaaaaaaaaa"", ""proof_url"": ""/uploads/inbound_receive/e829193c-2983-4b45-8f80-1d3d41e082ae.png"", ""proof_urls"": [""/uploads/inbound_receive/e829193c-2983-4b45-8f80-1d3d41e082ae.png""], ""received_at"": ""2026-09-11T09:39:20.080Z"", ""received_by"": 1, ""inbound_received_at"": ""2026-09-11T09:39:20.080Z""}",2026-09-11 09:38:54.527468,2026-09-11 09:40:16,349,7.0,,3.0,1.0,INBOUND,PASSED,,,,345.0,,345.0,2026-09-11 09:40:07,,,,,,,,OUTBOUND_READY,2026-09-11 09:40:16,1.0,,,,,,,,2026-09-15,,,2026-09-11 09:39:20,,,,,,,ready_for_pickup,2026-09-11 09:38:55,,SELF,INBOUND,VENDOR_TO_HUB,1.0,1,1.0,1.0,1.0,VENDOR,Sachin Rewatkar,9404950776.0,"Wakad, Pune",Pune,Maharashtra,441057.0,0,,0,,,0,,,,,,,,,
345,Delhivery,4.0,300x300x140,MOCK1789119614927,,https://staging-express.delhivery.com/api/p/packing_slip?wbns=MOCK1789119614927&pdf=true,Booked,1,"{""awb"": ""MOCK1789119614927"", ""raw"": {""mock"": true, ""waybill"": ""MOCK1789119614927""}, ""adapter"": ""Delhivery"", ""booked_at"": ""2026-09-11T09:40:15.104Z"", ""label_url"": ""https://staging-express.delhivery.com/api/p/packing_slip?wbns=MOCK1789119614927&pdf=true"", ""pickup_id"": null, ""courier_name"": ""Delhivery""}",2026-09-11 09:40:14.570221,2026-09-11 09:40:27,349,7.0,1.0,,,OUTBOUND,PENDING,"{""eta"": 2, ""cost"": 180, ""source"": ""FALLBACK_ESTIMATE"", ""service"": ""Standard"", ""provider"": ""Delhivery"", ""buffer_days"": 3, ""calculated_at"": ""2026-09-11T09:40:14.425Z"", ""customer_type"": ""B2C"", ""delhivery_service"": ""B2C_PARCEL"", ""delhivery_resolution_reason"": ""no_valid_gstin""}",,,,344.0,,,,2026-09-11 09:40:15,2026-09-11 09:40:28,,,,,DELIVERED,2026-09-11 09:40:28,1.0,,,,,,,,,,,,2026-09-11 09:40:15,Vendor Pune Warehouse,"Pune, Wakad, Haveli, Maharashtra",MOCK1789119614927,,8.0,pickup_scheduled,2026-09-11 09:40:16,4.0,DELHIVERY,OUTBOUND,HUB_TO_CUSTOMER,,1,300.0,300.0,140.0,VENDOR,,,,,,,0,,0,1.0,,0,,,,,,,,,
346,Delhivery,4.0,300x300x140,MOCK1789120401238,,https://staging-express.delhivery.com/api/p/packing_slip?wbns=MOCK1789120401238&pdf=true,Booked,1,"{""awb"": ""MOCK1789120401238"", ""raw"": {""mock"": true, ""waybill"": ""MOCK1789120401238""}, ""adapter"": ""Delhivery"", ""booked_at"": ""2026-09-11T09:53:21.393Z"", ""label_url"": ""https://staging-express.delhivery.com/api/p/packing_slip?wbns=MOCK1789120401238&pdf=true"", ""pickup_id"": null, ""courier_name"": ""Delhivery"", ""replacement_outbound_shipment_id"": 349, ""swap_with_replacement_outbound_order_id"": 350, ""deferred_swap_until_replacement_outbound"": false}",2026-09-11 09:46:06.462763,2026-09-11 09:55:46,349,7.0,1.0,4.0,1.0,RETURN,PENDING,,,,,345.0,,,,2026-09-11 09:53:22,,,,,,RETURN_IN_TRANSIT,2026-09-11 09:55:46,1.0,,,,,,,2026-09-11 09:46:07,,,,,2026-09-11 09:55:40,InfoprosysSURFACE-B2C,"MIDC Phase 2, Pune, Maharashtra, Pune, Maharashtra",MOCK1789120401238,New,,not_ready,,4.0,DELHIVERY,EXCHANGE_RETURN,CUSTOMER_TO_HUB,,1,300.0,300.0,140.0,VENDOR,,,,,,,0,,0,1.0,,0,,,,,,,,,
347,DTDC,1.0,1x1x1,1234567890,,,Booked,0,"{""remarks"": ""aaaaaaaaaaaaaaaaaaaaaaaaaaa"", ""proof_url"": ""/uploads/inbound_receive/2a810ca7-ba42-42c6-a998-ad38efc76bc9.png"", ""proof_urls"": [""/uploads/inbound_receive/2a810ca7-ba42-42c6-a998-ad38efc76bc9.png""], ""received_at"": ""2026-09-11T09:52:17.943Z"", ""received_by"": 1, ""old_order_id"": 349, ""exchange_return_id"": 62, ""inbound_received_at"": ""2026-09-11T09:52:17.943Z"", ""exchange_replacement"": true, ""replacement_order_id"": 350}",2026-09-11 09:51:35.004144,2026-09-11 09:53:19,350,7.0,,3.0,1.0,INBOUND,PASSED,,,,349.0,,349.0,2026-09-11 09:53:19,,,,,,,,HUB_PACKAGED,2026-09-11 09:53:20,1.0,,,,,,,,2026-09-13,,,2026-09-11 09:52:18,,,,,,,not_ready,,,SELF,EXCHANGE_REPLACEMENT,VENDOR_TO_HUB,1.0,1,1.0,1.0,1.0,VENDOR,Sachin Rewatkar,9404950776.0,"Wakad, Pune",Pune,Maharashtra,441057.0,0,,0,,,0,,,,,,,,,
348,,4.0,300x300x140,,,,Pending,0,,2026-09-11 09:53:20.037229,2026-09-11 09:53:20,350,7.0,1.0,,,OUTBOUND,PENDING,"{""eta"": 2, ""cost"": 180, ""source"": ""FALLBACK_ESTIMATE"", ""service"": ""Standard"", ""provider"": ""Delhivery"", ""buffer_days"": 3, ""calculated_at"": ""2026-09-11T09:53:19.850Z""}",,,,347.0,,,,,,,,,,OUTBOUND_READY,,,,,,,,,,,,,,,,,,,,not_ready,,4.0,DELHIVERY,OUTBOUND,HUB_TO_CUSTOMER,,1,300.0,300.0,140.0,VENDOR,,,,,,,0,,0,,,0,,,,,,,,,
349,,4.0,300x300x140,,,,Pending,0,,2026-09-11 09:53:20.126404,2026-09-11 09:53:20,350,7.0,1.0,,,OUTBOUND,PENDING,"{""eta"": 2, ""cost"": 180, ""source"": ""FALLBACK_ESTIMATE"", ""service"": ""Standard"", ""provider"": ""Delhivery"", ""buffer_days"": 3, ""calculated_at"": ""2026-09-11T09:53:20.008Z""}",,,,347.0,,,,,,,,,,OUTBOUND_READY,,,,,,,,,,,,,,,,,,,,not_ready,,4.0,DELHIVERY,OUTBOUND,HUB_TO_CUSTOMER,,1,300.0,300.0,140.0,VENDOR,,,,,,,0,,0,,,0,,,,,,,,,
350,DTDC-2256,1.0,1x1x1,D123456,,,Booked,0,"{""remarks"": ""aaaaaaaaaaaaaaaaaaaaaaaaa"", ""proof_url"": ""/uploads/inbound_receive/f2210f18-7539-4a16-a5e9-9b3102d8463f.png"", ""proof_urls"": [""/uploads/inbound_receive/f2210f18-7539-4a16-a5e9-9b3102d8463f.png""], ""received_at"": ""2026-09-11T10:33:20.441Z"", ""received_by"": 1, ""inbound_received_at"": ""2026-09-11T10:33:20.441Z""}",2026-09-11 10:29:01.504911,2026-09-11 10:37:32,359,7.0,,3.0,1.0,INBOUND,PASSED,,,,351.0,,351.0,2026-09-11 10:34:06,,,,,,,,OUTBOUND_READY,2026-09-11 10:37:32,1.0,,,,,,,,2026-09-15,,,2026-09-11 10:33:20,,,,,,,ready_for_pickup,2026-09-11 10:29:02,,SELF,INBOUND,VENDOR_TO_HUB,1.0,1,1.0,1.0,1.0,VENDOR,Sachin Rewatkar,9404950776.0,"Wakad, Pune",Pune,Maharashtra,441057.0,0,,0,,,0,,,,,,,,,
351,Delhivery,4.0,300x300x140,MOCK1789123051414,,https://staging-express.delhivery.com/api/p/packing_slip?wbns=MOCK1789123051414&pdf=true,Booked,1,"{""awb"": ""MOCK1789123051414"", ""raw"": {""mock"": true, ""waybill"": ""MOCK1789123051414""}, ""adapter"": ""Delhivery"", ""booked_at"": ""2026-09-11T10:37:31.564Z"", ""label_url"": ""https://staging-express.delhivery.com/api/p/packing_slip?wbns=MOCK1789123051414&pdf=true"", ""pickup_id"": null, ""courier_name"": ""Delhivery""}",2026-09-11 10:37:31.040481,2026-09-11 10:37:42,359,7.0,1.0,,,OUTBOUND,PENDING,"{""eta"": 2, ""cost"": 180, ""source"": ""FALLBACK_ESTIMATE"", ""service"": ""Standard"", ""provider"": ""Delhivery"", ""buffer_days"": 3, ""calculated_at"": ""2026-09-11T10:37:30.955Z"", ""customer_type"": ""B2C"", ""delhivery_service"": ""B2C_PARCEL"", ""delhivery_resolution_reason"": ""no_valid_gstin""}",,,,350.0,,,,2026-09-11 10:37:32,2026-09-11 10:37:43,,,,,DELIVERED,2026-09-11 10:37:43,1.0,,,,,,,,,,,,2026-09-11 10:37:32,Vendor Pune Warehouse,"Pune, Wakad, Haveli, Maharashtra",MOCK1789123051414,,8.0,pickup_scheduled,2026-09-11 10:37:32,4.0,DELHIVERY,OUTBOUND,HUB_TO_CUSTOMER,,1,300.0,300.0,140.0,VENDOR,,,,,,,0,,0,1.0,,0,,,,,,,,,
352,Delhivery,4.0,300x300x140,MOCK1789126852330,,https://staging-express.delhivery.com/api/p/packing_slip?wbns=MOCK1789126852330&pdf=true,Booked,1,"{""awb"": ""MOCK1789126852330"", ""raw"": {""mock"": true, ""waybill"": ""MOCK1789126852330""}, ""adapter"": ""Delhivery"", ""remarks"": ""aaaaaaaaaaaaaaaaaaaaa"", ""booked_at"": ""2026-09-11T11:40:52.694Z"", ""label_url"": ""https://staging-express.delhivery.com/api/p/packing_slip?wbns=MOCK1789126852330&pdf=true"", ""pickup_id"": null, ""proof_url"": ""/uploads/inbound_receive/88643444-7d46-4e48-bd2b-7b6676d8360a.png"", ""proof_urls"": [""/uploads/inbound_receive/88643444-7d46-4e48-bd2b-7b6676d8360a.png""], ""received_at"": ""2026-09-11T11:42:17.433Z"", ""received_by"": 1, ""courier_name"": ""Delhivery"", ""inbound_received_at"": ""2026-09-11T11:42:17.433Z"", ""replacement_outbound_shipment_id"": 355, ""swap_with_replacement_outbound_order_id"": 362, ""deferred_swap_until_replacement_outbound"": false}",2026-09-11 11:36:55.218905,2026-09-11 11:42:17,359,7.0,1.0,4.0,1.0,RETURN,PENDING,,,,,351.0,,,,2026-09-11 11:40:53,,,,,,RETURN_QC_PENDING,2026-09-11 11:42:18,1.0,,,,,,,2026-09-11 11:36:55,,,,2026-09-11 11:42:17,2026-09-11 11:41:37,InfoprosysSURFACE-B2C,"MIDC Phase 2, Pune, Maharashtra, Pune, Maharashtra",MOCK1789126852330,New,,not_ready,,4.0,DELHIVERY,EXCHANGE_RETURN,CUSTOMER_TO_HUB,,1,300.0,300.0,140.0,VENDOR,,,,,,,0,,0,1.0,,0,,,,,,,,,
353,DTDC,1.0,1x1x1,1234567890,,,Booked,0,"{""remarks"": ""aaaaaaaaaaaaaaaaaaaaaaaaa"", ""proof_url"": ""/uploads/inbound_receive/7b3f71d1-f29a-4a7a-b48e-8a7073c2cdba.png"", ""proof_urls"": [""/uploads/inbound_receive/7b3f71d1-f29a-4a7a-b48e-8a7073c2cdba.png""], ""received_at"": ""2026-09-11T11:40:06.165Z"", ""received_by"": 1, ""old_order_id"": 359, ""exchange_return_id"": 63, ""inbound_received_at"": ""2026-09-11T11:40:06.165Z"", ""exchange_replacement"": true, ""replacement_order_id"": 362}",2026-09-11 11:39:42.432964,2026-09-11 11:40:51,362,7.0,,3.0,1.0,INBOUND,PASSED,,,,355.0,,355.0,2026-09-11 11:40:51,,,,,,,,HUB_PACKAGED,2026-09-11 11:40:51,1.0,,,,,,,,2026-09-13,,,2026-09-11 11:40:06,,,,,,,not_ready,,,SELF,EXCHANGE_REPLACEMENT,VENDOR_TO_HUB,1.0,1,1.0,1.0,1.0,VENDOR,Sachin Rewatkar,9404950776.0,"Wakad, Pune",Pune,Maharashtra,441057.0,0,,0,,,0,,,,,,,,,
354,,4.0,300x300x140,,,,Pending,0,,2026-09-11 11:40:51.212320,2026-09-11 11:40:51,362,7.0,1.0,,,OUTBOUND,PENDING,"{""eta"": 2, ""cost"": 180, ""source"": ""FALLBACK_ESTIMATE"", ""service"": ""Standard"", ""provider"": ""Delhivery"", ""buffer_days"": 3, ""calculated_at"": ""2026-09-11T11:40:51.060Z""}",,,,353.0,,,,,,,,,,OUTBOUND_READY,,,,,,,,,,,,,,,,,,,,not_ready,,4.0,DELHIVERY,OUTBOUND,HUB_TO_CUSTOMER,,1,300.0,300.0,140.0,VENDOR,,,,,,,0,,0,,,0,,,,,,,,,
355,,4.0,300x300x140,,,,Pending,0,,2026-09-11 11:40:51.262257,2026-09-11 11:40:51,362,7.0,1.0,,,OUTBOUND,PENDING,"{""eta"": 2, ""cost"": 180, ""source"": ""FALLBACK_ESTIMATE"", ""service"": ""Standard"", ""provider"": ""Delhivery"", ""buffer_days"": 3, ""calculated_at"": ""2026-09-11T11:40:51.140Z""}",,,,353.0,,,,,,,,,,OUTBOUND_READY,,,,,,,,,,,,,,,,,,,,not_ready,,4.0,DELHIVERY,OUTBOUND,HUB_TO_CUSTOMER,,1,300.0,300.0,140.0,VENDOR,,,,,,,0,,0,,,0,,,,,,,,,
