product_id,name,is_return_available,return_days,return_policy_details,is_exchange_available,exchange_days,exchange_policy_details,category_id,subcategory_id,brand_name,no_brand,has_variants,status,approvalStatus,rejectionReason,product_description,bullet_points,images,link,model_number,model_name,manufacturer,manufacturing_date,generic_keywords,number_of_items,item_type_name,number_of_pieces,part_number,manufacturer_contact_info,required_assembly,pattern,unit_count,unit_count_type,product_launch_date,included_components,external_product_information_entity,external_product_information,importer_contact_information,packer_contact_information,sku,handling_time,restock_date,minimum_seller_allowed_price,maximum_seller_allowed_price,offering_release_date,maximum_order_quantity,offering_can_be_gift_messaged,is_gift_wrap_available,item_length,item_width,item_height,item_package_length,item_package_width,item_package_height,package_weight,country_of_origin,dangerous_goods_regulation,item_weight,item_weight_unit_id,regulatory_certifications,responsible_person_email,compliance_media,product_tax_code_id,battery_life_percentage_id,functional_condition_id,packaging_id,source_type_id,fulfillment_channel_id,item_length_unit_id,item_width_unit_id,item_height_unit_id,package_length_unit_id,package_width_unit_id,package_height_unit_id,package_weight_unit_id,created_at,updated_at,deleted_at,created_by,approved_by,rejected_by,commission_percent,cancel_policy,number_of_boxes,dangerous_goods_regulation_other_remark,responsible_person_contact_number,responsible_person_alternate_number,hsn_code,warranty_type,warranty_duration_value,warranty_duration_unit,warranty_terms,service_centre_location,guarantee_duration_value,guarantee_duration_unit,guarantee_terms,maximum_retail_price_legacy,maximum_retail_price,platform_commission_amount_legacy,platform_commission_amount,packaging_cost_legacy,packaging_cost
1,Plastic Pipe,1.0,5.0,,1,5.0,,1,,Fiber,0,0,inactive,APPROVED,,"A pipe is a hollow, cylindrical section used primarily to transport fluids, gases, slurries, or finely divided solids, as well as for structural applications. In industrial engineering, a pipe is strictly defined by its Nominal Pipe Size (NPS) or Diameter Nominal (DN) and its wall thickness, which is determined by a Schedule (SCH) number.",Plastic,/uploads/products/1785825269579-449427231.jpg,,,,Purge Packaging Pvt Ltd,,,1,,,,Pune,,,1.0,,,,12345.0,,,,SKU-!23,,,,,,100.0,0.0,0.0,,,,1.0,1.0,1.0,1.0,CN,Storage,,,"[{""type"": ""FDA"", ""identification"": """"}]",,[],2.0,,,,,,,,,6.0,6.0,6.0,2.0,2026-08-04 12:06:28.487994,2026-09-05 14:21:38.576525,,5,1.0,,0.0,BEFORE_INBOUND_SHIPMENT,1.0,,7776879430.0,7776879430.0,,NONE,,,,,,,,100.0,10000.0,10.0,1000.0,10.0,1000.0
2,a,0.0,,,0,,,1,,a,0,0,inactive,APPROVED,,a,a,/uploads/products/1785825845924-369203089.jpg,,,,aa,,,1,,,,a,,,1.0,,,,12345.0,,,,asd,,,,,,12.0,0.0,0.0,,,,1.0,1.0,1.0,1.0,CN,Storage,,,"[{""type"": ""CDPR"", ""identification"": """"}]",,[],2.0,,,,,,,,,6.0,10.0,9.0,3.0,2026-08-04 12:14:38.454649,2026-09-05 14:21:38.576525,,5,1.0,,0.0,NOT_ALLOWED,1.0,,7776879430.0,7776879430.0,,NONE,,,,,,,,100.0,10000.0,10.0,1000.0,10.0,1000.0
3,Aluminium Round Tube,1.0,10.0,If defective,1,10.0,Not matching,1,,AluTech,0,0,published,APPROVED,,"Elevate your industrial projects and DIY endeavors with the TOP-VIGOR 6063 Aluminum Round Tube. Crafted from premium-grade 6063 aluminum, these tubes offer exceptional durability and corrosion resistance, ensuring reliable performance in various applications. The seamless straight tubing design ensures uniformity and smoothness, facilitating easy installation and providing a sleek finish to your projects. Whether you're a professional builder or a DIY enthusiast, these aluminum round tubes are the perfect choice for your next project.

Description:
Product Name: Aluminum Round Tube
Material: 6063 Aluminum
Color: Silver","Style Name: 300mm
Size: 27mm OD x 23mm ID
Brand	TOP-VIGOR
Material	Aluminium
Nominal Wall Thickness	2 millimeters
Outside Diameter	27 Millimetres
Item Length	300 Millimetres
Manufacturer	TOP-VIGOR
Net Quantity	2.0 Count",/uploads/products/1785826774561-161179947.webp,,ART-25X2-6000,,Nexora Industrial Solution Pvt. Ltd.,2026-07-31,,1,Tubes,,,support123@gmail.com,,,1.0,,2026-08-04,,760810.0,,,,ALT-RT-25MM-0001,1.0,,,,,148.0,0.0,0.0,,,,30.0,30.0,30.0,50.0,IN,Storage,,,"[{""type"": ""quality"", ""identification"": """"}]",abc@gmail.com,"[{""language"": ""en"", ""content_type"": ""manual"", ""source_location"": ""/uploads/products/1785826772291-77718764.png""}]",4.0,,,,,1.0,,,,7.0,7.0,7.0,2.0,2026-08-04 12:29:35.462212,2026-09-05 14:21:38.576525,,7,1.0,,0.0,NOT_ALLOWED,1.0,,9876543210.0,8765432190.0,760810.0,NONE,,MONTHS,,,,MONTHS,,1490.0,149000.0,25.0,2500.0,50.0,5000.0
4,Seamless Carbon Steel Pipe - ASTM A106 Grade B (2 Inch),1.0,7.0,,1,8.0,,1,,Jindal Steel,0,0,published,APPROVED,,"Product Description: High-grade ASTM A106 Grade B seamless carbon steel pipe designed for high-temperature and high-pressure fluid transfer. Features smooth internal surface finish, excellent corrosion resistance under standard operating conditions, and precise dimensional tolerance for industrial piping networks.","Manufactured to ASTM A106 Grade B seamless carbon steel standards

Ideal for high-temperature, high-pressure industrial fluid and gas transport

High structural durability with uniform wall thickness and pressure resistance

Easy to weld, cut, and thread for custom piping installation

Sample Entry 2: Stainless Steel Tubing
Product Description: Premium 304 stainless steel welded tubing engineered for sanitary, chemical, and structural applications. Offers high resistance to oxidation, ease of fa",/uploads/products/1785840303489-770392293.jpg,,,,Jindal Steel & Power Ltd,,,1,,,,,,,1.0,,,,73064000.0,,,,CS-PIPE-A106B-2IN-001,,,,,,29.0,0.0,0.0,,,,10.0,8.0,12.0,199.0,IN,Flammable,,,"[{""type"": ""REACH"", ""identification"": """"}]",,[],2.0,,,,,,,,,,,,2.0,2026-08-04 16:15:29.955441,2026-09-05 14:21:38.576525,,3,1.0,,0.0,ALWAYS_ALLOWED,7.0,,8788094928.0,8788094928.0,,NONE,,,,,,,,1178.0,117800.0,30.0,3000.0,26.0,2600.0
5,SMS Union,1.0,7.0,"Returns are accepted only if the product is defective, damaged, or incorrect. The item must be unused and returned in its original packaging within 7 days of delivery.",1,10.0,"Exchange is available within 7 days of delivery only for defective, damaged, or incorrectly supplied SS304 SMS Union products. The product must be unused and returned in its original packaging. Exchange approval will be provided after inspection of the returned item.",4,,Aseptic Thermoprosys Pvt Ltd,0,1,published,APPROVED,,"An SMS Union is a hygienic pipe fitting designed to provide a secure, leak-proof, and detachable connection between pipes, valves, pumps, and processing equipment. It consists of a threaded nut, male and female ends, a liner, and a sealing gasket, allowing quick assembly and disassembly without damaging the pipeline. Its precision-engineered design ensures a tight seal while maintaining the integrity of the fluid transfer system.

Manufactured from high-quality stainless steel, SMS Unions offer excellent corrosion resistance, mechanical strength, and long service life. They are designed to meet stringent sanitary and hygienic standards, making them ideal for applications where cleanliness is essential. These fittings facilitate easy cleaning, inspection, and maintenance, reducing system downtime and improving operational efficiency. SMS Unions are widely used in the dairy, food & beverage, pharmaceutical, biotechnology, cosmetic, and other hygienic process industries.","End Connection - Plain End,Nut Clamp MOC : SS 304 SS 316,Gasket MOC : EPDM VITON NBR SILICONE,Finish : Mirror Matt","/uploads/products/1786078545947-943608499.jpg,/uploads/products/1786078545947-947836910.jpg,/uploads/products/1786078545947-304124511.jpg",,,,Aseptic Thermoprosys Pvt Ltd,,,1,SMS Union,5.0,,"Aseptic Thermoprosys Private Limited is an engineering and manufacturing company located in Sonawane Wasti, Chikhali, Pune, Maharashtra.",,,5.0,,,,73072900.0,,,,V0-SMSUNIONCO-SS-304-25-MM-01,2.0,,430.0,440.0,,150.0,0.0,0.0,5.0,2.0,2.0,8.0,5.0,5.0,200.0,IN,other,192.0,3.0,"[{""type"": ""FDA"", ""identification"": """"}]",,[],4.0,,8.0,,,2.0,7.0,7.0,7.0,7.0,7.0,7.0,3.0,2026-08-07 10:25:46.755536,2026-09-05 14:21:38.576525,,10,1.0,,0.0,BEFORE_INBOUND_SHIPMENT,1.0,,,,73072900.0,NONE,,,,,,,,450.0,45000.0,0.0,0.0,0.0,0.0
6,Steel Pipe,1.0,5.0,fdf,1,5.0,gfhgf,1,,Astro,0,0,published,REJECTED,jsnwd,"High-quality steel pipe designed for strength, durability, and long-lasting performance. Suitable for construction, fabrication, plumbing, industrial applications, structural work, and general engineering use. The pipe offers excellent resistance to pressure, impact, and wear, making it reliable for both commercial and industrial projects.",Steel,/uploads/products/1786079100313-925250085.jpg,,MX-200,PRo,Purje Electricals,,,1,,,,Pune,,,1.0,,,,12345.0,,,,SKU-234,,,,,,100.0,0.0,0.0,,,,1.0,1.0,1.0,100.0,CN,Flammable,,,"[{""type"": ""FDA"", ""identification"": """"}]",maheshkadam7020@gmail.com,[],2.0,,1.0,,,2.0,,,,8.0,8.0,8.0,2.0,2026-08-07 10:35:00.582000,2026-09-05 14:21:38.576525,,5,,1.0,0.0,BEFORE_INBOUND_SHIPMENT,1.0,,7776879430.0,7776879430.0,,NONE,,,,,,,,1000.0,100000.0,0.0,0.0,0.0,0.0
7,Disc Filters / Inline Filters,1.0,7.0,"Returns are accepted only for damaged, defective, or incorrectly delivered products, provided the issue is reported within the specified return period. The product must be unused, in its original packaging, and accompanied by the invoice or proof of purchase.",1,7.0,"S Disc Filters can be exchanged only if the product is received damaged, defective, or different from the ordered item. Exchange requests must be made within the specified time frame, and the product should be unused, in its original packaging, with the invoice or proof of purchase.",7,,,1,1,published,APPROVED,,"The Stainless Steel Disc Filter (SS304/SS316) is a high-performance filtration solution designed for efficient removal of suspended particles and contaminants from liquids. Disc  filter consists of two disc. The filter asembled by mean of tri-clover clamp, filter consists of perforated circle with 20,40 microns mess zali & seal gasket.                                                                         I
It offers high durability, corrosion resistance, and easy cleaning.
Commonly used in dairy, food, pharmaceutical, and chemical industries.","*End Connection: Threaded (BSP/NPT) / Flanged / Tri-Clamp
*Working Pressure: Up to 10 Bar (145 PSI)
Operating Temperature: -20°C to +150°C
Material: SS304 / SS316
*Micron Rating: 50–500 µm (Customizable),Gasket MOC : EPDM,SILICCONE,VITON","/uploads/products/1786079597671-264527139.jpg,/uploads/products/1786079597672-350613683.jpg,/uploads/products/1786079597672-271186754.jpg",,,,Aseptic Thermoprosys Pvt Ltd,,,1,,1.0,,"Aseptic Thermoprosys Private Limited is an engineering and manufacturing company located in Sonawane Wasti, Chikhali, Pune, Maharashtra.",,,1.0,NUMBERS,,,84219900.0,,,,V0-DISCFILTER-SS-304-25-MM-01,2.0,,4500.0,4900.0,,5.0,0.0,0.0,31.0,31.0,24.0,34.0,34.0,27.0,4600.0,IN,other,4500.0,3.0,"[{""type"": ""FDA"", ""identification"": """"}]",,[],4.0,,1.0,,,2.0,7.0,7.0,7.0,7.0,7.0,7.0,3.0,2026-08-07 10:43:18.294270,2026-09-05 14:21:38.576525,,10,1.0,,0.0,ALWAYS_ALLOWED,10.0,,,,,NONE,,,,,,,,5200.0,520000.0,0.0,0.0,0.0,0.0
8,Sanitary Butterfly Valve,0.0,,,0,,,8,,Alfa Level,0,1,published,APPROVED,,"The Alfa Laval Butterfly ValveS are safe, efficient performance for demanding hygienic applications. Its integrated double block-and-bleed design ensures shutoff and easy leakage detection, enhancing product safety and process reliability. Fully CIP-able, this high-performance shut-off valve ensures hygiene and maximizes uptime. Its optimized flow and low-pressure drop reduce energy consumption and operating costs, providing long-term savings. When paired with the Alfa Laval ThinkTop control unit, it offers precise, efficient performance. With its robust, straightforward construction, valve easily withstands harsh operating conditions, ensuring reliable operation, long service life and a low total cost of ownership.","Body & Disc Material: SS304L/ SS316L for excellent durability and sanitation.,Operation Mode: Hand Lever,Seal Materials: EPDM  Pressure Rating :PN10","/uploads/products/1786080445370-366271826.jpg,/uploads/products/1786080445371-526264251.jpg,/uploads/products/1786080445371-946918984.jpg",,,,Alfa Level,,,1,BFV,,,Pune,,,3.0,Number,,,84813000.0,,,,V0-SANITARYBU-SS-304-L-25-MM-01,2.0,,3900.0,4000.0,,20.0,0.0,0.0,16.0,11.0,5.0,18.0,13.0,7.0,1.0,IN,Storage,1.0,2.0,"[{""type"": ""other"", ""other_remark"": ""OTHER"", ""identification"": """"}]",,[],4.0,,,,,2.0,7.0,7.0,7.0,7.0,7.0,7.0,2.0,2026-08-07 10:57:25.682952,2026-09-05 14:21:38.576525,,10,1.0,,0.0,ALWAYS_ALLOWED,1.0,,,,84813000.0,NONE,,,,,,,,4234.0,423400.0,0.0,0.0,0.0,0.0
9,Tubular Filter (Angular),1.0,7.0,"Products can be returned only in case of manufacturing defects, damage during delivery, or incorrect supply. Return requests must be raised within the approved time period, and the product should be unused, in original condition, with proper documentation and proof of purchase.",1,10.0,"Product exchange is applicable only for defective, damaged, or incorrectly supplied items. Exchange requests must be submitted within the specified time period, and the product must be unused, in original condition, with required supporting documents.",7,,Aseptic Thermoprosys Pvt Ltd,0,1,published,APPROVED,,"SS316 Angular Tubular Filters are designed for efficient liquid filtration in food and beverage processing applications.   The angular design ensures effective particle removal, easy cleaning, and reliable operation in processes involving water, beverages, syrups, dairy products, and other food-grade liquids.",SS316L 25 MM Angular Filter designed for hygienic liquid filtration applications in food beverages,"/uploads/products/1786081104028-66853201.jpg,/uploads/products/1786081104028-698974160.webp,/uploads/products/1786081104029-9283975.png,/uploads/products/1786081104031-597107548.png",,,,Aseptic Thermoprosys Pvt Ltd,,Tubular Filter,1,Tubular Filter,1.0,,"Aseptic Thermoprosys Private Limited is an engineering and manufacturing company located in Sonawane Wasti, Chikhali, Pune, Maharashtra.",,,1.0,Number,,,84389090.0,,,,V0-ANGULARTUB-SS-316-25-MM-01,2.0,,39000.0,39500.0,,5.0,0.0,0.0,46.0,9.0,13.0,51.0,10.0,20.0,1.0,IN,other,1.0,2.0,"[{""type"": ""FDA"", ""identification"": """"}]",,[],4.0,,,,,2.0,7.0,7.0,7.0,7.0,7.0,7.0,2.0,2026-08-07 11:08:24.334837,2026-09-05 14:21:38.576525,,10,1.0,,0.0,ALWAYS_ALLOWED,1.0,,,,,NONE,,,,,,,,40500.0,4050000.0,0.0,0.0,0.0,0.0
10,"Electropneumatic Transducer (I/P, E/P)",1.0,7.0,"**Return Policy Details – Pneumatic Transducer**

Pneumatic transducers supplied must be free from manufacturing defects and conform to the agreed technical specifications at the time of delivery. Any defective, damaged, or non-conforming items identified within 30 days of receipt may be returned or replaced upon verification. Products must be returned in their original condition with all accessories and documentation. Returns due to customer misuse, improper installation, or unauthorized modification will not be accepted.",1,7.0,"Returns are accepted only for manufacturing defects or transit damage reported within 7 days of delivery. Products must be unused, in their original packaging, and accompanied by the original invoice. Items damaged due to improper installation, misuse, or unauthorized modification are not eligible for return.",9,,Control Air,0,1,published,APPROVED,,"An Electropneumatic (E/P) Transducer is a device that converts an electrical input signal into a proportional pneumatic output pressure for precise control of pneumatic actuators and control valves. It is widely used in process automation industries such as pharmaceuticals, food & beverage, chemical processing, and water treatment. The transducer ensures accurate pressure regulation, smooth valve operation, and reliable process control. Designed for high accuracy and fast response, it provides stable performance even in demanding industrial environments. Its compact, rugged construction and low maintenance requirements make it an ideal solution for automated control systems.","*Converts 4–20 mA electrical input signal into a proportional pneumatic pressure output signal.,*Used for accurate control of pneumatic control valves actuators  and automation systems.,*Suitable for industrial applications requiring efficient electro-pneumatic control.","/uploads/products/1786081897763-739682324.jpg,/uploads/products/1786081897764-822821979.jpg,/uploads/products/1786081897764-716210228.jpg,/uploads/products/1786081897765-957877107.jpg",,500 AC,"Electropneumatic Transducer (I/P, E/P)",Control AirInc,,"I/P Converter,Electro-Pneumatic Converter",1,1,1.0,,"Baner Road, Baner, Pune",,,1.0,Number,,,903289.0,,,,V0-ELECTROPNE-CONTROL--500-AC-01,2.0,,13600.0,13800.0,,4.0,0.0,0.0,6.0,7.0,14.0,10.0,15.0,18.0,1.0,IN,other,1.0,2.0,"[{""type"": ""other"", ""other_remark"": ""OTHER"", ""identification"": """"}]",,[],4.0,,1.0,,,2.0,7.0,7.0,7.0,7.0,7.0,7.0,2.0,2026-08-07 11:21:37.980588,2026-09-05 14:21:38.576525,,10,1.0,,0.0,NOT_ALLOWED,1.0,,,,903289.0,NONE,,,,,,,,14000.0,1400000.0,500.0,50000.0,15.0,1500.0
11,Concentric Reducer,1.0,7.0,"Reducers may be returned within 7 days of delivery if they are unused, uninstalled, and in their original packaging. Returns are accepted for defective, damaged, or incorrectly supplied products after inspection. Customized or special-order reducers are non-returnable unless a manufacturing defect is identified.",1,10.0,"Reducers may be exchanged within 7 days of delivery only if the product received is defective, damaged, or incorrect. The product must be unused, uninstalled, and returned in its original packaging. Customized or special-order reducers are not eligible for exchange unless a manufacturing defect or supply error is confirmed after inspection.",4,,Aseptic Thermoprosys Pvt Ltd,0,1,published,APPROVED,,Concentric Reducer is a conical pipe fitting used to join pipes of different diameters along the same central axis,"Reducer connects larger and smaller pipes on a common centerline to maintain uniform flow,minimize turbulence and control pressure","/uploads/products/1786082821853-128408541.jpg,/uploads/products/1786099612158-30814327.jpg",,,,Aseptic Thermoprosys Pvt Ltd,,,1,Concentric Reducer,15.0,,"Aseptic Thermoprosys Private Limited is an engineering and manufacturing company located in Sonawane Wasti, Chikhali, Pune, Maharashtra.",,,1.0,,,,73072900.0,,,,V4-CONCENTRIC-SS-316-38-MM-X--P1102,2.0,,,,,30.0,0.0,0.0,5.0,5.0,5.0,6.0,6.0,7.0,65.0,IN,other,54.0,3.0,"[{""type"": ""FDA"", ""identification"": """"}]",,"[{""language"": ""en"", ""content_type"": ""manual"", ""source_location"": """"}]",4.0,,,,,1.0,7.0,7.0,7.0,7.0,7.0,7.0,3.0,2026-08-07 11:37:02.158216,2026-09-05 14:21:38.576525,,10,1.0,,0.0,BEFORE_INBOUND_SHIPMENT,1.0,,8990898099.0,,73072900.0,NONE,,,,,,,,200.0,20000.0,0.0,0.0,0.0,0.0
12,sacascacascsdc,0.0,,,0,,,4,,ccdcdcsad,0,0,draft,PENDING,,efvefvfvf,,,,,,nk,,,1,,,,,,,1.0,,,,,,,,,,,,,,,0.0,0.0,,,,,,,,,,,,[],,[],,,,,,,,,,,,,,2026-08-07 15:42:59.602260,2026-09-05 14:21:38.576525,,5,,,0.0,NOT_ALLOWED,,,,,,NONE,,,,,,,,,0.0,0.0,0.0,0.0,0.0
13,GI Angle_265,1.0,8.0,,1,8.0,,1,,Jindal,0,0,published,APPROVED,,"GI Angle (Galvanized Iron Angle Bar) is an L-shaped structural steel profile coated with a protective zinc layer through a hot-dip galvanizing process. Designed to provide high tensile strength and superior resistance against atmospheric corrosion, rust, and moisture, GI angles are widely used as load-bearing structural supports and framing components in civil engineering and industrial construction.

Featuring a 90-degree bend with equal or unequal leg dimensions, GI angles offer exceptional mechanical stability, ease of fabrication, and long-lasting durability without requiring frequent repainting or surface maintenance.","Corrosion & Weather Resistance: Hot-dip galvanized zinc coating acts as a physical and sacrificial barrier against rust, moisture, and chemical exposure.,High Structural Stability: The L-profile design provides uniform strength and stability, making it ideal for joints, brackets, and structural frameworks.",/uploads/products/1786098978291-169162791.jpg,,MODEL1_265,Industrial Series,Jindal Stainless,2026-08-07,"Keyword 1,Keyword 2",10,Seamless Pipe,10.0,10,878836482,,,9.0,Unit Count NA,2026-08-07,"Components 1, Components 2",721699.0,,Importer Contact:- 99873482,Packer Contact:- 67328487,SKU_265,10.0,,148.0,,,19.0,0.0,0.0,19.0,18.0,19.0,19.0,89.0,98.0,189.0,IN,Transportation,179.0,2.0,"[{""type"": ""RoHS"", ""identification"": """"}]",vaidyam029@gmail.com,"[{""language"": ""hi"", ""content_type"": ""manual"", ""source_location"": """"}]",3.0,,2.0,,,1.0,7.0,7.0,7.0,7.0,7.0,7.0,2.0,2026-08-07 16:06:18.593123,2026-09-05 14:21:38.576525,,3,1.0,,0.0,ALWAYS_ALLOWED,10.0,,,,721699.0,NONE,,,,,,,,165.0,16500.0,98.0,9800.0,56.0,5600.0
14,pen,0.0,,,0,,,9,,name,0,1,inactive,APPROVED,,abc,abc,/uploads/products/1786100793095-488657118.jpg,,,,smaprtPhone MI,,,1,,,,abc,,,1.0,,,,2123.0,,,,V0-PEN-A1-01,,,,,,92.0,0.0,0.0,9.0,5.0,56.0,5.0,5.0,5.0,5.0,DE,Flammable,8.0,2.0,"[{""type"": ""quality"", ""identification"": """"}]",,[],2.0,,,,,,6.0,6.0,6.0,7.0,6.0,6.0,2.0,2026-08-07 16:36:33.964488,2026-09-05 14:21:38.576525,,5,1.0,,0.0,BEFORE_INBOUND_SHIPMENT,1.0,,,,,NONE,,,,,,,,100.0,10000.0,0.0,0.0,0.0,0.0
15,Sanitary ButterFly Valve (new),1.0,7.0,"Return Policy:Defective, damaged, incorrect, or non-conforming Butterfly Valves may be returned/replaced subject to inspection and applicable warranty terms. Return requests should be raised within 7 days of receipt.",1,10.0,"Exchange Policy: Defective, damaged, incorrect, or non-conforming Butterfly Valves can be exchanged/replaced subject to inspection and applicable warranty terms. Exchange requests should be raised within 7 days of receipt.",8,,Aseptic Thermoprosys Pvt Ltd,0,1,draft,PENDING,,"This manually operated Butterfly Valve is designed for on-off duties with low to
medium-viscosity liquids in hygienic applications across the
dairy, food, beverage, brewery and many other industries","Body & Disc Material: Stainless Steel 304 / 316 for excellent durability and sanitation,End Connections : Wafer,Seal Mateials : EPDM VITON SILICONE or PTFE,Operation Mode : Hand Lever (up to 8"" - 12"" Sizes) or declutchable manual gear box (for larger sizes)","/uploads/products/1786166235791-253344700.jpg,/uploads/products/1786166235792-399777076.jpg",,,,Aseptic Thermoprosys Pvt Ltd,,,1,BFV,,,"Aseptic Thermoprosys Pvt Ltd is an Engineering and manufacturing Company located in Chikhali, Pune, Maharashtra.",,,3.0,Number,,,84813000.0,,,,V4-SANITARYBU-SS-304-25-MM-P1501,2.0,,3900.0,4000.0,,20.0,0.0,0.0,16.0,11.0,5.0,20.0,13.0,10.0,1.0,IN,other,1.0,2.0,[],,[],4.0,,,,,2.0,7.0,7.0,7.0,7.0,7.0,7.0,2.0,2026-08-08 10:31:28.271034,2026-09-05 14:21:38.576525,,10,,,0.0,NOT_ALLOWED,1.0,,,,,NONE,,,,,,,,4234.0,423400.0,0.0,0.0,0.0,0.0
16,Hydraulic pipe,1.0,10.0,If defective,1,10.0,not matching,1,,Steelpro,0,0,published,APPROVED,,"Durable Construction: This hydraulic hose pipe is made of industrial-grade steel braided rubber, ensuring long-lasting durability and resistance to high pressure.
Pressure Resistant: Designed to withstand intense pressure, making it suitable for use with pressure washers and other high-pressure applications.
Convenient Length: With a length of 5 metres, this hose offers ample reach for various cleaning tasks.
Compatible Fittings: Equipped with M22 x M22 threaded fittings, allowing for easy connection to compatible pressure washer units.
Versatile Application: Suitable for a wide range of industrial and commercial cleaning tasks, including vehicle washing, surface cleaning, and more.","Size: 15MTR
Brand	Generic
Material	Polyvinyl Chloride (PVC)
Colour	Black
Product Dimensions	40L x 18W Centimeters
Item Weight	3.5 Kilograms
Item Length	40 Centimetres",/uploads/products/1786171898909-43943278.jpg,,SCM-350,,TATA steel Engineering product,,,1,,,,ABC Manufacturing,,,1.0,,,,400911.0,,,,CELAEIC004BLCK0001,2.0,,,,,94.0,0.0,0.0,,,,50.0,50.0,50.0,50.0,IN,Storage,,,"[{""type"": ""safety"", ""identification"": """"}]",,[],4.0,,,,,,,,,7.0,7.0,7.0,2.0,2026-08-08 12:21:39.242636,2026-09-05 14:21:38.576525,,7,1.0,,0.0,ALWAYS_ALLOWED,1.0,,,,400911.0,NONE,,MONTHS,,,,MONTHS,,1675.0,167500.0,20.0,2000.0,30.0,3000.0
17,Mild Steel Hexagonal Bolt,0.0,,,0,,,1,,BoltMax,0,0,published,APPROVED,,"Material: Stainless Steel,High Quality, machine grade , accurate size .
USES -Industrial and construction fasteners used widely in the home and office appliance,communication equipments,ship assembly and other machinery industry Suitable for indoor or outdoor use.
Hex bolts are threaded fasteners with a hexagon head shape and are designed for installation with a wrench.Bolts and accessories are made of 304 stainless steel, which has higher hardness, corrosion resistance and rust resistance, moisture resistance, oxidation resistance, acid and alkali resistance.
PACKAGE INCLUDED : 25PCS Set Contains TOTAL 100PCS ( INCLUDED 25PCS OF HEX BOLT + 25PCS OF NUT + 25PCS OF WASHER + 25PCS OF SPRING WASHER )
Key Size - 13mm","Our multiple sizes Hex Head Stainless Steel Bolt, along with its matching nut and flat washer, is designed for longevity and resilience. Made from 100% stainless steel, it is resistant to rust and corrosion, making it perfect for use in various environments, including homes, industries, and plumbing applications.",/uploads/products/1786173403609-378520025.jpg,,,,Precision Engineering Works,,,1,,,,Support@example.com,,,1.0,,,,73181500.0,,,,BMH126001,,,,,,100.0,0.0,0.0,,,,15.0,15.0,20.0,30.0,IN,Storage,,,"[{""type"": ""safety"", ""identification"": """"}]",,[],4.0,,,,,,,,,7.0,7.0,7.0,2.0,2026-08-08 12:46:43.889453,2026-09-05 14:21:38.576525,,7,1.0,,0.0,ALWAYS_ALLOWED,1.0,,,,73181500.0,NONE,,,,,,,,698.0,69800.0,20.0,2000.0,30.0,3000.0
18,SS Tee_228,1.0,8.0,,1,8.0,,1,,JSW Steel,0,0,published,APPROVED,,Mahesh Vaidya Kirana Store 1,"Bullet Point 3,Bullet Point 4",/uploads/products/1786528053376-470006638.jpg,,MODEL1_228,Commercial Grade,Tata Steel Ltd,2026-08-12,"Keyword 1,Keyword 2",10,Seamless Pipe,10.0,10,878836482,,,9.0,Unit Count NA,2026-08-12,"Components 1, Components 2",73069090.0,,Importer Contact:- 99873482,Packer Contact:- 67328487,SKU_228,10.0,,765.0,,,19.0,0.0,0.0,19.0,18.0,19.0,19.0,89.0,98.0,189.0,IN,Transportation,179.0,2.0,"[{""type"": ""RoHS"", ""identification"": """"}]",vaidyam029@gmail.com,"[{""language"": ""hi"", ""content_type"": ""manual"", ""source_location"": """"}]",3.0,,2.0,,,1.0,7.0,7.0,7.0,7.0,7.0,7.0,2.0,2026-08-12 15:17:34.140371,2026-09-05 14:21:38.576525,,3,1.0,,0.0,ALWAYS_ALLOWED,10.0,,,,73069090.0,NONE,,,,,,,,850.0,85000.0,30.0,3000.0,20.0,2000.0
19,Eccentric Reducer_162,1.0,8.0,,1,8.0,,1,,Ratnamani,0,0,published,APPROVED,,"Here is a product description and key features summary for an Eccentric Reducer tailored for the Pipes & Tubes category:

Product Description
The Eccentric Reducer Pipe Fitting is engineered to join two pipes of different diameters where one side of the fitting remains flat or parallel to the pipe run. Unlike concentric reducers, which taper centered on a single axis, an eccentric reducer features an offset centerline. This design allows for a smooth, flat-bottom or flat-top alignment across pipe transitions.

Ideal for horizontal piping applications, eccentric reducers are primarily installed flat-side-down in liquid suction lines to prevent vapor bubbles from collecting and causing pump cavitation. They are also installed flat-side-top in steam and gas transport systems to prevent condensation pooling. Manufactured from industrial-grade Stainless Steel, Carbon Steel, and Alloy Steel, these fittings ensure exceptional resistance to pressure, stress, and corrosive process media.","Offset Centerline Alignment: Connects larger and smaller pipes with one flat side to facilitate non-symmetrical piping layouts.,Prevents Cavitation & Gas Pockets: Flat-side-down installation in pump suction lines eliminates air/gas pockets that cause cavitation.",/uploads/products/1786528810282-240159102.jpg,,MODEL1_162,Premium Series,Ratnamani Metals,2026-08-12,"Keyword 1,Keyword 2",10,ERW Pipe,10.0,10,878836482,,,9.0,Unit Count NA,2026-08-12,"Components 1, Components 2",73069090.0,,Importer Contact:- 99873482,Packer Contact:- 67328487,SKU_162,10.0,,1285.0,,,19.0,0.0,0.0,19.0,18.0,19.0,19.0,89.0,98.0,189.0,IN,Transportation,179.0,2.0,"[{""type"": ""RoHS"", ""identification"": """"}]",vaidyam029@gmail.com,"[{""language"": ""hi"", ""content_type"": ""manual"", ""source_location"": """"}]",3.0,,2.0,,,1.0,7.0,7.0,7.0,7.0,7.0,7.0,2.0,2026-08-12 15:30:10.608236,2026-09-05 14:21:38.576525,,3,1.0,,0.0,ALWAYS_ALLOWED,10.0,,,,73069090.0,NONE,,,,,,,,1428.0,142800.0,30.0,3000.0,20.0,2000.0
20,Ball Valve 2 Inch_494,1.0,8.0,,1,8.0,,1,,APL Apollo,0,0,published,PENDING,,Mahesh Vaidya Kirana Store 1,"Bullet Point 3,Bullet Point 4",/uploads/products/1786538179038-64368974.jpg,,MODEL1_494,Premium Series,JSW Infrastructure,2026-08-12,"Keyword 1,Keyword 2",10,Round Bar,10.0,10,878836482,,,9.0,Unit Count NA,2026-08-12,"Components 1, Components 2",73069090.0,,Importer Contact:- 99873482,Packer Contact:- 67328487,SKU_494,10.0,,2630.0,,,19.0,0.0,0.0,19.0,18.0,19.0,19.0,89.0,98.0,189.0,IN,Transportation,179.0,2.0,"[{""type"": ""RoHS"", ""identification"": """"}]",vaidyam029@gmail.com,"[{""language"": ""hi"", ""content_type"": ""manual"", ""source_location"": """"}]",3.0,,2.0,,,1.0,7.0,7.0,7.0,7.0,7.0,7.0,2.0,2026-08-12 18:06:19.462658,2026-09-05 14:21:38.576525,,3,,,0.0,ALWAYS_ALLOWED,10.0,,,,73069090.0,NONE,,,,,,,,2923.0,292300.0,0.0,0.0,0.0,0.0
21,Butterfly Valve Manual_230,1.0,8.0,,1,8.0,,1,,APL Apollo,0,0,published,APPROVED,,"The Manual Butterfly Valve is a reliable, cost-effective quarter-turn valve designed for efficient flow regulation, throttling, and complete shut-off in industrial piping systems. Operated via a hand lever or gear operator, this valve allows system operators to quickly control fluid dynamics with simple manual rotation.

Featuring a compact, lightweight construction (available in wafer, lug, or flanged designs), it takes up minimal space along the pipeline while delivering high flow capacity with minimal friction loss. Constructed with resilient seats (such as EPDM, PTFE, or NBR) and durable metallic bodies (Cast Iron, Ductile Iron, or Stainless Steel), it ensures leak-free sealing across water lines, utilities, and general manufacturing process lines.","Ergonomic Manual Control: Equipped with a multi-position notch-locking hand lever (for quick open/close) or a heavy-duty handwheel gear operator (for precise throttling on larger sizes).,Bubble-Tight Sealing: Resilient elastomeric or PTFE seat options deliver zero-leakage bidirectional sealing against low and medium pressures.",/uploads/products/1786597854770-381360804.jpg,,MODEL1_230,Commercial Grade,Jindal Stainless,2026-08-13,"Keyword 1,Keyword 2",10,ERW Pipe,10.0,10,878836482,,,9.0,Unit Count NA,2026-08-13,"Components 1, Components 2",73069090.0,,Importer Contact:- 99873482,Packer Contact:- 67328487,SKU_230,10.0,,5245.0,,,19.0,0.0,0.0,19.0,18.0,19.0,19.0,89.0,98.0,189.0,IN,Transportation,179.0,2.0,"[{""type"": ""RoHS"", ""identification"": """"}]",vaidyam029@gmail.com,"[{""language"": ""hi"", ""content_type"": ""manual"", ""source_location"": """"}]",3.0,,2.0,,,1.0,7.0,7.0,7.0,7.0,7.0,7.0,2.0,2026-08-13 10:40:55.657902,2026-09-05 14:21:38.576525,,3,1.0,,0.0,ALWAYS_ALLOWED,10.0,,,,73069090.0,NONE,,,,,,,,5828.0,582800.0,30.0,3000.0,20.0,2000.0
22,Carbon Steel Pipe_526,1.0,8.0,,1,8.0,,1,,Ratnamani,0,0,published,APPROVED,,"Here is a product description and key features summary for Carbon Steel Pipe tailored for the Pipes & Tubes category:

Product Description
Carbon Steel Pipes are heavy-duty, high-strength piping solutions designed for transporting liquids, gases, and steam under extreme pressure and temperature conditions. Manufactured from premium-grade steel alloyed with controlled carbon content, these pipes offer structural integrity, tensile strength, and resistance to deformation.

Available in both Seamless (for high-pressure, critical operations) and Welded/ERW (for standard structural and fluid conveyance) options, carbon steel pipes are widely used across industrial manufacturing, power plants, oil & gas transportation, petrochemical processing, and heavy construction projects.","High Tensile & Yield Strength: Capable of withstanding extreme internal pressures and mechanical stress.,Seamless & Welded Options: Available in Seamless (ASTM A106/A53 Grade B) for high-pressure systems and ERW/EFW for general fluid transportation.",/uploads/products/1786601062347-537113187.jpg,,MODEL1_526,Heavy Duty Series,Ratnamani Metals,2026-08-13,"Keyword 1,Keyword 2",10,Round Bar,10.0,10,878836482,,,9.0,Unit Count NA,2026-08-13,"Components 1, Components 2",73069090.0,,Importer Contact:- 99873482,Packer Contact:- 67328487,SKU_526,10.0,,296.0,,,19.0,0.0,0.0,19.0,18.0,19.0,19.0,89.0,98.0,189.0,IN,Transportation,179.0,2.0,"[{""type"": ""RoHS"", ""identification"": """"}]",vaidyam029@gmail.com,"[{""language"": ""hi"", ""content_type"": ""manual"", ""source_location"": """"}]",3.0,,2.0,,,1.0,7.0,7.0,7.0,7.0,7.0,7.0,2.0,2026-08-13 11:34:22.710454,2026-09-05 14:21:38.576525,,3,1.0,,0.0,ALWAYS_ALLOWED,10.0,,,,73069090.0,NONE,,,,,,,,329.0,32900.0,30.0,3000.0,20.0,2000.0
23,Butterfly Valve Pneumatic_159,1.0,8.0,,1,8.0,,1,,APL Apollo,0,0,published,APPROVED,,"Here is a tailored product description and feature summary for a Pneumatic Butterfly Valve:

Product Description
The Pneumatic Butterfly Valve is an automated, high-performance flow control valve engineered for fast response, precise throttling, and reliable shut-off in industrial piping systems. Driven by a pneumatic actuator (air-operated), this quarter-turn valve provides rapid opening and closing operations, making it ideal for automated process lines and safety shut-off applications.

Designed with a compact, lightweight body (wafer, lug, or flanged style) and a streamlined disc, it minimizes pressure drops while ensuring a tight seal against gases, liquids, and slurry mixtures. Manufactured from high-grade materials such as Cast Iron, Ductile Iron, or Stainless Steel with resilient seating choices (EPDM, PTFE, NBR), it delivers exceptional durability and low maintenance under harsh operating conditions.","Automated Pneumatic Actuation: Powered by single-acting (spring return) or double-acting pneumatic actuators for fast, reliable remote operation.,Tight Shut-Off & Zero Leakage: Equipped with durable elastomeric or PTFE seats to ensure bubble-tight sealing across a wide temperature and pressure range.",/uploads/products/1786601735544-310259425.jpg,,MODEL1_159,Commercial Grade,JSW Infrastructure,2026-08-13,"Keyword 1,Keyword 2",10,ERW Pipe,10.0,10,878836482,,,9.0,Unit Count NA,2026-08-13,"Components 1, Components 2",73069090.0,,Importer Contact:- 99873482,Packer Contact:- 67328487,SKU_159,10.0,,5611.0,,,19.0,0.0,0.0,19.0,18.0,19.0,19.0,89.0,98.0,189.0,IN,Transportation,179.0,2.0,"[{""type"": ""RoHS"", ""identification"": """"}]",vaidyam029@gmail.com,"[{""language"": ""hi"", ""content_type"": ""manual"", ""source_location"": """"}]",3.0,,2.0,,,1.0,7.0,7.0,7.0,7.0,7.0,7.0,2.0,2026-08-13 11:45:35.923888,2026-09-05 14:21:38.576525,,3,1.0,,0.0,ALWAYS_ALLOWED,10.0,,,,73069090.0,NONE,,,,,,,,6235.0,623500.0,30.0,3000.0,20.0,2000.0
24,Concentric Reducer_243,1.0,8.0,,1,8.0,,1,,Jindal,0,0,published,APPROVED,,"Here is a detailed, product description along with standard bullet points for a Concentric Reducer under the Pipes and Tubes category.Product DescriptionThe Concentric Reducer Pipe Fitting is engineered to connect two pipes or tubes of differing diameters along a single, shared central axis. Designed with a cone-like transition, this fitting ensures a smooth, symmetrical, and centered fluid flow while minimizing inline turbulence and friction loss.Ideal for both vertical piping runs and straight horizontal gas/liquid pipelines, this high-durability concentric reducer maintains precise centerline alignment across system transitions. Manufactured using premium industrial-grade metals and alloys (such as Stainless Steel, Carbon Steel, and Alloy Steel), it provides resistance to heat, pressure, and chemical corrosion.","Symmetrical Centerline Alignment: Connects pipes of different diameters on the same central axis to maintain balanced flow.,Low Turbulence & Smooth Transition: Cone-shaped taper allows gradual fluid transition, reducing pressure drop and vibration.",/uploads/products/1786602142004-726613007.jpg,,MODEL1_243,Commercial Grade,APL Apollo Tubes,2026-08-13,"Keyword 1,Keyword 2",10,Electric Motor,10.0,10,878836482,,,9.0,Unit Count NA,2026-08-13,"Components 1, Components 2",73069090.0,,Importer Contact:- 99873482,Packer Contact:- 67328487,SKU_243,10.0,,766.0,,,19.0,0.0,0.0,19.0,18.0,19.0,19.0,89.0,98.0,189.0,IN,Transportation,179.0,2.0,"[{""type"": ""RoHS"", ""identification"": """"}]",vaidyam029@gmail.com,"[{""language"": ""hi"", ""content_type"": ""manual"", ""source_location"": """"}]",3.0,,2.0,,,1.0,7.0,7.0,7.0,7.0,7.0,7.0,2.0,2026-08-13 11:52:22.360436,2026-09-05 14:21:38.576525,,3,1.0,,0.0,ALWAYS_ALLOWED,10.0,,,,73069090.0,NONE,,,,,,,,852.0,85200.0,30.0,3000.0,20.0,2000.0
25,Eccentric Reducer_398,1.0,8.0,,1,8.0,,1,,Ratnamani,0,0,published,APPROVED,,"Manufactured from premium-grade steel, these pipes and tubes are engineered for high-pressure applications, structural frameworks, and demanding industrial environments. Offering exceptional tensile strength and superior resistance to corrosion, wear, and mechanical impact, they ensure long-lasting durability and peak performance across diverse operating conditions. Suitable for oil & gas, construction, structural support, and fluid transport applications.","High Tensile Strength: Built to withstand extreme pressure, heavy loads, and mechanical stress.,Corrosion & Rust Resistant: Durable coating/finish ensures long service life in harsh environments.",/uploads/products/1786603280528-851281351.jpg,,MODEL1_398,Standard Series,Jindal Stainless,2026-08-13,"steel pipe,seamless tube",10,Ball Valve,10.0,10,878836482,,,9.0,Unit Count NA,2026-08-13,"Flexible Tubing, Hose Clamps (2 Pcs), Rubber Gaskets, PVC Pipe, Thread Seal Tape (Teflon), Coupling Joint",73069090.0,,Importer Contact:- 99873482,Packer Contact:- 67328487,SKU_398,10.0,,1426.0,,,19.0,0.0,0.0,19.0,18.0,19.0,19.0,89.0,98.0,189.0,IN,Transportation,179.0,2.0,"[{""type"": ""RoHS"", ""identification"": """"}]",vaidyam029@gmail.com,"[{""language"": ""hi"", ""content_type"": ""manual"", ""source_location"": """"}]",3.0,,2.0,,,1.0,7.0,7.0,7.0,7.0,7.0,7.0,2.0,2026-08-13 12:11:20.935917,2026-09-05 14:21:38.576525,,3,1.0,,0.0,ALWAYS_ALLOWED,10.0,,,,73069090.0,NONE,,,,,,,,1585.0,158500.0,30.0,3000.0,20.0,2000.0
26,Butterfly Valve Pneumatic_742,1.0,8.0,,1,8.0,,1,,Tata Steel,0,0,published,APPROVED,,"Manufactured from premium-grade steel, these pipes and tubes are engineered for high-pressure applications, structural frameworks, and demanding industrial environments. Offering exceptional tensile strength and superior resistance to corrosion, wear, and mechanical impact, they ensure long-lasting durability and peak performance across diverse operating conditions. Suitable for oil & gas, construction, structural support, and fluid transport applications.","High Tensile Strength: Built to withstand extreme pressure, heavy loads, and mechanical stress.,Corrosion & Rust Resistant: Durable coating/finish ensures long service life in harsh environments.",/uploads/products/1786604877173-282630108.jpg,,MODEL1_742,Commercial Grade,Tata Steel Ltd,2026-08-13,"steel pipe,seamless tube",10,Round Bar,10.0,10,878836482,,,9.0,Unit Count NA,2026-08-13,"Flexible Tubing, Hose Clamps (2 Pcs), Rubber Gaskets, PVC Pipe, Thread Seal Tape (Teflon), Coupling Joint",73069090.0,,Importer Contact:- 99873482,Packer Contact:- 67328487,SKU_742,10.0,,9464.0,,,19.0,0.0,0.0,19.0,18.0,19.0,19.0,89.0,98.0,189.0,IN,Transportation,179.0,2.0,"[{""type"": ""RoHS"", ""identification"": """"}]",vaidyam029@gmail.com,"[{""language"": ""hi"", ""content_type"": ""manual"", ""source_location"": """"}]",3.0,,2.0,,,1.0,7.0,7.0,7.0,7.0,7.0,7.0,2.0,2026-08-13 12:37:57.515152,2026-09-05 14:21:38.576525,,3,1.0,,0.0,ALWAYS_ALLOWED,10.0,,,,73069090.0,NONE,,,,,,,,10516.0,1051600.0,30.0,3000.0,20.0,2000.0
27,Stainless Spring Clamp,0.0,,,0,,,1,,Jindal,0,0,published,APPROVED,,"Suitable for gas/water/oil pipe fixed, accessories for car & motorcycle Spring clips are designed to distribute pressure uniformly around the application zone
Durable product"";Spring clips are made to distribute pressure uniformly around the application zone"";The spring clip maintains pressure during this process, thereby preventing leaks""
Hose clamp with knob are used in securing hoses, pipe, cable, tube, fuel lines etc. Perfect to apply in automotive, industrial, boat/marine, shield, household etc both indoor or outdoor.
ADJUSTABLE SIZE - Clamp kit are flexible and ductile with wide adjustable size range from 19 mm to 24 mm. This 1/2 inch clamps fits small hoses.
Package Includes: 10 x Spring hose clamps","Material	Stainless Steel
Brand	B.K.Jagan and Co
Item dimensions L x W x H	20 x 20 x 10 Millimeters
Colour	Silver
Style	Adjustable,HVAC,fabrication,and machinery applications
Designed for long-term and reliable use",/uploads/products/1786615592188-73172461.jpg,,JSL-SPC-304-25,,Jindal Stainless Limited,2026-08-01,,1,ABCD123,10.0,,Jindal Stainless Steel manufacturer established in 1970.,,,1.0,,2026-08-20,,73269099.0,,,,JSL-SPC-304-25,,,,,,100.0,0.0,0.0,,,,20.0,20.0,20.0,25.0,IN,Transportation,,,"[{""type"": ""safety"", ""identification"": """"}]",,"[{""language"": """", ""content_type"": """", ""source_location"": ""/uploads/products/1787220618089-744574312.png""}]",4.0,,,,,,,,,7.0,7.0,7.0,2.0,2026-08-13 15:37:23.402627,2026-09-05 14:21:38.576525,,7,1.0,,0.0,BEFORE_INBOUND_SHIPMENT,1.0,,,,73269099.0,WARRANTY_AND_GUARANTEE,12.0,MONTHS,Covers manufacturing defects for 12 months,ABC service center,6.0,MONTHS,Full replacement guarantee within 6 months,999.0,99900.0,25.0,2500.0,50.0,5000.0
28,Butterfly Valve Pneumatic_551,1.0,8.0,,1,8.0,,1,,JSW Steel,0,0,published,APPROVED,,"Manufactured from premium-grade steel, these pipes and tubes are engineered for high-pressure applications, structural frameworks, and demanding industrial environments. Offering exceptional tensile strength and superior resistance to corrosion, wear, and mechanical impact, they ensure long-lasting durability and peak performance across diverse operating conditions. Suitable for oil & gas, construction, structural support, and fluid transport applications.","High Tensile Strength: Built to withstand extreme pressure, heavy loads, and mechanical stress.,Corrosion & Rust Resistant: Durable coating/finish ensures long service life in harsh environments.",/uploads/products/1786950795580-543832173.jpg,,MODEL1_551,Premium Series,APL Apollo Tubes,2026-08-17,"steel pipe,seamless tube",10,Ball Valve,10.0,10,878836482,,,9.0,Unit Count NA,2026-08-17,"Flexible Tubing, Hose Clamps (2 Pcs), Rubber Gaskets, PVC Pipe, Thread Seal Tape (Teflon), Coupling Joint",73069090.0,,Importer Contact:- 99873482,Packer Contact:- 67328487,SKU_551,10.0,,10689.0,,,19.0,0.0,0.0,19.0,18.0,19.0,19.0,89.0,98.0,189.0,IN,Transportation,179.0,2.0,"[{""type"": ""RoHS"", ""identification"": """"}]",vaidyam029@gmail.com,"[{""language"": ""hi"", ""content_type"": ""manual"", ""source_location"": """"}]",3.0,,2.0,,,1.0,7.0,7.0,7.0,7.0,7.0,7.0,2.0,2026-08-17 12:43:15.966810,2026-09-05 14:21:38.576525,2026-08-18 11:16:16,3,1.0,,0.0,ALWAYS_ALLOWED,10.0,,,,73069090.0,NONE,,,,,,,,11877.0,1187700.0,30.0,3000.0,20.0,2000.0
29,Butterfly Valve Manual_979,1.0,8.0,,1,8.0,,1,,JSW Steel,0,0,published,APPROVED,,"Manufactured from premium-grade steel, these pipes and tubes are engineered for high-pressure applications, structural frameworks, and demanding industrial environments. Offering exceptional tensile strength and superior resistance to corrosion, wear, and mechanical impact, they ensure long-lasting durability and peak performance across diverse operating conditions. Suitable for oil & gas, construction, structural support, and fluid transport applications.","High Tensile Strength: Built to withstand extreme pressure, heavy loads, and mechanical stress.,Corrosion & Rust Resistant: Durable coating/finish ensures long service life in harsh environments.",/uploads/products/1786951095467-195402287.jpg,,MODEL1_979,Heavy Duty Series,Jindal Stainless,2026-08-17,"steel pipe,seamless tube",10,Electric Motor,10.0,10,878836482,,,9.0,Unit Count NA,2026-08-17,"Flexible Tubing, Hose Clamps (2 Pcs), Rubber Gaskets, PVC Pipe, Thread Seal Tape (Teflon), Coupling Joint",73069090.0,,Importer Contact:- 99873482,Packer Contact:- 67328487,SKU_979,10.0,,5841.0,,,19.0,0.0,0.0,19.0,18.0,19.0,19.0,89.0,98.0,189.0,IN,Transportation,179.0,2.0,"[{""type"": ""RoHS"", ""identification"": """"}]",vaidyam029@gmail.com,"[{""language"": ""hi"", ""content_type"": ""manual"", ""source_location"": """"}]",3.0,,2.0,,,1.0,7.0,7.0,7.0,7.0,7.0,7.0,2.0,2026-08-17 12:48:15.884655,2026-09-05 14:21:38.576525,,3,1.0,,0.0,ALWAYS_ALLOWED,10.0,,,,73069090.0,NONE,,,,,,,,6491.0,649100.0,30.0,3000.0,20.0,2000.0
30,Eccentric Reducer_933,1.0,8.0,,1,8.0,,1,,Jindal,0,0,published,APPROVED,,"Manufactured from premium-grade steel, these pipes and tubes are engineered for high-pressure applications, structural frameworks, and demanding industrial environments. Offering exceptional tensile strength and superior resistance to corrosion, wear, and mechanical impact, they ensure long-lasting durability and peak performance across diverse operating conditions. Suitable for oil & gas, construction, structural support, and fluid transport applications.","High Tensile Strength: Built to withstand extreme pressure,heavy loads,and mechanical stress.,Corrosion & Rust Resistant: Durable coating/finish ensures long service life in harsh environments.",/uploads/products/1786951715051-732436275.jpg,,MODEL1_933,Industrial Series,Ratnamani Metals,2026-08-17,"steel pipe,seamless tube",10,ERW Pipe,10.0,10,878836482,,,9.0,Unit Count NA,2026-08-17,"Flexible Tubing, Hose Clamps (2 Pcs), Rubber Gaskets, PVC Pipe, Thread Seal Tape (Teflon), Coupling Joint",73069090.0,,Importer Contact:- 99873482,Packer Contact:- 67328487,SKU_933,10.0,,7660000.0,8000000.0,,19.0,0.0,0.0,19.0,18.0,19.0,19.0,89.0,98.0,189.0,IN,Transportation,179.0,2.0,"[{""type"": ""RoHS"", ""identification"": """"}]",vaidyam029@gmail.com,"[{""language"": ""hi"", ""content_type"": ""manual"", ""source_location"": """"}]",3.0,,2.0,,,1.0,7.0,7.0,7.0,7.0,7.0,7.0,2.0,2026-08-17 12:58:35.368707,2026-09-10 14:02:42,,3,1.0,,0.0,ALWAYS_ALLOWED,10.0,,,,73069090.0,NONE,,MONTHS,,,,MONTHS,,766.0,76600.0,30.0,30.0,20.0,20.0
31,MS Plate_540,1.0,8.0,,1,8.0,,1,,APL Apollo,0,0,published,APPROVED,,"Manufactured from premium-grade steel, these pipes and tubes are engineered for high-pressure applications, structural frameworks, and demanding industrial environments. Offering exceptional tensile strength and superior resistance to corrosion, wear, and mechanical impact, they ensure long-lasting durability and peak performance across diverse operating conditions. Suitable for oil & gas, construction, structural support, and fluid transport applications.","High Tensile Strength: Built to withstand extreme pressure, heavy loads, and mechanical stress.,Corrosion & Rust Resistant: Durable coating/finish ensures long service life in harsh environments.",/uploads/products/1786951762846-113945930.jpg,,MODEL1_540,Standard Series,APL Apollo Tubes,2026-08-17,"steel pipe,seamless tube",10,Electric Motor,10.0,10,878836482,,,9.0,Unit Count NA,2026-08-17,"Flexible Tubing, Hose Clamps (2 Pcs), Rubber Gaskets, PVC Pipe, Thread Seal Tape (Teflon), Coupling Joint",73069090.0,,Importer Contact:- 99873482,Packer Contact:- 67328487,SKU_540,10.0,,229.0,,,19.0,0.0,0.0,19.0,18.0,19.0,19.0,89.0,98.0,189.0,IN,Transportation,179.0,2.0,"[{""type"": ""RoHS"", ""identification"": """"}]",vaidyam029@gmail.com,"[{""language"": ""hi"", ""content_type"": ""manual"", ""source_location"": """"}]",3.0,,2.0,,,1.0,7.0,7.0,7.0,7.0,7.0,7.0,2.0,2026-08-17 12:59:23.191722,2026-09-05 14:21:38.576525,,3,1.0,,0.0,ALWAYS_ALLOWED,10.0,,,,73069090.0,NONE,,,,,,,,255.0,25500.0,30.0,3000.0,20.0,2000.0
32,SS316 Sheet_941,1.0,8.0,,1,8.0,,1,,Jindal,0,0,published,APPROVED,,"Manufactured from premium-grade steel, these pipes and tubes are engineered for high-pressure applications, structural frameworks, and demanding industrial environments. Offering exceptional tensile strength and superior resistance to corrosion, wear, and mechanical impact, they ensure long-lasting durability and peak performance across diverse operating conditions. Suitable for oil & gas, construction, structural support, and fluid transport applications.","High Tensile Strength: Built to withstand extreme pressure, heavy loads, and mechanical stress.,Corrosion & Rust Resistant: Durable coating/finish ensures long service life in harsh environments.",/uploads/products/1786957893350-105319988.jpg,,MODEL1_941,Premium Series,JSW Infrastructure,2026-08-17,"steel pipe,seamless tube",10,Electric Motor,10.0,10,878836482,,,9.0,Unit Count NA,2026-08-17,"Flexible Tubing, Hose Clamps (2 Pcs), Rubber Gaskets, PVC Pipe, Thread Seal Tape (Teflon), Coupling Joint",73069090.0,,Importer Contact:- 99873482,Packer Contact:- 67328487,SKU_941,10.0,,953.0,,,19.0,0.0,0.0,19.0,18.0,19.0,19.0,89.0,98.0,189.0,IN,Transportation,179.0,2.0,"[{""type"": ""RoHS"", ""identification"": """"}]",vaidyam029@gmail.com,"[{""language"": ""hi"", ""content_type"": ""manual"", ""source_location"": """"}]",3.0,,2.0,,,1.0,7.0,7.0,7.0,7.0,7.0,7.0,2.0,2026-08-17 14:41:33.632802,2026-09-05 14:21:38.576525,,3,1.0,,0.0,ALWAYS_ALLOWED,10.0,,,,73069090.0,NONE,,,,,,,,1059.0,105900.0,30.0,3000.0,20.0,2000.0
33,Ball Valve 4 Inch_244,1.0,8.0,,1,8.0,,1,,Ratnamani,0,0,published,APPROVED,,"Manufactured from premium-grade steel, these pipes and tubes are engineered for high-pressure applications, structural frameworks, and demanding industrial environments. Offering exceptional tensile strength and superior resistance to corrosion, wear, and mechanical impact, they ensure long-lasting durability and peak performance across diverse operating conditions. Suitable for oil & gas, construction, structural support, and fluid transport applications.","High Tensile Strength: Built to withstand extreme pressure, heavy loads, and mechanical stress.,Corrosion & Rust Resistant: Durable coating/finish ensures long service life in harsh environments.",/uploads/products/1786957934499-829377182.jpg,,MODEL1_244,Premium Series,Ratnamani Metals,2026-08-17,"steel pipe,seamless tube",10,ERW Pipe,10.0,10,878836482,,,9.0,Unit Count NA,2026-08-17,"Flexible Tubing, Hose Clamps (2 Pcs), Rubber Gaskets, PVC Pipe, Thread Seal Tape (Teflon), Coupling Joint",73069090.0,,Importer Contact:- 99873482,Packer Contact:- 67328487,SKU_244,10.0,,5664.0,,,19.0,0.0,0.0,19.0,18.0,19.0,19.0,89.0,98.0,189.0,IN,Transportation,179.0,2.0,"[{""type"": ""RoHS"", ""identification"": """"}]",vaidyam029@gmail.com,"[{""language"": ""hi"", ""content_type"": ""manual"", ""source_location"": """"}]",3.0,,2.0,,,1.0,7.0,7.0,7.0,7.0,7.0,7.0,2.0,2026-08-17 14:42:14.816701,2026-09-05 14:21:38.576525,,3,1.0,,0.0,ALWAYS_ALLOWED,10.0,,,,73069090.0,NONE,,,,,,,,6294.0,629400.0,30.0,3000.0,20.0,2000.0
34,Ball Valve 2 Inch_684,1.0,8.0,,1,8.0,,1,,APL Apollo,0,0,published,APPROVED,,"Manufactured from premium-grade steel, these pipes and tubes are engineered for high-pressure applications, structural frameworks, and demanding industrial environments. Offering exceptional tensile strength and superior resistance to corrosion, wear, and mechanical impact, they ensure long-lasting durability and peak performance across diverse operating conditions. Suitable for oil & gas, construction, structural support, and fluid transport applications.","High Tensile Strength: Built to withstand extreme pressure, heavy loads, and mechanical stress.,Corrosion & Rust Resistant: Durable coating/finish ensures long service life in harsh environments.",/uploads/products/1786958572288-943447088.jpg,,MODEL1_684,Commercial Grade,Ratnamani Metals,2026-08-17,"steel pipe,seamless tube",10,Seamless Pipe,10.0,10,878836482,,,9.0,Unit Count NA,2026-08-17,"Flexible Tubing, Hose Clamps (2 Pcs), Rubber Gaskets, PVC Pipe, Thread Seal Tape (Teflon), Coupling Joint",73069090.0,,Importer Contact:- 99873482,Packer Contact:- 67328487,SKU_684,10.0,,4437.0,,,19.0,0.0,0.0,19.0,18.0,19.0,19.0,89.0,98.0,189.0,IN,Transportation,179.0,2.0,"[{""type"": ""RoHS"", ""identification"": """"}]",vaidyam029@gmail.com,"[{""language"": ""hi"", ""content_type"": ""manual"", ""source_location"": """"}]",3.0,,2.0,,,1.0,7.0,7.0,7.0,7.0,7.0,7.0,2.0,2026-08-17 14:52:52.557717,2026-09-05 14:21:38.576525,2026-08-18 11:16:10,3,1.0,,0.0,ALWAYS_ALLOWED,10.0,,,,73069090.0,NONE,,,,,,,,4930.0,493000.0,30.0,3000.0,20.0,2000.0
35,Concentric Reducer_752,1.0,8.0,,1,8.0,,1,,Jindal,0,0,published,APPROVED,,"Manufactured from premium-grade steel, these pipes and tubes are engineered for high-pressure applications, structural frameworks, and demanding industrial environments. Offering exceptional tensile strength and superior resistance to corrosion, wear, and mechanical impact, they ensure long-lasting durability and peak performance across diverse operating conditions. Suitable for oil & gas, construction, structural support, and fluid transport applications.","High Tensile Strength: Built to withstand extreme pressure,heavy loads,and mechanical stress.,Corrosion & Rust Resistant: Durable coating/finish ensures long service life in harsh environments.",/uploads/products/1786960162836-51804734.jpg,,MODEL1_752,Heavy Duty Series,JSW Infrastructure,2026-08-17,"steel pipe,seamless tube",10,Ball Valve,10.0,10,878836482,,,9.0,Unit Count NA,2026-08-17,"Flexible Tubing, Hose Clamps (2 Pcs), Rubber Gaskets, PVC Pipe, Thread Seal Tape (Teflon), Coupling Joint",73069090.0,,Importer Contact:- 99873482,Packer Contact:- 67328487,SKU_752,10.0,,1348.0,,,19.0,0.0,0.0,19.0,18.0,19.0,19.0,89.0,98.0,189.0,IN,Transportation,179.0,2.0,"[{""type"": ""RoHS"", ""identification"": """"}]",vaidyam029@gmail.com,"[{""language"": ""hi"", ""content_type"": ""manual"", ""source_location"": """"}]",3.0,,2.0,,,1.0,7.0,7.0,7.0,7.0,7.0,7.0,2.0,2026-08-17 15:19:23.139446,2026-09-05 14:21:38.576525,,3,1.0,,0.0,ALWAYS_ALLOWED,10.0,,,,73069090.0,WARRANTY,1.0,YEARS,dssdf,sfsfs,,MONTHS,,1498.0,149800.0,30.0,3000.0,20.0,2000.0
36,SS316 Sheet_461,1.0,8.0,,1,8.0,,1,,Tata Steel,0,0,published,APPROVED,,"Manufactured from premium-grade steel, these pipes and tubes are engineered for high-pressure applications, structural frameworks, and demanding industrial environments. Offering exceptional tensile strength and superior resistance to corrosion, wear, and mechanical impact, they ensure long-lasting durability and peak performance across diverse operating conditions. Suitable for oil & gas, construction, structural support, and fluid transport applications.","High Tensile Strength: Built to withstand extreme pressure, heavy loads, and mechanical stress.,Corrosion & Rust Resistant: Durable coating/finish ensures long service life in harsh environments.",/uploads/products/1786960318783-414884245.jpg,,MODEL1_461,Standard Series,Ratnamani Metals,2026-08-17,"steel pipe,seamless tube",10,Ball Valve,10.0,10,878836482,,,9.0,Unit Count NA,2026-08-17,"Flexible Tubing, Hose Clamps (2 Pcs), Rubber Gaskets, PVC Pipe, Thread Seal Tape (Teflon), Coupling Joint",73069090.0,,Importer Contact:- 99873482,Packer Contact:- 67328487,SKU_461,10.0,,821.0,,,19.0,0.0,0.0,19.0,18.0,19.0,19.0,89.0,98.0,189.0,IN,Transportation,179.0,2.0,"[{""type"": ""RoHS"", ""identification"": """"}]",vaidyam029@gmail.com,"[{""language"": ""hi"", ""content_type"": ""manual"", ""source_location"": """"}]",3.0,,2.0,,,1.0,7.0,7.0,7.0,7.0,7.0,7.0,2.0,2026-08-17 15:21:59.089807,2026-09-05 14:21:38.576525,2026-08-18 11:16:06,3,1.0,,0.0,ALWAYS_ALLOWED,10.0,,,,73069090.0,NONE,,,,,,,,913.0,91300.0,30.0,3000.0,20.0,2000.0
37,Butterfly Valve Manual_666,1.0,8.0,,1,8.0,,1,,Tata Steel,0,0,published,APPROVED,,"Manufactured from premium-grade steel, these pipes and tubes are engineered for high-pressure applications, structural frameworks, and demanding industrial environments. Offering exceptional tensile strength and superior resistance to corrosion, wear, and mechanical impact, they ensure long-lasting durability and peak performance across diverse operating conditions. Suitable for oil & gas, construction, structural support, and fluid transport applications.","High Tensile Strength: Built to withstand extreme pressure, heavy loads, and mechanical stress.,Corrosion & Rust Resistant: Durable coating/finish ensures long service life in harsh environments.",/uploads/products/1786960359077-323514986.jpg,,MODEL1_666,Industrial Series,Tata Steel Ltd,2026-08-17,"steel pipe,seamless tube",10,Seamless Pipe,10.0,10,878836482,,,9.0,Unit Count NA,2026-08-17,"Flexible Tubing, Hose Clamps (2 Pcs), Rubber Gaskets, PVC Pipe, Thread Seal Tape (Teflon), Coupling Joint",73069090.0,,Importer Contact:- 99873482,Packer Contact:- 67328487,SKU_666,10.0,,2844.0,,,19.0,0.0,0.0,19.0,18.0,19.0,19.0,89.0,98.0,189.0,IN,Transportation,179.0,2.0,"[{""type"": ""RoHS"", ""identification"": """"}]",vaidyam029@gmail.com,"[{""language"": ""hi"", ""content_type"": ""manual"", ""source_location"": """"}]",3.0,,2.0,,,1.0,7.0,7.0,7.0,7.0,7.0,7.0,2.0,2026-08-17 15:22:39.410432,2026-09-05 14:21:38.576525,2026-08-18 11:16:03,3,1.0,,0.0,ALWAYS_ALLOWED,10.0,,,,73069090.0,NONE,,,,,,,,3161.0,316100.0,30.0,3000.0,20.0,2000.0
38,Ball Valve 2 Inch_500,1.0,8.0,,1,8.0,,1,,JSW Steel,0,0,published,APPROVED,,"Manufactured from premium-grade steel, these pipes and tubes are engineered for high-pressure applications, structural frameworks, and demanding industrial environments. Offering exceptional tensile strength and superior resistance to corrosion, wear, and mechanical impact, they ensure long-lasting durability and peak performance across diverse operating conditions. Suitable for oil & gas, construction, structural support, and fluid transport applications.","High Tensile Strength: Built to withstand extreme pressure, heavy loads, and mechanical stress.,Corrosion & Rust Resistant: Durable coating/finish ensures long service life in harsh environments.",/uploads/products/1786961137321-61284210.jpg,,MODEL1_500,Commercial Grade,Jindal Stainless,2026-08-17,"steel pipe,seamless tube",10,Seamless Pipe,10.0,10,878836482,,,9.0,Unit Count NA,2026-08-17,"Flexible Tubing, Hose Clamps (2 Pcs), Rubber Gaskets, PVC Pipe, Thread Seal Tape (Teflon), Coupling Joint",73069090.0,,Importer Contact:- 99873482,Packer Contact:- 67328487,SKU_500,10.0,,3367.0,,,19.0,0.0,0.0,19.0,18.0,19.0,19.0,89.0,98.0,189.0,IN,Transportation,179.0,2.0,"[{""type"": ""RoHS"", ""identification"": """"}]",vaidyam029@gmail.com,"[{""language"": ""hi"", ""content_type"": ""manual"", ""source_location"": """"}]",3.0,,2.0,,,1.0,7.0,7.0,7.0,7.0,7.0,7.0,2.0,2026-08-17 15:35:37.636678,2026-09-05 14:21:38.576525,2026-08-18 11:15:59,3,1.0,,0.0,ALWAYS_ALLOWED,10.0,,,,73069090.0,NONE,,,,,,,,3742.0,374200.0,30.0,3000.0,20.0,2000.0
39,Concentric Reducer_816,1.0,8.0,,1,8.0,,1,,JSW Steel,0,0,published,APPROVED,,"Manufactured from premium-grade steel, these pipes and tubes are engineered for high-pressure applications, structural frameworks, and demanding industrial environments. Offering exceptional tensile strength and superior resistance to corrosion, wear, and mechanical impact, they ensure long-lasting durability and peak performance across diverse operating conditions. Suitable for oil & gas, construction, structural support, and fluid transport applications.","High Tensile Strength: Built to withstand extreme pressure, heavy loads, and mechanical stress.,Corrosion & Rust Resistant: Durable coating/finish ensures long service life in harsh environments.",/uploads/products/1786961237976-194910098.jpg,,MODEL1_816,Standard Series,Ratnamani Metals,2026-08-17,"steel pipe,seamless tube",10,Round Bar,10.0,10,878836482,,,9.0,Unit Count NA,2026-08-17,"Flexible Tubing, Hose Clamps (2 Pcs), Rubber Gaskets, PVC Pipe, Thread Seal Tape (Teflon), Coupling Joint",73069090.0,,Importer Contact:- 99873482,Packer Contact:- 67328487,SKU_816,10.0,,854.0,,,19.0,0.0,0.0,19.0,18.0,19.0,19.0,89.0,98.0,189.0,IN,Transportation,179.0,2.0,"[{""type"": ""RoHS"", ""identification"": """"}]",vaidyam029@gmail.com,"[{""language"": ""hi"", ""content_type"": ""manual"", ""source_location"": """"}]",3.0,,2.0,,,1.0,7.0,7.0,7.0,7.0,7.0,7.0,2.0,2026-08-17 15:37:18.364923,2026-09-05 14:21:38.576525,2026-08-18 11:15:57,3,1.0,,0.0,ALWAYS_ALLOWED,10.0,,,,73069090.0,NONE,,,,,,,,949.0,94900.0,30.0,3000.0,11.0,1100.0
40,Stainless Steel Water Bottle 750ml,1.0,7.0,Return within 7 days unused.,1,10.0,Exchange within 10 days for manufacturing issues.,4,,AquaPure,0,0,published,REJECTED,Dummy,Insulated bottle for daily travel and office use.,"Leak proof,750 ml,Steel body","/uploads/products/1786977281287-884609960.jpg,/uploads/products/1786977281288-966685957.jpg",,,,AquaPure Manufacturing,,,1,Standard,,,support@aquapure.example / +91-9000000101,,,1.0,,,,85395000.0,,,,QA-SMP-BOTTLE-001,,,,,,40.0,,,,,,28.0,7.0,7.0,0.0,India,Not Applicable,,,,,,4.0,,,,,,,,,7.0,7.0,7.0,2.0,2026-08-17 20:04:41.424168,2026-09-05 14:21:38.576525,,10,,1.0,0.0,NOT_ALLOWED,,,,,85395000.0,NONE,,,,,,,,899.0,89900.0,0.0,0.0,0.0,0.0
41,9W LED Bulb Cool White,0.0,0.0,,0,0.0,,4,,BrightLite,0,0,published,REJECTED,Dummy,Energy efficient LED bulb for home and office.,"9 watt,Cool white,Energy saving","/uploads/products/1786977281539-258026640.jpg,/uploads/products/1786977281539-437468511.jpg",,,,BrightLite Electricals,,,1,Standard,,,care@brightlite.example / +91-9000000102,,,1.0,,,,85395000.0,,,,QA-SMP-LED-001,,,,,,100.0,,,,,,12.0,6.0,6.0,0.0,India,Not Applicable,,,,,,4.0,,,,,,,,,7.0,7.0,7.0,2.0,2026-08-17 20:04:41.639066,2026-09-05 14:21:38.576525,,10,,1.0,0.0,NOT_ALLOWED,,,,,85395000.0,NONE,,,,,,,,199.0,19900.0,0.0,0.0,0.0,0.0
42,Heavy Duty Packing Tape 48mm,0.0,0.0,,1,7.0,Exchange within 7 days for defective rolls.,7,,PackPro,0,0,published,REJECTED,Dummy,Strong adhesive tape for cartons and shipping boxes.,"Strong adhesive,48 mm width,Clear finish","/uploads/products/1786977281694-959556680.jpg,/uploads/products/1786977281694-883562144.jpg",,,,PackPro Industries,,,1,Standard,,,sales@packpro.example / +91-9000000103,,,1.0,,,,85395000.0,,,,QA-SMP-TAPE-001,,,,,,75.0,,,,,,10.0,10.0,5.0,0.0,India,Not Applicable,,,,,,4.0,,,,,,,,,7.0,7.0,7.0,2.0,2026-08-17 20:04:41.771720,2026-09-05 14:21:38.576525,,10,,1.0,0.0,NOT_ALLOWED,,,,,85395000.0,NONE,,,,,,,,149.0,14900.0,0.0,0.0,0.0,0.0
43,PVC Water Pipe 20mm,1.0,7.0,Return within 7 days unused.,0,0.0,,8,,FlowMax,0,1,published,REJECTED,Dummy,Durable PVC pipe for residential water supply.,"Lightweight,Corrosion resistant,Easy installation","/uploads/products/1786977281838-765156845.jpg,/uploads/products/1786977281839-602124421.jpg,/uploads/products/1786977281840-992831904.jpg,/uploads/products/1786977281842-107150733.jpg,/uploads/products/1786977281843-666046418.jpg,/uploads/products/1786977281844-652677428.jpg",,,,FlowMax Pipes,,,1,Standard,,,contact@flowmax.example / +91-9000000201,,,1.0,,,,85395000.0,,,,QA-PIPE-20MM,,,,,,30.0,,,,,,200.0,2.0,2.0,1.0,India,Not Applicable,,,,,,4.0,,,,,,,,,7.0,7.0,7.0,2.0,2026-08-17 20:04:41.937013,2026-09-05 14:21:38.576525,,10,,1.0,0.0,NOT_ALLOWED,,,,,85395000.0,NONE,,,,,,,,650.0,65000.0,0.0,0.0,0.0,0.0
44,Premium Carton Tape 48mm,0.0,0.0,,1,10.0,Exchange within 10 days for defective rolls.,7,,SealPro,0,1,published,REJECTED,Dummy,Premium transparent tape for secure carton sealing.,"High tack adhesive,Transparent,Durable","/uploads/products/1786977282118-253242290.jpg,/uploads/products/1786977282118-335751974.jpg,/uploads/products/1786977282119-633451666.jpg,/uploads/products/1786977282120-776317858.jpg,/uploads/products/1786977282120-728105172.jpg,/uploads/products/1786977282121-197568930.jpg",,,,SealPro Packaging,,,1,Standard,,,help@sealpro.example / +91-9000000202,,,1.0,,,,85395000.0,,,,QA-TAPE-48MM,,,,,,60.0,,,,,,10.0,10.0,5.0,0.0,India,Not Applicable,,,,,,4.0,,,,,,,,,7.0,7.0,7.0,2.0,2026-08-17 20:04:42.215433,2026-09-05 14:21:38.576525,,10,,1.0,0.0,NOT_ALLOWED,,,,,85395000.0,NONE,,,,,,,,189.0,18900.0,0.0,0.0,0.0,0.0
45,LED Flood Light 30W,1.0,7.0,Return within 7 days in original condition.,1,14.0,Exchange within 14 days for defective units.,4,,LumaTech,0,1,published,REJECTED,Dummy,Outdoor LED flood light for residential and commercial use.,"High brightness,Weather resistant,Energy efficient","/uploads/products/1786977282389-118463229.jpg,/uploads/products/1786977282390-29919525.jpg,/uploads/products/1786977282391-224416986.jpg,/uploads/products/1786977282391-418740909.jpg,/uploads/products/1786977282392-2187887.jpg,/uploads/products/1786977282392-928086224.jpg",,,,LumaTech Electronics,,,1,Standard,,,support@lumatech.example / +91-9000000203,,,1.0,,,,85395000.0,,,,QA-FLOOD-30W,,,,,,35.0,,,,,,18.0,14.0,4.0,1.0,India,Not Applicable,,,,,,4.0,,,,,,,,,7.0,7.0,7.0,2.0,2026-08-17 20:04:42.466944,2026-09-05 14:21:38.576525,,10,,1.0,0.0,NOT_ALLOWED,,,,,85395000.0,NONE,,,,,,,,1499.0,149900.0,0.0,0.0,0.0,0.0
46,Hydraulic Punching Machine,1.0,14.0,If defective,1,14.0,If defective,9,,OM Engineering,0,0,published,APPROVED,,"We “Om Engineering And Hydraulic” are a prominent firm that is engaged in manufacturing a wide range of Crimping Machine, Hose Pipe, etc. Located in Ahmedabad (Gujarat, India), we are manufacture the offered products as per the set industry norms. Our valued clients can avail these products from us at reasonable rates.","Voltage: 220 V 50 Hz. - Motor Phase: Three Phase
Automatic Grade
Material: Mild Steel
Easy to use
Package Content: 1.5 Inch Hydraulic Punching Machine",/uploads/products/1787142042724-655452968.jpg,,RPM-HPM-50T,,Rajesh Machines(India) LLP,,,1,,,,support@example.com,,,1.0,,,,846210.0,,,,HPMRJ50T001,,,,,,100.0,0.0,0.0,,,,100.0,100.0,100.0,150.0,IN,Storage,,,"[{""type"": ""safety"", ""identification"": """"}]",,[],4.0,,,,,3.0,,,,7.0,7.0,7.0,2.0,2026-08-19 17:50:43.095703,2026-09-05 14:21:38.576525,,7,1.0,,0.0,ALWAYS_ALLOWED,1.0,,,,846210.0,NONE,,,,,,,,51000.0,5100000.0,25.0,2500.0,100.0,10000.0
47,jnespurn,0.0,,,0,,,1,,K,0,0,published,PENDING,,a,a,/uploads/products/1787219017167-631190198.png,,,,a,,,1,,,,hg,,,1.0,,,,30234.0,,,,TAPE-430,,,,,,8.0,0.0,0.0,,,,10.0,4.0,3.0,19.0,JP,imdg,,,[],,[],2.0,,,,,,,,,6.0,7.0,6.0,16.0,2026-08-20 15:13:37.533365,2026-09-05 14:21:38.576525,,5,,,0.0,BEFORE_VENDOR_PROCESSING,,,,,30234.0,NONE,,MONTHS,,,,MONTHS,,87.0,8700.0,0.0,0.0,0.0,0.0
48,Vertical Hose Crimping Machine,1.0,10.0,If product is not matching.,1,10.0,If defective.,9,,OM Engineering,0,0,published,PENDING,,"We “Om Engineering And Hydraulic” are a prominent firm that is engaged in manufacturing a wide range of Crimping Machine, Hose Pipe, etc. Located in Ahmedabad (Gujarat, India), we are manufacture the offered products as per the set industry norms. Our valued clients can avail these products from us at reasonable rates.","Voltage: 220 V 50 Hz. - Motor Phase: Three Phase
Motor HP: 2
Material: Metal
Work Head Through Bore: 100MM
Package Content: Vertical Hose Crimping Machine",/uploads/products/1787291257178-431627102.jpg,,,,OM Engineering,2026-08-01,,1,Machine,,OM-Engineering And Hydraulic-103,"OM-Engineering And Hydraulic-103, support@example.com",,,1.0,,2026-08-21,,84629190.0,,,,V0-VERTICALHO-VARIANT--ABC123-01,2.0,,,,,130.0,0.0,0.0,800.0,600.0,1200.0,900.0,700.0,1350.0,180.0,IN,Storage,50.0,2.0,"[{""type"": ""quality"", ""identification"": """"}]",test@gmail.com,"[{""language"": ""en"", ""content_type"": ""manual"", ""source_location"": ""/uploads/products/1787290774768-624431668.png""}]",4.0,,,,,,6.0,6.0,6.0,6.0,6.0,6.0,2.0,2026-08-21 11:17:37.534104,2026-09-05 14:21:38.576525,,7,,,0.0,NOT_ALLOWED,,,9109126842.0,,84629190.0,NONE,,MONTHS,,,,MONTHS,,174999.0,17499900.0,0.0,0.0,0.0,0.0
49,Cycle 2,1.0,3.0,only damage product,1,5.0,only near location,9,,KZ,0,1,published,PENDING,,"product is good quality , high durability",steel,/uploads/products/1787325489596-168551335.jpg,,,,Purge Packaging Pvt Ltd,,,1,,,,"Pune ,main store",,,1.0,,,,10231.0,,,,V0-CYCLE-12-12-01,,,,,,12.0,0.0,0.0,,,,2.0,3.0,4.0,1.0,IN,GHS,,,[],,[],2.0,,,,,,,,,8.0,8.0,6.0,16.0,2026-08-21 20:48:10.101839,2026-09-05 14:21:38.576525,,5,,,0.0,NOT_ALLOWED,,,,,10231.0,GUARANTEE,,MONTHS,,pune,14.0,MONTHS,only internal issue,100.0,10000.0,0.0,0.0,0.0,0.0
50,Stainless Spring Clamp,0.0,0.0,,0,0.0,,4,,Jindal,0,0,published,PENDING,,"Suitable for gas/water/oil pipe fixed, accessories for car & motorcycle Spring clips are designed to distribute pressure uniformly around the application zone Durable product"";Spring clips are made to distribute pressure uniformly around the application zone"";The spring clip maintains pressure during this process, thereby preventing leaks"" Hose clamp with knob are used in securing hoses, pipe, cable, tube, fuel lines etc. Perfect to apply in automotive, industrial, boat/marine, shield, household etc both indoor or outdoor. ADJUSTABLE SIZE - Clamp kit are flexible and ductile with wide adjustable size range from 19 mm to 24 mm. This 1/2 inch clamps fits small hoses. Package Includes: 10 x Spring hose clamps",Material Stainless Steel Brand B.K.Jagan and Co Item dimensions L x W x H 20 x 20 x 10 Millimeters Colour Silver Style Adjustable,/uploads/products/1787325566491-116914232.jpg,,,,Jindal Stainless Limited,,,1,Standard,,,support@example.com,,,1.0,,,,73269099.0,,,,JSL-SPC-304-25_SS,,,,,,100.0,,,,,,20.0,20.0,20.0,30.0,India,Transportation,,,,,,4.0,,,,,,,,,7.0,7.0,7.0,2.0,2026-08-21 20:49:26.564343,2026-09-05 14:21:38.576525,,5,,,0.0,NOT_ALLOWED,,,,,73269099.0,NONE,,,,,,,,1074.0,107400.0,0.0,0.0,0.0,0.0
51,H pipe,0.0,,,0,,,4,,Steelpro,0,0,published,APPROVED,,"Durable Construction: This hydraulic hose pipe is made of industrial-grade steel braided rubber, ensuring long-lasting durability and resistance to high pressure. Pressure Resistant: Designed to withstand intense pressure, making it suitable for use with pressure washers and other high-pressure applications. Convenient Length: With a length of 5 metres, this hose offers ample reach for various cleaning tasks. Compatible Fittings: Equipped with M22 x M22 threaded fittings, allowing for easy connection to compatible pressure washer units. Versatile Application: Suitable for a wide range of industrial and commercial cleaning tasks, including vehicle washing, surface cleaning, and more.",Size: 15MTR Brand Generic Material Polyvinyl Chloride (PVC) Colour Black Product Dimensions 40L x 18W Centimeters Item Weight 3.5 Kilograms Item Length 40 Centimetres,/uploads/products/1787325566580-715955521.jpg,,,,TATA steel Engineering producT,,,1,Standard,,,support@example.com,,,1.0,,,,400911.0,,,,CELAEIC004BLCK0001_AA,3.0,,,,,92.0,0.0,0.0,,,,50.0,50.0,50.0,60.0,IN,Storage,,,[],,[],4.0,,,,,,,,,7.0,7.0,7.0,2.0,2026-08-21 20:49:26.651487,2026-09-05 14:21:38.576525,,5,1.0,,0.0,NOT_ALLOWED,,,,,400911.0,GUARANTEE,,MONTHS,,pune,12.0,MONTHS,no damage product,1725.0,172500.0,150.0,15000.0,200.0,20000.0
52,"Galvanized Iron ERW Pipe (DN 50, 6 Meter Length)",1.0,7.0,"Return accepted for manufacturing defects, dimension mismatches, or transit damage only. Material must be unused and in original packaging.",1,7.0,"Replacement offered if incorrect schedule, size, or material grade is delivered.",1,,Tata Structura,0,0,published,PENDING,,"High-grade 304 seamless stainless steel pipe engineered for high-pressure industrial applications, offering exceptional corrosion resistance, superior structural strength, and reliable long-term durability in harsh environments.","Premium 304 grade stainless steel construction with seamless design for optimal pressure resistance,Standard 2-inch diameter with Schedule 40 wall thickness for seamless integration into industrial piping networks",/uploads/products/1787382181329-808734548.jpg,,SS304-SCH40-2IN,InduSteel Heavy-Duty 304,Jindal Stainless Limited,2026-08-14,"stainless steel pipe, seamless tube, sch 40 pipe, 2 inch steel pipe, industrial piping",1,Seamless Pipe,1.0,JSL-304-2SCH40-6M,"Jindal Stainless Ltd, O.P. Jindal Marg, Hisar, Haryana - 125005, contact@jindalsteel.com",,,6.0,meter,2026-08-22,"Pipe Unit, Protective End Ca",73044100.0,[https://example.com/specs/ss304-sch40.pdf](https://example.com/specs/ss304-sch40.pdf),,"Jindal Stainless Ltd, Logistics Division, Hisar, Haryana, pack@jindalsteel.com",JSL-SS304-SCH40-2IN-6M,3.0,2026-08-22,11000.0,12000.0,2026-08-27,25.0,0.0,0.0,6.0,60.0,60.0,6.0,8.0,8.0,30.0,IN,not_applicable,29.0,2.0,"[{""type"": ""quality"", ""identification"": ""ISO-9001-2015-JSL""}]",compliance@jindalsteel.com,"[{""language"": ""en"", ""content_type"": ""certificate"", ""source_location"": ""/uploads/products/1787381303907-628668236.jpg""}]",4.0,,1.0,,,1.0,6.0,7.0,7.0,6.0,7.0,7.0,2.0,2026-08-22 14:30:39.782425,2026-09-05 14:21:38.576525,,3,,,0.0,BEFORE_VENDOR_PROCESSING,1.0,,9823012345.0,2067110000.0,73044100.0,WARRANTY_AND_GUARANTEE,1.0,YEARS,Covers structural integrity and pitting corrosion resistance defects. Excludes improper installation and chemical exposure beyond limits.,"Jindal Quality Division, Plot 18, Industrial Estate, Chakan, Pune, Maharashtra - 410501",7.0,MONTHS,Full replacement guarantee for initial pressure test failure within 6 months of delivery.,12500.0,1250000.0,0.0,0.0,0.0,0.0
53,Stainless Steel Water Bottle,1.0,7.0,Return policy,1,7.0,Exchange policy,7,,Acme Bottle,0,1,published,APPROVED,,"Made from stainless steel, keeps drinks cold for 12 hours and hot for 8 hours. Durable, lightweight, and ideal for daily use, gym, office, or travel.","Keeps water cold for 12 hours,Maintains hot drinks for 8 hours",/uploads/products/1787389310275-280123544.jfif,,WB-750SS,AquaSteel,PureHydrate Industries Pvt Ltd,2026-08-22,"bottle,stainless steel",1,Water Bottle,1.0,PN-WB750SS,"PureHydrate Industries, Pune, Maharashtra, India
Support: +91-20-12345678 | Email: support@purehydrate.com",,,750.0,ml,2026-08-22,1 × Stainless Steel Water Bottle,732393.0,https://example.com/spec-sheet,"Importer Name: Hydrate Imports Pvt Ltd
Address: Mumbai, Maharashtra, India",packer@purehydratepack.com,V0-STAINLESSS-RED-GOLD-5-8-01,5.0,,,,,200.0,0.0,0.0,7.0,5.0,8.0,5.0,8.0,8.0,500.0,IN,Transportation,320.0,2.0,"[{""type"": ""REACH"", ""identification"": """"}]",,[],4.0,,,,,,6.0,6.0,6.0,6.0,6.0,6.0,2.0,2026-08-22 14:31:50.750258,2026-09-05 14:21:38.576525,,3,1.0,,0.0,BEFORE_INBOUND_SHIPMENT,,,,,732393.0,WARRANTY,12.0,MONTHS,Warrenty,"Abc Solutions , Pune",,MONTHS,,700.0,70000.0,0.0,0.0,0.0,0.0
54,SS 316 Stainless Steel Seamless Pipe - 1 Meter,0.0,0.0,,1,10.0,Exchange accepted within 10 days for manufacturing defects or incorrect item.,1,,Procura Industrial,0,0,published,PENDING,,"Seamless SS 316 stainless steel pipe suitable for industrial fluid handling, sanitary applications and general fabrication. Supplied in a 1 meter length.","SS 316 grade,Seamless construction,Corrosion resistant,1 meter length",/uploads/products/1787401083576-416583823.jpg,,,,Demo Industrial Manufacturing Pvt. Ltd.,,,1,Standard,,,support@demo-manufacturer.example,,,1.0,,,,73044100.0,,,,PIPE-SS316-1M,,,,,,40.0,,,,,,105.0,6.0,6.0,2.0,India,Not Applicable,,,,,,4.0,,,,,,,,,7.0,7.0,7.0,2.0,2026-08-22 17:48:03.678710,2026-09-05 14:21:38.576525,,5,,,0.0,NOT_ALLOWED,,,,,73044100.0,NONE,,,,,,,,1850.0,185000.0,0.0,0.0,0.0,0.0
55,PVC Industrial Water Pipe - 2 Meter,1.0,7.0,Return accepted within 7 days if unused and in original condition.,1,10.0,Exchange accepted within 10 days for manufacturing defects or incorrect item.,1,,Procura Industrial,0,0,published,PENDING,,"Durable PVC pipe for industrial water transfer and utility applications. Lightweight, corrosion resistant and easy to install.","PVC construction,Lightweight,Corrosion resistant,Easy installation",/uploads/products/1787401083717-43063433.jpg,,,,Demo Industrial Manufacturing Pvt. Ltd.,,,1,Standard,,,support@demo-manufacturer.example,,,1.0,,,,39172390.0,,,,PIPE-PVC-2M,,,,,,80.0,,,,,,205.0,5.0,5.0,1.0,India,Not Applicable,,,,,,4.0,,,,,,,,,7.0,7.0,7.0,2.0,2026-08-22 17:48:03.811194,2026-09-05 14:21:38.576525,,5,,,0.0,NOT_ALLOWED,,,,,39172390.0,NONE,,,,,,,,650.0,65000.0,0.0,0.0,0.0,0.0
56,Sanitary Stainless Steel Butterfly Valve,0.0,0.0,,1,10.0,Exchange accepted within 10 days for manufacturing defects or incorrect item.,8,,Procura Flow,0,1,published,PENDING,,Sanitary stainless steel butterfly valve designed for hygienic process lines. This product is supplied in multiple size variants.,"Sanitary design,SS 304 body,Hygienic flow control,Easy maintenance","/uploads/products/1787401083822-445767531.jpg,/uploads/products/1787401083824-853422360.jpg,/uploads/products/1787401083826-415745945.jpg",,,,Demo Flow Equipment Pvt. Ltd.,,,1,Standard,,,sales@demo-flow.example,,,1.0,,,,84818090.0,,,,SBFV-25-SS304,,,,,,25.0,,,,,,18.0,10.0,10.0,1.0,India,Not Applicable,,,,,,4.0,,,,,,,,,7.0,7.0,7.0,2.0,2026-08-22 17:48:03.972801,2026-09-05 14:21:38.576525,,5,,,0.0,NOT_ALLOWED,,,,,84818090.0,NONE,,,,,,,,2400.0,240000.0,0.0,0.0,0.0,0.0
57,Sanitary Stainless Steel 90 Degree Elbow,1.0,7.0,Return accepted within 7 days if unused and in original condition.,1,10.0,Exchange accepted within 10 days for manufacturing defects or incorrect item.,4,,Procura Flow,0,1,published,PENDING,,Sanitary 90 degree stainless steel pipe elbow for hygienic piping systems. Available in multiple connection size variants.,"90 degree elbow,SS 304 construction,Smooth internal surface,Hygienic design","/uploads/products/1787401084131-365373245.jpg,/uploads/products/1787401084136-996186946.jpg,/uploads/products/1787401084139-255434500.jpg",,,,Demo Flow Equipment Pvt. Ltd.,,,1,Standard,,,sales@demo-flow.example,,,1.0,,,,73072900.0,,,,ELBOW90-1-SS304,,,,,,60.0,,,,,,10.0,7.0,7.0,0.0,India,Not Applicable,,,,,,4.0,,,,,,,,,7.0,7.0,7.0,2.0,2026-08-22 17:48:04.298708,2026-09-05 14:21:38.576525,,5,,,0.0,NOT_ALLOWED,,,,,73072900.0,NONE,,,,,,,,850.0,85000.0,0.0,0.0,0.0,0.0
58,SS Union_996,1.0,8.0,,1,8.0,,1,,Ratnamani,0,0,published,PENDING,,"Manufactured from premium-grade steel, these pipes and tubes are engineered for high-pressure applications, structural frameworks, and demanding industrial environments. Offering exceptional tensile strength and superior resistance to corrosion, wear, and mechanical impact, they ensure long-lasting durability and peak performance across diverse operating conditions. Suitable for oil & gas, construction, structural support, and fluid transport applications.","High Tensile Strength: Built to withstand extreme pressure, heavy loads, and mechanical stress.,Corrosion & Rust Resistant: Durable coating/finish ensures long service life in harsh environments.",/uploads/products/1787656785880-428717205.jpg,,MODEL1_996,Premium Series,Ratnamani Metals,2026-08-25,"steel pipe,seamless tube",10,Electric Motor,10.0,10,878836482,,,9.0,Unit Count NA,2026-08-25,"Flexible Tubing, Hose Clamps (2 Pcs), Rubber Gaskets, PVC Pipe, Thread Seal Tape (Teflon), Coupling Joint",73069090.0,,Importer Contact:- 99873482,Packer Contact:- 67328487,SKU_996,10.0,,403.0,,,19.0,0.0,0.0,19.0,18.0,19.0,19.0,89.0,98.0,189.0,IN,Transportation,179.0,2.0,"[{""type"": ""RoHS"", ""identification"": """"}]",vaidyam029@gmail.com,"[{""language"": ""hi"", ""content_type"": ""manual"", ""source_location"": """"}]",3.0,,2.0,,,1.0,7.0,7.0,7.0,7.0,7.0,7.0,2.0,2026-08-25 16:49:46.181719,2026-09-05 14:21:38.576525,,3,,,0.0,ALWAYS_ALLOWED,10.0,,,,73069090.0,NONE,,MONTHS,,,,MONTHS,,448.0,44800.0,0.0,0.0,0.0,0.0
59,Butterfly Valve Pneumatic_691,1.0,8.0,,1,8.0,,1,,APL Apollo,0,0,published,APPROVED,,"Manufactured from premium-grade steel, these pipes and tubes are engineered for high-pressure applications, structural frameworks, and demanding industrial environments. Offering exceptional tensile strength and superior resistance to corrosion, wear, and mechanical impact, they ensure long-lasting durability and peak performance across diverse operating conditions. Suitable for oil & gas, construction, structural support, and fluid transport applications.","High Tensile Strength: Built to withstand extreme pressure, heavy loads, and mechanical stress.,Corrosion & Rust Resistant: Durable coating/finish ensures long service life in harsh environments.",/uploads/products/1787657070646-419524917.jpg,,MODEL1_691,Premium Series,Tata Steel Ltd,2026-08-25,"steel pipe,seamless tube",10,ERW Pipe,10.0,10,878836482,,,9.0,Unit Count NA,2026-08-25,"Flexible Tubing, Hose Clamps (2 Pcs), Rubber Gaskets, PVC Pipe, Thread Seal Tape (Teflon), Coupling Joint",73069090.0,,Importer Contact:- 99873482,Packer Contact:- 67328487,SKU_691,10.0,,8554.0,,,19.0,0.0,0.0,19.0,18.0,19.0,19.0,89.0,98.0,189.0,IN,Transportation,179.0,2.0,"[{""type"": ""RoHS"", ""identification"": """"}]",vaidyam029@gmail.com,"[{""language"": ""hi"", ""content_type"": ""manual"", ""source_location"": """"}]",3.0,,2.0,,,1.0,7.0,7.0,7.0,7.0,7.0,7.0,2.0,2026-08-25 16:54:30.865012,2026-09-05 14:21:38.576525,,3,1.0,,0.0,ALWAYS_ALLOWED,10.0,,,,73069090.0,NONE,,MONTHS,,,,MONTHS,,9505.0,950500.0,30.0,3000.0,20.0,2000.0
60,Ball Valve 2 Inch_251,1.0,8.0,,1,8.0,,1,,Jindal,0,0,published,APPROVED,,"Manufactured from premium-grade steel, these pipes and tubes are engineered for high-pressure applications, structural frameworks, and demanding industrial environments. Offering exceptional tensile strength and superior resistance to corrosion, wear, and mechanical impact, they ensure long-lasting durability and peak performance across diverse operating conditions. Suitable for oil & gas, construction, structural support, and fluid transport applications.","High Tensile Strength: Built to withstand extreme pressure, heavy loads, and mechanical stress.,Corrosion & Rust Resistant: Durable coating/finish ensures long service life in harsh environments.",/uploads/products/1787658369995-395080127.jpg,,MODEL1_251,Heavy Duty Series,Tata Steel Ltd,2026-08-25,"steel pipe,seamless tube",10,Ball Valve,10.0,10,878836482,,,9.0,Unit Count NA,2026-08-25,"Flexible Tubing, Hose Clamps (2 Pcs), Rubber Gaskets, PVC Pipe, Thread Seal Tape (Teflon), Coupling Joint",73069090.0,,Importer Contact:- 99873482,Packer Contact:- 67328487,SKU_251,10.0,,2551.0,,,19.0,0.0,0.0,19.0,18.0,19.0,19.0,89.0,98.0,189.0,IN,Transportation,179.0,2.0,"[{""type"": ""RoHS"", ""identification"": """"}]",vaidyam029@gmail.com,"[{""language"": ""hi"", ""content_type"": ""manual"", ""source_location"": """"}]",3.0,,2.0,,,1.0,7.0,7.0,7.0,7.0,7.0,7.0,2.0,2026-08-25 17:16:10.243683,2026-09-05 14:21:38.576525,,3,1.0,,0.0,ALWAYS_ALLOWED,10.0,,,,73069090.0,NONE,,MONTHS,,,,MONTHS,,2835.0,283500.0,30.0,3000.0,20.0,2000.0
61,SS316 Round Bar_360,1.0,8.0,,1,8.0,,1,,Jindal,0,0,published,APPROVED,,"Manufactured from premium-grade steel, these pipes and tubes are engineered for high-pressure applications, structural frameworks, and demanding industrial environments. Offering exceptional tensile strength and superior resistance to corrosion, wear, and mechanical impact, they ensure long-lasting durability and peak performance across diverse operating conditions. Suitable for oil & gas, construction, structural support, and fluid transport applications.","High Tensile Strength: Built to withstand extreme pressure, heavy loads, and mechanical stress.,Corrosion & Rust Resistant: Durable coating/finish ensures long service life in harsh environments.",/uploads/products/1787658467755-561708799.jpg,,MODEL1_360,Industrial Series,Jindal Stainless,2026-08-25,"steel pipe,seamless tube",10,Seamless Pipe,10.0,10,878836482,,,9.0,Unit Count NA,2026-08-25,"Flexible Tubing, Hose Clamps (2 Pcs), Rubber Gaskets, PVC Pipe, Thread Seal Tape (Teflon), Coupling Joint",73069090.0,,Importer Contact:- 99873482,Packer Contact:- 67328487,SKU_360,10.0,,680.0,,,19.0,0.0,0.0,19.0,18.0,19.0,19.0,89.0,98.0,189.0,IN,Transportation,179.0,2.0,"[{""type"": ""RoHS"", ""identification"": """"}]",vaidyam029@gmail.com,"[{""language"": ""hi"", ""content_type"": ""manual"", ""source_location"": """"}]",3.0,,2.0,,,1.0,7.0,7.0,7.0,7.0,7.0,7.0,2.0,2026-08-25 17:17:47.985998,2026-09-05 14:21:38.576525,,3,1.0,,0.0,ALWAYS_ALLOWED,10.0,,,,73069090.0,NONE,,MONTHS,,,,MONTHS,,756.0,75600.0,30.0,3000.0,20.0,2000.0
62,GI Angle_677,1.0,8.0,,1,8.0,,1,,JSW Steel,0,0,published,APPROVED,,"Manufactured from premium-grade steel, these pipes and tubes are engineered for high-pressure applications, structural frameworks, and demanding industrial environments. Offering exceptional tensile strength and superior resistance to corrosion, wear, and mechanical impact, they ensure long-lasting durability and peak performance across diverse operating conditions. Suitable for oil & gas, construction, structural support, and fluid transport applications.","High Tensile Strength: Built to withstand extreme pressure,heavy loads,and mechanical stress.,Corrosion & Rust Resistant: Durable coating/finish ensures long service life in harsh environments.",/uploads/products/1787659538640-912736515.jpg,,MODEL1_677,Standard Series,JSW Infrastructure,2026-08-25,"steel pipe,seamless tube",10,ERW Pipe,10.0,10,878836482,,,9.0,Unit Count NA,2026-08-25,"Flexible Tubing, Hose Clamps (2 Pcs), Rubber Gaskets, PVC Pipe, Thread Seal Tape (Teflon), Coupling Joint",73069090.0,,Importer Contact:- 99873482,Packer Contact:- 67328487,SKU_677,10.0,,0.0,,,200.0,0.0,0.0,19.0,18.0,19.0,19.0,89.0,98.0,189.0,IN,Transportation,179.0,2.0,"[{""type"": ""RoHS"", ""identification"": """"}]",vaidyam029@gmail.com,"[{""language"": ""hi"", ""content_type"": ""manual"", ""source_location"": """"}]",3.0,,2.0,,,1.0,7.0,7.0,7.0,7.0,7.0,7.0,2.0,2026-08-25 17:35:38.883389,2026-09-05 14:21:38.576525,,3,1.0,,0.0,ALWAYS_ALLOWED,10.0,,,,73069090.0,NONE,,MONTHS,,,,MONTHS,,1.0,100.0,5.0,500.0,0.1,10.0
63,SS Union_602,1.0,8.0,,1,8.0,,1,,APL Apollo,0,0,published,PENDING,,"Manufactured from premium-grade steel, these pipes and tubes are engineered for high-pressure applications, structural frameworks, and demanding industrial environments. Offering exceptional tensile strength and superior resistance to corrosion, wear, and mechanical impact, they ensure long-lasting durability and peak performance across diverse operating conditions. Suitable for oil & gas, construction, structural support, and fluid transport applications.","High Tensile Strength: Built to withstand extreme pressure, heavy loads, and mechanical stress.,Corrosion & Rust Resistant: Durable coating/finish ensures long service life in harsh environments.",/uploads/products/1787727873550-851225670.jpg,,MODEL1_602,Standard Series,Jindal Stainless,2026-08-26,"steel pipe,seamless tube",10,Electric Motor,10.0,10,878836482,,,9.0,Unit Count NA,2026-08-26,"Flexible Tubing, Hose Clamps (2 Pcs), Rubber Gaskets, PVC Pipe, Thread Seal Tape (Teflon), Coupling Joint",73069090.0,,Importer Contact:- 99873482,Packer Contact:- 67328487,SKU_602,10.0,,388.0,,,19.0,0.0,0.0,19.0,18.0,19.0,19.0,89.0,98.0,189.0,IN,Transportation,179.0,2.0,"[{""type"": ""RoHS"", ""identification"": """"}]",vaidyam029@gmail.com,"[{""language"": ""hi"", ""content_type"": ""manual"", ""source_location"": """"}]",3.0,,2.0,,,1.0,7.0,7.0,7.0,7.0,7.0,7.0,2.0,2026-08-26 12:34:33.842475,2026-09-05 14:21:38.576525,,3,,,0.0,ALWAYS_ALLOWED,10.0,,,,73069090.0,NONE,,MONTHS,,,,MONTHS,,432.0,43200.0,0.0,0.0,0.0,0.0
64,Ball Valve 2 Inch_913,1.0,8.0,,1,8.0,,1,,Jindal,0,0,published,PENDING,,"Manufactured from premium-grade steel, these pipes and tubes are engineered for high-pressure applications, structural frameworks, and demanding industrial environments. Offering exceptional tensile strength and superior resistance to corrosion, wear, and mechanical impact, they ensure long-lasting durability and peak performance across diverse operating conditions. Suitable for oil & gas, construction, structural support, and fluid transport applications.","High Tensile Strength: Built to withstand extreme pressure, heavy loads, and mechanical stress.,Corrosion & Rust Resistant: Durable coating/finish ensures long service life in harsh environments.",/uploads/products/ac9b6da4-6874-4e32-96ff-cc5e70bc197f.jpg,,MODEL1_913,Premium Series,APL Apollo Tubes,2026-09-01,"steel pipe,seamless tube",10,Butterfly Valve,10.0,10,878836482,,,9.0,Unit Count NA,2026-09-01,"Flexible Tubing, Hose Clamps (2 Pcs), Rubber Gaskets, PVC Pipe, Thread Seal Tape (Teflon), Coupling Joint",73069090.0,,Importer Contact:- 99873482,Packer Contact:- 67328487,SKU_913,10.0,,1913.0,,,19.0,0.0,0.0,19.0,18.0,19.0,19.0,89.0,98.0,189.0,IN,Transportation,179.0,2.0,"[{""type"": ""RoHS"", ""identification"": """"}]",vaidyam029@gmail.com,"[{""language"": ""hi"", ""content_type"": ""manual"", ""source_location"": """"}]",3.0,,2.0,,,1.0,7.0,7.0,7.0,7.0,7.0,7.0,2.0,2026-09-01 12:16:43.962982,2026-09-05 14:21:38.576525,,3,,,0.0,ALWAYS_ALLOWED,10.0,,,,73069090.0,NONE,,MONTHS,,,,MONTHS,,2126.0,212600.0,0.0,0.0,0.0,0.0
65,Carbon Steel Pipe_315,1.0,8.0,,1,8.0,,1,,Tata Steel,0,0,published,PENDING,,"Manufactured from premium-grade steel, these pipes and tubes are engineered for high-pressure applications, structural frameworks, and demanding industrial environments. Offering exceptional tensile strength and superior resistance to corrosion, wear, and mechanical impact, they ensure long-lasting durability and peak performance across diverse operating conditions. Suitable for oil & gas, construction, structural support, and fluid transport applications.","High Tensile Strength: Built to withstand extreme pressure, heavy loads, and mechanical stress.,Corrosion & Rust Resistant: Durable coating/finish ensures long service life in harsh environments.",/uploads/products/d1065418-455a-4eef-bc46-35fb54a4c371.jpg,,MODEL1_315,Commercial Grade,Ratnamani Metals,2026-09-01,"steel pipe,seamless tube",10,Butterfly Valve,10.0,10,878836482,,,9.0,Unit Count NA,2026-09-01,"Flexible Tubing, Hose Clamps (2 Pcs), Rubber Gaskets, PVC Pipe, Thread Seal Tape (Teflon), Coupling Joint",73069090.0,,Importer Contact:- 99873482,Packer Contact:- 67328487,SKU_315,10.0,,249.0,,,19.0,0.0,0.0,19.0,18.0,19.0,19.0,89.0,98.0,189.0,IN,Transportation,179.0,2.0,"[{""type"": ""RoHS"", ""identification"": """"}]",vaidyam029@gmail.com,"[{""language"": ""hi"", ""content_type"": ""manual"", ""source_location"": """"}]",3.0,,2.0,,,1.0,7.0,7.0,7.0,7.0,7.0,7.0,2.0,2026-09-01 14:21:11.080673,2026-09-05 14:21:38.576525,,3,,,0.0,ALWAYS_ALLOWED,10.0,,,,73069090.0,NONE,,MONTHS,,,,MONTHS,,277.0,27700.0,0.0,0.0,0.0,0.0
66,SS316 Seamless Pipe_448,1.0,8.0,,1,8.0,,1,,Tata Steel,0,0,published,PENDING,,"Manufactured from premium-grade steel, these pipes and tubes are engineered for high-pressure applications, structural frameworks, and demanding industrial environments. Offering exceptional tensile strength and superior resistance to corrosion, wear, and mechanical impact, they ensure long-lasting durability and peak performance across diverse operating conditions. Suitable for oil & gas, construction, structural support, and fluid transport applications.","High Tensile Strength: Built to withstand extreme pressure, heavy loads, and mechanical stress.,Corrosion & Rust Resistant: Durable coating/finish ensures long service life in harsh environments.",/uploads/products/59214a2c-2fe2-416a-a456-8e256aa99268.jpg,,MODEL1_448,Industrial Series,Jindal Stainless,2026-09-01,"steel pipe,seamless tube",10,Round Bar,10.0,10,878836482,,,9.0,Unit Count NA,2026-09-01,"Flexible Tubing, Hose Clamps (2 Pcs), Rubber Gaskets, PVC Pipe, Thread Seal Tape (Teflon), Coupling Joint",73069090.0,,Importer Contact:- 99873482,Packer Contact:- 67328487,SKU_448,10.0,,653.0,,,19.0,0.0,0.0,19.0,18.0,19.0,19.0,89.0,98.0,189.0,IN,Transportation,179.0,2.0,"[{""type"": ""RoHS"", ""identification"": """"}]",vaidyam029@gmail.com,"[{""language"": ""hi"", ""content_type"": ""manual"", ""source_location"": """"}]",3.0,,2.0,,,1.0,7.0,7.0,7.0,7.0,7.0,7.0,2.0,2026-09-01 14:32:11.472926,2026-09-05 14:21:38.576525,,3,,,0.0,ALWAYS_ALLOWED,10.0,,,,73069090.0,NONE,,MONTHS,,,,MONTHS,,726.0,72600.0,0.0,0.0,0.0,0.0
67,SS316 Seamless Pipe_218,1.0,8.0,,1,8.0,,1,,Ratnamani,0,0,published,PENDING,,"Manufactured from premium-grade steel, these pipes and tubes are engineered for high-pressure applications, structural frameworks, and demanding industrial environments. Offering exceptional tensile strength and superior resistance to corrosion, wear, and mechanical impact, they ensure long-lasting durability and peak performance across diverse operating conditions. Suitable for oil & gas, construction, structural support, and fluid transport applications.","High Tensile Strength: Built to withstand extreme pressure, heavy loads, and mechanical stress.,Corrosion & Rust Resistant: Durable coating/finish ensures long service life in harsh environments.",/uploads/products/592597ba-8b43-4473-9bd2-db5eccbb97e1.jpg,,MODEL1_218,Premium Series,Jindal Stainless,2026-09-01,"steel pipe,seamless tube",10,Electric Motor,10.0,10,878836482,,,9.0,Unit Count NA,2026-09-01,"Flexible Tubing, Hose Clamps (2 Pcs), Rubber Gaskets, PVC Pipe, Thread Seal Tape (Teflon), Coupling Joint",73069090.0,,Importer Contact:- 99873482,Packer Contact:- 67328487,SKU_218,10.0,,630.0,,,19.0,0.0,0.0,19.0,18.0,19.0,19.0,89.0,98.0,189.0,IN,Transportation,179.0,2.0,"[{""type"": ""RoHS"", ""identification"": """"}]",vaidyam029@gmail.com,"[{""language"": ""hi"", ""content_type"": ""manual"", ""source_location"": """"}]",3.0,,2.0,,,1.0,7.0,7.0,7.0,7.0,7.0,7.0,2.0,2026-09-01 14:36:25.252616,2026-09-05 14:21:38.576525,,3,,,0.0,ALWAYS_ALLOWED,10.0,,,,73069090.0,NONE,,MONTHS,,,,MONTHS,,700.0,70000.0,0.0,0.0,0.0,0.0
68,SS Tee - Auto 617,,,,0,,,1,,Jindal,0,0,draft,PENDING,,"Manufactured from premium-grade steel, these pipes and tubes are engineered for high-pressure applications, structural frameworks, and demanding industrial environments. Offering exceptional tensile strength and superior resistance to corrosion, wear, and mechanical impact, they ensure long-lasting durability and peak performance across diverse operating conditions. Suitable for oil & gas, construction, structural support, and fluid transport applications.","High Tensile Strength: Built to withstand extreme pressure, heavy loads, and mechanical stress.,Corrosion & Rust Resistant: Durable coating/finish ensures long service life in harsh environments.",/uploads/products/fa415f6e-c40d-4829-873f-92c9cf623fc7.jpg,,MODEL1_617,Commercial Grade,Ratnamani Metals,2026-09-02,"steel pipe,seamless tube",10,Ball Valve,10.0,10,878836482,,,9.0,Unit Count NA,2026-09-02,"Flexible Tubing, Hose Clamps (2 Pcs), Rubber Gaskets, PVC Pipe, Thread Seal Tape (Teflon), Coupling Joint",73069090.0,,Importer Contact:- 99873482,Packer Contact:- 67328487,,,,,,,,0.0,0.0,,,,,,,,,,,,[],,[],,,,,,,,,,,,,,2026-09-02 12:25:47.069731,2026-09-05 14:21:38.576525,,3,,,0.0,NOT_ALLOWED,,,,,73069090.0,NONE,,MONTHS,,,,MONTHS,,,0.0,0.0,0.0,0.0,0.0
69,Concentric Reducer - Auto 203,,,,0,,,1,,Tata Steel,0,0,draft,PENDING,,"Manufactured from premium-grade steel, these pipes and tubes are engineered for high-pressure applications, structural frameworks, and demanding industrial environments. Offering exceptional tensile strength and superior resistance to corrosion, wear, and mechanical impact, they ensure long-lasting durability and peak performance across diverse operating conditions. Suitable for oil & gas, construction, structural support, and fluid transport applications.","High Tensile Strength: Built to withstand extreme pressure, heavy loads, and mechanical stress.,Corrosion & Rust Resistant: Durable coating/finish ensures long service life in harsh environments.",/uploads/products/ea2c4fbc-794b-403c-8de0-98780b6c1fe9.jpg,,MODEL1_203,Heavy Duty Series,Tata Steel Ltd,2026-09-02,"steel pipe,seamless tube",10,Round Bar,10.0,10,878836482,,,9.0,Unit Count NA,2026-09-02,"Flexible Tubing, Hose Clamps (2 Pcs), Rubber Gaskets, PVC Pipe, Thread Seal Tape (Teflon), Coupling Joint",73069090.0,,Importer Contact:- 99873482,Packer Contact:- 67328487,,,,,,,,0.0,0.0,,,,,,,,,,,,[],,[],,,,,,,,,,,,,,2026-09-02 12:27:58.272634,2026-09-05 14:21:38.576525,,3,,,0.0,NOT_ALLOWED,,,,,73069090.0,NONE,,MONTHS,,,,MONTHS,,,0.0,0.0,0.0,0.0,0.0
70,SS316 Round Bar_210,1.0,8.0,,1,8.0,,1,,APL Apollo,0,0,published,PENDING,,"Manufactured from premium-grade steel, these pipes and tubes are engineered for high-pressure applications, structural frameworks, and demanding industrial environments. Offering exceptional tensile strength and superior resistance to corrosion, wear, and mechanical impact, they ensure long-lasting durability and peak performance across diverse operating conditions. Suitable for oil & gas, construction, structural support, and fluid transport applications.","High Tensile Strength: Built to withstand extreme pressure, heavy loads, and mechanical stress.,Corrosion & Rust Resistant: Durable coating/finish ensures long service life in harsh environments.",/uploads/products/d52921b7-3f44-483b-bc28-489b8c91b19e.jpg,,MODEL1_210,Standard Series,Ratnamani Metals,2026-09-02,"steel pipe,seamless tube",10,Seamless Pipe,10.0,10,878836482,,,9.0,Unit Count NA,2026-09-02,"Flexible Tubing, Hose Clamps (2 Pcs), Rubber Gaskets, PVC Pipe, Thread Seal Tape (Teflon), Coupling Joint",73069090.0,,Importer Contact:- 99873482,Packer Contact:- 67328487,SKU_210,10.0,,765.0,,,19.0,0.0,0.0,19.0,18.0,19.0,19.0,89.0,98.0,189.0,IN,Transportation,179.0,2.0,"[{""type"": ""RoHS"", ""identification"": """"}]",vaidyam029@gmail.com,"[{""language"": ""hi"", ""content_type"": ""manual"", ""source_location"": """"}]",3.0,,2.0,,,1.0,7.0,7.0,7.0,7.0,7.0,7.0,2.0,2026-09-02 12:30:01.112629,2026-09-05 14:21:38.576525,,3,,,0.0,ALWAYS_ALLOWED,10.0,,,,73069090.0,NONE,,MONTHS,,,,MONTHS,,851.0,85100.0,0.0,0.0,0.0,0.0
71,SS316 Sheet - Auto 943,,,,0,,,1,,Ratnamani,0,0,draft,PENDING,,"Manufactured from premium-grade steel, these pipes and tubes are engineered for high-pressure applications, structural frameworks, and demanding industrial environments. Offering exceptional tensile strength and superior resistance to corrosion, wear, and mechanical impact, they ensure long-lasting durability and peak performance across diverse operating conditions. Suitable for oil & gas, construction, structural support, and fluid transport applications.","High Tensile Strength: Built to withstand extreme pressure, heavy loads, and mechanical stress.,Corrosion & Rust Resistant: Durable coating/finish ensures long service life in harsh environments.",/uploads/products/27c6d351-da43-441b-9976-501970be11d6.jpg,,MODEL1_943,Standard Series,Tata Steel Ltd,2026-09-02,"steel pipe,seamless tube",10,Electric Motor,10.0,10,878836482,,,9.0,Unit Count NA,2026-09-02,"Flexible Tubing, Hose Clamps (2 Pcs), Rubber Gaskets, PVC Pipe, Thread Seal Tape (Teflon), Coupling Joint",73069090.0,,Importer Contact:- 99873482,Packer Contact:- 67328487,,,,,,,,0.0,0.0,,,,,,,,,,,,[],,[],,,,,,,,,,,,,,2026-09-02 12:31:03.913083,2026-09-05 14:21:38.576525,,3,,,0.0,NOT_ALLOWED,,,,,73069090.0,NONE,,MONTHS,,,,MONTHS,,,0.0,0.0,0.0,0.0,0.0
72,Ball Valve 2 Inch_141,1.0,8.0,,1,8.0,,1,,APL Apollo,0,0,published,PENDING,,"Manufactured from premium-grade steel, these pipes and tubes are engineered for high-pressure applications, structural frameworks, and demanding industrial environments. Offering exceptional tensile strength and superior resistance to corrosion, wear, and mechanical impact, they ensure long-lasting durability and peak performance across diverse operating conditions. Suitable for oil & gas, construction, structural support, and fluid transport applications.","High Tensile Strength: Built to withstand extreme pressure, heavy loads, and mechanical stress.,Corrosion & Rust Resistant: Durable coating/finish ensures long service life in harsh environments.",/uploads/products/f1e5372e-25cc-4424-b8e2-1cdf4587d4ba.jpg,,MODEL1_141,Heavy Duty Series,JSW Infrastructure,2026-09-02,"steel pipe,seamless tube",10,ERW Pipe,10.0,10,878836482,,,9.0,Unit Count NA,2026-09-02,"Flexible Tubing, Hose Clamps (2 Pcs), Rubber Gaskets, PVC Pipe, Thread Seal Tape (Teflon), Coupling Joint",73069090.0,,Importer Contact:- 99873482,Packer Contact:- 67328487,SKU_141,10.0,,2164.0,,,19.0,0.0,0.0,19.0,18.0,19.0,19.0,89.0,98.0,189.0,IN,Transportation,179.0,2.0,"[{""type"": ""RoHS"", ""identification"": """"}]",vaidyam029@gmail.com,"[{""language"": ""hi"", ""content_type"": ""manual"", ""source_location"": """"}]",3.0,,2.0,,,1.0,7.0,7.0,7.0,7.0,7.0,7.0,2.0,2026-09-02 12:34:50.508687,2026-09-05 14:21:38.576525,,3,,,0.0,ALWAYS_ALLOWED,10.0,,,,73069090.0,NONE,,MONTHS,,,,MONTHS,,2405.0,240500.0,0.0,0.0,0.0,0.0
73,SS316 Sheet - Auto 427,,,,0,,,1,,Tata Steel,0,0,draft,PENDING,,"Manufactured from premium-grade steel, these pipes and tubes are engineered for high-pressure applications, structural frameworks, and demanding industrial environments. Offering exceptional tensile strength and superior resistance to corrosion, wear, and mechanical impact, they ensure long-lasting durability and peak performance across diverse operating conditions. Suitable for oil & gas, construction, structural support, and fluid transport applications.","High Tensile Strength: Built to withstand extreme pressure, heavy loads, and mechanical stress.,Corrosion & Rust Resistant: Durable coating/finish ensures long service life in harsh environments.",/uploads/products/dad157e1-1c5e-4100-845b-6a04dca75bd9.jpg,,MODEL1_427,Heavy Duty Series,Jindal Stainless,2026-09-02,"steel pipe,seamless tube",10,Seamless Pipe,10.0,10,878836482,,,9.0,Unit Count NA,2026-09-02,"Flexible Tubing, Hose Clamps (2 Pcs), Rubber Gaskets, PVC Pipe, Thread Seal Tape (Teflon), Coupling Joint",73069090.0,,Importer Contact:- 99873482,Packer Contact:- 67328487,,,,,,,,0.0,0.0,,,,,,,,,,,,[],,[],,,,,,,,,,,,,,2026-09-02 12:35:40.738206,2026-09-05 14:21:38.576525,,3,,,0.0,NOT_ALLOWED,,,,,73069090.0,NONE,,MONTHS,,,,MONTHS,,,0.0,0.0,0.0,0.0,0.0
74,Carbon Steel Pipe - Auto 431,1.0,8.0,,1,8.0,,1,,Ratnamani,0,0,published,PENDING,,"Manufactured from premium-grade steel, these pipes and tubes are engineered for high-pressure applications, structural frameworks, and demanding industrial environments. Offering exceptional tensile strength and superior resistance to corrosion, wear, and mechanical impact, they ensure long-lasting durability and peak performance across diverse operating conditions. Suitable for oil & gas, construction, structural support, and fluid transport applications.","High Tensile Strength: Built to withstand extreme pressure,heavy loads,and mechanical stress.,Corrosion & Rust Resistant: Durable coating/finish ensures long service life in harsh environments.",/uploads/products/242e48d1-a706-43a9-a586-654dc737543a.jpg,,MODEL1_431,Heavy Duty Series,JSW Infrastructure,2026-09-02,"steel pipe,seamless tube",10,Round Bar,10.0,10,878836482,,,9.0,Unit Count NA,2026-09-02,"Flexible Tubing, Hose Clamps (2 Pcs), Rubber Gaskets, PVC Pipe, Thread Seal Tape (Teflon), Coupling Joint",73069090.0,,Importer Contact:- 99873482,Packer Contact:- 67328487,SKU_431,10.0,,303.0,,,19.0,0.0,0.0,19.0,18.0,19.0,19.0,89.0,98.0,189.0,IN,Transportation,179.0,2.0,"[{""type"": ""RoHS"", ""identification"": """"}]",vaidyam029@gmail.com,"[{""language"": ""hi"", ""content_type"": ""manual"", ""source_location"": """"}]",3.0,,2.0,,,1.0,7.0,7.0,7.0,7.0,7.0,7.0,2.0,2026-09-02 12:40:12.661491,2026-09-05 14:21:38.576525,,3,,,0.0,ALWAYS_ALLOWED,10.0,,,,73069090.0,NONE,,MONTHS,,,,MONTHS,,337.0,33700.0,0.0,0.0,0.0,0.0
75,GI Angle - Auto 280,,,,0,,,1,,Ratnamani,0,0,draft,PENDING,,"Manufactured from premium-grade steel, these pipes and tubes are engineered for high-pressure applications, structural frameworks, and demanding industrial environments. Offering exceptional tensile strength and superior resistance to corrosion, wear, and mechanical impact, they ensure long-lasting durability and peak performance across diverse operating conditions. Suitable for oil & gas, construction, structural support, and fluid transport applications.","High Tensile Strength: Built to withstand extreme pressure, heavy loads, and mechanical stress.,Corrosion & Rust Resistant: Durable coating/finish ensures long service life in harsh environments.",/uploads/products/aa36306c-6201-4e31-b0f6-24c3ca1171c4.jpg,,MODEL1_280,Premium Series,Ratnamani Metals,2026-09-02,"steel pipe,seamless tube",10,Electric Motor,10.0,10,878836482,,,9.0,Unit Count NA,2026-09-02,"Flexible Tubing, Hose Clamps (2 Pcs), Rubber Gaskets, PVC Pipe, Thread Seal Tape (Teflon), Coupling Joint",73069090.0,,Importer Contact:- 99873482,Packer Contact:- 67328487,,,,,,,,0.0,0.0,,,,,,,,,,,,[],,[],,,,,,,,,,,,,,2026-09-02 12:42:56.763052,2026-09-05 14:21:38.576525,,3,,,0.0,NOT_ALLOWED,,,,,73069090.0,NONE,,MONTHS,,,,MONTHS,,,0.0,0.0,0.0,0.0,0.0
76,Eccentric Reducer - Auto 490,1.0,8.0,,1,8.0,,1,,Jindal,0,0,published,PENDING,,"Manufactured from premium-grade steel, these pipes and tubes are engineered for high-pressure applications, structural frameworks, and demanding industrial environments. Offering exceptional tensile strength and superior resistance to corrosion, wear, and mechanical impact, they ensure long-lasting durability and peak performance across diverse operating conditions. Suitable for oil & gas, construction, structural support, and fluid transport applications.","High Tensile Strength: Built to withstand extreme pressure,heavy loads,and mechanical stress.,Corrosion & Rust Resistant: Durable coating/finish ensures long service life in harsh environments.",/uploads/products/0b1b2f76-cc65-4307-9fa4-e8c781182fd3.jpg,,MODEL1_490,Standard Series,Ratnamani Metals,2026-09-02,"steel pipe,seamless tube",10,Round Bar,10.0,10,878836482,,,9.0,Unit Count NA,2026-09-02,"Flexible Tubing, Hose Clamps (2 Pcs), Rubber Gaskets, PVC Pipe, Thread Seal Tape (Teflon), Coupling Joint",73069090.0,,Importer Contact:- 99873482,Packer Contact:- 67328487,SKU_490,10.0,,1021.0,,,19.0,0.0,0.0,19.0,18.0,19.0,19.0,89.0,98.0,189.0,IN,Transportation,179.0,2.0,"[{""type"": ""RoHS"", ""identification"": """"}]",vaidyam029@gmail.com,"[{""language"": ""hi"", ""content_type"": ""manual"", ""source_location"": """"}]",3.0,,2.0,,,1.0,7.0,7.0,7.0,7.0,7.0,7.0,2.0,2026-09-02 14:14:50.641850,2026-09-05 14:21:38.576525,,3,,,0.0,ALWAYS_ALLOWED,10.0,,,,73069090.0,NONE,,MONTHS,,,,MONTHS,,1135.0,113500.0,0.0,0.0,0.0,0.0
77,Butterfly Valve Manual - Auto 707,0.0,,,0,,,1,,Jindal,0,0,published,APPROVED,,"Manufactured from premium-grade steel, these pipes and tubes are engineered for high-pressure applications, structural frameworks, and demanding industrial environments. Offering exceptional tensile strength and superior resistance to corrosion, wear, and mechanical impact, they ensure long-lasting durability and peak performance across diverse operating conditions. Suitable for oil & gas, construction, structural support, and fluid transport applications.","High Tensile Strength: Built to withstand extreme pressure,heavy loads,and mechanical stress.,Corrosion & Rust Resistant: Durable coating/finish ensures long service life in harsh environments.",/uploads/products/d31bf63b-afa9-4da7-9a54-8b2505f54cce.jpg,,MODEL1_707,Standard Series,Jindal Stainless,2026-09-02,"steel pipe,seamless tube",10,Butterfly Valve,10.0,10,878836482,,,9.0,Unit Count NA,2026-09-02,"Flexible Tubing, Hose Clamps (2 Pcs), Rubber Gaskets, PVC Pipe, Thread Seal Tape (Teflon), Coupling Joint",73069090.0,,Importer Contact:- 99873482,Packer Contact:- 67328487,TST-BTL-750-BLU,2.0,2026-09-10,20000.0,20000.0,,100.0,0.0,0.0,,,,10.0,10.0,10.0,1.0,IN,Storage,,,"[{""type"": ""FDA"", ""identification"": """"}]",,[],3.0,,1.0,,,1.0,,,,7.0,7.0,7.0,2.0,2026-09-02 14:17:25.022411,2026-09-10 14:28:33,,3,1.0,,0.0,NOT_ALLOWED,1.0,,,,73069090.0,NONE,,MONTHS,,,,MONTHS,,,20000.0,0.0,7000.0,0.0,3000.0
78,SS316 Round Bar - Auto 693,1.0,8.0,,1,8.0,,1,,APL Apollo,0,0,published,PENDING,,"Manufactured from premium-grade steel, these pipes and tubes are engineered for high-pressure applications, structural frameworks, and demanding industrial environments. Offering exceptional tensile strength and superior resistance to corrosion, wear, and mechanical impact, they ensure long-lasting durability and peak performance across diverse operating conditions. Suitable for oil & gas, construction, structural support, and fluid transport applications.","High Tensile Strength: Built to withstand extreme pressure,heavy loads,and mechanical stress.,Corrosion & Rust Resistant: Durable coating/finish ensures long service life in harsh environments.",/uploads/products/a5919e27-7f3d-4294-9756-31865e56c449.jpg,,MODEL1_693,Premium Series,Ratnamani Metals,2026-09-02,"steel pipe,seamless tube",10,ERW Pipe,10.0,10,878836482,,,9.0,Unit Count NA,2026-09-02,"Flexible Tubing, Hose Clamps (2 Pcs), Rubber Gaskets, PVC Pipe, Thread Seal Tape (Teflon), Coupling Joint",73069090.0,,Importer Contact:- 99873482,Packer Contact:- 67328487,SKU_693,10.0,,764.0,,,19.0,0.0,0.0,19.0,18.0,19.0,19.0,89.0,98.0,189.0,IN,Transportation,179.0,2.0,"[{""type"": ""RoHS"", ""identification"": """"}]",vaidyam029@gmail.com,"[{""language"": ""hi"", ""content_type"": ""manual"", ""source_location"": """"}]",3.0,,2.0,,,1.0,7.0,7.0,7.0,7.0,7.0,7.0,2.0,2026-09-02 14:21:13.811338,2026-09-05 14:21:38.576525,,3,,,0.0,ALWAYS_ALLOWED,10.0,,,,73069090.0,NONE,,MONTHS,,,,MONTHS,,849.0,84900.0,0.0,0.0,0.0,0.0
79,SS Union - Auto 567,1.0,8.0,,1,8.0,,1,,Jindal,0,0,published,PENDING,,"Manufactured from premium-grade steel, these pipes and tubes are engineered for high-pressure applications, structural frameworks, and demanding industrial environments. Offering exceptional tensile strength and superior resistance to corrosion, wear, and mechanical impact, they ensure long-lasting durability and peak performance across diverse operating conditions. Suitable for oil & gas, construction, structural support, and fluid transport applications.","High Tensile Strength: Built to withstand extreme pressure,heavy loads,and mechanical stress.,Corrosion & Rust Resistant: Durable coating/finish ensures long service life in harsh environments.",/uploads/products/5fbbf7f9-7ae8-419b-95cd-fec90654a59a.jpg,,MODEL1_567,Premium Series,Jindal Stainless,2026-09-02,"steel pipe,seamless tube",10,Round Bar,10.0,10,878836482,,,9.0,Unit Count NA,2026-09-02,"Flexible Tubing, Hose Clamps (2 Pcs), Rubber Gaskets, PVC Pipe, Thread Seal Tape (Teflon), Coupling Joint",73069090.0,,Importer Contact:- 99873482,Packer Contact:- 67328487,SKU_567,10.0,,631.0,,,19.0,0.0,0.0,19.0,18.0,19.0,19.0,89.0,98.0,189.0,IN,Transportation,179.0,2.0,"[{""type"": ""RoHS"", ""identification"": """"}]",vaidyam029@gmail.com,"[{""language"": ""hi"", ""content_type"": ""manual"", ""source_location"": """"}]",3.0,,2.0,,,1.0,7.0,7.0,7.0,7.0,7.0,7.0,2.0,2026-09-02 14:22:19.856042,2026-09-05 14:21:38.576525,,3,,,0.0,ALWAYS_ALLOWED,10.0,,,,73069090.0,NONE,,MONTHS,,,,MONTHS,,702.0,70200.0,0.0,0.0,0.0,0.0
80,SS Union - Auto 530,1.0,8.0,,1,8.0,,1,,JSW Steel,0,0,published,PENDING,,"Manufactured from premium-grade steel, these pipes and tubes are engineered for high-pressure applications, structural frameworks, and demanding industrial environments. Offering exceptional tensile strength and superior resistance to corrosion, wear, and mechanical impact, they ensure long-lasting durability and peak performance across diverse operating conditions. Suitable for oil & gas, construction, structural support, and fluid transport applications.","High Tensile Strength: Built to withstand extreme pressure,heavy loads,and mechanical stress.,Corrosion & Rust Resistant: Durable coating/finish ensures long service life in harsh environments.",/uploads/products/700a7b34-5596-4178-9e7a-6ff3af5be4c5.jpg,,MODEL1_530,Premium Series,Tata Steel Ltd,2026-09-02,"steel pipe,seamless tube",10,Round Bar,10.0,10,878836482,,,9.0,Unit Count NA,2026-09-02,"Flexible Tubing, Hose Clamps (2 Pcs), Rubber Gaskets, PVC Pipe, Thread Seal Tape (Teflon), Coupling Joint",73069090.0,,Importer Contact:- 99873482,Packer Contact:- 67328487,SKU_530,10.0,,365.0,,,19.0,0.0,0.0,19.0,18.0,19.0,19.0,89.0,98.0,189.0,IN,Transportation,179.0,2.0,"[{""type"": ""RoHS"", ""identification"": """"}]",vaidyam029@gmail.com,"[{""language"": ""hi"", ""content_type"": ""manual"", ""source_location"": """"}]",3.0,,2.0,,,1.0,7.0,7.0,7.0,7.0,7.0,7.0,2.0,2026-09-02 14:23:23.625339,2026-09-05 14:21:38.576525,,3,,,0.0,ALWAYS_ALLOWED,10.0,,,,73069090.0,NONE,,MONTHS,,,,MONTHS,,406.0,40600.0,0.0,0.0,0.0,0.0
81,SS304 Round Bar - Auto 535,1.0,8.0,,1,8.0,,1,,Ratnamani,0,0,published,PENDING,,"Manufactured from premium-grade steel, these pipes and tubes are engineered for high-pressure applications, structural frameworks, and demanding industrial environments. Offering exceptional tensile strength and superior resistance to corrosion, wear, and mechanical impact, they ensure long-lasting durability and peak performance across diverse operating conditions. Suitable for oil & gas, construction, structural support, and fluid transport applications.","High Tensile Strength: Built to withstand extreme pressure,heavy loads,and mechanical stress.,Corrosion & Rust Resistant: Durable coating/finish ensures long service life in harsh environments.",/uploads/products/3249b8df-2ac6-4db6-8e0c-5241a5391ec6.jpg,,MODEL1_535,Heavy Duty Series,APL Apollo Tubes,2026-09-02,"steel pipe,seamless tube",10,Butterfly Valve,10.0,10,878836482,,,9.0,Unit Count NA,2026-09-02,"Flexible Tubing, Hose Clamps (2 Pcs), Rubber Gaskets, PVC Pipe, Thread Seal Tape (Teflon), Coupling Joint",73069090.0,,Importer Contact:- 99873482,Packer Contact:- 67328487,SKU_535,10.0,,692.0,,,19.0,0.0,0.0,19.0,18.0,19.0,19.0,89.0,98.0,189.0,IN,Transportation,179.0,2.0,"[{""type"": ""RoHS"", ""identification"": """"}]",vaidyam029@gmail.com,"[{""language"": ""hi"", ""content_type"": ""manual"", ""source_location"": """"}]",3.0,,2.0,,,1.0,7.0,7.0,7.0,7.0,7.0,7.0,2.0,2026-09-02 14:24:15.952956,2026-09-05 14:21:38.576525,,3,,,0.0,ALWAYS_ALLOWED,10.0,,,,73069090.0,NONE,,MONTHS,,,,MONTHS,,769.0,76900.0,0.0,0.0,0.0,0.0
82,High-Flow Stainless Steel Bag Filter Housing,1.0,7.0,Eligible for return,1,7.0,Eligible for exchange,7,,,1,1,inactive,APPROVED,,"Engineered from high-grade corrosion-resistant material, this industrial filtration system provides high dirt-holding capacity with minimal pressure drop. Designed for seamless inline integration, it features a quick-open clamp cover for effortless filter changeouts, leakage prevention seals, and high thermal endurance under continuous flow conditions.","High-capacity industrial cartridge,bag filter housing built for heavy-duty process fluid clarification,particulate removal in chemical,pharma,and water treatment operations.",/uploads/products/4f0783aa-4695-40ba-9845-90ba44d9a949.webp,,AIT-FLT-9002,HydroPure Industrial Bag Filter Assembly,Apex Industrial Technologies Pvt Ltd,,,1,,,,"Apex Industrial Technologies Pvt Ltd, Plot No. 45, Phase III, Peenya Industrial Area, Bengaluru, Karnataka - 560058, support@apexind.com",,,1.0,,,,84184090.0,,,,V0-HIGH-FLOWS-SILVER-SS-304-S-10-INCH-100-MM-01,2.0,,0.0,0.0,,800.0,0.0,0.0,,,,20.0,15.0,30.0,5.0,IN,Storage,4.0,,"[{""type"": ""safety"", ""identification"": """"}]",,[],4.0,,,,,,,,,7.0,7.0,7.0,2.0,2026-09-04 09:38:40.499083,2026-09-09 16:01:07,,15,1.0,,0.0,BEFORE_INBOUND_SHIPMENT,,,,,84184090.0,NONE,,MONTHS,,,,MONTHS,,18500.0,1850000.0,0.0,0.0,0.0,0.0
83,Hydraulic Gear Pump,1.0,10.0,Quality mismatch,1,10.0,If defective,4,,Generic,0,1,published,APPROVED,,"Hydraulic Gear pumps 1P series are aluminium body gear pumps with high efficiency and long use life. They are designed with special aluminium alloys, and covers are made of high-grade cast iron to avoid deformation at high pressure. Maximum working pressure is 200 bar (2,900 psi). Max Speed is 3000 rpm. Temperature range is up to 250 degrees Celsius (482 degrees Fahrenheit). Shaft diameter is 3/4 inch (19.05 mm). Motor power is 2 HP. These pumps are suitable for liquid control and hydraulic applications with 3/8 inch NPT female threaded connections. With their robust construction and high-performance capabilities, these gear pumps are ideal for demanding industrial applications requiring reliable and efficient hydraulic power transmission.","Aluminium Body: Our hydraulic gear pumps feature an aluminium body with special alloys for high efficiency and long life.
Cast Iron Covers: The pump covers are made of high-grade cast iron to prevent deformation under high pressure (up to 200 bar).
High-Speed Operation: Designed for a maximum speed of 3000 rpm and temperature up to 250°C (482°F).
Robust Construction: Equipped with a 3/4 inch (19.05 mm) shaft diameter and suitable for 2 HP (1.49 kW) motor power.
Versatile Connections: Features a",/uploads/products/b6f0f6e6-36e7-4874-98e9-d06bee092c0b.jpg,https://www.amazon.in/Hydraulic-Gear-Pump,IGP-25-SS,,"0712-2723288, Target Hydrautech",2026-08-31,,1,,,,"XYZ manufacturing, Pune, support@procura.com",,,1.0,,2026-10-01,,84136010.0,,,,V0-HYDRAULICG-150W-POWDER-C-LED-WARM-BRO-ALUMINIU-ALUMINIU-250W-300MM-200W-01,2.0,,,,,100.0,0.0,0.0,250.0,250.0,,300.0,300.0,140.0,4.0,IN,Storage,3.0,2.0,"[{""type"": ""quality"", ""identification"": """"}]",abc@gmail.com,"[{""language"": ""en"", ""content_type"": ""manual"", ""source_location"": ""/uploads/compliance-media/35dd5b94-4433-4304-b5e6-7a6679796e78.png""}]",4.0,,,,,2.0,6.0,6.0,,6.0,6.0,6.0,2.0,2026-09-05 11:43:02.570146,2026-09-10 11:39:37,,7,1.0,,0.0,ALWAYS_ALLOWED,,,9876543210.0,8765432190.0,84136010.0,WARRANTY,12.0,MONTHS,Physical damage,"XYZ service centre, Pune",,MONTHS,,4149.0,414900.0,25.0,100.0,100.0,150.0
84,Sanitary Stainless Steel Butterfly Valve,0.0,0.0,,1,10.0,Exchange accepted within 10 days for manufacturing defects or incorrect item.,8,,Procura Flow,0,1,published,PENDING,,Sanitary stainless steel butterfly valve designed for hygienic process lines. This product is supplied in multiple size variants.,"Sanitary design,SS 304 body,Hygienic flow control,Easy maintenance","/uploads/products/1788928190562-456812122.jpg,/uploads/products/1788928190565-540800492.jpg,/uploads/products/1788928190567-89392055.jpg",,,,Demo Flow Equipment Pvt. Ltd.,,,1,Standard,,,sales@demo-flow.example,,,1.0,,,,84818090.0,,,,SBFV-25-SS3041,,,,,,25.0,,,,,,18.0,10.0,10.0,1.0,India,Not Applicable,,,,,,4.0,,,,,,,,,7.0,7.0,7.0,2.0,2026-09-09 09:59:50.664279,2026-09-09 09:59:50.664279,,5,,,0.0,NOT_ALLOWED,,,,,84818090.0,NONE,,,,,,,,,240000.0,,,,
85,Sanitary Stainless Steel 90 Degree Elbow,1.0,7.0,Return accepted within 7 days if unused and in original condition.,1,10.0,Exchange accepted within 10 days for manufacturing defects or incorrect item.,4,,Procura Flow,0,1,published,REJECTED,Missing warranty information,Sanitary 90 degree stainless steel pipe elbow for hygienic piping systems. Available in multiple connection size variants.,"90 degree elbow,SS 304 construction,Smooth internal surface,Hygienic design","/uploads/products/1788928190766-977073121.jpg,/uploads/products/1788928190767-320194213.jpg,/uploads/products/1788928190768-401297188.jpg",,,,Demo Flow Equipment Pvt. Ltd.,,,1,Standard,,,sales@demo-flow.example,,,1.0,,,,73072900.0,,,,ELBOW90-1-SS3014,,,,,,60.0,,,,,,10.0,7.0,7.0,0.0,India,Not Applicable,,,,,,4.0,,,,,,,,,7.0,7.0,7.0,2.0,2026-09-09 09:59:50.842168,2026-09-09 15:24:42,,5,,1.0,0.0,NOT_ALLOWED,,,,,73072900.0,NONE,,,,,,,,,85000.0,,,,
86,Seamless Stainless Steel Pipe 305,0.0,,,0,,,1,,,1,0,published,APPROVED,,"Premium Grade 304 seamless stainless steel pipe designed for high-pressure industrial fluid transport, chemical processing, and structural applications. Offers exceptional corrosion resistance and durability.","High corrosion and oxidation resistance for long-term industrial durability.,Precision seamless construction ensures leak-proof high-pressure performance.,Standard 2-inch nominal pipe size suitable for plumbing and chemical transport.",/uploads/products/a1f1af7a-c04d-4271-af3e-05f366908ce6.jpg,,SS-304-P2IN,ProLine Seamless Pipe,Jindal Stainless Ltd,2026-08-01,"stainless steel pipe,seamless pipe,industrial pipe,304 grade pipe",1,Steel Pipe,1.0,JSL-SS304-001,"Jindal Stainless Ltd, O.P. Jindal Marg, Hisar, Haryana 125005, support@jindalstainless.com",,,1.0,Piece,2026-08-15,"Pipe Cap, Quality Certificate",73041110.0,https://example.com/spec-sheet,"Jindal Stainless Ltd,12 Bhikaiji Cama Place,New Delhi 110066,import@jindalstainless.com","Apex Logistics & Packaging,Industrial Zone,Pune,Maharashtra 411018,pack@apexlogistics.com",JSL-SS304-2IN-01,2.0,2026-10-01,2200000.0,2800000.0,2026-09-09,49.0,0.0,0.0,100.0,5.0,5.0,105.0,8.0,8.0,6.0,IN,GHS,5.0,2.0,"[{""type"": ""CDPR"", ""identification"": """"}]",,[],3.0,,1.0,,,1.0,7.0,7.0,7.0,7.0,7.0,7.0,2.0,2026-09-09 14:53:37.847088,2026-09-09 15:46:28,,18,1.0,,0.0,NOT_ALLOWED,1.0,,,,73041110.0,WARRANTY_AND_GUARANTEE,12.0,MONTHS,"Covers manufacturing defects for 12 months from the date of purchase. Physical, accidental, or chemical damage excluded.","Jindal Stainless Service Hub, Plot 42, Industrial Area Phase II, Pune, Maharashtra - 411001",6.0,MONTHS,Full replacement guarantee within 6 months of delivery in case of material failure or dimensional non-conformance.,,2800000.0,,50.0,,30.0
87,2 Inch Schedule 40 Stainless Steel Seamless Pipe,0.0,,,0,,,1,,Jindal Stainless,0,0,draft,PENDING,,,,,,,,,,,1,,,,,,,1.0,,,,,,,,,,,,,,,0.0,0.0,,,,,,,,,,,,[],,[],,,,,,,,,,,,,,2026-09-10 13:35:55.024039,2026-09-10 13:57:56,,3,,,0.0,NOT_ALLOWED,,,,,,NONE,,MONTHS,,,,MONTHS,,,,,,,
