shipment_status_history_id,shipment_id,from_status,to_status,changed_at,reason,metadata,changed_by
1,1,IN_TRANSIT_TO_HUB,HUB_RECEIVED,2026-08-04 07:11:36,Received at hub from admin receiving queue,,1.0
2,1,HUB_RECEIVED,QC_IN_PROGRESS,2026-08-04 07:12:47,,,1.0
3,1,HUB_RECEIVED,QC_IN_PROGRESS,2026-08-04 07:12:47,,,1.0
4,1,QC_IN_PROGRESS,QC_PASSED,2026-08-04 07:12:48,,,1.0
5,1,QC_PASSED,PACKAGING_PENDING,2026-08-04 07:12:48,,,1.0
6,1,PACKAGING_PENDING,PACKAGING_IN_PROGRESS,2026-08-04 07:12:58,,,1.0
7,1,PACKAGING_IN_PROGRESS,HUB_PACKAGED,2026-08-04 07:15:37,,,1.0
8,2,,OUTBOUND_BOOKED,2026-08-04 07:15:45,Outbound booked,,
9,2,OUTBOUND_BOOKED,DISPATCHED_TO_CUSTOMER,2026-08-04 07:15:45,Pickup scheduled - moved to in transit,,
10,1,HUB_PACKAGED,OUTBOUND_READY,2026-08-04 07:15:46,Hub marked shipment ready to ship,,1.0
11,2,DISPATCHED_TO_CUSTOMER,OUT_FOR_DELIVERY,2026-08-04 07:16:11,Dev manual transition: out for delivery before delivery,,1.0
12,2,OUT_FOR_DELIVERY,DELIVERED,2026-08-04 07:16:11,Manually marked delivered by hub/admin,,1.0
13,3,,RETURN_APPROVED,2026-08-04 07:35:23,Customer return approved,,1.0
14,3,RETURN_APPROVED,RETURN_BOOKED,2026-08-04 07:35:23,Customer return reverse leg booked,,
15,4,IN_TRANSIT_TO_HUB,HUB_RECEIVED,2026-08-04 07:50:00,Received at hub from admin receiving queue,,1.0
16,4,HUB_RECEIVED,QC_IN_PROGRESS,2026-08-04 07:50:11,,,1.0
17,4,HUB_RECEIVED,QC_IN_PROGRESS,2026-08-04 07:50:11,,,1.0
18,4,QC_IN_PROGRESS,QC_PASSED,2026-08-04 07:50:11,,,1.0
19,4,QC_PASSED,PACKAGING_PENDING,2026-08-04 07:50:11,,,1.0
20,4,PACKAGING_PENDING,PACKAGING_IN_PROGRESS,2026-08-04 07:50:22,,,1.0
21,4,PACKAGING_IN_PROGRESS,HUB_PACKAGED,2026-08-04 07:50:42,,,1.0
22,5,,OUTBOUND_BOOKED,2026-08-04 07:50:48,Outbound booked,,
23,5,OUTBOUND_BOOKED,DISPATCHED_TO_CUSTOMER,2026-08-04 07:50:48,Pickup scheduled - moved to in transit,,
24,4,HUB_PACKAGED,OUTBOUND_READY,2026-08-04 07:50:50,Hub marked shipment ready to ship,,1.0
25,5,DISPATCHED_TO_CUSTOMER,OUT_FOR_DELIVERY,2026-08-04 07:56:17,Dev manual transition: out for delivery before delivery,,1.0
26,5,OUT_FOR_DELIVERY,DELIVERED,2026-08-04 07:56:17,Manually marked delivered by hub/admin,,1.0
27,6,IN_TRANSIT_TO_HUB,HUB_RECEIVED,2026-08-04 08:19:11,Received at hub from admin receiving queue,,1.0
28,6,HUB_RECEIVED,QC_IN_PROGRESS,2026-08-04 08:19:29,,,1.0
29,6,HUB_RECEIVED,QC_IN_PROGRESS,2026-08-04 08:19:30,,,1.0
30,6,QC_IN_PROGRESS,QC_PASSED,2026-08-04 08:19:30,,,1.0
31,6,QC_PASSED,PACKAGING_PENDING,2026-08-04 08:19:30,,,1.0
32,6,PACKAGING_PENDING,PACKAGING_IN_PROGRESS,2026-08-04 08:19:50,,,1.0
33,6,PACKAGING_IN_PROGRESS,HUB_PACKAGED,2026-08-04 08:20:08,,,1.0
34,7,,OUTBOUND_BOOKED,2026-08-04 08:20:56,Outbound booked,,
35,7,OUTBOUND_BOOKED,DISPATCHED_TO_CUSTOMER,2026-08-04 08:20:56,Pickup scheduled - moved to in transit,,
36,6,HUB_PACKAGED,OUTBOUND_READY,2026-08-04 08:20:57,Hub marked shipment ready to ship,,1.0
37,7,DISPATCHED_TO_CUSTOMER,OUT_FOR_DELIVERY,2026-08-04 08:24:43,Dev manual transition: out for delivery before delivery,,1.0
38,7,OUT_FOR_DELIVERY,DELIVERED,2026-08-04 08:24:43,Manually marked delivered by hub/admin,,1.0
39,8,,RETURN_APPROVED,2026-08-04 08:31:01,Customer return approved,,1.0
40,8,RETURN_APPROVED,RETURN_BOOKED,2026-08-04 08:31:02,Customer return reverse leg booked,,
41,8,RETURN_BOOKED,RETURN_IN_TRANSIT,2026-08-04 08:34:47,Staging: in transit to hub (reverse logistics board),,1.0
42,9,IN_TRANSIT_TO_HUB,HUB_RECEIVED,2026-08-04 08:39:47,Received at hub from admin receiving queue,,1.0
43,9,HUB_RECEIVED,QC_IN_PROGRESS,2026-08-04 08:40:00,,,1.0
44,9,HUB_RECEIVED,QC_IN_PROGRESS,2026-08-04 08:40:01,,,1.0
45,9,QC_IN_PROGRESS,QC_PASSED,2026-08-04 08:40:01,,,1.0
46,9,QC_PASSED,PACKAGING_PENDING,2026-08-04 08:40:01,,,1.0
47,9,PACKAGING_PENDING,PACKAGING_IN_PROGRESS,2026-08-04 08:40:11,,,1.0
48,9,PACKAGING_IN_PROGRESS,HUB_PACKAGED,2026-08-04 08:40:28,,,1.0
49,10,,OUTBOUND_BOOKED,2026-08-04 08:40:37,Outbound booked,,
50,10,OUTBOUND_BOOKED,DISPATCHED_TO_CUSTOMER,2026-08-04 08:40:37,Pickup scheduled - moved to in transit,,
51,9,HUB_PACKAGED,OUTBOUND_READY,2026-08-04 08:40:38,Hub marked shipment ready to ship,,1.0
52,10,DISPATCHED_TO_CUSTOMER,OUT_FOR_DELIVERY,2026-08-04 08:40:49,Dev manual transition: out for delivery before delivery,,1.0
53,10,OUT_FOR_DELIVERY,DELIVERED,2026-08-04 08:40:49,Manually marked delivered by hub/admin,,1.0
54,11,,RETURN_APPROVED,2026-08-04 08:42:24,Customer return approved,,1.0
55,11,RETURN_APPROVED,RETURN_BOOKED,2026-08-04 08:42:24,Customer return reverse leg booked,,
56,12,,RETURN_APPROVED,2026-08-04 08:58:19,Customer return approved,,1.0
57,12,RETURN_APPROVED,RETURN_BOOKED,2026-08-04 08:58:20,Customer return reverse leg booked,,
58,12,RETURN_BOOKED,RETURN_PICKED_UP,2026-08-04 09:02:53,Return ops: picked up from customer,,1.0
59,12,RETURN_PICKED_UP,RETURN_RECEIVED_AT_HUB,2026-08-04 09:04:00,Received at hub from admin receiving queue (customer → hub),,1.0
60,12,RETURN_RECEIVED_AT_HUB,RETURN_QC_PENDING,2026-08-04 09:05:02,Return QC pending,,1.0
61,12,RETURN_QC_PENDING,RETURN_COMPLETED,2026-08-04 09:05:02,Return completed,,1.0
62,13,IN_TRANSIT_TO_HUB,HUB_RECEIVED,2026-08-04 09:11:27,Received at hub from admin receiving queue,,1.0
63,13,HUB_RECEIVED,QC_IN_PROGRESS,2026-08-04 09:12:04,,,1.0
64,13,HUB_RECEIVED,QC_IN_PROGRESS,2026-08-04 09:12:04,,,1.0
65,13,QC_IN_PROGRESS,QC_PASSED,2026-08-04 09:12:04,,,1.0
66,13,QC_PASSED,PACKAGING_PENDING,2026-08-04 09:12:04,,,1.0
67,13,PACKAGING_PENDING,PACKAGING_IN_PROGRESS,2026-08-04 09:12:20,,,1.0
68,13,PACKAGING_IN_PROGRESS,HUB_PACKAGED,2026-08-04 09:12:40,,,1.0
69,14,,OUTBOUND_BOOKED,2026-08-04 09:13:56,Outbound booked,,
70,14,OUTBOUND_BOOKED,DISPATCHED_TO_CUSTOMER,2026-08-04 09:13:56,Pickup scheduled - moved to in transit,,
71,3,RETURN_BOOKED,RETURN_PICKED_UP,2026-08-04 09:29:24,Return ops: picked up from customer,,1.0
72,3,RETURN_PICKED_UP,RETURN_RECEIVED_AT_HUB,2026-08-04 09:29:49,Received at hub from admin receiving queue (customer → hub),,1.0
73,3,RETURN_RECEIVED_AT_HUB,RETURN_QC_PENDING,2026-08-04 09:31:44,Return QC pending,,1.0
74,3,RETURN_QC_PENDING,RETURN_QC_FAILED,2026-08-04 09:31:44,Return QC failed at hub,,1.0
75,15,IN_TRANSIT_TO_HUB,HUB_RECEIVED,2026-08-04 09:39:48,Received at hub from admin receiving queue,,1.0
76,15,HUB_RECEIVED,QC_IN_PROGRESS,2026-08-04 09:40:00,,,1.0
77,15,HUB_RECEIVED,QC_IN_PROGRESS,2026-08-04 09:40:01,,,1.0
78,15,QC_IN_PROGRESS,QC_PASSED,2026-08-04 09:40:01,,,1.0
79,15,QC_PASSED,PACKAGING_PENDING,2026-08-04 09:40:01,,,1.0
80,15,PACKAGING_PENDING,PACKAGING_IN_PROGRESS,2026-08-04 09:40:17,,,1.0
81,15,PACKAGING_IN_PROGRESS,HUB_PACKAGED,2026-08-04 09:40:33,,,1.0
82,16,,OUTBOUND_BOOKED,2026-08-04 09:40:39,Outbound booked,,
83,16,OUTBOUND_BOOKED,DISPATCHED_TO_CUSTOMER,2026-08-04 09:40:39,Pickup scheduled - moved to in transit,,
84,15,HUB_PACKAGED,OUTBOUND_READY,2026-08-04 09:40:40,Hub marked shipment ready to ship,,1.0
85,16,DISPATCHED_TO_CUSTOMER,OUT_FOR_DELIVERY,2026-08-04 09:40:54,Dev manual transition: out for delivery before delivery,,1.0
86,16,OUT_FOR_DELIVERY,DELIVERED,2026-08-04 09:40:54,Manually marked delivered by hub/admin,,1.0
87,17,,RETURN_APPROVED,2026-08-04 09:41:59,Customer return approved,,1.0
88,17,RETURN_APPROVED,RETURN_BOOKED,2026-08-04 09:42:00,Customer return reverse leg booked,,
89,17,RETURN_BOOKED,RETURN_PICKED_UP,2026-08-04 09:42:07,Return ops: picked up from customer,,1.0
90,17,RETURN_PICKED_UP,RETURN_RECEIVED_AT_HUB,2026-08-04 09:43:00,Received at hub from admin receiving queue (customer → hub),,1.0
91,17,RETURN_RECEIVED_AT_HUB,RETURN_QC_PENDING,2026-08-04 09:43:17,Return QC pending,,1.0
92,17,RETURN_QC_PENDING,RETURN_COMPLETED,2026-08-04 09:43:17,Return completed,,1.0
93,18,IN_TRANSIT_TO_HUB,HUB_RECEIVED,2026-08-04 09:56:11,Received at hub from admin receiving queue,,1.0
94,18,HUB_RECEIVED,QC_IN_PROGRESS,2026-08-04 09:56:20,,,1.0
95,18,HUB_RECEIVED,QC_IN_PROGRESS,2026-08-04 09:56:21,,,1.0
96,18,QC_IN_PROGRESS,QC_PASSED,2026-08-04 09:56:21,,,1.0
97,18,QC_PASSED,PACKAGING_PENDING,2026-08-04 09:56:21,,,1.0
98,18,PACKAGING_PENDING,PACKAGING_IN_PROGRESS,2026-08-04 09:56:29,,,1.0
99,18,PACKAGING_IN_PROGRESS,HUB_PACKAGED,2026-08-04 09:56:47,,,1.0
100,19,,OUTBOUND_BOOKED,2026-08-04 09:56:53,Outbound booked,,
101,19,OUTBOUND_BOOKED,DISPATCHED_TO_CUSTOMER,2026-08-04 09:56:53,Pickup scheduled - moved to in transit,,
102,18,HUB_PACKAGED,OUTBOUND_READY,2026-08-04 09:56:54,Hub marked shipment ready to ship,,1.0
103,19,DISPATCHED_TO_CUSTOMER,OUT_FOR_DELIVERY,2026-08-04 10:01:44,Dev manual transition: out for delivery before delivery,,1.0
104,19,OUT_FOR_DELIVERY,DELIVERED,2026-08-04 10:01:44,Manually marked delivered by hub/admin,,1.0
105,20,,RETURN_APPROVED,2026-08-04 10:13:23,Customer return approved,,1.0
106,20,RETURN_APPROVED,RETURN_BOOKED,2026-08-04 10:13:24,Customer return reverse leg booked,,
107,20,RETURN_BOOKED,RETURN_PICKED_UP,2026-08-04 10:13:43,Return ops: picked up from customer,,1.0
108,20,RETURN_PICKED_UP,RETURN_RECEIVED_AT_HUB,2026-08-04 10:14:05,Received at hub from admin receiving queue (customer → hub),,1.0
109,20,RETURN_RECEIVED_AT_HUB,RETURN_QC_PENDING,2026-08-04 10:14:33,Return QC pending,,1.0
110,20,RETURN_QC_PENDING,RETURN_COMPLETED,2026-08-04 10:14:34,Return completed,,1.0
111,21,IN_TRANSIT_TO_HUB,HUB_RECEIVED,2026-08-04 10:27:00,Received at hub from admin receiving queue,,1.0
112,21,HUB_RECEIVED,QC_IN_PROGRESS,2026-08-04 10:27:09,,,1.0
113,21,HUB_RECEIVED,QC_IN_PROGRESS,2026-08-04 10:27:09,,,1.0
114,21,QC_IN_PROGRESS,QC_PASSED,2026-08-04 10:27:09,,,1.0
115,21,QC_PASSED,PACKAGING_PENDING,2026-08-04 10:27:09,,,1.0
116,21,PACKAGING_PENDING,PACKAGING_IN_PROGRESS,2026-08-04 10:27:19,,,1.0
117,21,PACKAGING_IN_PROGRESS,HUB_PACKAGED,2026-08-04 10:27:36,,,1.0
118,22,,OUTBOUND_BOOKED,2026-08-04 10:27:42,Outbound booked,,
119,22,OUTBOUND_BOOKED,DISPATCHED_TO_CUSTOMER,2026-08-04 10:27:42,Pickup scheduled - moved to in transit,,
120,21,HUB_PACKAGED,OUTBOUND_READY,2026-08-04 10:27:43,Hub marked shipment ready to ship,,1.0
121,22,DISPATCHED_TO_CUSTOMER,OUT_FOR_DELIVERY,2026-08-04 10:28:07,Dev manual transition: out for delivery before delivery,,1.0
122,22,OUT_FOR_DELIVERY,DELIVERED,2026-08-04 10:28:07,Manually marked delivered by hub/admin,,1.0
123,23,,RETURN_APPROVED,2026-08-04 10:29:29,Customer return approved,,1.0
124,23,RETURN_APPROVED,RETURN_BOOKED,2026-08-04 10:29:29,Customer return reverse leg booked,,
125,23,RETURN_BOOKED,RETURN_PICKED_UP,2026-08-04 10:29:35,Return ops: picked up from customer,,1.0
126,23,RETURN_PICKED_UP,RETURN_RECEIVED_AT_HUB,2026-08-04 10:30:03,Received at hub from admin receiving queue (customer → hub),,1.0
127,23,RETURN_RECEIVED_AT_HUB,RETURN_QC_PENDING,2026-08-04 10:34:04,Return QC pending,,1.0
128,23,RETURN_QC_PENDING,RETURN_COMPLETED,2026-08-04 10:34:04,Return completed,,1.0
129,24,IN_TRANSIT_TO_HUB,HUB_RECEIVED,2026-08-04 10:48:59,Received at hub from admin receiving queue,,1.0
130,24,HUB_RECEIVED,QC_IN_PROGRESS,2026-08-04 10:50:05,,,1.0
131,24,HUB_RECEIVED,QC_IN_PROGRESS,2026-08-04 10:50:06,,,1.0
132,24,QC_IN_PROGRESS,QC_PASSED,2026-08-04 10:50:06,,,1.0
133,24,QC_PASSED,PACKAGING_PENDING,2026-08-04 10:50:06,,,1.0
134,24,PACKAGING_PENDING,PACKAGING_IN_PROGRESS,2026-08-04 10:50:09,,,1.0
135,24,PACKAGING_IN_PROGRESS,HUB_PACKAGED,2026-08-04 10:50:19,,,1.0
136,25,,OUTBOUND_BOOKED,2026-08-04 10:50:22,Outbound booked,,
137,25,OUTBOUND_BOOKED,DISPATCHED_TO_CUSTOMER,2026-08-04 10:50:23,Pickup scheduled - moved to in transit,,
138,24,HUB_PACKAGED,OUTBOUND_READY,2026-08-04 10:50:24,Hub marked shipment ready to ship,,1.0
139,25,DISPATCHED_TO_CUSTOMER,OUT_FOR_DELIVERY,2026-08-04 10:50:30,Dev manual transition: out for delivery before delivery,,1.0
140,25,OUT_FOR_DELIVERY,DELIVERED,2026-08-04 10:50:30,Manually marked delivered by hub/admin,,1.0
141,26,,RETURN_APPROVED,2026-08-04 10:54:59,Customer return approved,,1.0
142,26,RETURN_APPROVED,RETURN_BOOKED,2026-08-04 10:55:00,Customer return reverse leg booked,,
143,26,RETURN_BOOKED,RETURN_PICKED_UP,2026-08-04 10:55:27,Return ops: picked up from customer,,1.0
144,26,RETURN_PICKED_UP,RETURN_RECEIVED_AT_HUB,2026-08-04 10:55:52,Received at hub from admin receiving queue (customer → hub),,1.0
145,26,RETURN_RECEIVED_AT_HUB,RETURN_QC_PENDING,2026-08-04 10:56:29,Return QC pending,,1.0
146,26,RETURN_QC_PENDING,RETURN_COMPLETED,2026-08-04 10:56:29,Return completed,,1.0
147,27,IN_TRANSIT_TO_HUB,HUB_RECEIVED,2026-08-04 11:22:48,Received at hub from admin receiving queue,,1.0
148,27,HUB_RECEIVED,QC_IN_PROGRESS,2026-08-04 11:23:05,,,1.0
149,27,HUB_RECEIVED,QC_IN_PROGRESS,2026-08-04 11:23:06,,,1.0
150,27,QC_IN_PROGRESS,QC_PASSED,2026-08-04 11:23:06,,,1.0
151,27,QC_PASSED,PACKAGING_PENDING,2026-08-04 11:23:06,,,1.0
152,27,PACKAGING_PENDING,PACKAGING_IN_PROGRESS,2026-08-04 11:23:30,,,1.0
153,27,PACKAGING_IN_PROGRESS,HUB_PACKAGED,2026-08-04 11:24:24,,,1.0
154,28,,OUTBOUND_BOOKED,2026-08-04 11:24:50,Outbound booked,,
155,28,OUTBOUND_BOOKED,DISPATCHED_TO_CUSTOMER,2026-08-04 11:24:50,Pickup scheduled - moved to in transit,,
156,27,HUB_PACKAGED,OUTBOUND_READY,2026-08-04 11:24:51,Hub marked shipment ready to ship,,1.0
157,28,DISPATCHED_TO_CUSTOMER,OUT_FOR_DELIVERY,2026-08-04 11:25:15,Dev manual transition: out for delivery before delivery,,1.0
158,28,OUT_FOR_DELIVERY,DELIVERED,2026-08-04 11:25:15,Manually marked delivered by hub/admin,,1.0
159,29,,RETURN_APPROVED,2026-08-04 11:27:01,Customer return approved,,1.0
160,29,RETURN_APPROVED,RETURN_BOOKED,2026-08-04 11:27:02,Customer return reverse leg booked,,
161,29,RETURN_BOOKED,RETURN_PICKED_UP,2026-08-04 11:27:07,Return ops: picked up from customer,,1.0
162,29,RETURN_PICKED_UP,RETURN_RECEIVED_AT_HUB,2026-08-04 11:27:29,Received at hub from admin receiving queue (customer → hub),,1.0
163,29,RETURN_RECEIVED_AT_HUB,RETURN_QC_PENDING,2026-08-04 11:27:55,Return QC pending,,1.0
164,29,RETURN_QC_PENDING,RETURN_COMPLETED,2026-08-04 11:27:55,Return completed,,1.0
165,30,IN_TRANSIT_TO_HUB,HUB_RECEIVED,2026-08-04 11:50:25,Received at hub from admin receiving queue,,1.0
166,30,HUB_RECEIVED,QC_IN_PROGRESS,2026-08-04 11:50:37,,,1.0
167,30,HUB_RECEIVED,QC_IN_PROGRESS,2026-08-04 11:50:37,,,1.0
168,30,QC_IN_PROGRESS,QC_PASSED,2026-08-04 11:50:37,,,1.0
169,30,QC_PASSED,PACKAGING_PENDING,2026-08-04 11:50:37,,,1.0
170,30,PACKAGING_PENDING,PACKAGING_IN_PROGRESS,2026-08-04 11:50:44,,,1.0
171,30,PACKAGING_IN_PROGRESS,HUB_PACKAGED,2026-08-04 11:51:03,,,1.0
172,31,,OUTBOUND_BOOKED,2026-08-04 11:51:12,Outbound booked,,
173,31,OUTBOUND_BOOKED,DISPATCHED_TO_CUSTOMER,2026-08-04 11:51:12,Pickup scheduled - moved to in transit,,
174,30,HUB_PACKAGED,OUTBOUND_READY,2026-08-04 11:51:13,Hub marked shipment ready to ship,,1.0
175,31,DISPATCHED_TO_CUSTOMER,OUT_FOR_DELIVERY,2026-08-04 11:51:29,Dev manual transition: out for delivery before delivery,,1.0
176,31,OUT_FOR_DELIVERY,DELIVERED,2026-08-04 11:51:29,Manually marked delivered by hub/admin,,1.0
177,32,,RETURN_APPROVED,2026-08-04 11:55:44,Customer return approved,,1.0
178,32,RETURN_APPROVED,RETURN_BOOKED,2026-08-04 11:55:44,Customer return reverse leg booked,,
179,32,RETURN_BOOKED,RETURN_PICKED_UP,2026-08-04 11:56:01,Return ops: picked up from customer,,1.0
180,32,RETURN_PICKED_UP,RETURN_RECEIVED_AT_HUB,2026-08-04 11:58:57,Received at hub from admin receiving queue (customer → hub),,1.0
181,32,RETURN_RECEIVED_AT_HUB,RETURN_QC_PENDING,2026-08-04 11:59:26,Return QC pending,,1.0
182,32,RETURN_QC_PENDING,RETURN_COMPLETED,2026-08-04 11:59:26,Return completed,,1.0
183,33,IN_TRANSIT_TO_HUB,HUB_RECEIVED,2026-08-04 12:19:31,Received at hub from admin receiving queue,,1.0
184,33,HUB_RECEIVED,QC_IN_PROGRESS,2026-08-04 12:19:42,,,1.0
185,33,HUB_RECEIVED,QC_IN_PROGRESS,2026-08-04 12:19:42,,,1.0
186,33,QC_IN_PROGRESS,QC_PASSED,2026-08-04 12:19:42,,,1.0
187,33,QC_PASSED,PACKAGING_PENDING,2026-08-04 12:19:42,,,1.0
188,33,PACKAGING_PENDING,PACKAGING_IN_PROGRESS,2026-08-04 12:20:05,,,1.0
189,33,PACKAGING_IN_PROGRESS,HUB_PACKAGED,2026-08-04 12:20:25,,,1.0
190,34,,OUTBOUND_BOOKED,2026-08-04 12:20:30,Outbound booked,,
191,34,OUTBOUND_BOOKED,DISPATCHED_TO_CUSTOMER,2026-08-04 12:20:30,Pickup scheduled - moved to in transit,,
192,33,HUB_PACKAGED,OUTBOUND_READY,2026-08-04 12:20:31,Hub marked shipment ready to ship,,1.0
193,34,DISPATCHED_TO_CUSTOMER,OUT_FOR_DELIVERY,2026-08-04 12:20:41,Dev manual transition: out for delivery before delivery,,1.0
194,34,OUT_FOR_DELIVERY,DELIVERED,2026-08-04 12:20:41,Manually marked delivered by hub/admin,,1.0
195,35,,RETURN_APPROVED,2026-08-04 12:21:58,Customer return approved,,1.0
196,35,RETURN_APPROVED,RETURN_BOOKED,2026-08-04 12:21:59,Customer return reverse leg booked,,
197,36,IN_TRANSIT_TO_HUB,HUB_RECEIVED,2026-08-04 12:27:17,Received at hub from admin receiving queue,,1.0
198,36,HUB_RECEIVED,QC_IN_PROGRESS,2026-08-05 07:39:02,,,1.0
199,36,HUB_RECEIVED,QC_IN_PROGRESS,2026-08-05 07:39:02,,,1.0
200,36,QC_IN_PROGRESS,QC_PASSED,2026-08-05 07:39:02,,,1.0
201,36,QC_PASSED,PACKAGING_PENDING,2026-08-05 07:39:02,,,1.0
202,38,IN_TRANSIT_TO_HUB,HUB_RECEIVED,2026-08-05 08:55:04,Received at hub from admin receiving queue,,1.0
203,38,HUB_RECEIVED,QC_IN_PROGRESS,2026-08-05 08:55:20,,,1.0
204,38,HUB_RECEIVED,QC_IN_PROGRESS,2026-08-05 08:55:20,,,1.0
205,38,QC_IN_PROGRESS,QC_PASSED,2026-08-05 08:55:20,,,1.0
206,38,QC_PASSED,PACKAGING_PENDING,2026-08-05 08:55:20,,,1.0
207,38,PACKAGING_PENDING,PACKAGING_IN_PROGRESS,2026-08-05 08:55:27,,,1.0
208,38,PACKAGING_IN_PROGRESS,HUB_PACKAGED,2026-08-05 08:55:41,,,1.0
209,39,,OUTBOUND_BOOKED,2026-08-05 08:55:53,Outbound booked,,
210,39,OUTBOUND_BOOKED,DISPATCHED_TO_CUSTOMER,2026-08-05 08:55:53,Pickup scheduled - moved to in transit,,
211,38,HUB_PACKAGED,OUTBOUND_READY,2026-08-05 08:55:54,Hub marked shipment ready to ship,,1.0
212,39,DISPATCHED_TO_CUSTOMER,OUT_FOR_DELIVERY,2026-08-05 08:56:18,Dev manual transition: out for delivery before delivery,,1.0
213,39,OUT_FOR_DELIVERY,DELIVERED,2026-08-05 08:56:18,Manually marked delivered by hub/admin,,1.0
214,14,DISPATCHED_TO_CUSTOMER,OUT_FOR_DELIVERY,2026-08-05 09:00:32,Dev manual transition: out for delivery before delivery,,1.0
215,14,OUT_FOR_DELIVERY,DELIVERED,2026-08-05 09:00:32,Manually marked delivered by hub/admin,,1.0
216,40,,RETURN_APPROVED,2026-08-05 09:10:08,Customer return approved,,1.0
217,40,RETURN_APPROVED,RETURN_BOOKED,2026-08-05 09:10:09,Customer return reverse leg booked,,
218,40,RETURN_BOOKED,RETURN_PICKED_UP,2026-08-05 09:10:16,Return ops: picked up from customer,,1.0
219,40,RETURN_PICKED_UP,RETURN_RECEIVED_AT_HUB,2026-08-05 09:10:30,Received at hub from admin receiving queue (customer → hub),,1.0
220,40,RETURN_RECEIVED_AT_HUB,RETURN_QC_PENDING,2026-08-05 09:10:59,Return QC pending,,1.0
221,40,RETURN_QC_PENDING,RETURN_COMPLETED,2026-08-05 09:11:00,Return completed,,1.0
222,41,IN_TRANSIT_TO_HUB,HUB_RECEIVED,2026-08-05 11:39:45,Received at hub from admin receiving queue,,1.0
223,41,HUB_RECEIVED,QC_IN_PROGRESS,2026-08-05 11:40:08,,,1.0
224,41,HUB_RECEIVED,QC_IN_PROGRESS,2026-08-05 11:40:08,,,1.0
225,41,QC_IN_PROGRESS,QC_PASSED,2026-08-05 11:40:08,,,1.0
226,41,QC_PASSED,PACKAGING_PENDING,2026-08-05 11:40:08,,,1.0
227,41,PACKAGING_PENDING,PACKAGING_IN_PROGRESS,2026-08-05 11:40:24,,,1.0
228,41,PACKAGING_IN_PROGRESS,HUB_PACKAGED,2026-08-05 11:40:49,,,1.0
229,42,,OUTBOUND_BOOKED,2026-08-05 11:40:55,Outbound booked,,
230,42,OUTBOUND_BOOKED,DISPATCHED_TO_CUSTOMER,2026-08-05 11:40:55,Pickup scheduled - moved to in transit,,
231,41,HUB_PACKAGED,OUTBOUND_READY,2026-08-05 11:40:56,Hub marked shipment ready to ship,,1.0
232,37,,OUTBOUND_BOOKED,2026-08-05 11:41:35,Outbound booked,,
233,37,OUTBOUND_BOOKED,DISPATCHED_TO_CUSTOMER,2026-08-05 11:41:35,Pickup scheduled - moved to in transit,,
234,43,IN_TRANSIT_TO_HUB,HUB_RECEIVED,2026-08-05 12:33:33,Received at hub from admin receiving queue,,1.0
235,43,HUB_RECEIVED,QC_IN_PROGRESS,2026-08-05 12:33:45,,,1.0
236,43,HUB_RECEIVED,QC_IN_PROGRESS,2026-08-05 12:33:45,,,1.0
237,43,QC_IN_PROGRESS,QC_PASSED,2026-08-05 12:33:45,,,1.0
238,43,QC_PASSED,PACKAGING_PENDING,2026-08-05 12:33:45,,,1.0
239,43,PACKAGING_PENDING,PACKAGING_IN_PROGRESS,2026-08-05 12:33:56,,,1.0
240,43,PACKAGING_IN_PROGRESS,HUB_PACKAGED,2026-08-05 12:34:18,,,1.0
241,44,,OUTBOUND_BOOKED,2026-08-05 12:34:26,Outbound booked,,
242,44,OUTBOUND_BOOKED,DISPATCHED_TO_CUSTOMER,2026-08-05 12:34:26,Pickup scheduled - moved to in transit,,
243,43,HUB_PACKAGED,OUTBOUND_READY,2026-08-05 12:34:27,Hub marked shipment ready to ship,,1.0
244,45,IN_TRANSIT_TO_HUB,HUB_RECEIVED,2026-08-06 07:53:14,Received at hub from admin receiving queue,,1.0
245,45,HUB_RECEIVED,QC_IN_PROGRESS,2026-08-06 07:53:22,,,1.0
246,45,HUB_RECEIVED,QC_IN_PROGRESS,2026-08-06 07:53:23,,,1.0
247,45,QC_IN_PROGRESS,QC_PASSED,2026-08-06 07:53:23,,,1.0
248,45,QC_PASSED,PACKAGING_PENDING,2026-08-06 07:53:23,,,1.0
249,45,PACKAGING_PENDING,PACKAGING_IN_PROGRESS,2026-08-06 07:53:30,,,1.0
250,45,PACKAGING_IN_PROGRESS,HUB_PACKAGED,2026-08-06 07:53:41,,,1.0
251,46,,OUTBOUND_BOOKED,2026-08-06 07:53:46,Outbound booked,,
252,46,OUTBOUND_BOOKED,DISPATCHED_TO_CUSTOMER,2026-08-06 07:53:46,Pickup scheduled - moved to in transit,,
253,45,HUB_PACKAGED,OUTBOUND_READY,2026-08-06 07:53:48,Hub marked shipment ready to ship,,1.0
254,47,IN_TRANSIT_TO_HUB,HUB_RECEIVED,2026-08-06 08:15:11,Received at hub from admin receiving queue,,1.0
255,47,HUB_RECEIVED,QC_IN_PROGRESS,2026-08-06 08:15:21,,,1.0
256,47,HUB_RECEIVED,QC_IN_PROGRESS,2026-08-06 08:15:22,,,1.0
257,47,QC_IN_PROGRESS,QC_PASSED,2026-08-06 08:15:22,,,1.0
258,47,QC_PASSED,PACKAGING_PENDING,2026-08-06 08:15:22,,,1.0
259,47,PACKAGING_PENDING,PACKAGING_IN_PROGRESS,2026-08-06 08:15:26,,,1.0
260,47,PACKAGING_IN_PROGRESS,HUB_PACKAGED,2026-08-06 08:15:39,,,1.0
261,48,,OUTBOUND_BOOKED,2026-08-06 08:15:48,Outbound booked,,
262,48,OUTBOUND_BOOKED,DISPATCHED_TO_CUSTOMER,2026-08-06 08:15:48,Pickup scheduled - moved to in transit,,
263,47,HUB_PACKAGED,OUTBOUND_READY,2026-08-06 08:15:50,Hub marked shipment ready to ship,,1.0
264,49,IN_TRANSIT_TO_HUB,HUB_RECEIVED,2026-08-06 08:27:38,Received at hub from admin receiving queue,,1.0
265,49,HUB_RECEIVED,QC_IN_PROGRESS,2026-08-06 08:27:47,,,1.0
266,49,HUB_RECEIVED,QC_IN_PROGRESS,2026-08-06 08:27:47,,,1.0
267,49,QC_IN_PROGRESS,QC_PASSED,2026-08-06 08:27:47,,,1.0
268,49,QC_PASSED,PACKAGING_PENDING,2026-08-06 08:27:47,,,1.0
269,49,PACKAGING_PENDING,PACKAGING_IN_PROGRESS,2026-08-06 08:27:52,,,1.0
270,49,PACKAGING_IN_PROGRESS,HUB_PACKAGED,2026-08-06 08:28:05,,,1.0
271,50,,OUTBOUND_BOOKED,2026-08-06 08:28:09,Outbound booked,,
272,50,OUTBOUND_BOOKED,DISPATCHED_TO_CUSTOMER,2026-08-06 08:28:09,Pickup scheduled - moved to in transit,,
273,49,HUB_PACKAGED,OUTBOUND_READY,2026-08-06 08:28:11,Hub marked shipment ready to ship,,1.0
274,50,DISPATCHED_TO_CUSTOMER,OUT_FOR_DELIVERY,2026-08-06 08:30:08,Dev manual transition: out for delivery before delivery,,1.0
275,50,OUT_FOR_DELIVERY,DELIVERED,2026-08-06 08:30:09,Manually marked delivered by hub/admin,,1.0
276,44,DISPATCHED_TO_CUSTOMER,OUT_FOR_DELIVERY,2026-08-06 14:48:10,Dev manual transition: out for delivery before delivery,,1.0
277,44,OUT_FOR_DELIVERY,DELIVERED,2026-08-06 14:48:10,Manually marked delivered by hub/admin,,1.0
278,46,DISPATCHED_TO_CUSTOMER,OUT_FOR_DELIVERY,2026-08-06 14:48:13,Dev manual transition: out for delivery before delivery,,1.0
279,46,OUT_FOR_DELIVERY,DELIVERED,2026-08-06 14:48:13,Manually marked delivered by hub/admin,,1.0
280,42,DISPATCHED_TO_CUSTOMER,OUT_FOR_DELIVERY,2026-08-06 14:51:36,Dev manual transition: out for delivery before delivery,,1.0
281,42,OUT_FOR_DELIVERY,DELIVERED,2026-08-06 14:51:36,Manually marked delivered by hub/admin,,1.0
282,48,DISPATCHED_TO_CUSTOMER,OUT_FOR_DELIVERY,2026-08-06 14:51:39,Dev manual transition: out for delivery before delivery,,1.0
283,48,OUT_FOR_DELIVERY,DELIVERED,2026-08-06 14:51:39,Manually marked delivered by hub/admin,,1.0
284,51,IN_TRANSIT_TO_HUB,HUB_RECEIVED,2026-08-06 16:24:39,Received at hub from admin receiving queue,,1.0
285,51,HUB_RECEIVED,QC_IN_PROGRESS,2026-08-06 16:24:56,,,1.0
286,51,HUB_RECEIVED,QC_IN_PROGRESS,2026-08-06 16:24:57,,,1.0
287,51,QC_IN_PROGRESS,QC_PASSED,2026-08-06 16:24:57,,,1.0
288,51,QC_PASSED,PACKAGING_PENDING,2026-08-06 16:24:57,,,1.0
289,51,PACKAGING_PENDING,PACKAGING_IN_PROGRESS,2026-08-06 16:25:14,,,1.0
290,51,PACKAGING_IN_PROGRESS,HUB_PACKAGED,2026-08-06 16:25:35,,,1.0
291,52,,OUTBOUND_BOOKED,2026-08-06 16:26:36,Outbound booked,,
292,52,OUTBOUND_BOOKED,DISPATCHED_TO_CUSTOMER,2026-08-06 16:26:36,Pickup scheduled - moved to in transit,,
293,51,HUB_PACKAGED,OUTBOUND_READY,2026-08-06 16:26:37,Hub marked shipment ready to ship,,1.0
294,52,DISPATCHED_TO_CUSTOMER,OUT_FOR_DELIVERY,2026-08-06 16:27:18,Dev manual transition: out for delivery before delivery,,1.0
295,52,OUT_FOR_DELIVERY,DELIVERED,2026-08-06 16:27:18,Manually marked delivered by hub/admin,,1.0
296,53,,RETURN_APPROVED,2026-08-06 16:29:18,Customer return approved,,1.0
297,53,RETURN_APPROVED,RETURN_BOOKED,2026-08-06 16:29:19,Customer return reverse leg booked,,
298,53,RETURN_BOOKED,RETURN_PICKED_UP,2026-08-06 16:32:53,Return ops: picked up from customer,,1.0
299,53,RETURN_PICKED_UP,RETURN_RECEIVED_AT_HUB,2026-08-06 16:34:16,Received at hub from admin receiving queue (customer → hub),,1.0
300,53,RETURN_RECEIVED_AT_HUB,RETURN_QC_PENDING,2026-08-06 16:35:20,Return QC pending,,1.0
301,53,RETURN_QC_PENDING,RETURN_COMPLETED,2026-08-06 16:35:20,Return completed,,1.0
302,54,,RETURN_APPROVED,2026-08-07 04:33:48,Customer return approved,,1.0
303,54,RETURN_APPROVED,RETURN_BOOKED,2026-08-07 04:33:49,Customer return reverse leg booked,,
304,56,,RETURN_APPROVED,2026-08-07 04:36:00,Customer return approved,,1.0
305,56,RETURN_APPROVED,RETURN_BOOKED,2026-08-07 04:36:01,Customer return reverse leg booked,,
306,55,,OUTBOUND_BOOKED,2026-08-07 04:45:19,Outbound booked,,
307,55,OUTBOUND_BOOKED,DISPATCHED_TO_CUSTOMER,2026-08-07 04:45:19,Pickup scheduled - moved to in transit,,
308,56,RETURN_BOOKED,RETURN_PICKED_UP,2026-08-07 04:46:59,Staging: picked up from customer (reverse logistics board),,1.0
309,56,RETURN_PICKED_UP,RETURN_IN_TRANSIT,2026-08-07 04:47:05,Staging: in transit to hub (reverse logistics board),,1.0
310,59,IN_TRANSIT_TO_HUB,HUB_RECEIVED,2026-08-07 04:52:31,Received at hub from admin receiving queue,,1.0
311,59,HUB_RECEIVED,QC_IN_PROGRESS,2026-08-07 04:52:42,,,1.0
312,59,HUB_RECEIVED,QC_IN_PROGRESS,2026-08-07 04:52:43,,,1.0
313,59,QC_IN_PROGRESS,QC_PASSED,2026-08-07 04:52:43,,,1.0
314,59,QC_PASSED,PACKAGING_PENDING,2026-08-07 04:52:43,,,1.0
315,59,PACKAGING_PENDING,PACKAGING_IN_PROGRESS,2026-08-07 04:52:49,,,1.0
316,59,PACKAGING_IN_PROGRESS,HUB_PACKAGED,2026-08-07 04:53:04,,,1.0
317,60,,OUTBOUND_BOOKED,2026-08-07 04:53:13,Outbound booked,,
318,60,OUTBOUND_BOOKED,DISPATCHED_TO_CUSTOMER,2026-08-07 04:53:13,Pickup scheduled - moved to in transit,,
319,59,HUB_PACKAGED,OUTBOUND_READY,2026-08-07 04:53:15,Hub marked shipment ready to ship,,1.0
320,60,DISPATCHED_TO_CUSTOMER,OUT_FOR_DELIVERY,2026-08-07 04:53:28,Dev manual transition: out for delivery before delivery,,1.0
321,60,OUT_FOR_DELIVERY,DELIVERED,2026-08-07 04:53:28,Manually marked delivered by hub/admin,,1.0
322,61,,RETURN_APPROVED,2026-08-07 04:54:34,Customer return approved,,1.0
323,61,RETURN_APPROVED,RETURN_BOOKED,2026-08-07 04:54:34,Customer return reverse leg booked,,
324,62,IN_TRANSIT_TO_HUB,HUB_RECEIVED,2026-08-07 05:12:09,Received at hub from admin receiving queue,,1.0
325,62,HUB_RECEIVED,QC_IN_PROGRESS,2026-08-07 05:12:22,,,1.0
326,62,HUB_RECEIVED,QC_IN_PROGRESS,2026-08-07 05:12:23,,,1.0
327,62,QC_IN_PROGRESS,QC_PASSED,2026-08-07 05:12:23,,,1.0
328,62,QC_PASSED,PACKAGING_PENDING,2026-08-07 05:12:23,,,1.0
329,62,PACKAGING_PENDING,PACKAGING_IN_PROGRESS,2026-08-07 05:12:34,,,1.0
330,62,PACKAGING_IN_PROGRESS,HUB_PACKAGED,2026-08-07 05:12:47,,,1.0
331,63,,OUTBOUND_BOOKED,2026-08-07 05:17:15,Outbound booked,,
332,63,OUTBOUND_BOOKED,DISPATCHED_TO_CUSTOMER,2026-08-07 05:17:15,Pickup scheduled - moved to in transit,,
333,64,IN_TRANSIT_TO_HUB,HUB_RECEIVED,2026-08-07 05:29:26,Received at hub from admin receiving queue,,1.0
334,64,HUB_RECEIVED,QC_IN_PROGRESS,2026-08-07 05:30:07,,,1.0
335,64,HUB_RECEIVED,QC_IN_PROGRESS,2026-08-07 05:30:08,,,1.0
336,64,QC_IN_PROGRESS,QC_PASSED,2026-08-07 05:30:08,,,1.0
337,64,QC_PASSED,PACKAGING_PENDING,2026-08-07 05:30:08,,,1.0
338,64,PACKAGING_PENDING,PACKAGING_IN_PROGRESS,2026-08-07 05:30:24,,,1.0
339,64,PACKAGING_IN_PROGRESS,HUB_PACKAGED,2026-08-07 05:30:43,,,1.0
340,65,,OUTBOUND_BOOKED,2026-08-07 05:30:52,Outbound booked,,
341,65,OUTBOUND_BOOKED,DISPATCHED_TO_CUSTOMER,2026-08-07 05:30:52,Pickup scheduled - moved to in transit,,
342,64,HUB_PACKAGED,OUTBOUND_READY,2026-08-07 05:30:54,Hub marked shipment ready to ship,,1.0
343,65,DISPATCHED_TO_CUSTOMER,OUT_FOR_DELIVERY,2026-08-07 05:31:09,Dev manual transition: out for delivery before delivery,,1.0
344,65,OUT_FOR_DELIVERY,DELIVERED,2026-08-07 05:31:09,Manually marked delivered by hub/admin,,1.0
345,66,,RETURN_APPROVED,2026-08-07 05:35:57,Customer return approved,,1.0
346,66,RETURN_APPROVED,RETURN_BOOKED,2026-08-07 05:35:58,Customer return reverse leg booked,,
347,66,RETURN_BOOKED,RETURN_PICKED_UP,2026-08-07 05:37:44,Return ops: picked up from customer,,1.0
348,66,RETURN_PICKED_UP,RETURN_RECEIVED_AT_HUB,2026-08-07 05:38:01,Received at hub from admin receiving queue (customer → hub),,1.0
349,66,RETURN_RECEIVED_AT_HUB,RETURN_QC_PENDING,2026-08-07 05:40:19,Return QC pending,,1.0
350,66,RETURN_QC_PENDING,RETURN_QC_FAILED,2026-08-07 05:40:19,Return QC failed at hub,,1.0
351,67,IN_TRANSIT_TO_HUB,HUB_RECEIVED,2026-08-07 05:50:41,Received at hub from admin receiving queue,,1.0
352,67,HUB_RECEIVED,QC_IN_PROGRESS,2026-08-07 05:51:03,,,1.0
353,67,HUB_RECEIVED,QC_IN_PROGRESS,2026-08-07 05:51:03,,,1.0
354,67,QC_IN_PROGRESS,QC_PASSED,2026-08-07 05:51:04,,,1.0
355,67,QC_PASSED,PACKAGING_PENDING,2026-08-07 05:51:04,,,1.0
356,67,PACKAGING_PENDING,PACKAGING_IN_PROGRESS,2026-08-07 05:51:13,,,1.0
357,67,PACKAGING_IN_PROGRESS,HUB_PACKAGED,2026-08-07 05:51:25,,,1.0
358,68,,OUTBOUND_BOOKED,2026-08-07 05:51:38,Outbound booked,,
359,68,OUTBOUND_BOOKED,DISPATCHED_TO_CUSTOMER,2026-08-07 05:51:38,Pickup scheduled - moved to in transit,,
360,67,HUB_PACKAGED,OUTBOUND_READY,2026-08-07 05:51:39,Hub marked shipment ready to ship,,1.0
361,68,DISPATCHED_TO_CUSTOMER,OUT_FOR_DELIVERY,2026-08-07 05:52:00,Dev manual transition: out for delivery before delivery,,1.0
362,68,OUT_FOR_DELIVERY,DELIVERED,2026-08-07 05:52:00,Manually marked delivered by hub/admin,,1.0
363,69,IN_TRANSIT_TO_HUB,HUB_RECEIVED,2026-08-07 05:59:58,Received at hub from admin receiving queue,,1.0
364,69,HUB_RECEIVED,QC_IN_PROGRESS,2026-08-07 06:00:10,,,1.0
365,69,HUB_RECEIVED,QC_IN_PROGRESS,2026-08-07 06:00:11,,,1.0
366,69,QC_IN_PROGRESS,QC_PASSED,2026-08-07 06:00:11,,,1.0
367,69,QC_PASSED,PACKAGING_PENDING,2026-08-07 06:00:11,,,1.0
368,69,PACKAGING_PENDING,PACKAGING_IN_PROGRESS,2026-08-07 06:00:20,,,1.0
369,69,PACKAGING_IN_PROGRESS,HUB_PACKAGED,2026-08-07 06:00:40,,,1.0
370,70,,OUTBOUND_BOOKED,2026-08-07 06:00:45,Outbound booked,,
371,70,OUTBOUND_BOOKED,DISPATCHED_TO_CUSTOMER,2026-08-07 06:00:45,Pickup scheduled - moved to in transit,,
372,69,HUB_PACKAGED,OUTBOUND_READY,2026-08-07 06:00:47,Hub marked shipment ready to ship,,1.0
373,70,DISPATCHED_TO_CUSTOMER,OUT_FOR_DELIVERY,2026-08-07 06:01:14,Dev manual transition: out for delivery before delivery,,1.0
374,70,OUT_FOR_DELIVERY,DELIVERED,2026-08-07 06:01:14,Manually marked delivered by hub/admin,,1.0
375,71,,RETURN_APPROVED,2026-08-07 06:09:10,Customer return approved,,1.0
376,71,RETURN_APPROVED,RETURN_BOOKED,2026-08-07 06:09:11,Customer return reverse leg booked,,
377,72,IN_TRANSIT_TO_HUB,HUB_RECEIVED,2026-08-07 06:12:05,Received at hub from admin receiving queue,,1.0
378,73,IN_TRANSIT_TO_HUB,HUB_RECEIVED,2026-08-07 08:44:38,Received at hub from admin receiving queue,,1.0
379,73,HUB_RECEIVED,QC_IN_PROGRESS,2026-08-07 08:44:48,,,1.0
380,73,HUB_RECEIVED,QC_IN_PROGRESS,2026-08-07 08:44:49,,,1.0
381,73,QC_IN_PROGRESS,QC_PASSED,2026-08-07 08:44:49,,,1.0
382,73,QC_PASSED,PACKAGING_PENDING,2026-08-07 08:44:49,,,1.0
383,73,PACKAGING_PENDING,PACKAGING_IN_PROGRESS,2026-08-07 08:44:55,,,1.0
384,73,PACKAGING_IN_PROGRESS,HUB_PACKAGED,2026-08-07 08:45:10,,,1.0
385,74,,OUTBOUND_BOOKED,2026-08-07 08:45:20,Outbound booked,,
386,74,OUTBOUND_BOOKED,DISPATCHED_TO_CUSTOMER,2026-08-07 08:45:20,Pickup scheduled - moved to in transit,,
387,73,HUB_PACKAGED,OUTBOUND_READY,2026-08-07 08:45:22,Hub marked shipment ready to ship,,1.0
388,74,DISPATCHED_TO_CUSTOMER,OUT_FOR_DELIVERY,2026-08-07 08:45:33,Dev manual transition: out for delivery before delivery,,1.0
389,74,OUT_FOR_DELIVERY,DELIVERED,2026-08-07 08:45:33,Manually marked delivered by hub/admin,,1.0
390,75,,RETURN_APPROVED,2026-08-07 08:46:18,Customer return approved,,1.0
391,75,RETURN_APPROVED,RETURN_BOOKED,2026-08-07 08:46:18,Customer return reverse leg booked,,
392,76,IN_TRANSIT_TO_HUB,HUB_RECEIVED,2026-08-07 08:47:20,Received at hub from admin receiving queue,,1.0
393,76,HUB_RECEIVED,QC_IN_PROGRESS,2026-08-07 08:49:50,,,1.0
394,76,HUB_RECEIVED,QC_IN_PROGRESS,2026-08-07 08:49:50,,,1.0
395,76,QC_IN_PROGRESS,QC_PASSED,2026-08-07 08:49:50,,,1.0
396,76,QC_PASSED,PACKAGING_PENDING,2026-08-07 08:49:50,,,1.0
397,78,IN_TRANSIT_TO_HUB,HUB_RECEIVED,2026-08-07 08:53:42,Received at hub from admin receiving queue,,1.0
398,78,HUB_RECEIVED,QC_IN_PROGRESS,2026-08-07 08:54:04,,,1.0
399,78,HUB_RECEIVED,QC_IN_PROGRESS,2026-08-07 08:54:05,,,1.0
400,78,QC_IN_PROGRESS,QC_PASSED,2026-08-07 08:54:05,,,1.0
401,78,QC_PASSED,PACKAGING_PENDING,2026-08-07 08:54:05,,,1.0
402,78,PACKAGING_PENDING,PACKAGING_IN_PROGRESS,2026-08-07 08:54:14,,,1.0
403,78,PACKAGING_IN_PROGRESS,HUB_PACKAGED,2026-08-07 08:54:35,,,1.0
404,79,,OUTBOUND_BOOKED,2026-08-07 08:54:42,Outbound booked,,
405,79,OUTBOUND_BOOKED,DISPATCHED_TO_CUSTOMER,2026-08-07 08:54:42,Pickup scheduled - moved to in transit,,
406,78,HUB_PACKAGED,OUTBOUND_READY,2026-08-07 08:54:43,Hub marked shipment ready to ship,,1.0
407,79,DISPATCHED_TO_CUSTOMER,OUT_FOR_DELIVERY,2026-08-07 08:56:26,Dev manual transition: out for delivery before delivery,,1.0
408,79,OUT_FOR_DELIVERY,DELIVERED,2026-08-07 08:56:26,Manually marked delivered by hub/admin,,1.0
409,80,,RETURN_APPROVED,2026-08-07 09:02:02,Customer return approved,,1.0
410,80,RETURN_APPROVED,RETURN_BOOKED,2026-08-07 09:02:03,Customer return reverse leg booked,,
411,81,IN_TRANSIT_TO_HUB,HUB_RECEIVED,2026-08-07 09:03:28,Received at hub from admin receiving queue,,1.0
412,81,HUB_RECEIVED,QC_IN_PROGRESS,2026-08-07 09:03:48,,,1.0
413,81,HUB_RECEIVED,QC_IN_PROGRESS,2026-08-07 09:03:49,,,1.0
414,81,QC_IN_PROGRESS,QC_PASSED,2026-08-07 09:03:49,,,1.0
415,81,QC_PASSED,PACKAGING_PENDING,2026-08-07 09:03:49,,,1.0
416,81,PACKAGING_PENDING,PACKAGING_IN_PROGRESS,2026-08-07 09:03:56,,,1.0
417,81,PACKAGING_IN_PROGRESS,HUB_PACKAGED,2026-08-07 09:04:18,,,1.0
418,80,RETURN_BOOKED,RETURN_PICKED_UP,2026-08-07 09:06:52,Staging: picked up from customer (reverse logistics board),,1.0
419,80,RETURN_PICKED_UP,RETURN_IN_TRANSIT,2026-08-07 09:07:24,Staging: in transit to hub (reverse logistics board),,1.0
420,84,IN_TRANSIT_TO_HUB,HUB_RECEIVED,2026-08-07 11:03:57,Received at hub from admin receiving queue,,1.0
421,84,HUB_RECEIVED,QC_IN_PROGRESS,2026-08-07 11:04:13,,,1.0
422,84,HUB_RECEIVED,QC_IN_PROGRESS,2026-08-07 11:04:13,,,1.0
423,84,QC_IN_PROGRESS,QC_PASSED,2026-08-07 11:04:13,,,1.0
424,84,QC_PASSED,PACKAGING_PENDING,2026-08-07 11:04:13,,,1.0
425,84,PACKAGING_PENDING,PACKAGING_IN_PROGRESS,2026-08-07 11:04:24,,,1.0
426,84,PACKAGING_IN_PROGRESS,HUB_PACKAGED,2026-08-07 11:04:34,,,1.0
427,76,PACKAGING_PENDING,PACKAGING_IN_PROGRESS,2026-08-07 11:04:40,,,1.0
428,76,PACKAGING_IN_PROGRESS,HUB_PACKAGED,2026-08-07 11:04:57,,,1.0
429,85,,OUTBOUND_BOOKED,2026-08-07 11:05:06,Outbound booked,,
430,85,OUTBOUND_BOOKED,DISPATCHED_TO_CUSTOMER,2026-08-07 11:05:06,Pickup scheduled - moved to in transit,,
431,84,HUB_PACKAGED,OUTBOUND_READY,2026-08-07 11:05:07,Hub marked shipment ready to ship,,1.0
432,85,DISPATCHED_TO_CUSTOMER,OUT_FOR_DELIVERY,2026-08-07 11:05:35,Dev manual transition: out for delivery before delivery,,1.0
433,85,OUT_FOR_DELIVERY,DELIVERED,2026-08-07 11:05:35,Manually marked delivered by hub/admin,,1.0
434,63,DISPATCHED_TO_CUSTOMER,OUT_FOR_DELIVERY,2026-08-07 11:05:41,Dev manual transition: out for delivery before delivery,,1.0
435,63,OUT_FOR_DELIVERY,DELIVERED,2026-08-07 11:05:41,Manually marked delivered by hub/admin,,1.0
436,55,DISPATCHED_TO_CUSTOMER,OUT_FOR_DELIVERY,2026-08-07 11:05:45,Dev manual transition: out for delivery before delivery,,1.0
437,55,OUT_FOR_DELIVERY,DELIVERED,2026-08-07 11:05:45,Manually marked delivered by hub/admin,,1.0
438,37,DISPATCHED_TO_CUSTOMER,OUT_FOR_DELIVERY,2026-08-07 11:05:49,Dev manual transition: out for delivery before delivery,,1.0
439,37,OUT_FOR_DELIVERY,DELIVERED,2026-08-07 11:05:49,Manually marked delivered by hub/admin,,1.0
440,83,IN_TRANSIT_TO_HUB,HUB_RECEIVED,2026-08-07 11:37:06,Received at hub from admin receiving queue,,1.0
441,83,HUB_RECEIVED,QC_IN_PROGRESS,2026-08-07 11:37:21,,,1.0
442,83,HUB_RECEIVED,QC_IN_PROGRESS,2026-08-07 11:37:22,,,1.0
443,83,QC_IN_PROGRESS,QC_PASSED,2026-08-07 11:37:22,,,1.0
444,83,QC_PASSED,PACKAGING_PENDING,2026-08-07 11:37:22,,,1.0
445,83,PACKAGING_PENDING,PACKAGING_IN_PROGRESS,2026-08-07 11:37:29,,,1.0
446,83,PACKAGING_IN_PROGRESS,HUB_PACKAGED,2026-08-07 11:37:42,,,1.0
447,86,IN_TRANSIT_TO_HUB,HUB_RECEIVED,2026-08-08 04:04:53,Received at hub from admin receiving queue,,1.0
448,86,HUB_RECEIVED,QC_IN_PROGRESS,2026-08-08 04:05:32,,,1.0
449,86,HUB_RECEIVED,QC_IN_PROGRESS,2026-08-08 04:05:32,,,1.0
450,86,QC_IN_PROGRESS,QC_PASSED,2026-08-08 04:05:32,,,1.0
451,86,QC_PASSED,PACKAGING_PENDING,2026-08-08 04:05:32,,,1.0
452,86,PACKAGING_PENDING,PACKAGING_IN_PROGRESS,2026-08-08 04:05:48,,,1.0
453,86,PACKAGING_IN_PROGRESS,HUB_PACKAGED,2026-08-08 04:06:01,,,1.0
454,87,,OUTBOUND_BOOKED,2026-08-08 04:06:11,Outbound booked,,
455,87,OUTBOUND_BOOKED,DISPATCHED_TO_CUSTOMER,2026-08-08 04:06:11,Pickup scheduled - moved to in transit,,
456,86,HUB_PACKAGED,OUTBOUND_READY,2026-08-08 04:06:12,Hub marked shipment ready to ship,,1.0
457,87,DISPATCHED_TO_CUSTOMER,OUT_FOR_DELIVERY,2026-08-08 04:06:39,Dev manual transition: out for delivery before delivery,,1.0
458,87,OUT_FOR_DELIVERY,DELIVERED,2026-08-08 04:06:39,Manually marked delivered by hub/admin,,1.0
459,88,,RETURN_APPROVED,2026-08-08 04:08:08,Customer return approved,,1.0
460,88,RETURN_APPROVED,RETURN_BOOKED,2026-08-08 04:08:08,Customer return reverse leg booked,,
461,89,IN_TRANSIT_TO_HUB,HUB_RECEIVED,2026-08-08 04:10:04,Received at hub from admin receiving queue,,1.0
462,89,HUB_RECEIVED,QC_IN_PROGRESS,2026-08-08 04:10:20,,,1.0
463,89,HUB_RECEIVED,QC_IN_PROGRESS,2026-08-08 04:10:21,,,1.0
464,89,QC_IN_PROGRESS,QC_PASSED,2026-08-08 04:10:21,,,1.0
465,89,QC_PASSED,PACKAGING_PENDING,2026-08-08 04:10:21,,,1.0
466,89,PACKAGING_PENDING,PACKAGING_IN_PROGRESS,2026-08-08 04:10:31,,,1.0
467,89,PACKAGING_IN_PROGRESS,HUB_PACKAGED,2026-08-08 04:10:45,,,1.0
468,92,IN_TRANSIT_TO_HUB,HUB_RECEIVED,2026-08-08 04:14:04,Received at hub from admin receiving queue,,1.0
469,92,HUB_RECEIVED,QC_IN_PROGRESS,2026-08-08 04:14:14,,,1.0
470,92,HUB_RECEIVED,QC_IN_PROGRESS,2026-08-08 04:14:14,,,1.0
471,92,QC_IN_PROGRESS,QC_PASSED,2026-08-08 04:14:15,,,1.0
472,92,QC_PASSED,PACKAGING_PENDING,2026-08-08 04:14:15,,,1.0
473,92,PACKAGING_PENDING,PACKAGING_IN_PROGRESS,2026-08-08 04:14:19,,,1.0
474,92,PACKAGING_IN_PROGRESS,HUB_PACKAGED,2026-08-08 04:14:29,,,1.0
475,93,,OUTBOUND_BOOKED,2026-08-08 04:14:37,Outbound booked,,
476,93,OUTBOUND_BOOKED,DISPATCHED_TO_CUSTOMER,2026-08-08 04:14:37,Pickup scheduled - moved to in transit,,
477,92,HUB_PACKAGED,OUTBOUND_READY,2026-08-08 04:14:39,Hub marked shipment ready to ship,,1.0
478,93,DISPATCHED_TO_CUSTOMER,OUT_FOR_DELIVERY,2026-08-08 04:14:48,Dev manual transition: out for delivery before delivery,,1.0
479,93,OUT_FOR_DELIVERY,DELIVERED,2026-08-08 04:14:48,Manually marked delivered by hub/admin,,1.0
480,94,,RETURN_APPROVED,2026-08-08 04:15:42,Customer return approved,,1.0
481,94,RETURN_APPROVED,RETURN_BOOKED,2026-08-08 04:15:43,Customer return reverse leg booked,,
482,95,IN_TRANSIT_TO_HUB,HUB_RECEIVED,2026-08-08 04:17:03,Received at hub from admin receiving queue,,1.0
483,95,HUB_RECEIVED,QC_IN_PROGRESS,2026-08-08 04:17:12,,,1.0
484,95,HUB_RECEIVED,QC_IN_PROGRESS,2026-08-08 04:17:12,,,1.0
485,95,QC_IN_PROGRESS,QC_PASSED,2026-08-08 04:17:12,,,1.0
486,95,QC_PASSED,PACKAGING_PENDING,2026-08-08 04:17:12,,,1.0
487,95,PACKAGING_PENDING,PACKAGING_IN_PROGRESS,2026-08-08 04:17:18,,,1.0
488,95,PACKAGING_IN_PROGRESS,HUB_PACKAGED,2026-08-08 04:17:31,,,1.0
489,97,,OUTBOUND_BOOKED,2026-08-08 04:19:24,Outbound booked,,
490,97,OUTBOUND_BOOKED,DISPATCHED_TO_CUSTOMER,2026-08-08 04:19:24,Pickup scheduled - moved to in transit,,
491,96,,OUTBOUND_BOOKED,2026-08-08 04:19:31,Outbound booked,,
492,96,OUTBOUND_BOOKED,DISPATCHED_TO_CUSTOMER,2026-08-08 04:19:31,Pickup scheduled - moved to in transit,,
493,91,,OUTBOUND_BOOKED,2026-08-08 04:20:25,Outbound booked,,
494,91,OUTBOUND_BOOKED,DISPATCHED_TO_CUSTOMER,2026-08-08 04:20:25,Pickup scheduled - moved to in transit,,
495,90,,OUTBOUND_BOOKED,2026-08-08 04:20:47,Outbound booked,,
496,90,OUTBOUND_BOOKED,DISPATCHED_TO_CUSTOMER,2026-08-08 04:20:47,Pickup scheduled - moved to in transit,,
497,97,DISPATCHED_TO_CUSTOMER,OUT_FOR_DELIVERY,2026-08-08 04:21:42,Dev manual transition: out for delivery before delivery,,1.0
498,97,OUT_FOR_DELIVERY,DELIVERED,2026-08-08 04:21:42,Manually marked delivered by hub/admin,,1.0
499,98,IN_TRANSIT_TO_HUB,HUB_RECEIVED,2026-08-08 05:34:51,Received at hub from admin receiving queue,,1.0
500,98,HUB_RECEIVED,QC_IN_PROGRESS,2026-08-08 05:35:01,,,1.0
501,98,HUB_RECEIVED,QC_IN_PROGRESS,2026-08-08 05:35:02,,,1.0
502,98,QC_IN_PROGRESS,QC_PASSED,2026-08-08 05:35:02,,,1.0
503,98,QC_PASSED,PACKAGING_PENDING,2026-08-08 05:35:02,,,1.0
504,98,PACKAGING_PENDING,PACKAGING_IN_PROGRESS,2026-08-08 05:35:10,,,1.0
505,98,PACKAGING_IN_PROGRESS,HUB_PACKAGED,2026-08-08 05:35:21,,,1.0
506,99,,OUTBOUND_BOOKED,2026-08-08 05:35:26,Outbound booked,,
507,99,OUTBOUND_BOOKED,DISPATCHED_TO_CUSTOMER,2026-08-08 05:35:27,Pickup scheduled - moved to in transit,,
508,98,HUB_PACKAGED,OUTBOUND_READY,2026-08-08 05:35:28,Hub marked shipment ready to ship,,1.0
509,99,DISPATCHED_TO_CUSTOMER,OUT_FOR_DELIVERY,2026-08-08 05:35:39,Dev manual transition: out for delivery before delivery,,1.0
510,99,OUT_FOR_DELIVERY,DELIVERED,2026-08-08 05:35:39,Manually marked delivered by hub/admin,,1.0
511,100,IN_TRANSIT_TO_HUB,HUB_RECEIVED,2026-08-08 07:56:19,Received at hub from admin receiving queue,,1.0
512,101,IN_TRANSIT_TO_HUB,HUB_RECEIVED,2026-08-08 07:56:33,Received at hub from admin receiving queue,,1.0
513,102,IN_TRANSIT_TO_HUB,HUB_RECEIVED,2026-08-08 07:56:46,Received at hub from admin receiving queue,,1.0
514,100,HUB_RECEIVED,QC_IN_PROGRESS,2026-08-08 07:58:23,,,1.0
515,100,HUB_RECEIVED,QC_IN_PROGRESS,2026-08-08 07:58:24,,,1.0
516,100,QC_IN_PROGRESS,QC_PASSED,2026-08-08 07:58:24,,,1.0
517,100,QC_PASSED,PACKAGING_PENDING,2026-08-08 07:58:24,,,1.0
518,101,HUB_RECEIVED,QC_IN_PROGRESS,2026-08-08 07:58:32,,,1.0
519,101,HUB_RECEIVED,QC_IN_PROGRESS,2026-08-08 07:58:33,,,1.0
520,101,QC_IN_PROGRESS,QC_PASSED,2026-08-08 07:58:33,,,1.0
521,101,QC_PASSED,PACKAGING_PENDING,2026-08-08 07:58:33,,,1.0
522,102,HUB_RECEIVED,QC_IN_PROGRESS,2026-08-08 07:58:40,,,1.0
523,102,HUB_RECEIVED,QC_IN_PROGRESS,2026-08-08 07:58:41,,,1.0
524,102,QC_IN_PROGRESS,QC_PASSED,2026-08-08 07:58:41,,,1.0
525,102,QC_PASSED,PACKAGING_PENDING,2026-08-08 07:58:41,,,1.0
526,100,PACKAGING_PENDING,PACKAGING_IN_PROGRESS,2026-08-08 07:58:59,,,1.0
527,100,PACKAGING_IN_PROGRESS,HUB_PACKAGED,2026-08-08 07:59:18,,,1.0
528,101,PACKAGING_PENDING,PACKAGING_IN_PROGRESS,2026-08-08 07:59:21,,,1.0
529,101,PACKAGING_IN_PROGRESS,HUB_PACKAGED,2026-08-08 07:59:38,,,1.0
530,102,PACKAGING_PENDING,PACKAGING_IN_PROGRESS,2026-08-08 07:59:42,,,1.0
531,102,PACKAGING_IN_PROGRESS,HUB_PACKAGED,2026-08-08 07:59:59,,,1.0
532,103,,OUTBOUND_BOOKED,2026-08-08 08:00:38,Outbound booked,,
533,103,OUTBOUND_BOOKED,DISPATCHED_TO_CUSTOMER,2026-08-08 08:00:38,Pickup scheduled - moved to in transit,,
534,102,HUB_PACKAGED,OUTBOUND_READY,2026-08-08 08:00:40,Included in consolidated outbound dispatch,,1.0
535,101,HUB_PACKAGED,OUTBOUND_READY,2026-08-08 08:00:41,Included in consolidated outbound dispatch,,1.0
536,100,HUB_PACKAGED,OUTBOUND_READY,2026-08-08 08:00:41,Included in consolidated outbound dispatch,,1.0
537,103,DISPATCHED_TO_CUSTOMER,OUT_FOR_DELIVERY,2026-08-08 08:01:54,Dev manual transition: out for delivery before delivery,,1.0
538,103,OUT_FOR_DELIVERY,DELIVERED,2026-08-08 08:01:54,Manually marked delivered by hub/admin,,1.0
539,104,IN_TRANSIT_TO_HUB,HUB_RECEIVED,2026-08-08 09:16:37,Received at hub from admin receiving queue,,1.0
540,104,HUB_RECEIVED,QC_IN_PROGRESS,2026-08-08 09:16:52,,,1.0
541,104,HUB_RECEIVED,QC_IN_PROGRESS,2026-08-08 09:16:52,,,1.0
542,104,QC_IN_PROGRESS,QC_PASSED,2026-08-08 09:16:52,,,1.0
543,104,QC_PASSED,PACKAGING_PENDING,2026-08-08 09:16:52,,,1.0
544,104,PACKAGING_PENDING,PACKAGING_IN_PROGRESS,2026-08-08 09:17:01,,,1.0
545,104,PACKAGING_IN_PROGRESS,HUB_PACKAGED,2026-08-08 09:17:20,,,1.0
546,105,OUTBOUND_READY,OUTBOUND_BOOKED,2026-08-08 09:17:35,Outbound booked,,
547,105,OUTBOUND_BOOKED,DISPATCHED_TO_CUSTOMER,2026-08-08 09:17:35,Pickup scheduled - moved to in transit,,
548,104,HUB_PACKAGED,OUTBOUND_READY,2026-08-08 09:17:36,Hub marked shipment ready to ship,,1.0
549,106,IN_TRANSIT_TO_HUB,HUB_RECEIVED,2026-08-08 09:44:46,Received at hub from admin receiving queue,,1.0
550,107,IN_TRANSIT_TO_HUB,HUB_RECEIVED,2026-08-08 10:29:38,Received at hub from admin receiving queue,,1.0
551,107,HUB_RECEIVED,QC_IN_PROGRESS,2026-08-08 10:29:48,,,1.0
552,107,HUB_RECEIVED,QC_IN_PROGRESS,2026-08-08 10:29:48,,,1.0
553,107,QC_IN_PROGRESS,QC_PASSED,2026-08-08 10:29:49,,,1.0
554,107,QC_PASSED,PACKAGING_PENDING,2026-08-08 10:29:49,,,1.0
555,107,PACKAGING_PENDING,PACKAGING_IN_PROGRESS,2026-08-08 10:29:58,,,1.0
556,107,PACKAGING_IN_PROGRESS,HUB_PACKAGED,2026-08-08 10:30:17,,,1.0
557,108,OUTBOUND_READY,OUTBOUND_BOOKED,2026-08-08 10:30:25,Outbound booked,,
558,108,OUTBOUND_BOOKED,DISPATCHED_TO_CUSTOMER,2026-08-08 10:30:25,Pickup scheduled - moved to in transit,,
559,107,HUB_PACKAGED,OUTBOUND_READY,2026-08-08 10:30:27,Hub marked shipment ready to ship,,1.0
560,108,DISPATCHED_TO_CUSTOMER,OUT_FOR_DELIVERY,2026-08-08 10:30:38,Dev manual transition: out for delivery before delivery,,1.0
561,108,OUT_FOR_DELIVERY,DELIVERED,2026-08-08 10:30:39,Manually marked delivered by hub/admin,,1.0
562,109,,RETURN_APPROVED,2026-08-08 10:32:10,Customer return approved,,1.0
563,109,RETURN_APPROVED,RETURN_BOOKED,2026-08-08 10:32:10,Customer return reverse leg booked,,
564,110,IN_TRANSIT_TO_HUB,HUB_RECEIVED,2026-08-08 10:35:05,Received at hub from admin receiving queue,,1.0
565,110,HUB_RECEIVED,QC_IN_PROGRESS,2026-08-08 10:35:16,,,1.0
566,110,HUB_RECEIVED,QC_IN_PROGRESS,2026-08-08 10:35:16,,,1.0
567,110,QC_IN_PROGRESS,QC_PASSED,2026-08-08 10:35:16,,,1.0
568,110,QC_PASSED,PACKAGING_PENDING,2026-08-08 10:35:17,,,1.0
569,110,PACKAGING_PENDING,PACKAGING_IN_PROGRESS,2026-08-08 10:35:23,,,1.0
570,110,PACKAGING_IN_PROGRESS,HUB_PACKAGED,2026-08-08 10:35:41,,,1.0
571,111,OUTBOUND_READY,OUTBOUND_BOOKED,2026-08-08 10:37:34,Outbound booked,,
572,111,OUTBOUND_BOOKED,DISPATCHED_TO_CUSTOMER,2026-08-08 10:37:34,Pickup scheduled - moved to in transit,,
573,111,DISPATCHED_TO_CUSTOMER,OUT_FOR_DELIVERY,2026-08-08 10:38:48,Dev manual transition: out for delivery before delivery,,1.0
574,111,OUT_FOR_DELIVERY,DELIVERED,2026-08-08 10:38:48,Manually marked delivered by hub/admin,,1.0
575,112,IN_TRANSIT_TO_HUB,HUB_RECEIVED,2026-08-08 11:03:05,Received at hub from admin receiving queue,,1.0
576,112,HUB_RECEIVED,QC_IN_PROGRESS,2026-08-08 11:03:16,,,1.0
577,112,HUB_RECEIVED,QC_IN_PROGRESS,2026-08-08 11:03:16,,,1.0
578,112,QC_IN_PROGRESS,QC_PASSED,2026-08-08 11:03:16,,,1.0
579,112,QC_PASSED,PACKAGING_PENDING,2026-08-08 11:03:16,,,1.0
580,112,PACKAGING_PENDING,PACKAGING_IN_PROGRESS,2026-08-08 11:03:22,,,1.0
581,112,PACKAGING_IN_PROGRESS,HUB_PACKAGED,2026-08-08 11:03:41,,,1.0
582,113,OUTBOUND_READY,OUTBOUND_BOOKED,2026-08-08 11:03:47,Outbound booked,,
583,113,OUTBOUND_BOOKED,DISPATCHED_TO_CUSTOMER,2026-08-08 11:03:48,Pickup scheduled - moved to in transit,,
584,112,HUB_PACKAGED,OUTBOUND_READY,2026-08-08 11:03:49,Hub marked shipment ready to ship,,1.0
585,113,DISPATCHED_TO_CUSTOMER,OUT_FOR_DELIVERY,2026-08-08 11:04:01,Dev manual transition: out for delivery before delivery,,1.0
586,113,OUT_FOR_DELIVERY,DELIVERED,2026-08-08 11:04:01,Manually marked delivered by hub/admin,,1.0
587,114,,RETURN_APPROVED,2026-08-08 12:49:34,Customer return approved,,1.0
588,114,RETURN_APPROVED,RETURN_BOOKED,2026-08-08 12:49:35,Customer return reverse leg booked,,
589,114,RETURN_BOOKED,RETURN_PICKED_UP,2026-08-08 12:49:46,Return ops: picked up from customer,,1.0
590,114,RETURN_PICKED_UP,RETURN_RECEIVED_AT_HUB,2026-08-08 12:50:10,Received at hub from admin receiving queue (customer → hub),,1.0
591,114,RETURN_RECEIVED_AT_HUB,RETURN_QC_PENDING,2026-08-08 12:50:11,Ready for QC after hub receiving,,1.0
592,114,RETURN_QC_PENDING,RETURN_COMPLETED,2026-08-08 12:50:28,Return completed,,1.0
593,115,IN_TRANSIT_TO_HUB,HUB_RECEIVED,2026-08-10 06:18:34,Received at hub from admin receiving queue,,1.0
594,115,HUB_RECEIVED,QC_IN_PROGRESS,2026-08-10 06:18:46,,,1.0
595,115,HUB_RECEIVED,QC_IN_PROGRESS,2026-08-10 06:18:46,,,1.0
596,115,QC_IN_PROGRESS,QC_PASSED,2026-08-10 06:18:46,,,1.0
597,115,QC_PASSED,PACKAGING_PENDING,2026-08-10 06:18:46,,,1.0
598,115,PACKAGING_PENDING,PACKAGING_IN_PROGRESS,2026-08-10 06:18:50,,,1.0
599,115,PACKAGING_IN_PROGRESS,HUB_PACKAGED,2026-08-10 06:19:03,,,1.0
600,116,OUTBOUND_READY,OUTBOUND_BOOKED,2026-08-10 06:19:08,Outbound booked,,
601,116,OUTBOUND_BOOKED,DISPATCHED_TO_CUSTOMER,2026-08-10 06:19:08,Pickup scheduled - moved to in transit,,
602,115,HUB_PACKAGED,OUTBOUND_READY,2026-08-10 06:19:09,Hub marked shipment ready to ship,,1.0
603,116,DISPATCHED_TO_CUSTOMER,OUT_FOR_DELIVERY,2026-08-10 06:19:20,Dev manual transition: out for delivery before delivery,,1.0
604,116,OUT_FOR_DELIVERY,DELIVERED,2026-08-10 06:19:20,Manually marked delivered by hub/admin,,1.0
605,117,,RETURN_APPROVED,2026-08-10 06:20:18,Customer return approved,,1.0
606,117,RETURN_APPROVED,RETURN_BOOKED,2026-08-10 06:20:19,Customer return reverse leg booked,,
607,117,RETURN_BOOKED,RETURN_PICKED_UP,2026-08-10 06:20:28,Return ops: picked up from customer,,1.0
608,117,RETURN_PICKED_UP,RETURN_RECEIVED_AT_HUB,2026-08-10 06:20:52,Received at hub from admin receiving queue (customer → hub),,1.0
609,117,RETURN_RECEIVED_AT_HUB,RETURN_QC_PENDING,2026-08-10 06:20:52,Ready for QC after hub receiving,,1.0
610,117,RETURN_QC_PENDING,RETURN_COMPLETED,2026-08-10 06:21:02,Return completed,,1.0
611,118,IN_TRANSIT_TO_HUB,HUB_RECEIVED,2026-08-10 08:34:50,Received at hub from admin receiving queue,,1.0
612,118,HUB_RECEIVED,QC_IN_PROGRESS,2026-08-10 08:35:15,,,1.0
613,118,HUB_RECEIVED,QC_FAILED_FIXABLE,2026-08-10 08:35:15,"QC failed: 3 item(s) unchecked: Rule_1, Test 1, Test 2",,1.0
614,118,QC_FAILED_FIXABLE,QC_FAILED_RTV,2026-08-10 08:35:17,"QC failed: 3 item(s) unchecked: Rule_1, Test 1, Test 2",,1.0
615,118,QC_FAILED_RTV,RTV_INITIATED,2026-08-10 08:35:17,"QC failed: 3 item(s) unchecked: Rule_1, Test 1, Test 2",,1.0
616,119,,RTV_INITIATED,2026-08-10 08:35:17,"QC failed: 3 item(s) unchecked: Rule_1, Test 1, Test 2",,1.0
617,120,IN_TRANSIT_TO_HUB,HUB_RECEIVED,2026-08-10 08:54:10,Received at hub from admin receiving queue,,1.0
618,120,HUB_RECEIVED,QC_IN_PROGRESS,2026-08-10 08:54:20,,,1.0
619,120,HUB_RECEIVED,QC_IN_PROGRESS,2026-08-10 08:54:20,,,1.0
620,120,QC_IN_PROGRESS,QC_PASSED,2026-08-10 08:54:20,,,1.0
621,120,QC_PASSED,PACKAGING_PENDING,2026-08-10 08:54:20,,,1.0
622,120,PACKAGING_PENDING,PACKAGING_IN_PROGRESS,2026-08-10 08:54:34,,,1.0
623,120,PACKAGING_IN_PROGRESS,HUB_PACKAGED,2026-08-10 08:54:53,,,1.0
624,121,OUTBOUND_READY,OUTBOUND_BOOKED,2026-08-10 08:55:01,Outbound booked,,
625,121,OUTBOUND_BOOKED,DISPATCHED_TO_CUSTOMER,2026-08-10 08:55:01,Pickup scheduled - moved to in transit,,
626,120,HUB_PACKAGED,OUTBOUND_READY,2026-08-10 08:55:03,Hub marked shipment ready to ship,,1.0
627,121,DISPATCHED_TO_CUSTOMER,OUT_FOR_DELIVERY,2026-08-10 08:55:22,Dev manual transition: out for delivery before delivery,,1.0
628,121,OUT_FOR_DELIVERY,DELIVERED,2026-08-10 08:55:22,Manually marked delivered by hub/admin,,1.0
629,122,IN_TRANSIT_TO_HUB,HUB_RECEIVED,2026-08-10 09:01:16,Received at hub from admin receiving queue,,1.0
630,122,HUB_RECEIVED,QC_IN_PROGRESS,2026-08-10 09:01:25,,,1.0
631,122,HUB_RECEIVED,QC_IN_PROGRESS,2026-08-10 09:01:25,,,1.0
632,122,QC_IN_PROGRESS,QC_PASSED,2026-08-10 09:01:25,,,1.0
633,122,QC_PASSED,PACKAGING_PENDING,2026-08-10 09:01:26,,,1.0
634,122,PACKAGING_PENDING,PACKAGING_IN_PROGRESS,2026-08-10 09:01:33,,,1.0
635,122,PACKAGING_IN_PROGRESS,HUB_PACKAGED,2026-08-10 09:01:52,,,1.0
636,123,OUTBOUND_READY,OUTBOUND_BOOKED,2026-08-10 09:02:02,Outbound booked,,
637,123,OUTBOUND_BOOKED,DISPATCHED_TO_CUSTOMER,2026-08-10 09:02:02,Pickup scheduled - moved to in transit,,
638,122,HUB_PACKAGED,OUTBOUND_READY,2026-08-10 09:02:03,Hub marked shipment ready to ship,,1.0
639,123,DISPATCHED_TO_CUSTOMER,OUT_FOR_DELIVERY,2026-08-10 09:02:15,Dev manual transition: out for delivery before delivery,,1.0
640,123,OUT_FOR_DELIVERY,DELIVERED,2026-08-10 09:02:15,Manually marked delivered by hub/admin,,1.0
641,125,IN_TRANSIT_TO_HUB,HUB_RECEIVED,2026-08-10 09:13:03,Received at hub from admin receiving queue,,1.0
642,125,HUB_RECEIVED,QC_IN_PROGRESS,2026-08-10 09:13:26,,,1.0
643,125,HUB_RECEIVED,QC_IN_PROGRESS,2026-08-10 09:13:27,,,1.0
644,125,QC_IN_PROGRESS,QC_PASSED,2026-08-10 09:13:27,,,1.0
645,125,QC_PASSED,PACKAGING_PENDING,2026-08-10 09:13:27,,,1.0
646,125,PACKAGING_PENDING,PACKAGING_IN_PROGRESS,2026-08-10 09:13:36,,,1.0
647,125,PACKAGING_IN_PROGRESS,HUB_PACKAGED,2026-08-10 09:13:55,,,1.0
648,126,OUTBOUND_READY,OUTBOUND_BOOKED,2026-08-10 09:14:03,Outbound booked,,
649,126,OUTBOUND_BOOKED,DISPATCHED_TO_CUSTOMER,2026-08-10 09:14:03,Pickup scheduled - moved to in transit,,
650,125,HUB_PACKAGED,OUTBOUND_READY,2026-08-10 09:14:04,Hub marked shipment ready to ship,,1.0
651,127,IN_TRANSIT_TO_HUB,HUB_RECEIVED,2026-08-10 09:49:11,Received at hub from admin receiving queue,,1.0
652,127,HUB_RECEIVED,QC_IN_PROGRESS,2026-08-10 09:49:29,,,1.0
653,127,HUB_RECEIVED,QC_IN_PROGRESS,2026-08-10 09:49:29,,,1.0
654,127,QC_IN_PROGRESS,QC_PASSED,2026-08-10 09:49:29,,,1.0
655,127,QC_PASSED,PACKAGING_PENDING,2026-08-10 09:49:29,,,1.0
656,127,PACKAGING_PENDING,PACKAGING_IN_PROGRESS,2026-08-10 09:49:45,,,1.0
657,127,PACKAGING_IN_PROGRESS,HUB_PACKAGED,2026-08-10 09:50:04,,,1.0
658,124,IN_TRANSIT_TO_HUB,HUB_RECEIVED,2026-08-10 09:58:17,Received at hub from admin receiving queue,,1.0
659,128,IN_TRANSIT_TO_HUB,HUB_RECEIVED,2026-08-10 10:19:52,Received at hub from admin receiving queue,,1.0
660,128,HUB_RECEIVED,QC_IN_PROGRESS,2026-08-10 10:20:01,,,1.0
661,128,HUB_RECEIVED,QC_IN_PROGRESS,2026-08-10 10:20:01,,,1.0
662,128,QC_IN_PROGRESS,QC_PASSED,2026-08-10 10:20:01,,,1.0
663,128,QC_PASSED,PACKAGING_PENDING,2026-08-10 10:20:02,,,1.0
664,128,PACKAGING_PENDING,PACKAGING_IN_PROGRESS,2026-08-10 10:20:11,,,1.0
665,129,IN_TRANSIT_TO_HUB,HUB_RECEIVED,2026-08-10 10:57:40,Received at hub from admin receiving queue,,1.0
666,129,HUB_RECEIVED,QC_IN_PROGRESS,2026-08-10 10:57:55,,,1.0
667,129,HUB_RECEIVED,QC_IN_PROGRESS,2026-08-10 10:57:55,,,1.0
668,129,QC_IN_PROGRESS,QC_PASSED,2026-08-10 10:57:55,,,1.0
669,129,QC_PASSED,PACKAGING_PENDING,2026-08-10 10:57:55,,,1.0
670,129,PACKAGING_PENDING,PACKAGING_IN_PROGRESS,2026-08-10 10:58:01,,,1.0
671,130,IN_TRANSIT_TO_HUB,HUB_RECEIVED,2026-08-10 15:35:48,Received at hub from admin receiving queue,,1.0
672,130,HUB_RECEIVED,QC_IN_PROGRESS,2026-08-10 15:36:01,,,1.0
673,130,HUB_RECEIVED,QC_IN_PROGRESS,2026-08-10 15:36:01,,,1.0
674,130,QC_IN_PROGRESS,QC_PASSED,2026-08-10 15:36:01,,,1.0
675,130,QC_PASSED,PACKAGING_PENDING,2026-08-10 15:36:01,,,1.0
676,130,PACKAGING_PENDING,PACKAGING_IN_PROGRESS,2026-08-10 15:36:09,,,1.0
677,130,PACKAGING_IN_PROGRESS,HUB_PACKAGED,2026-08-10 15:36:27,,,1.0
678,131,IN_TRANSIT_TO_HUB,HUB_RECEIVED,2026-08-11 04:40:09,Received at hub from admin receiving queue,,1.0
679,131,HUB_RECEIVED,QC_IN_PROGRESS,2026-08-11 04:40:20,,,1.0
680,131,HUB_RECEIVED,QC_IN_PROGRESS,2026-08-11 04:40:20,,,1.0
681,131,QC_IN_PROGRESS,QC_PASSED,2026-08-11 04:40:20,,,1.0
682,131,QC_PASSED,PACKAGING_PENDING,2026-08-11 04:40:20,,,1.0
683,131,PACKAGING_PENDING,PACKAGING_IN_PROGRESS,2026-08-11 04:40:27,,,1.0
684,131,PACKAGING_IN_PROGRESS,HUB_PACKAGED,2026-08-11 04:40:40,,,1.0
685,132,OUTBOUND_READY,OUTBOUND_BOOKED,2026-08-11 04:40:46,Outbound booked,,
686,132,OUTBOUND_BOOKED,DISPATCHED_TO_CUSTOMER,2026-08-11 04:40:46,Pickup scheduled - moved to in transit,,
687,131,HUB_PACKAGED,OUTBOUND_READY,2026-08-11 04:40:48,Hub marked shipment ready to ship,,1.0
688,132,DISPATCHED_TO_CUSTOMER,OUT_FOR_DELIVERY,2026-08-11 04:40:57,Dev manual transition: out for delivery before delivery,,1.0
689,132,OUT_FOR_DELIVERY,DELIVERED,2026-08-11 04:40:57,Manually marked delivered by hub/admin,,1.0
690,133,IN_TRANSIT_TO_HUB,HUB_RECEIVED,2026-08-11 05:01:21,Received at hub from admin receiving queue,,1.0
691,133,HUB_RECEIVED,QC_IN_PROGRESS,2026-08-11 05:01:29,,,1.0
692,133,HUB_RECEIVED,QC_IN_PROGRESS,2026-08-11 05:01:29,,,1.0
693,133,QC_IN_PROGRESS,QC_PASSED,2026-08-11 05:01:29,,,1.0
694,133,QC_PASSED,PACKAGING_PENDING,2026-08-11 05:01:29,,,1.0
695,133,PACKAGING_PENDING,PACKAGING_IN_PROGRESS,2026-08-11 05:01:34,,,1.0
696,133,PACKAGING_IN_PROGRESS,HUB_PACKAGED,2026-08-11 05:01:45,,,1.0
697,134,OUTBOUND_READY,OUTBOUND_BOOKED,2026-08-11 05:01:50,Outbound booked,,
698,134,OUTBOUND_BOOKED,DISPATCHED_TO_CUSTOMER,2026-08-11 05:01:50,Pickup scheduled - moved to in transit,,
699,133,HUB_PACKAGED,OUTBOUND_READY,2026-08-11 05:01:51,Hub marked shipment ready to ship,,1.0
700,135,IN_TRANSIT_TO_HUB,HUB_RECEIVED,2026-08-11 05:10:01,Received at hub from admin receiving queue,,1.0
701,135,HUB_RECEIVED,QC_IN_PROGRESS,2026-08-11 05:10:09,,,1.0
702,135,HUB_RECEIVED,QC_IN_PROGRESS,2026-08-11 05:10:10,,,1.0
703,135,QC_IN_PROGRESS,QC_PASSED,2026-08-11 05:10:10,,,1.0
704,135,QC_PASSED,PACKAGING_PENDING,2026-08-11 05:10:10,,,1.0
705,135,PACKAGING_PENDING,PACKAGING_IN_PROGRESS,2026-08-11 05:10:14,,,1.0
706,135,PACKAGING_IN_PROGRESS,HUB_PACKAGED,2026-08-11 05:10:27,,,1.0
707,136,OUTBOUND_READY,OUTBOUND_BOOKED,2026-08-11 05:10:30,Outbound booked,,
708,136,OUTBOUND_BOOKED,DISPATCHED_TO_CUSTOMER,2026-08-11 05:10:30,Pickup scheduled - moved to in transit,,
709,135,HUB_PACKAGED,OUTBOUND_READY,2026-08-11 05:10:32,Hub marked shipment ready to ship,,1.0
710,137,IN_TRANSIT_TO_HUB,HUB_RECEIVED,2026-08-11 14:38:37,Received at hub from admin receiving queue,,1.0
711,137,HUB_RECEIVED,QC_IN_PROGRESS,2026-08-11 14:39:56,,,1.0
712,137,HUB_RECEIVED,QC_IN_PROGRESS,2026-08-11 14:39:57,,,1.0
713,137,QC_IN_PROGRESS,QC_PASSED,2026-08-11 14:39:57,,,1.0
714,137,QC_PASSED,PACKAGING_PENDING,2026-08-11 14:39:57,,,1.0
715,137,PACKAGING_PENDING,PACKAGING_IN_PROGRESS,2026-08-11 14:41:01,,,1.0
716,137,PACKAGING_IN_PROGRESS,HUB_PACKAGED,2026-08-11 14:41:27,,,1.0
717,138,OUTBOUND_READY,OUTBOUND_BOOKED,2026-08-11 14:41:38,Outbound booked,,
718,138,OUTBOUND_BOOKED,DISPATCHED_TO_CUSTOMER,2026-08-11 14:41:38,Pickup scheduled - moved to in transit,,
719,137,HUB_PACKAGED,OUTBOUND_READY,2026-08-11 14:41:39,Hub marked shipment ready to ship,,1.0
720,138,DISPATCHED_TO_CUSTOMER,OUT_FOR_DELIVERY,2026-08-11 14:46:44,Dev manual transition: out for delivery before delivery,,1.0
721,138,OUT_FOR_DELIVERY,DELIVERED,2026-08-11 14:46:44,Manually marked delivered by hub/admin,,1.0
722,139,,RETURN_APPROVED,2026-08-11 15:00:23,Customer return approved,,1.0
723,139,RETURN_APPROVED,RETURN_BOOKED,2026-08-11 15:00:24,Customer return reverse leg booked,,
724,139,RETURN_BOOKED,RETURN_PICKED_UP,2026-08-11 15:00:41,Return ops: picked up from customer,,1.0
725,139,RETURN_PICKED_UP,RETURN_RECEIVED_AT_HUB,2026-08-11 15:01:07,Received at hub from admin receiving queue (customer → hub),,1.0
726,139,RETURN_RECEIVED_AT_HUB,RETURN_QC_PENDING,2026-08-11 15:01:07,Ready for QC after hub receiving,,1.0
727,139,RETURN_QC_PENDING,RETURN_COMPLETED,2026-08-11 15:02:05,Return completed,,1.0
728,119,RTV_INITIATED,RTV_BOOKED,2026-08-11 15:22:43,return initiate from hub to vendor,,7.0
729,118,RTV_INITIATED,RTV_BOOKED,2026-08-11 15:22:43,Vendor arranged return pickup from hub,,7.0
730,140,IN_TRANSIT_TO_HUB,HUB_RECEIVED,2026-08-13 09:24:37,Received at hub from admin receiving queue,,1.0
731,140,HUB_RECEIVED,QC_IN_PROGRESS,2026-08-13 09:24:57,,,1.0
732,140,HUB_RECEIVED,QC_IN_PROGRESS,2026-08-13 09:24:58,,,1.0
733,140,QC_IN_PROGRESS,QC_PASSED,2026-08-13 09:24:58,,,1.0
734,140,QC_PASSED,PACKAGING_PENDING,2026-08-13 09:24:58,,,1.0
735,140,PACKAGING_PENDING,PACKAGING_IN_PROGRESS,2026-08-13 09:25:08,,,1.0
736,140,PACKAGING_IN_PROGRESS,HUB_PACKAGED,2026-08-13 09:25:30,,,1.0
737,141,OUTBOUND_READY,OUTBOUND_BOOKED,2026-08-13 09:25:39,Outbound booked,,
738,141,OUTBOUND_BOOKED,DISPATCHED_TO_CUSTOMER,2026-08-13 09:25:39,Pickup scheduled - moved to in transit,,
739,140,HUB_PACKAGED,OUTBOUND_READY,2026-08-13 09:25:41,Hub marked shipment ready to ship,,1.0
740,142,IN_TRANSIT_TO_HUB,HUB_RECEIVED,2026-08-13 09:29:34,Received at hub from admin receiving queue,,1.0
741,142,HUB_RECEIVED,QC_IN_PROGRESS,2026-08-13 09:29:47,,,1.0
742,142,HUB_RECEIVED,QC_IN_PROGRESS,2026-08-13 09:29:47,,,1.0
743,142,QC_IN_PROGRESS,QC_PASSED,2026-08-13 09:29:47,,,1.0
744,142,QC_PASSED,PACKAGING_PENDING,2026-08-13 09:29:47,,,1.0
745,142,PACKAGING_PENDING,PACKAGING_IN_PROGRESS,2026-08-13 09:29:54,,,1.0
746,142,PACKAGING_IN_PROGRESS,HUB_PACKAGED,2026-08-13 09:30:14,,,1.0
747,143,IN_TRANSIT_TO_HUB,HUB_RECEIVED,2026-08-13 10:37:39,Received at hub from admin receiving queue,,1.0
748,143,HUB_RECEIVED,QC_IN_PROGRESS,2026-08-13 10:37:53,,,1.0
749,143,HUB_RECEIVED,QC_IN_PROGRESS,2026-08-13 10:37:53,,,1.0
750,143,QC_IN_PROGRESS,QC_PASSED,2026-08-13 10:37:53,,,1.0
751,143,QC_PASSED,PACKAGING_PENDING,2026-08-13 10:37:53,,,1.0
752,143,PACKAGING_PENDING,PACKAGING_IN_PROGRESS,2026-08-13 10:37:58,,,1.0
753,143,PACKAGING_IN_PROGRESS,HUB_PACKAGED,2026-08-13 10:38:23,,,1.0
754,144,IN_TRANSIT_TO_HUB,HUB_RECEIVED,2026-08-13 10:49:47,Received at hub from admin receiving queue,,1.0
755,144,HUB_RECEIVED,QC_IN_PROGRESS,2026-08-13 10:50:02,,,1.0
756,144,HUB_RECEIVED,QC_IN_PROGRESS,2026-08-13 10:50:02,,,1.0
757,144,QC_IN_PROGRESS,QC_PASSED,2026-08-13 10:50:03,,,1.0
758,144,QC_PASSED,PACKAGING_PENDING,2026-08-13 10:50:03,,,1.0
759,144,PACKAGING_PENDING,PACKAGING_IN_PROGRESS,2026-08-13 10:50:11,,,1.0
760,144,PACKAGING_IN_PROGRESS,HUB_PACKAGED,2026-08-13 10:50:34,,,1.0
761,145,OUTBOUND_READY,OUTBOUND_BOOKED,2026-08-13 10:50:54,Outbound booked,,
762,145,OUTBOUND_BOOKED,DISPATCHED_TO_CUSTOMER,2026-08-13 10:50:54,Pickup scheduled - moved to in transit,,
763,144,HUB_PACKAGED,OUTBOUND_READY,2026-08-13 10:50:55,Hub marked shipment ready to ship,,1.0
764,147,IN_TRANSIT_TO_HUB,HUB_RECEIVED,2026-08-13 11:48:04,Received at hub from admin receiving queue,,1.0
765,147,HUB_RECEIVED,QC_IN_PROGRESS,2026-08-13 11:48:17,,,1.0
766,147,HUB_RECEIVED,QC_IN_PROGRESS,2026-08-13 11:48:18,,,1.0
767,147,QC_IN_PROGRESS,QC_PASSED,2026-08-13 11:48:18,,,1.0
768,147,QC_PASSED,PACKAGING_PENDING,2026-08-13 11:48:18,,,1.0
769,147,PACKAGING_PENDING,PACKAGING_IN_PROGRESS,2026-08-13 11:48:23,,,1.0
770,147,PACKAGING_IN_PROGRESS,HUB_PACKAGED,2026-08-13 11:48:43,,,1.0
771,148,IN_TRANSIT_TO_HUB,HUB_RECEIVED,2026-08-13 12:26:17,Received at hub from admin receiving queue,,1.0
772,148,HUB_RECEIVED,QC_IN_PROGRESS,2026-08-13 12:26:39,,,1.0
773,148,HUB_RECEIVED,QC_IN_PROGRESS,2026-08-13 12:26:40,,,1.0
774,148,QC_IN_PROGRESS,QC_PASSED,2026-08-13 12:26:40,,,1.0
775,148,QC_PASSED,PACKAGING_PENDING,2026-08-13 12:26:40,,,1.0
776,148,PACKAGING_PENDING,PACKAGING_IN_PROGRESS,2026-08-13 12:26:57,,,1.0
777,148,PACKAGING_IN_PROGRESS,HUB_PACKAGED,2026-08-13 12:27:31,,,1.0
778,149,IN_TRANSIT_TO_HUB,HUB_RECEIVED,2026-08-18 04:28:19,Received at hub from admin receiving queue,,1.0
779,149,HUB_RECEIVED,QC_IN_PROGRESS,2026-08-18 04:28:37,,,1.0
780,149,HUB_RECEIVED,QC_IN_PROGRESS,2026-08-18 04:28:37,,,1.0
781,149,QC_IN_PROGRESS,QC_PASSED,2026-08-18 04:28:37,,,1.0
782,149,QC_PASSED,PACKAGING_PENDING,2026-08-18 04:28:37,,,1.0
783,149,PACKAGING_PENDING,PACKAGING_IN_PROGRESS,2026-08-18 04:28:41,,,1.0
784,149,PACKAGING_IN_PROGRESS,HUB_PACKAGED,2026-08-18 04:28:54,,,1.0
785,150,OUTBOUND_READY,OUTBOUND_BOOKED,2026-08-18 04:28:58,Outbound booked,,
786,150,OUTBOUND_BOOKED,DISPATCHED_TO_CUSTOMER,2026-08-18 04:28:58,Pickup scheduled - moved to in transit,,
787,149,HUB_PACKAGED,OUTBOUND_READY,2026-08-18 04:29:00,Hub marked shipment ready to ship,,1.0
788,150,DISPATCHED_TO_CUSTOMER,OUT_FOR_DELIVERY,2026-08-18 04:29:09,Dev manual transition: out for delivery before delivery,,1.0
789,150,OUT_FOR_DELIVERY,DELIVERED,2026-08-18 04:29:09,Manually marked delivered by hub/admin,,1.0
790,151,IN_TRANSIT_TO_HUB,HUB_RECEIVED,2026-08-18 05:30:33,Received at hub from admin receiving queue,,1.0
791,151,HUB_RECEIVED,QC_IN_PROGRESS,2026-08-18 05:30:44,,,1.0
792,151,HUB_RECEIVED,QC_IN_PROGRESS,2026-08-18 05:30:45,,,1.0
793,151,QC_IN_PROGRESS,QC_PASSED,2026-08-18 05:30:45,,,1.0
794,151,QC_PASSED,PACKAGING_PENDING,2026-08-18 05:30:45,,,1.0
795,151,PACKAGING_PENDING,PACKAGING_IN_PROGRESS,2026-08-18 05:30:50,,,1.0
796,151,PACKAGING_IN_PROGRESS,HUB_PACKAGED,2026-08-18 05:31:04,,,1.0
797,152,OUTBOUND_READY,OUTBOUND_BOOKED,2026-08-18 05:31:14,Outbound booked,,
798,152,OUTBOUND_BOOKED,DISPATCHED_TO_CUSTOMER,2026-08-18 05:31:14,Pickup scheduled - moved to in transit,,
799,151,HUB_PACKAGED,OUTBOUND_READY,2026-08-18 05:31:15,Hub marked shipment ready to ship,,1.0
800,152,DISPATCHED_TO_CUSTOMER,OUT_FOR_DELIVERY,2026-08-18 05:31:23,Dev manual transition: out for delivery before delivery,,1.0
801,152,OUT_FOR_DELIVERY,DELIVERED,2026-08-18 05:31:24,Manually marked delivered by hub/admin,,1.0
802,153,IN_TRANSIT_TO_HUB,HUB_RECEIVED,2026-08-19 10:00:20,Received at hub from admin receiving queue,,1.0
803,153,HUB_RECEIVED,QC_IN_PROGRESS,2026-08-19 10:00:37,,,1.0
804,153,HUB_RECEIVED,QC_IN_PROGRESS,2026-08-19 10:00:38,,,1.0
805,153,QC_IN_PROGRESS,QC_PASSED,2026-08-19 10:00:38,,,1.0
806,153,QC_PASSED,PACKAGING_PENDING,2026-08-19 10:00:38,,,1.0
807,153,PACKAGING_PENDING,PACKAGING_IN_PROGRESS,2026-08-19 10:00:53,,,1.0
808,153,PACKAGING_IN_PROGRESS,HUB_PACKAGED,2026-08-19 10:01:14,,,1.0
809,154,OUTBOUND_READY,OUTBOUND_BOOKED,2026-08-19 10:01:21,Outbound booked,,
810,154,OUTBOUND_BOOKED,DISPATCHED_TO_CUSTOMER,2026-08-19 10:01:21,Pickup scheduled - moved to in transit,,
811,153,HUB_PACKAGED,OUTBOUND_READY,2026-08-19 10:01:22,Hub marked shipment ready to ship,,1.0
812,154,DISPATCHED_TO_CUSTOMER,OUT_FOR_DELIVERY,2026-08-19 10:01:47,Dev manual transition: out for delivery before delivery,,1.0
813,154,OUT_FOR_DELIVERY,DELIVERED,2026-08-19 10:01:47,Manually marked delivered by hub/admin,,1.0
814,155,,RETURN_APPROVED,2026-08-19 10:07:34,Customer return approved,,1.0
815,155,RETURN_APPROVED,RETURN_BOOKED,2026-08-19 10:07:35,Customer return reverse leg booked,,
816,155,RETURN_BOOKED,RETURN_PICKED_UP,2026-08-19 10:07:57,Return ops: picked up from customer,,1.0
817,155,RETURN_PICKED_UP,RETURN_RECEIVED_AT_HUB,2026-08-19 10:08:16,Received at hub from admin receiving queue (customer → hub),,1.0
818,155,RETURN_RECEIVED_AT_HUB,RETURN_QC_PENDING,2026-08-19 10:08:16,Ready for QC after hub receiving,,1.0
819,155,RETURN_QC_PENDING,RETURN_COMPLETED,2026-08-19 10:08:53,Return completed,,1.0
820,156,,RETURN_APPROVED,2026-08-20 05:40:55,Customer return approved,,1.0
821,156,RETURN_APPROVED,RETURN_BOOKED,2026-08-20 05:40:55,Customer return reverse leg booked,,
822,157,IN_TRANSIT_TO_HUB,HUB_RECEIVED,2026-08-20 13:13:38,Received at hub from admin receiving queue,,1.0
823,157,HUB_RECEIVED,QC_IN_PROGRESS,2026-08-20 13:13:52,,,1.0
824,157,HUB_RECEIVED,QC_IN_PROGRESS,2026-08-20 13:13:52,,,1.0
825,157,QC_IN_PROGRESS,QC_PASSED,2026-08-20 13:13:52,,,1.0
826,157,QC_PASSED,PACKAGING_PENDING,2026-08-20 13:13:52,,,1.0
827,157,PACKAGING_PENDING,PACKAGING_IN_PROGRESS,2026-08-20 13:14:05,,,1.0
828,157,PACKAGING_IN_PROGRESS,HUB_PACKAGED,2026-08-20 13:14:18,,,1.0
829,158,OUTBOUND_READY,OUTBOUND_BOOKED,2026-08-20 13:14:25,Outbound booked,,
830,158,OUTBOUND_BOOKED,DISPATCHED_TO_CUSTOMER,2026-08-20 13:14:25,Pickup scheduled - moved to in transit,,
831,157,HUB_PACKAGED,OUTBOUND_READY,2026-08-20 13:14:27,Hub marked shipment ready to ship,,1.0
832,158,DISPATCHED_TO_CUSTOMER,OUT_FOR_DELIVERY,2026-08-20 13:18:53,Dev manual transition: out for delivery before delivery,,1.0
833,158,OUT_FOR_DELIVERY,DELIVERED,2026-08-20 13:18:53,Manually marked delivered by hub/admin,,1.0
834,159,,RETURN_APPROVED,2026-08-20 13:20:00,Customer return approved,,1.0
835,159,RETURN_APPROVED,RETURN_BOOKED,2026-08-20 13:20:00,Customer return reverse leg booked,,
836,159,RETURN_BOOKED,RETURN_PICKED_UP,2026-08-20 13:20:15,Return ops: picked up from customer,,1.0
837,159,RETURN_PICKED_UP,RETURN_RECEIVED_AT_HUB,2026-08-20 13:20:25,Received at hub from admin receiving queue (customer → hub),,1.0
838,159,RETURN_RECEIVED_AT_HUB,RETURN_QC_PENDING,2026-08-20 13:20:26,Ready for QC after hub receiving,,1.0
839,161,IN_TRANSIT_TO_HUB,HUB_RECEIVED,2026-08-20 13:34:31,Received at hub from admin receiving queue,,1.0
840,161,HUB_RECEIVED,QC_IN_PROGRESS,2026-08-20 13:34:43,,,1.0
841,161,HUB_RECEIVED,QC_IN_PROGRESS,2026-08-20 13:34:44,,,1.0
842,161,QC_IN_PROGRESS,QC_PASSED,2026-08-20 13:34:44,,,1.0
843,161,QC_PASSED,PACKAGING_PENDING,2026-08-20 13:34:44,,,1.0
844,161,PACKAGING_PENDING,PACKAGING_IN_PROGRESS,2026-08-20 13:38:03,,,1.0
845,161,PACKAGING_IN_PROGRESS,HUB_PACKAGED,2026-08-20 13:38:29,,,1.0
846,162,OUTBOUND_READY,OUTBOUND_BOOKED,2026-08-20 13:41:39,Outbound booked,,
847,162,OUTBOUND_BOOKED,DISPATCHED_TO_CUSTOMER,2026-08-20 13:41:39,Pickup scheduled - moved to in transit,,
848,161,HUB_PACKAGED,OUTBOUND_READY,2026-08-20 13:41:40,Hub marked shipment ready to ship,,1.0
849,163,IN_TRANSIT_TO_HUB,HUB_RECEIVED,2026-08-21 15:27:33,Received at hub from admin receiving queue,,1.0
850,163,HUB_RECEIVED,QC_IN_PROGRESS,2026-08-21 15:27:44,,,1.0
851,163,HUB_RECEIVED,QC_IN_PROGRESS,2026-08-21 15:27:44,,,1.0
852,163,QC_IN_PROGRESS,QC_PASSED,2026-08-21 15:27:44,,,1.0
853,163,QC_PASSED,PACKAGING_PENDING,2026-08-21 15:27:44,,,1.0
854,163,PACKAGING_PENDING,PACKAGING_IN_PROGRESS,2026-08-21 15:27:53,,,1.0
855,163,PACKAGING_IN_PROGRESS,HUB_PACKAGED,2026-08-21 15:28:07,,,1.0
856,164,OUTBOUND_READY,OUTBOUND_BOOKED,2026-08-21 15:28:21,Outbound booked,,
857,164,OUTBOUND_BOOKED,DISPATCHED_TO_CUSTOMER,2026-08-21 15:28:21,Pickup scheduled - moved to in transit,,
858,163,HUB_PACKAGED,OUTBOUND_READY,2026-08-21 15:28:22,Hub marked shipment ready to ship,,1.0
859,164,DISPATCHED_TO_CUSTOMER,OUT_FOR_DELIVERY,2026-08-21 15:28:42,Dev manual transition: out for delivery before delivery,,1.0
860,164,OUT_FOR_DELIVERY,DELIVERED,2026-08-21 15:28:42,Manually marked delivered by hub/admin,,1.0
861,165,IN_TRANSIT_TO_HUB,HUB_RECEIVED,2026-08-21 15:33:08,Received at hub from admin receiving queue,,1.0
862,165,HUB_RECEIVED,QC_IN_PROGRESS,2026-08-21 15:33:25,,,1.0
863,165,HUB_RECEIVED,QC_IN_PROGRESS,2026-08-21 15:33:26,,,1.0
864,165,QC_IN_PROGRESS,QC_PASSED,2026-08-21 15:33:26,,,1.0
865,165,QC_PASSED,PACKAGING_PENDING,2026-08-21 15:33:26,,,1.0
866,165,PACKAGING_PENDING,PACKAGING_IN_PROGRESS,2026-08-21 15:33:33,,,1.0
867,165,PACKAGING_IN_PROGRESS,HUB_PACKAGED,2026-08-21 15:33:45,,,1.0
868,166,OUTBOUND_READY,OUTBOUND_BOOKED,2026-08-21 15:33:50,Outbound booked,,
869,166,OUTBOUND_BOOKED,DISPATCHED_TO_CUSTOMER,2026-08-21 15:33:50,Pickup scheduled - moved to in transit,,
870,165,HUB_PACKAGED,OUTBOUND_READY,2026-08-21 15:33:51,Hub marked shipment ready to ship,,1.0
871,166,DISPATCHED_TO_CUSTOMER,OUT_FOR_DELIVERY,2026-08-21 15:34:05,Dev manual transition: out for delivery before delivery,,1.0
872,166,OUT_FOR_DELIVERY,DELIVERED,2026-08-21 15:34:05,Manually marked delivered by hub/admin,,1.0
873,167,,RETURN_APPROVED,2026-08-21 15:35:04,Customer return approved,,1.0
874,167,RETURN_APPROVED,RETURN_BOOKED,2026-08-21 15:35:05,Customer return reverse leg booked,,
875,167,RETURN_BOOKED,RETURN_PICKED_UP,2026-08-21 15:35:28,Return ops: picked up from customer,,1.0
876,167,RETURN_PICKED_UP,RETURN_RECEIVED_AT_HUB,2026-08-21 15:35:40,Received at hub from admin receiving queue (customer → hub),,1.0
877,167,RETURN_RECEIVED_AT_HUB,RETURN_QC_PENDING,2026-08-21 15:35:40,Ready for QC after hub receiving,,1.0
878,167,RETURN_QC_PENDING,RETURN_COMPLETED,2026-08-21 15:36:12,Return completed,,1.0
879,168,,RETURN_APPROVED,2026-08-22 06:34:53,Customer return approved,,1.0
880,168,RETURN_APPROVED,RETURN_BOOKED,2026-08-22 06:34:54,Customer return reverse leg booked,,
881,169,IN_TRANSIT_TO_HUB,HUB_RECEIVED,2026-08-22 06:35:56,Received at hub from admin receiving queue,,1.0
882,169,HUB_RECEIVED,QC_IN_PROGRESS,2026-08-22 06:36:14,,,1.0
883,169,HUB_RECEIVED,QC_IN_PROGRESS,2026-08-22 06:36:14,,,1.0
884,169,QC_IN_PROGRESS,QC_PASSED,2026-08-22 06:36:14,,,1.0
885,169,QC_PASSED,PACKAGING_PENDING,2026-08-22 06:36:14,,,1.0
886,169,PACKAGING_PENDING,PACKAGING_IN_PROGRESS,2026-08-22 06:36:31,,,1.0
887,169,PACKAGING_IN_PROGRESS,HUB_PACKAGED,2026-08-22 06:36:44,,,1.0
888,171,OUTBOUND_READY,OUTBOUND_BOOKED,2026-08-22 06:37:56,Outbound booked,,
889,171,OUTBOUND_BOOKED,DISPATCHED_TO_CUSTOMER,2026-08-22 06:37:56,Pickup scheduled - moved to in transit,,
890,171,DISPATCHED_TO_CUSTOMER,OUT_FOR_DELIVERY,2026-08-22 06:38:09,Dev manual transition: out for delivery before delivery,,1.0
891,171,OUT_FOR_DELIVERY,DELIVERED,2026-08-22 06:38:09,Manually marked delivered by hub/admin,,1.0
892,168,RETURN_BOOKED,RETURN_PICKED_UP,2026-08-22 06:39:24,Staging: picked up from customer (reverse logistics board),,1.0
893,168,RETURN_PICKED_UP,RETURN_IN_TRANSIT,2026-08-22 06:39:37,Staging: in transit to hub (reverse logistics board),,1.0
894,168,RETURN_IN_TRANSIT,RETURN_RECEIVED_AT_HUB,2026-08-22 06:40:04,Received at hub from admin receiving queue (customer → hub),,1.0
895,168,RETURN_RECEIVED_AT_HUB,RETURN_QC_PENDING,2026-08-22 06:40:05,Ready for QC after hub receiving,,1.0
896,168,RETURN_QC_PENDING,RETURN_COMPLETED,2026-08-22 06:40:18,Return completed,,1.0
897,172,,RETURN_APPROVED,2026-08-22 06:44:58,Customer return approved,,1.0
898,172,RETURN_APPROVED,RETURN_BOOKED,2026-08-22 06:44:59,Customer return reverse leg booked,,
899,173,IN_TRANSIT_TO_HUB,HUB_RECEIVED,2026-08-22 06:45:57,Received at hub from admin receiving queue,,1.0
900,173,HUB_RECEIVED,QC_IN_PROGRESS,2026-08-22 06:46:35,,,1.0
901,173,HUB_RECEIVED,QC_IN_PROGRESS,2026-08-22 06:46:35,,,1.0
902,173,QC_IN_PROGRESS,QC_PASSED,2026-08-22 06:46:35,,,1.0
903,173,QC_PASSED,PACKAGING_PENDING,2026-08-22 06:46:36,,,1.0
904,173,PACKAGING_PENDING,PACKAGING_IN_PROGRESS,2026-08-22 06:46:45,,,1.0
905,173,PACKAGING_IN_PROGRESS,HUB_PACKAGED,2026-08-22 06:46:56,,,1.0
906,175,OUTBOUND_READY,OUTBOUND_BOOKED,2026-08-22 06:47:37,Outbound booked,,
907,175,OUTBOUND_BOOKED,DISPATCHED_TO_CUSTOMER,2026-08-22 06:47:37,Pickup scheduled - moved to in transit,,
908,175,DISPATCHED_TO_CUSTOMER,OUT_FOR_DELIVERY,2026-08-22 06:47:44,Dev manual transition: out for delivery before delivery,,1.0
909,175,OUT_FOR_DELIVERY,DELIVERED,2026-08-22 06:47:44,Manually marked delivered by hub/admin,,1.0
910,176,,RETURN_APPROVED,2026-08-22 06:49:28,Customer return approved,,1.0
911,176,RETURN_APPROVED,RETURN_BOOKED,2026-08-22 06:49:28,Customer return reverse leg booked,,
912,172,RETURN_BOOKED,RETURN_PICKED_UP,2026-08-22 06:51:00,Staging: picked up from customer (reverse logistics board),,1.0
913,172,RETURN_PICKED_UP,RETURN_IN_TRANSIT,2026-08-22 06:51:05,Staging: in transit to hub (reverse logistics board),,1.0
914,177,IN_TRANSIT_TO_HUB,HUB_RECEIVED,2026-08-22 06:51:26,Received at hub from admin receiving queue,,1.0
915,172,RETURN_IN_TRANSIT,RETURN_RECEIVED_AT_HUB,2026-08-22 06:51:55,Received at hub from admin receiving queue (customer → hub),,1.0
916,172,RETURN_RECEIVED_AT_HUB,RETURN_QC_PENDING,2026-08-22 06:51:55,Ready for QC after hub receiving,,1.0
917,177,HUB_RECEIVED,QC_IN_PROGRESS,2026-08-22 07:02:56,,,1.0
918,177,HUB_RECEIVED,QC_IN_PROGRESS,2026-08-22 07:02:57,,,1.0
919,177,QC_IN_PROGRESS,QC_PASSED,2026-08-22 07:02:57,,,1.0
920,177,QC_PASSED,PACKAGING_PENDING,2026-08-22 07:02:57,,,1.0
921,172,RETURN_QC_PENDING,RETURN_COMPLETED,2026-08-22 07:03:07,Return completed,,1.0
922,178,IN_TRANSIT_TO_HUB,HUB_RECEIVED,2026-08-22 10:08:41,Received at hub from admin receiving queue,,1.0
923,178,HUB_RECEIVED,QC_IN_PROGRESS,2026-08-22 10:10:50,,,1.0
924,178,HUB_RECEIVED,QC_IN_PROGRESS,2026-08-22 10:10:51,,,1.0
925,178,QC_IN_PROGRESS,QC_PASSED,2026-08-22 10:10:51,,,1.0
926,178,QC_PASSED,PACKAGING_PENDING,2026-08-22 10:10:51,,,1.0
927,178,PACKAGING_PENDING,PACKAGING_IN_PROGRESS,2026-08-22 10:13:33,,,1.0
928,178,PACKAGING_IN_PROGRESS,HUB_PACKAGED,2026-08-22 10:18:47,,,1.0
929,179,OUTBOUND_READY,OUTBOUND_BOOKED,2026-08-22 10:19:08,Outbound booked,,
930,179,OUTBOUND_BOOKED,DISPATCHED_TO_CUSTOMER,2026-08-22 10:19:08,Pickup scheduled - moved to in transit,,
931,178,HUB_PACKAGED,OUTBOUND_READY,2026-08-22 10:19:09,Hub marked shipment ready to ship,,1.0
932,179,DISPATCHED_TO_CUSTOMER,OUT_FOR_DELIVERY,2026-08-22 10:21:14,Dev manual transition: out for delivery before delivery,,1.0
933,179,OUT_FOR_DELIVERY,DELIVERED,2026-08-22 10:21:14,Manually marked delivered by hub/admin,,1.0
934,181,OUTBOUND_READY,OUTBOUND_BOOKED,2026-08-22 10:33:12,Outbound booked,,
935,181,OUTBOUND_BOOKED,DISPATCHED_TO_CUSTOMER,2026-08-22 10:33:12,Pickup scheduled - moved to in transit,,
936,83,HUB_PACKAGED,OUTBOUND_READY,2026-08-22 10:33:14,Hub marked shipment ready to ship,,1.0
937,183,IN_TRANSIT_TO_HUB,HUB_RECEIVED,2026-08-25 13:26:39,Received at hub from admin receiving queue,,1.0
938,183,HUB_RECEIVED,QC_IN_PROGRESS,2026-08-25 13:26:59,,,1.0
939,183,HUB_RECEIVED,QC_IN_PROGRESS,2026-08-25 13:27:00,,,1.0
940,183,QC_IN_PROGRESS,QC_PASSED,2026-08-25 13:27:00,,,1.0
941,183,QC_PASSED,PACKAGING_PENDING,2026-08-25 13:27:00,,,1.0
942,183,PACKAGING_PENDING,PACKAGING_IN_PROGRESS,2026-08-25 13:27:05,,,1.0
943,183,PACKAGING_IN_PROGRESS,HUB_PACKAGED,2026-08-25 13:27:17,,,1.0
944,177,PACKAGING_PENDING,PACKAGING_IN_PROGRESS,2026-08-25 13:27:24,,,1.0
945,177,PACKAGING_IN_PROGRESS,HUB_PACKAGED,2026-08-25 13:27:37,,,1.0
946,185,IN_TRANSIT_TO_HUB,HUB_RECEIVED,2026-08-25 13:31:39,Received at hub from admin receiving queue,,1.0
947,185,HUB_RECEIVED,QC_IN_PROGRESS,2026-08-25 13:31:51,,,1.0
948,185,HUB_RECEIVED,QC_IN_PROGRESS,2026-08-25 13:31:51,,,1.0
949,185,QC_IN_PROGRESS,QC_PASSED,2026-08-25 13:31:51,,,1.0
950,185,QC_PASSED,PACKAGING_PENDING,2026-08-25 13:31:51,,,1.0
951,185,PACKAGING_PENDING,PACKAGING_IN_PROGRESS,2026-08-25 13:31:58,,,1.0
952,185,PACKAGING_IN_PROGRESS,HUB_PACKAGED,2026-08-25 13:32:09,,,1.0
953,186,OUTBOUND_READY,OUTBOUND_BOOKED,2026-08-25 13:32:17,Outbound booked,,
954,186,OUTBOUND_BOOKED,DISPATCHED_TO_CUSTOMER,2026-08-25 13:32:17,Pickup scheduled - moved to in transit,,
955,185,HUB_PACKAGED,OUTBOUND_READY,2026-08-25 13:32:18,Hub marked shipment ready to ship,,1.0
956,186,DISPATCHED_TO_CUSTOMER,OUT_FOR_DELIVERY,2026-08-25 13:32:32,Dev manual transition: out for delivery before delivery,,1.0
957,186,OUT_FOR_DELIVERY,DELIVERED,2026-08-25 13:32:32,Manually marked delivered by hub/admin,,1.0
958,187,,RETURN_APPROVED,2026-08-25 13:33:26,Customer return approved,,1.0
959,187,RETURN_APPROVED,RETURN_BOOKED,2026-08-25 13:33:27,Customer return reverse leg booked,,
960,189,IN_TRANSIT_TO_HUB,HUB_RECEIVED,2026-08-25 13:37:25,Received at hub from admin receiving queue,,1.0
961,189,HUB_RECEIVED,QC_IN_PROGRESS,2026-08-25 13:37:34,,,1.0
962,189,HUB_RECEIVED,QC_IN_PROGRESS,2026-08-25 13:37:35,,,1.0
963,189,QC_IN_PROGRESS,QC_PASSED,2026-08-25 13:37:35,,,1.0
964,189,QC_PASSED,PACKAGING_PENDING,2026-08-25 13:37:35,,,1.0
965,189,PACKAGING_PENDING,PACKAGING_IN_PROGRESS,2026-08-25 13:37:40,,,1.0
966,189,PACKAGING_IN_PROGRESS,HUB_PACKAGED,2026-08-25 13:37:52,,,1.0
967,190,OUTBOUND_READY,OUTBOUND_BOOKED,2026-08-25 13:37:58,Outbound booked,,
968,190,OUTBOUND_BOOKED,DISPATCHED_TO_CUSTOMER,2026-08-25 13:37:58,Pickup scheduled - moved to in transit,,
969,189,HUB_PACKAGED,OUTBOUND_READY,2026-08-25 13:38:00,Hub marked shipment ready to ship,,1.0
970,190,DISPATCHED_TO_CUSTOMER,OUT_FOR_DELIVERY,2026-08-25 13:38:10,Dev manual transition: out for delivery before delivery,,1.0
971,190,OUT_FOR_DELIVERY,DELIVERED,2026-08-25 13:38:10,Manually marked delivered by hub/admin,,1.0
972,192,IN_TRANSIT_TO_HUB,HUB_RECEIVED,2026-08-26 17:15:53,Received at hub from admin receiving queue,,1.0
973,192,HUB_RECEIVED,QC_IN_PROGRESS,2026-08-26 17:16:08,,,1.0
974,192,HUB_RECEIVED,QC_IN_PROGRESS,2026-08-26 17:16:08,,,1.0
975,192,QC_IN_PROGRESS,QC_PASSED,2026-08-26 17:16:08,,,1.0
976,192,QC_PASSED,PACKAGING_PENDING,2026-08-26 17:16:08,,,1.0
977,192,PACKAGING_PENDING,PACKAGING_IN_PROGRESS,2026-08-26 17:16:15,,,1.0
978,192,PACKAGING_IN_PROGRESS,HUB_PACKAGED,2026-08-26 17:16:28,,,1.0
979,193,OUTBOUND_READY,OUTBOUND_BOOKED,2026-08-26 17:16:33,Outbound booked,,
980,193,OUTBOUND_BOOKED,DISPATCHED_TO_CUSTOMER,2026-08-26 17:16:33,Pickup scheduled - moved to in transit,,
981,192,HUB_PACKAGED,OUTBOUND_READY,2026-08-26 17:16:34,Hub marked shipment ready to ship,,1.0
982,193,DISPATCHED_TO_CUSTOMER,OUT_FOR_DELIVERY,2026-08-26 17:20:06,Dev manual transition: out for delivery before delivery,,1.0
983,193,OUT_FOR_DELIVERY,DELIVERED,2026-08-26 17:20:06,Manually marked delivered by hub/admin,,1.0
984,194,,RETURN_APPROVED,2026-08-26 17:28:42,Customer return approved,,1.0
985,194,RETURN_APPROVED,RETURN_BOOKED,2026-08-26 17:28:43,Customer return reverse leg booked,,
986,194,RETURN_BOOKED,RETURN_PICKED_UP,2026-08-26 17:28:48,Return ops: picked up from customer,,1.0
987,191,IN_TRANSIT_TO_HUB,HUB_RECEIVED,2026-08-26 17:34:17,Received at hub from admin receiving queue,,1.0
988,194,RETURN_PICKED_UP,RETURN_RECEIVED_AT_HUB,2026-08-26 17:34:50,Received at hub from admin receiving queue (customer → hub),,1.0
989,194,RETURN_RECEIVED_AT_HUB,RETURN_QC_PENDING,2026-08-26 17:34:50,Ready for QC after hub receiving,,1.0
990,194,RETURN_QC_PENDING,RETURN_COMPLETED,2026-08-26 17:36:33,Return completed,,1.0
991,195,IN_TRANSIT_TO_HUB,HUB_RECEIVED,2026-08-26 17:58:18,Received at hub from admin receiving queue,,1.0
992,195,HUB_RECEIVED,QC_IN_PROGRESS,2026-08-26 18:00:21,,,1.0
993,195,HUB_RECEIVED,QC_IN_PROGRESS,2026-08-26 18:00:21,,,1.0
994,195,QC_IN_PROGRESS,QC_PASSED,2026-08-26 18:00:21,,,1.0
995,195,QC_PASSED,PACKAGING_PENDING,2026-08-26 18:00:22,,,1.0
996,195,PACKAGING_PENDING,PACKAGING_IN_PROGRESS,2026-08-26 18:00:29,,,1.0
997,195,PACKAGING_IN_PROGRESS,HUB_PACKAGED,2026-08-26 18:00:40,,,1.0
998,196,OUTBOUND_READY,OUTBOUND_BOOKED,2026-08-26 18:00:45,Outbound booked,,
999,196,OUTBOUND_BOOKED,DISPATCHED_TO_CUSTOMER,2026-08-26 18:00:45,Pickup scheduled - moved to in transit,,
1000,195,HUB_PACKAGED,OUTBOUND_READY,2026-08-26 18:00:46,Hub marked shipment ready to ship,,1.0
1001,196,DISPATCHED_TO_CUSTOMER,OUT_FOR_DELIVERY,2026-08-26 18:01:13,Dev manual transition: out for delivery before delivery,,1.0
1002,196,OUT_FOR_DELIVERY,DELIVERED,2026-08-26 18:01:13,Manually marked delivered by hub/admin,,1.0
1003,197,,RETURN_APPROVED,2026-08-26 18:03:35,Customer return approved,,1.0
1004,197,RETURN_APPROVED,RETURN_BOOKED,2026-08-26 18:03:35,Customer return reverse leg booked,,
1005,197,RETURN_BOOKED,RETURN_PICKED_UP,2026-08-26 18:04:37,Return ops: picked up from customer,,1.0
1006,197,RETURN_PICKED_UP,RETURN_RECEIVED_AT_HUB,2026-08-26 18:05:00,Received at hub from admin receiving queue (customer → hub),,1.0
1007,197,RETURN_RECEIVED_AT_HUB,RETURN_QC_PENDING,2026-08-26 18:05:00,Ready for QC after hub receiving,,1.0
1008,197,RETURN_QC_PENDING,RETURN_QC_FAILED,2026-08-26 18:07:16,Return QC failed at hub,,1.0
1009,198,IN_TRANSIT_TO_HUB,HUB_RECEIVED,2026-08-26 18:15:41,Received at hub from admin receiving queue,,1.0
1010,198,HUB_RECEIVED,QC_IN_PROGRESS,2026-08-26 18:15:57,,,1.0
1011,198,HUB_RECEIVED,QC_IN_PROGRESS,2026-08-26 18:15:57,,,1.0
1012,198,QC_IN_PROGRESS,QC_PASSED,2026-08-26 18:15:57,,,1.0
1013,198,QC_PASSED,PACKAGING_PENDING,2026-08-26 18:15:57,,,1.0
1014,198,PACKAGING_PENDING,PACKAGING_IN_PROGRESS,2026-08-26 18:16:28,,,1.0
1015,198,PACKAGING_IN_PROGRESS,HUB_PACKAGED,2026-08-26 18:16:38,,,1.0
1016,199,OUTBOUND_READY,OUTBOUND_BOOKED,2026-08-26 18:16:45,Outbound booked,,
1017,199,OUTBOUND_BOOKED,DISPATCHED_TO_CUSTOMER,2026-08-26 18:16:45,Pickup scheduled - moved to in transit,,
1018,198,HUB_PACKAGED,OUTBOUND_READY,2026-08-26 18:16:46,Hub marked shipment ready to ship,,1.0
1019,199,DISPATCHED_TO_CUSTOMER,OUT_FOR_DELIVERY,2026-08-26 18:16:55,Dev manual transition: out for delivery before delivery,,1.0
1020,199,OUT_FOR_DELIVERY,DELIVERED,2026-08-26 18:16:55,Manually marked delivered by hub/admin,,1.0
1021,200,,RETURN_APPROVED,2026-08-26 18:20:07,Customer return approved,,1.0
1022,200,RETURN_APPROVED,RETURN_BOOKED,2026-08-26 18:20:07,Customer return reverse leg booked,,
1023,201,IN_TRANSIT_TO_HUB,HUB_RECEIVED,2026-08-26 18:31:51,Received at hub from admin receiving queue,,1.0
1024,200,RETURN_BOOKED,RETURN_PICKED_UP,2026-08-26 18:32:53,Staging: picked up from customer (reverse logistics board),,1.0
1025,200,RETURN_PICKED_UP,RETURN_IN_TRANSIT,2026-08-26 18:33:02,Staging: in transit to hub (reverse logistics board),,1.0
1026,200,RETURN_IN_TRANSIT,RETURN_RECEIVED_AT_HUB,2026-08-26 18:33:44,Received at hub from admin receiving queue (customer → hub),,1.0
1027,200,RETURN_RECEIVED_AT_HUB,RETURN_QC_PENDING,2026-08-26 18:33:44,Ready for QC after hub receiving,,1.0
1028,188,IN_TRANSIT_TO_HUB,HUB_RECEIVED,2026-08-26 18:33:57,Received at hub from admin receiving queue,,1.0
1029,204,IN_TRANSIT_TO_HUB,HUB_RECEIVED,2026-08-27 11:14:56,Received at hub from admin receiving queue,,1.0
1030,204,HUB_RECEIVED,QC_IN_PROGRESS,2026-08-27 11:32:31,,,1.0
1031,204,HUB_RECEIVED,QC_IN_PROGRESS,2026-08-27 11:32:31,,,1.0
1032,204,QC_IN_PROGRESS,QC_PASSED,2026-08-27 11:32:32,,,1.0
1033,204,QC_PASSED,PACKAGING_PENDING,2026-08-27 11:32:32,,,1.0
1034,204,PACKAGING_PENDING,PACKAGING_IN_PROGRESS,2026-08-27 11:33:18,,,1.0
1035,204,PACKAGING_IN_PROGRESS,HUB_PACKAGED,2026-08-27 11:33:44,,,1.0
1036,205,OUTBOUND_READY,OUTBOUND_BOOKED,2026-08-27 11:33:53,Outbound booked,,
1037,205,OUTBOUND_BOOKED,DISPATCHED_TO_CUSTOMER,2026-08-27 11:33:53,Pickup scheduled - moved to in transit,,
1038,204,HUB_PACKAGED,OUTBOUND_READY,2026-08-27 11:33:54,Hub marked shipment ready to ship,,1.0
1039,205,DISPATCHED_TO_CUSTOMER,OUT_FOR_DELIVERY,2026-08-27 11:35:12,Dev manual transition: out for delivery before delivery,,1.0
1040,205,OUT_FOR_DELIVERY,DELIVERED,2026-08-27 11:35:12,Manually marked delivered by hub/admin,,1.0
1041,206,IN_TRANSIT_TO_HUB,HUB_RECEIVED,2026-08-29 06:31:23,Received at hub from admin receiving queue,,1.0
1042,206,HUB_RECEIVED,QC_IN_PROGRESS,2026-08-29 06:31:32,,,1.0
1043,206,HUB_RECEIVED,QC_IN_PROGRESS,2026-08-29 06:31:33,,,1.0
1044,206,QC_IN_PROGRESS,QC_PASSED,2026-08-29 06:31:33,,,1.0
1045,206,QC_PASSED,PACKAGING_PENDING,2026-08-29 06:31:33,,,1.0
1046,206,PACKAGING_PENDING,PACKAGING_IN_PROGRESS,2026-08-29 06:31:41,,,1.0
1047,206,PACKAGING_IN_PROGRESS,HUB_PACKAGED,2026-08-29 06:31:53,,,1.0
1048,207,OUTBOUND_READY,OUTBOUND_BOOKED,2026-08-29 06:32:03,Outbound booked,,
1049,207,OUTBOUND_BOOKED,DISPATCHED_TO_CUSTOMER,2026-08-29 06:32:03,Pickup scheduled - moved to in transit,,
1050,206,HUB_PACKAGED,OUTBOUND_READY,2026-08-29 06:32:06,Hub marked shipment ready to ship,,1.0
1051,208,IN_TRANSIT_TO_HUB,HUB_RECEIVED,2026-08-29 07:17:58,Received at hub from admin receiving queue,,1.0
1052,208,HUB_RECEIVED,QC_IN_PROGRESS,2026-08-29 07:18:08,,,1.0
1053,208,HUB_RECEIVED,QC_IN_PROGRESS,2026-08-29 07:18:08,,,1.0
1054,208,QC_IN_PROGRESS,QC_PASSED,2026-08-29 07:18:08,,,1.0
1055,208,QC_PASSED,PACKAGING_PENDING,2026-08-29 07:18:09,,,1.0
1056,208,PACKAGING_PENDING,PACKAGING_IN_PROGRESS,2026-08-29 07:18:13,,,1.0
1057,208,PACKAGING_IN_PROGRESS,HUB_PACKAGED,2026-08-29 07:18:27,,,1.0
1058,209,OUTBOUND_READY,OUTBOUND_BOOKED,2026-08-29 07:18:33,Outbound booked,,
1059,209,OUTBOUND_BOOKED,DISPATCHED_TO_CUSTOMER,2026-08-29 07:18:33,Pickup scheduled - moved to in transit,,
1060,208,HUB_PACKAGED,OUTBOUND_READY,2026-08-29 07:18:34,Hub marked shipment ready to ship,,1.0
1061,209,DISPATCHED_TO_CUSTOMER,OUT_FOR_DELIVERY,2026-08-29 08:07:00,Dev manual transition: out for delivery before delivery,,1.0
1062,209,OUT_FOR_DELIVERY,DELIVERED,2026-08-29 08:07:01,Manually marked delivered by hub/admin,,1.0
1063,210,,RETURN_APPROVED,2026-08-29 08:08:02,Customer return approved,,1.0
1064,210,RETURN_APPROVED,RETURN_BOOKED,2026-08-29 08:08:03,Customer return reverse leg booked,,
1065,210,RETURN_BOOKED,RETURN_PICKED_UP,2026-08-29 08:08:51,Return ops: picked up from customer,,1.0
1066,210,RETURN_PICKED_UP,RETURN_RECEIVED_AT_HUB,2026-08-29 08:08:59,Received at hub from admin receiving queue (customer → hub),,1.0
1067,210,RETURN_RECEIVED_AT_HUB,RETURN_QC_PENDING,2026-08-29 08:08:59,Ready for QC after hub receiving,,1.0
1068,210,RETURN_QC_PENDING,RETURN_COMPLETED,2026-08-29 08:09:23,Return completed,,1.0
1069,211,IN_TRANSIT_TO_HUB,HUB_RECEIVED,2026-08-31 08:59:44,Received at hub from admin receiving queue,,1.0
1070,211,HUB_RECEIVED,QC_IN_PROGRESS,2026-08-31 08:59:54,,,1.0
1071,211,HUB_RECEIVED,QC_IN_PROGRESS,2026-08-31 08:59:55,,,1.0
1072,211,QC_IN_PROGRESS,QC_PASSED,2026-08-31 08:59:55,,,1.0
1073,211,QC_PASSED,PACKAGING_PENDING,2026-08-31 08:59:55,,,1.0
1074,211,PACKAGING_PENDING,PACKAGING_IN_PROGRESS,2026-08-31 09:00:02,,,1.0
1075,211,PACKAGING_IN_PROGRESS,HUB_PACKAGED,2026-08-31 09:00:14,,,1.0
1076,212,OUTBOUND_READY,OUTBOUND_BOOKED,2026-08-31 09:00:19,Outbound booked,,
1077,212,OUTBOUND_BOOKED,DISPATCHED_TO_CUSTOMER,2026-08-31 09:00:19,Pickup scheduled - moved to in transit,,
1078,211,HUB_PACKAGED,OUTBOUND_READY,2026-08-31 09:00:21,Hub marked shipment ready to ship,,1.0
1083,191,HUB_RECEIVED,QC_IN_PROGRESS,2026-09-02 11:56:21,,,1.0
1084,191,HUB_RECEIVED,QC_IN_PROGRESS,2026-09-02 11:56:21,,,1.0
1085,191,QC_IN_PROGRESS,QC_PASSED,2026-09-02 11:56:22,,,1.0
1086,191,QC_PASSED,PACKAGING_PENDING,2026-09-02 11:56:22,,,1.0
1087,191,PACKAGING_PENDING,PACKAGING_IN_PROGRESS,2026-09-02 11:56:52,,,1.0
1088,214,IN_TRANSIT_TO_HUB,HUB_RECEIVED,2026-09-03 05:31:40,Received at hub from admin receiving queue,,1.0
1089,214,HUB_RECEIVED,QC_IN_PROGRESS,2026-09-03 05:44:50,,,1.0
1090,214,HUB_RECEIVED,QC_FAILED_FIXABLE,2026-09-03 05:44:50,"QC failed: 5 item(s) unchecked: Rule_1, Test 1, Test 2, quantity, quality",,1.0
1091,214,QC_FAILED_FIXABLE,QC_FAILED_RTV,2026-09-03 05:44:50,"QC failed: 5 item(s) unchecked: Rule_1, Test 1, Test 2, quantity, quality",,1.0
1092,214,QC_FAILED_RTV,RTV_INITIATED,2026-09-03 05:44:50,"QC failed: 5 item(s) unchecked: Rule_1, Test 1, Test 2, quantity, quality",,1.0
1093,215,,RTV_INITIATED,2026-09-03 05:44:51,"QC failed: 5 item(s) unchecked: Rule_1, Test 1, Test 2, quantity, quality",,1.0
1094,216,IN_TRANSIT_TO_HUB,HUB_RECEIVED,2026-09-03 06:02:17,Received at hub from admin receiving queue,,1.0
1095,217,IN_TRANSIT_TO_HUB,HUB_RECEIVED,2026-09-03 06:40:36,Received at hub from admin receiving queue,,1.0
1096,217,HUB_RECEIVED,QC_IN_PROGRESS,2026-09-03 06:42:51,,,1.0
1097,217,HUB_RECEIVED,QC_IN_PROGRESS,2026-09-03 06:42:51,,,1.0
1098,217,QC_IN_PROGRESS,QC_PASSED,2026-09-03 06:42:51,,,1.0
1099,217,QC_PASSED,PACKAGING_PENDING,2026-09-03 06:42:51,,,1.0
1100,217,PACKAGING_PENDING,PACKAGING_IN_PROGRESS,2026-09-03 06:43:04,,,1.0
1101,218,,OUTBOUND_BOOKED,2026-09-03 08:13:48,Outbound booked,,
1102,218,OUTBOUND_BOOKED,DISPATCHED_TO_CUSTOMER,2026-09-03 08:13:48,Pickup scheduled - moved to in transit,,
1103,142,HUB_PACKAGED,OUTBOUND_READY,2026-09-03 08:13:49,Included in consolidated outbound dispatch,,1.0
1104,130,HUB_PACKAGED,OUTBOUND_READY,2026-09-03 08:13:49,Included in consolidated outbound dispatch,,1.0
1105,219,IN_TRANSIT_TO_HUB,HUB_RECEIVED,2026-09-03 08:44:32,Received at hub from admin receiving queue,,1.0
1106,219,HUB_RECEIVED,QC_IN_PROGRESS,2026-09-03 08:44:56,,,1.0
1107,219,HUB_RECEIVED,QC_IN_PROGRESS,2026-09-03 08:44:56,,,1.0
1108,219,QC_IN_PROGRESS,QC_PASSED,2026-09-03 08:44:56,,,1.0
1109,219,QC_PASSED,PACKAGING_PENDING,2026-09-03 08:44:56,,,1.0
1110,219,PACKAGING_PENDING,PACKAGING_IN_PROGRESS,2026-09-03 08:45:07,,,1.0
1111,219,PACKAGING_IN_PROGRESS,HUB_PACKAGED,2026-09-03 08:48:01,,,1.0
1112,220,OUTBOUND_READY,OUTBOUND_BOOKED,2026-09-03 08:48:41,Outbound booked,,
1113,220,OUTBOUND_BOOKED,DISPATCHED_TO_CUSTOMER,2026-09-03 08:48:41,Pickup scheduled - moved to in transit,,
1114,219,HUB_PACKAGED,OUTBOUND_READY,2026-09-03 08:48:42,Hub marked shipment ready to ship,,1.0
1115,220,DISPATCHED_TO_CUSTOMER,OUT_FOR_DELIVERY,2026-09-03 08:49:04,Dev manual transition: out for delivery before delivery,,1.0
1116,220,OUT_FOR_DELIVERY,DELIVERED,2026-09-03 08:49:04,Manually marked delivered by hub/admin,,1.0
1117,221,IN_TRANSIT_TO_HUB,HUB_RECEIVED,2026-09-03 09:11:12,Received at hub from admin receiving queue,,1.0
1118,221,HUB_RECEIVED,QC_IN_PROGRESS,2026-09-03 09:11:35,,,1.0
1119,221,HUB_RECEIVED,QC_IN_PROGRESS,2026-09-03 09:11:35,,,1.0
1120,221,QC_IN_PROGRESS,QC_PASSED,2026-09-03 09:11:35,,,1.0
1121,221,QC_PASSED,PACKAGING_PENDING,2026-09-03 09:11:35,,,1.0
1122,221,PACKAGING_PENDING,PACKAGING_IN_PROGRESS,2026-09-03 09:11:42,,,1.0
1123,221,PACKAGING_IN_PROGRESS,HUB_PACKAGED,2026-09-03 09:12:13,,,1.0
1124,222,OUTBOUND_READY,OUTBOUND_BOOKED,2026-09-03 09:12:25,Outbound booked,,
1125,222,OUTBOUND_BOOKED,DISPATCHED_TO_CUSTOMER,2026-09-03 09:12:25,Pickup scheduled - moved to in transit,,
1126,221,HUB_PACKAGED,OUTBOUND_READY,2026-09-03 09:12:25,Hub marked shipment ready to ship,,1.0
1127,222,DISPATCHED_TO_CUSTOMER,OUT_FOR_DELIVERY,2026-09-03 09:15:09,Dev manual transition: out for delivery before delivery,,1.0
1128,222,OUT_FOR_DELIVERY,DELIVERED,2026-09-03 09:15:09,Manually marked delivered by hub/admin,,1.0
1129,223,IN_TRANSIT_TO_HUB,HUB_RECEIVED,2026-09-03 09:17:31,Received at hub from admin receiving queue,,1.0
1130,223,HUB_RECEIVED,QC_IN_PROGRESS,2026-09-03 09:17:56,,,1.0
1131,223,HUB_RECEIVED,QC_IN_PROGRESS,2026-09-03 09:17:56,,,1.0
1132,223,QC_IN_PROGRESS,QC_PASSED,2026-09-03 09:17:56,,,1.0
1133,223,QC_PASSED,PACKAGING_PENDING,2026-09-03 09:17:56,,,1.0
1134,223,PACKAGING_PENDING,PACKAGING_IN_PROGRESS,2026-09-03 09:18:06,,,1.0
1135,223,PACKAGING_IN_PROGRESS,HUB_PACKAGED,2026-09-03 09:18:37,,,1.0
1136,224,OUTBOUND_READY,OUTBOUND_BOOKED,2026-09-03 09:18:48,Outbound booked,,
1137,224,OUTBOUND_BOOKED,DISPATCHED_TO_CUSTOMER,2026-09-03 09:18:48,Pickup scheduled - moved to in transit,,
1138,223,HUB_PACKAGED,OUTBOUND_READY,2026-09-03 09:18:49,Hub marked shipment ready to ship,,1.0
1139,225,IN_TRANSIT_TO_HUB,HUB_RECEIVED,2026-09-03 10:56:23,Received at hub from admin receiving queue,,1.0
1140,225,HUB_RECEIVED,QC_IN_PROGRESS,2026-09-03 10:56:48,,,1.0
1141,225,HUB_RECEIVED,QC_IN_PROGRESS,2026-09-03 10:56:48,,,1.0
1142,225,QC_IN_PROGRESS,QC_PASSED,2026-09-03 10:56:48,,,1.0
1143,225,QC_PASSED,PACKAGING_PENDING,2026-09-03 10:56:48,,,1.0
1144,225,PACKAGING_PENDING,PACKAGING_IN_PROGRESS,2026-09-03 10:56:57,,,1.0
1145,225,PACKAGING_IN_PROGRESS,HUB_PACKAGED,2026-09-03 10:57:28,,,1.0
1146,227,IN_TRANSIT_TO_HUB,HUB_RECEIVED,2026-09-03 11:06:39,Received at hub from admin receiving queue,,1.0
1147,227,HUB_RECEIVED,QC_IN_PROGRESS,2026-09-03 11:07:06,,,1.0
1148,227,HUB_RECEIVED,QC_IN_PROGRESS,2026-09-03 11:07:06,,,1.0
1149,227,QC_IN_PROGRESS,QC_PASSED,2026-09-03 11:07:06,,,1.0
1150,227,QC_PASSED,PACKAGING_PENDING,2026-09-03 11:07:06,,,1.0
1151,227,PACKAGING_PENDING,PACKAGING_IN_PROGRESS,2026-09-03 11:07:16,,,1.0
1152,227,PACKAGING_IN_PROGRESS,HUB_PACKAGED,2026-09-03 11:07:41,,,1.0
1153,228,OUTBOUND_READY,OUTBOUND_BOOKED,2026-09-03 11:07:49,Outbound booked,,
1154,228,OUTBOUND_BOOKED,DISPATCHED_TO_CUSTOMER,2026-09-03 11:07:49,Pickup scheduled - moved to in transit,,
1155,227,HUB_PACKAGED,OUTBOUND_READY,2026-09-03 11:07:50,Hub marked shipment ready to ship,,1.0
1156,228,DISPATCHED_TO_CUSTOMER,OUT_FOR_DELIVERY,2026-09-03 11:08:16,Dev manual transition: out for delivery before delivery,,1.0
1157,228,OUT_FOR_DELIVERY,DELIVERED,2026-09-03 11:08:16,Manually marked delivered by hub/admin,,1.0
1158,229,IN_TRANSIT_TO_HUB,HUB_RECEIVED,2026-09-03 11:14:56,Received at hub from admin receiving queue,,1.0
1159,229,HUB_RECEIVED,QC_IN_PROGRESS,2026-09-03 11:15:08,,,1.0
1160,229,HUB_RECEIVED,QC_IN_PROGRESS,2026-09-03 11:15:08,,,1.0
1161,229,QC_IN_PROGRESS,QC_PASSED,2026-09-03 11:15:08,,,1.0
1162,229,QC_PASSED,PACKAGING_PENDING,2026-09-03 11:15:09,,,1.0
1163,229,PACKAGING_PENDING,PACKAGING_IN_PROGRESS,2026-09-03 11:15:12,,,1.0
1164,229,PACKAGING_IN_PROGRESS,HUB_PACKAGED,2026-09-03 11:15:34,,,1.0
1165,230,OUTBOUND_READY,OUTBOUND_BOOKED,2026-09-03 11:15:45,Outbound booked,,
1166,230,OUTBOUND_BOOKED,DISPATCHED_TO_CUSTOMER,2026-09-03 11:15:45,Pickup scheduled - moved to in transit,,
1167,229,HUB_PACKAGED,OUTBOUND_READY,2026-09-03 11:15:46,Hub marked shipment ready to ship,,1.0
1168,230,DISPATCHED_TO_CUSTOMER,OUT_FOR_DELIVERY,2026-09-03 11:16:29,Dev manual transition: out for delivery before delivery,,1.0
1169,230,OUT_FOR_DELIVERY,DELIVERED,2026-09-03 11:16:30,Manually marked delivered by hub/admin,,1.0
1170,233,IN_TRANSIT_TO_HUB,HUB_RECEIVED,2026-09-03 14:01:21,Received at hub from admin receiving queue,,1.0
1171,233,HUB_RECEIVED,QC_IN_PROGRESS,2026-09-03 14:01:48,,,1.0
1172,233,HUB_RECEIVED,QC_IN_PROGRESS,2026-09-03 14:01:49,,,1.0
1173,233,QC_IN_PROGRESS,QC_PASSED,2026-09-03 14:01:49,,,1.0
1174,233,QC_PASSED,PACKAGING_PENDING,2026-09-03 14:01:49,,,1.0
1175,233,PACKAGING_PENDING,PACKAGING_IN_PROGRESS,2026-09-03 14:01:59,,,1.0
1176,233,PACKAGING_IN_PROGRESS,HUB_PACKAGED,2026-09-03 14:02:31,,,1.0
1177,234,IN_TRANSIT_TO_HUB,HUB_RECEIVED,2026-09-04 04:15:38,Received at hub from admin receiving queue,,1.0
1178,234,HUB_RECEIVED,QC_IN_PROGRESS,2026-09-04 04:16:00,,,1.0
1179,234,HUB_RECEIVED,QC_IN_PROGRESS,2026-09-04 04:16:00,,,1.0
1180,234,QC_IN_PROGRESS,QC_PASSED,2026-09-04 04:16:00,,,1.0
1181,234,QC_PASSED,PACKAGING_PENDING,2026-09-04 04:16:00,,,1.0
1182,234,PACKAGING_PENDING,PACKAGING_IN_PROGRESS,2026-09-04 04:16:07,,,1.0
1183,234,PACKAGING_IN_PROGRESS,HUB_PACKAGED,2026-09-04 04:16:33,,,1.0
1184,235,OUTBOUND_READY,OUTBOUND_BOOKED,2026-09-04 04:17:22,Outbound booked,,
1185,235,OUTBOUND_BOOKED,DISPATCHED_TO_CUSTOMER,2026-09-04 04:17:22,Pickup scheduled - moved to in transit,,
1186,234,HUB_PACKAGED,OUTBOUND_READY,2026-09-04 04:17:23,Hub marked shipment ready to ship,,1.0
1187,235,DISPATCHED_TO_CUSTOMER,OUT_FOR_DELIVERY,2026-09-04 04:17:55,Dev manual transition: out for delivery before delivery,,1.0
1188,235,OUT_FOR_DELIVERY,DELIVERED,2026-09-04 04:17:55,Manually marked delivered by hub/admin,,1.0
1189,236,IN_TRANSIT_TO_HUB,HUB_RECEIVED,2026-09-04 08:36:03,Received at hub from admin receiving queue,,1.0
1190,236,HUB_RECEIVED,QC_IN_PROGRESS,2026-09-04 08:36:19,,,1.0
1191,236,HUB_RECEIVED,QC_IN_PROGRESS,2026-09-04 08:36:20,,,1.0
1192,236,QC_IN_PROGRESS,QC_PASSED,2026-09-04 08:36:20,,,1.0
1193,236,QC_PASSED,PACKAGING_PENDING,2026-09-04 08:36:20,,,1.0
1194,236,PACKAGING_PENDING,PACKAGING_IN_PROGRESS,2026-09-04 08:36:28,,,1.0
1195,236,PACKAGING_IN_PROGRESS,HUB_PACKAGED,2026-09-04 08:36:57,,,1.0
1196,237,OUTBOUND_READY,OUTBOUND_BOOKED,2026-09-04 08:37:05,Outbound booked,,
1197,237,OUTBOUND_BOOKED,DISPATCHED_TO_CUSTOMER,2026-09-04 08:37:06,Pickup scheduled - moved to in transit,,
1198,236,HUB_PACKAGED,OUTBOUND_READY,2026-09-04 08:37:06,Hub marked shipment ready to ship,,1.0
1199,237,DISPATCHED_TO_CUSTOMER,OUT_FOR_DELIVERY,2026-09-04 08:37:26,Dev manual transition: out for delivery before delivery,,1.0
1200,237,OUT_FOR_DELIVERY,DELIVERED,2026-09-04 08:37:26,Manually marked delivered by hub/admin,,1.0
1201,238,,RETURN_APPROVED,2026-09-04 09:02:11,Customer return approved,,1.0
1202,238,RETURN_APPROVED,RETURN_BOOKED,2026-09-04 09:02:12,Customer return reverse leg booked,,
1203,238,RETURN_BOOKED,RETURN_PICKED_UP,2026-09-04 09:02:29,Return ops: picked up from customer,,1.0
1204,238,RETURN_PICKED_UP,RETURN_RECEIVED_AT_HUB,2026-09-04 09:06:28,Received at hub from admin receiving queue (customer → hub),,1.0
1205,238,RETURN_RECEIVED_AT_HUB,RETURN_QC_PENDING,2026-09-04 09:06:29,Ready for QC after hub receiving,,1.0
1206,238,RETURN_QC_PENDING,RETURN_COMPLETED,2026-09-04 09:07:34,Return completed,,1.0
1207,239,IN_TRANSIT_TO_HUB,HUB_RECEIVED,2026-09-04 10:28:08,Received at hub from admin receiving queue,,1.0
1208,239,HUB_RECEIVED,QC_IN_PROGRESS,2026-09-04 10:28:23,,,1.0
1209,239,HUB_RECEIVED,QC_IN_PROGRESS,2026-09-04 10:28:23,,,1.0
1210,239,QC_IN_PROGRESS,QC_PASSED,2026-09-04 10:28:23,,,1.0
1211,239,QC_PASSED,PACKAGING_PENDING,2026-09-04 10:28:23,,,1.0
1212,239,PACKAGING_PENDING,PACKAGING_IN_PROGRESS,2026-09-04 10:28:31,,,1.0
1213,239,PACKAGING_IN_PROGRESS,HUB_PACKAGED,2026-09-04 10:29:03,,,1.0
1214,240,OUTBOUND_READY,OUTBOUND_BOOKED,2026-09-04 10:29:17,Outbound booked,,
1215,240,OUTBOUND_BOOKED,DISPATCHED_TO_CUSTOMER,2026-09-04 10:29:17,Pickup scheduled - moved to in transit,,
1216,239,HUB_PACKAGED,OUTBOUND_READY,2026-09-04 10:29:18,Hub marked shipment ready to ship,,1.0
1217,240,DISPATCHED_TO_CUSTOMER,OUT_FOR_DELIVERY,2026-09-04 10:29:46,Dev manual transition: out for delivery before delivery,,1.0
1218,240,OUT_FOR_DELIVERY,DELIVERED,2026-09-04 10:29:47,Manually marked delivered by hub/admin,,1.0
1219,241,IN_TRANSIT_TO_HUB,HUB_RECEIVED,2026-09-04 10:46:55,Received at hub from admin receiving queue,,1.0
1220,241,HUB_RECEIVED,QC_IN_PROGRESS,2026-09-04 10:47:12,,,1.0
1221,241,HUB_RECEIVED,QC_IN_PROGRESS,2026-09-04 10:47:12,,,1.0
1222,241,QC_IN_PROGRESS,QC_PASSED,2026-09-04 10:47:12,,,1.0
1223,241,QC_PASSED,PACKAGING_PENDING,2026-09-04 10:47:12,,,1.0
1224,241,PACKAGING_PENDING,PACKAGING_IN_PROGRESS,2026-09-04 10:47:20,,,1.0
1225,241,PACKAGING_IN_PROGRESS,HUB_PACKAGED,2026-09-04 10:47:48,,,1.0
1226,242,OUTBOUND_READY,OUTBOUND_BOOKED,2026-09-04 10:48:09,Outbound booked,,
1227,242,OUTBOUND_BOOKED,DISPATCHED_TO_CUSTOMER,2026-09-04 10:48:09,Pickup scheduled - moved to in transit,,
1228,241,HUB_PACKAGED,OUTBOUND_READY,2026-09-04 10:48:10,Hub marked shipment ready to ship,,1.0
1229,242,DISPATCHED_TO_CUSTOMER,OUT_FOR_DELIVERY,2026-09-04 10:48:21,Dev manual transition: out for delivery before delivery,,1.0
1230,242,OUT_FOR_DELIVERY,DELIVERED,2026-09-04 10:48:21,Manually marked delivered by hub/admin,,1.0
1231,243,IN_TRANSIT_TO_HUB,HUB_RECEIVED,2026-09-04 10:51:03,Received at hub from admin receiving queue,,1.0
1232,243,HUB_RECEIVED,QC_IN_PROGRESS,2026-09-04 10:51:17,,,1.0
1233,243,HUB_RECEIVED,QC_IN_PROGRESS,2026-09-04 10:51:17,,,1.0
1234,243,QC_IN_PROGRESS,QC_PASSED,2026-09-04 10:51:17,,,1.0
1235,243,QC_PASSED,PACKAGING_PENDING,2026-09-04 10:51:18,,,1.0
1236,243,PACKAGING_PENDING,PACKAGING_IN_PROGRESS,2026-09-04 10:51:26,,,1.0
1237,243,PACKAGING_IN_PROGRESS,HUB_PACKAGED,2026-09-04 10:51:47,,,1.0
1238,244,OUTBOUND_READY,OUTBOUND_BOOKED,2026-09-04 10:51:55,Outbound booked,,
1239,244,OUTBOUND_BOOKED,DISPATCHED_TO_CUSTOMER,2026-09-04 10:51:55,Pickup scheduled - moved to in transit,,
1240,243,HUB_PACKAGED,OUTBOUND_READY,2026-09-04 10:51:56,Hub marked shipment ready to ship,,1.0
1241,244,DISPATCHED_TO_CUSTOMER,OUT_FOR_DELIVERY,2026-09-04 10:52:07,Dev manual transition: out for delivery before delivery,,1.0
1242,244,OUT_FOR_DELIVERY,DELIVERED,2026-09-04 10:52:07,Manually marked delivered by hub/admin,,1.0
1243,245,IN_TRANSIT_TO_HUB,HUB_RECEIVED,2026-09-04 12:17:51,Received at hub from admin receiving queue,,1.0
1244,245,HUB_RECEIVED,QC_IN_PROGRESS,2026-09-04 12:18:17,,,1.0
1245,245,HUB_RECEIVED,QC_IN_PROGRESS,2026-09-04 12:18:17,,,1.0
1246,245,QC_IN_PROGRESS,QC_PASSED,2026-09-04 12:18:17,,,1.0
1247,245,QC_PASSED,PACKAGING_PENDING,2026-09-04 12:18:17,,,1.0
1248,245,PACKAGING_PENDING,PACKAGING_IN_PROGRESS,2026-09-04 12:18:28,,,1.0
1249,245,PACKAGING_IN_PROGRESS,HUB_PACKAGED,2026-09-04 12:18:53,,,1.0
1250,246,OUTBOUND_READY,OUTBOUND_BOOKED,2026-09-04 12:19:03,Outbound booked,,
1251,246,OUTBOUND_BOOKED,DISPATCHED_TO_CUSTOMER,2026-09-04 12:19:03,Pickup scheduled - moved to in transit,,
1252,245,HUB_PACKAGED,OUTBOUND_READY,2026-09-04 12:19:04,Hub marked shipment ready to ship,,1.0
1253,246,DISPATCHED_TO_CUSTOMER,OUT_FOR_DELIVERY,2026-09-04 12:19:21,Dev manual transition: out for delivery before delivery,,1.0
1254,246,OUT_FOR_DELIVERY,DELIVERED,2026-09-04 12:19:21,Manually marked delivered by hub/admin,,1.0
1255,247,IN_TRANSIT_TO_HUB,HUB_RECEIVED,2026-09-05 08:33:21,Received at hub from admin receiving queue,,1.0
1256,247,HUB_RECEIVED,QC_IN_PROGRESS,2026-09-05 08:33:50,,,1.0
1257,247,HUB_RECEIVED,QC_IN_PROGRESS,2026-09-05 08:33:51,,,1.0
1258,247,QC_IN_PROGRESS,QC_PASSED,2026-09-05 08:33:51,,,1.0
1259,247,QC_PASSED,PACKAGING_PENDING,2026-09-05 08:33:51,,,1.0
1260,247,PACKAGING_PENDING,PACKAGING_IN_PROGRESS,2026-09-05 08:33:59,,,1.0
1261,247,PACKAGING_IN_PROGRESS,HUB_PACKAGED,2026-09-05 08:34:29,,,1.0
1262,248,OUTBOUND_READY,OUTBOUND_BOOKED,2026-09-05 08:34:37,Outbound booked,,
1263,248,OUTBOUND_BOOKED,DISPATCHED_TO_CUSTOMER,2026-09-05 08:34:38,Pickup scheduled - moved to in transit,,
1264,247,HUB_PACKAGED,OUTBOUND_READY,2026-09-05 08:34:38,Hub marked shipment ready to ship,,1.0
1265,248,DISPATCHED_TO_CUSTOMER,OUT_FOR_DELIVERY,2026-09-05 08:35:59,Dev manual transition: out for delivery before delivery,,1.0
1266,248,OUT_FOR_DELIVERY,DELIVERED,2026-09-05 08:35:59,Manually marked delivered by hub/admin,,1.0
1267,249,,RETURN_APPROVED,2026-09-05 09:58:14,Exchange approved — swap pickup deferred until replacement outbound,,1.0
1268,250,IN_TRANSIT_TO_HUB,HUB_RECEIVED,2026-09-05 10:13:57,Received at hub from admin receiving queue,,1.0
1269,250,HUB_RECEIVED,QC_IN_PROGRESS,2026-09-05 10:14:19,,,1.0
1270,250,HUB_RECEIVED,QC_IN_PROGRESS,2026-09-05 10:14:20,,,1.0
1271,250,QC_IN_PROGRESS,QC_PASSED,2026-09-05 10:14:20,,,1.0
1272,250,QC_PASSED,PACKAGING_PENDING,2026-09-05 10:14:20,,,1.0
1273,91,DISPATCHED_TO_CUSTOMER,OUT_FOR_DELIVERY,2026-09-05 10:31:11,Dev manual transition: out for delivery before delivery,,1.0
1274,91,OUT_FOR_DELIVERY,DELIVERED,2026-09-05 10:31:12,Manually marked delivered by hub/admin,,1.0
1275,249,RETURN_APPROVED,RETURN_IN_TRANSIT,2026-09-05 10:37:54,Staging: in transit to hub (reverse logistics board),,1.0
1276,251,IN_TRANSIT_TO_HUB,HUB_RECEIVED,2026-09-05 10:42:06,Received at hub from admin receiving queue,,1.0
1277,251,HUB_RECEIVED,QC_IN_PROGRESS,2026-09-05 10:46:18,,,1.0
1278,251,HUB_RECEIVED,QC_IN_PROGRESS,2026-09-05 10:46:18,,,1.0
1279,251,QC_IN_PROGRESS,QC_PASSED,2026-09-05 10:46:18,,,1.0
1280,251,QC_PASSED,PACKAGING_PENDING,2026-09-05 10:46:18,,,1.0
1281,251,PACKAGING_PENDING,PACKAGING_IN_PROGRESS,2026-09-05 10:46:29,,,1.0
1282,251,PACKAGING_IN_PROGRESS,HUB_PACKAGED,2026-09-05 10:46:54,,,1.0
1283,252,OUTBOUND_READY,OUTBOUND_BOOKED,2026-09-05 10:47:06,Outbound booked,,
1284,252,OUTBOUND_BOOKED,DISPATCHED_TO_CUSTOMER,2026-09-05 10:47:06,Pickup scheduled - moved to in transit,,
1285,251,HUB_PACKAGED,OUTBOUND_READY,2026-09-05 10:47:07,Hub marked shipment ready to ship,,1.0
1286,252,DISPATCHED_TO_CUSTOMER,OUT_FOR_DELIVERY,2026-09-05 10:47:21,Dev manual transition: out for delivery before delivery,,1.0
1287,252,OUT_FOR_DELIVERY,DELIVERED,2026-09-05 10:47:21,Manually marked delivered by hub/admin,,1.0
1288,253,,RETURN_APPROVED,2026-09-05 10:51:29,Exchange approved — swap pickup deferred until replacement outbound,,1.0
1289,254,IN_TRANSIT_TO_HUB,HUB_RECEIVED,2026-09-05 10:54:56,Received at hub from admin receiving queue,,1.0
1290,254,HUB_RECEIVED,QC_IN_PROGRESS,2026-09-05 11:08:55,,,1.0
1291,254,HUB_RECEIVED,QC_IN_PROGRESS,2026-09-05 11:08:55,,,1.0
1292,254,QC_IN_PROGRESS,QC_PASSED,2026-09-05 11:08:55,,,1.0
1293,254,QC_PASSED,PACKAGING_PENDING,2026-09-05 11:08:55,,,1.0
1294,254,PACKAGING_PENDING,PACKAGING_IN_PROGRESS,2026-09-05 11:09:04,,,1.0
1295,254,PACKAGING_IN_PROGRESS,HUB_PACKAGED,2026-09-05 11:09:54,,,1.0
1296,253,RETURN_APPROVED,RETURN_BOOKED,2026-09-05 11:09:55,Customer return reverse leg booked,,
1297,253,RETURN_APPROVED,RETURN_BOOKED,2026-09-05 11:09:55,Customer return reverse leg booked,,
1298,253,RETURN_BOOKED,RETURN_PICKED_UP,2026-09-05 11:10:44,Staging: picked up from customer (reverse logistics board),,1.0
1299,253,RETURN_PICKED_UP,RETURN_IN_TRANSIT,2026-09-05 11:10:57,Staging: in transit to hub (reverse logistics board),,1.0
1300,257,IN_TRANSIT_TO_HUB,HUB_RECEIVED,2026-09-07 10:23:03,Received at hub from admin receiving queue,,1.0
1301,257,HUB_RECEIVED,QC_IN_PROGRESS,2026-09-07 10:23:18,,,1.0
1302,257,HUB_RECEIVED,QC_IN_PROGRESS,2026-09-07 10:23:18,,,1.0
1303,257,QC_IN_PROGRESS,QC_PASSED,2026-09-07 10:23:18,,,1.0
1304,257,QC_PASSED,PACKAGING_PENDING,2026-09-07 10:23:19,,,1.0
1305,257,PACKAGING_PENDING,PACKAGING_IN_PROGRESS,2026-09-07 10:23:27,,,1.0
1306,257,PACKAGING_IN_PROGRESS,HUB_PACKAGED,2026-09-07 10:23:54,,,1.0
1307,258,OUTBOUND_READY,OUTBOUND_BOOKED,2026-09-07 10:24:02,Outbound booked,,
1308,258,OUTBOUND_BOOKED,DISPATCHED_TO_CUSTOMER,2026-09-07 10:24:02,Pickup scheduled - moved to in transit,,
1309,257,HUB_PACKAGED,OUTBOUND_READY,2026-09-07 10:24:03,Hub marked shipment ready to ship,,1.0
1310,258,DISPATCHED_TO_CUSTOMER,OUT_FOR_DELIVERY,2026-09-07 10:24:15,Dev manual transition: out for delivery before delivery,,1.0
1311,258,OUT_FOR_DELIVERY,DELIVERED,2026-09-07 10:24:15,Manually marked delivered by hub/admin,,1.0
1312,259,,RETURN_APPROVED,2026-09-07 10:30:31,Customer return approved,,1.0
1313,259,RETURN_APPROVED,RETURN_BOOKED,2026-09-07 10:30:31,Customer return reverse leg booked,,
1314,259,RETURN_BOOKED,RETURN_PICKED_UP,2026-09-07 10:31:00,Return ops: picked up from customer,,1.0
1315,259,RETURN_PICKED_UP,RETURN_RECEIVED_AT_HUB,2026-09-07 10:31:53,Received at hub from admin receiving queue (customer → hub),,1.0
1316,259,RETURN_RECEIVED_AT_HUB,RETURN_QC_PENDING,2026-09-07 10:31:53,Ready for QC after hub receiving,,1.0
1317,253,RETURN_IN_TRANSIT,RETURN_RECEIVED_AT_HUB,2026-09-07 10:44:52,Received at hub from admin receiving queue (customer → hub),,1.0
1318,253,RETURN_RECEIVED_AT_HUB,RETURN_QC_PENDING,2026-09-07 10:44:53,Ready for QC after hub receiving,,1.0
1319,259,RETURN_QC_PENDING,RETURN_COMPLETED,2026-09-07 10:45:17,Return completed,,1.0
1320,260,IN_TRANSIT_TO_HUB,HUB_RECEIVED,2026-09-08 11:07:28,Received at hub from admin receiving queue,,1.0
1321,260,HUB_RECEIVED,QC_IN_PROGRESS,2026-09-08 11:07:43,,,1.0
1322,260,HUB_RECEIVED,QC_IN_PROGRESS,2026-09-08 11:07:43,,,1.0
1323,260,QC_IN_PROGRESS,QC_PASSED,2026-09-08 11:07:43,,,1.0
1324,260,QC_PASSED,PACKAGING_PENDING,2026-09-08 11:07:43,,,1.0
1325,260,PACKAGING_PENDING,PACKAGING_IN_PROGRESS,2026-09-08 11:08:03,,,1.0
1326,260,PACKAGING_IN_PROGRESS,HUB_PACKAGED,2026-09-08 11:08:31,,,1.0
1327,261,OUTBOUND_READY,OUTBOUND_BOOKED,2026-09-08 11:08:42,Outbound booked,,
1328,261,OUTBOUND_BOOKED,DISPATCHED_TO_CUSTOMER,2026-09-08 11:08:42,Pickup scheduled - moved to in transit,,
1329,260,HUB_PACKAGED,OUTBOUND_READY,2026-09-08 11:08:43,Hub marked shipment ready to ship,,1.0
1330,261,DISPATCHED_TO_CUSTOMER,OUT_FOR_DELIVERY,2026-09-08 11:08:52,Dev manual transition: out for delivery before delivery,,1.0
1331,261,OUT_FOR_DELIVERY,DELIVERED,2026-09-08 11:08:52,Manually marked delivered by hub/admin,,1.0
1332,265,IN_TRANSIT_TO_HUB,HUB_RECEIVED,2026-09-08 17:30:06,Received at hub from admin receiving queue,,1.0
1333,265,HUB_RECEIVED,QC_IN_PROGRESS,2026-09-08 17:30:34,,,1.0
1334,265,HUB_RECEIVED,QC_IN_PROGRESS,2026-09-08 17:30:34,,,1.0
1335,265,QC_IN_PROGRESS,QC_PASSED,2026-09-08 17:30:34,,,1.0
1336,265,QC_PASSED,PACKAGING_PENDING,2026-09-08 17:30:34,,,1.0
1337,265,PACKAGING_PENDING,PACKAGING_IN_PROGRESS,2026-09-08 17:30:54,,,1.0
1338,265,PACKAGING_IN_PROGRESS,HUB_PACKAGED,2026-09-08 17:31:21,,,1.0
1339,266,OUTBOUND_READY,OUTBOUND_BOOKED,2026-09-08 17:31:30,Outbound booked,,
1340,266,OUTBOUND_BOOKED,DISPATCHED_TO_CUSTOMER,2026-09-08 17:31:30,Pickup scheduled - moved to in transit,,
1341,265,HUB_PACKAGED,OUTBOUND_READY,2026-09-08 17:31:31,Hub marked shipment ready to ship,,1.0
1342,266,DISPATCHED_TO_CUSTOMER,OUT_FOR_DELIVERY,2026-09-08 17:31:43,Dev manual transition: out for delivery before delivery,,1.0
1343,266,OUT_FOR_DELIVERY,DELIVERED,2026-09-08 17:31:43,Manually marked delivered by hub/admin,,1.0
1344,268,IN_TRANSIT_TO_HUB,HUB_RECEIVED,2026-09-08 17:52:18,Received at hub from admin receiving queue,,1.0
1345,268,HUB_RECEIVED,QC_IN_PROGRESS,2026-09-08 17:52:33,,,1.0
1346,268,HUB_RECEIVED,QC_IN_PROGRESS,2026-09-08 17:52:33,,,1.0
1347,268,QC_IN_PROGRESS,QC_PASSED,2026-09-08 17:52:33,,,1.0
1348,268,QC_PASSED,PACKAGING_PENDING,2026-09-08 17:52:33,,,1.0
1349,268,PACKAGING_PENDING,PACKAGING_IN_PROGRESS,2026-09-08 17:52:38,,,1.0
1350,268,PACKAGING_IN_PROGRESS,HUB_PACKAGED,2026-09-08 17:53:04,,,1.0
1351,269,OUTBOUND_READY,OUTBOUND_BOOKED,2026-09-08 17:53:11,Outbound booked,,
1352,269,OUTBOUND_BOOKED,DISPATCHED_TO_CUSTOMER,2026-09-08 17:53:11,Pickup scheduled - moved to in transit,,
1353,268,HUB_PACKAGED,OUTBOUND_READY,2026-09-08 17:53:12,Hub marked shipment ready to ship,,1.0
1354,269,DISPATCHED_TO_CUSTOMER,OUT_FOR_DELIVERY,2026-09-08 17:53:43,Dev manual transition: out for delivery before delivery,,1.0
1355,269,OUT_FOR_DELIVERY,DELIVERED,2026-09-08 17:53:43,Manually marked delivered by hub/admin,,1.0
1356,273,,RETURN_APPROVED,2026-09-09 04:39:49,Customer return approved — courier booking deferred,,1.0
1357,273,RETURN_APPROVED,RETURN_BOOKED,2026-09-09 04:39:50,Customer return reverse leg booked,,
1358,274,,RETURN_APPROVED,2026-09-09 04:40:03,Exchange approved — swap pickup deferred until replacement outbound,,1.0
1359,275,IN_TRANSIT_TO_HUB,HUB_RECEIVED,2026-09-09 06:22:41,Received at hub from admin receiving queue,,1.0
1360,275,HUB_RECEIVED,QC_IN_PROGRESS,2026-09-09 06:22:56,,,1.0
1361,275,HUB_RECEIVED,QC_IN_PROGRESS,2026-09-09 06:22:56,,,1.0
1362,275,QC_IN_PROGRESS,QC_PASSED,2026-09-09 06:22:56,,,1.0
1363,275,QC_PASSED,PACKAGING_PENDING,2026-09-09 06:22:56,,,1.0
1364,275,PACKAGING_PENDING,PACKAGING_IN_PROGRESS,2026-09-09 06:23:02,,,1.0
1365,275,PACKAGING_IN_PROGRESS,HUB_PACKAGED,2026-09-09 06:23:30,,,1.0
1366,276,OUTBOUND_READY,OUTBOUND_BOOKED,2026-09-09 06:23:38,Outbound booked,,
1367,276,OUTBOUND_BOOKED,DISPATCHED_TO_CUSTOMER,2026-09-09 06:23:38,Pickup scheduled - moved to in transit,,
1368,275,HUB_PACKAGED,OUTBOUND_READY,2026-09-09 06:23:39,Hub marked shipment ready to ship,,1.0
1369,276,DISPATCHED_TO_CUSTOMER,OUT_FOR_DELIVERY,2026-09-09 06:24:19,Dev manual transition: out for delivery before delivery,,1.0
1370,276,OUT_FOR_DELIVERY,DELIVERED,2026-09-09 06:24:19,Manually marked delivered by hub/admin,,1.0
1371,277,,RETURN_APPROVED,2026-09-09 06:25:46,Exchange approved — swap pickup deferred until replacement outbound,,1.0
1372,278,IN_TRANSIT_TO_HUB,HUB_RECEIVED,2026-09-09 06:35:05,Received at hub from admin receiving queue,,1.0
1373,278,HUB_RECEIVED,QC_IN_PROGRESS,2026-09-09 06:38:02,,,1.0
1374,278,HUB_RECEIVED,QC_IN_PROGRESS,2026-09-09 06:38:02,,,1.0
1375,278,QC_IN_PROGRESS,QC_PASSED,2026-09-09 06:38:02,,,1.0
1376,278,QC_PASSED,PACKAGING_PENDING,2026-09-09 06:38:02,,,1.0
1377,278,PACKAGING_PENDING,PACKAGING_IN_PROGRESS,2026-09-09 06:38:12,,,1.0
1378,278,PACKAGING_IN_PROGRESS,HUB_PACKAGED,2026-09-09 06:38:40,,,1.0
1379,277,RETURN_APPROVED,RETURN_BOOKED,2026-09-09 06:38:42,Customer return reverse leg booked,,
1380,277,RETURN_APPROVED,RETURN_BOOKED,2026-09-09 06:38:43,Customer return reverse leg booked,,
1381,277,RETURN_APPROVED,RETURN_BOOKED,2026-09-09 06:38:43,Customer return reverse leg booked,,
1382,277,RETURN_BOOKED,RETURN_PICKED_UP,2026-09-09 06:43:07,Staging: picked up from customer (reverse logistics board),,1.0
1383,277,RETURN_PICKED_UP,RETURN_IN_TRANSIT,2026-09-09 06:43:25,Staging: in transit to hub (reverse logistics board),,1.0
1384,281,IN_TRANSIT_TO_HUB,HUB_RECEIVED,2026-09-09 07:31:49,Received at hub from admin receiving queue,,1.0
1385,281,HUB_RECEIVED,QC_IN_PROGRESS,2026-09-09 07:32:03,,,1.0
1386,281,HUB_RECEIVED,QC_IN_PROGRESS,2026-09-09 07:32:03,,,1.0
1387,281,QC_IN_PROGRESS,QC_PASSED,2026-09-09 07:32:03,,,1.0
1388,281,QC_PASSED,PACKAGING_PENDING,2026-09-09 07:32:03,,,1.0
1389,281,PACKAGING_PENDING,PACKAGING_IN_PROGRESS,2026-09-09 07:32:09,,,1.0
1390,281,PACKAGING_IN_PROGRESS,HUB_PACKAGED,2026-09-09 07:32:34,,,1.0
1391,282,OUTBOUND_READY,OUTBOUND_BOOKED,2026-09-09 07:32:40,Outbound booked,,
1392,282,OUTBOUND_BOOKED,DISPATCHED_TO_CUSTOMER,2026-09-09 07:32:40,Pickup scheduled - moved to in transit,,
1393,281,HUB_PACKAGED,OUTBOUND_READY,2026-09-09 07:32:41,Hub marked shipment ready to ship,,1.0
1394,282,DISPATCHED_TO_CUSTOMER,OUT_FOR_DELIVERY,2026-09-09 07:32:50,Dev manual transition: out for delivery before delivery,,1.0
1395,282,OUT_FOR_DELIVERY,DELIVERED,2026-09-09 07:32:50,Manually marked delivered by hub/admin,,1.0
1396,283,,RETURN_APPROVED,2026-09-09 07:34:41,Exchange approved — swap pickup deferred until replacement outbound,,1.0
1397,284,IN_TRANSIT_TO_HUB,HUB_RECEIVED,2026-09-09 07:51:00,Received at hub from admin receiving queue,,1.0
1398,284,HUB_RECEIVED,QC_IN_PROGRESS,2026-09-09 07:51:21,,,1.0
1399,284,HUB_RECEIVED,QC_IN_PROGRESS,2026-09-09 07:51:21,,,1.0
1400,284,QC_IN_PROGRESS,QC_PASSED,2026-09-09 07:51:21,,,1.0
1401,284,QC_PASSED,PACKAGING_PENDING,2026-09-09 07:51:22,,,1.0
1402,284,PACKAGING_PENDING,PACKAGING_IN_PROGRESS,2026-09-09 07:51:28,,,1.0
1403,284,PACKAGING_IN_PROGRESS,HUB_PACKAGED,2026-09-09 07:51:56,,,1.0
1404,285,OUTBOUND_READY,OUTBOUND_BOOKED,2026-09-09 07:52:04,Outbound booked,,
1405,285,OUTBOUND_BOOKED,DISPATCHED_TO_CUSTOMER,2026-09-09 07:52:04,Pickup scheduled - moved to in transit,,
1406,284,HUB_PACKAGED,OUTBOUND_READY,2026-09-09 07:52:05,Hub marked shipment ready to ship,,1.0
1407,285,DISPATCHED_TO_CUSTOMER,OUT_FOR_DELIVERY,2026-09-09 07:52:15,Dev manual transition: out for delivery before delivery,,1.0
1408,285,OUT_FOR_DELIVERY,DELIVERED,2026-09-09 07:52:15,Manually marked delivered by hub/admin,,1.0
1409,286,,RETURN_APPROVED,2026-09-09 08:01:51,Customer return approved — courier booking deferred,,1.0
1410,286,RETURN_APPROVED,RETURN_BOOKED,2026-09-09 08:01:52,Customer return reverse leg booked,,
1411,286,RETURN_BOOKED,RETURN_PICKED_UP,2026-09-09 08:17:27,Return ops: picked up from customer,,1.0
1412,287,IN_TRANSIT_TO_HUB,HUB_RECEIVED,2026-09-09 09:01:54,Received at hub from admin receiving queue,,1.0
1413,287,HUB_RECEIVED,QC_IN_PROGRESS,2026-09-09 09:02:15,,,1.0
1414,287,HUB_RECEIVED,QC_IN_PROGRESS,2026-09-09 09:02:15,,,1.0
1415,287,QC_IN_PROGRESS,QC_PASSED,2026-09-09 09:02:15,,,1.0
1416,287,QC_PASSED,PACKAGING_PENDING,2026-09-09 09:02:15,,,1.0
1417,287,PACKAGING_PENDING,PACKAGING_IN_PROGRESS,2026-09-09 09:02:21,,,1.0
1418,287,PACKAGING_IN_PROGRESS,HUB_PACKAGED,2026-09-09 09:02:50,,,1.0
1419,288,OUTBOUND_READY,OUTBOUND_BOOKED,2026-09-09 09:02:57,Outbound booked,,
1420,288,OUTBOUND_BOOKED,DISPATCHED_TO_CUSTOMER,2026-09-09 09:02:57,Pickup scheduled - moved to in transit,,
1421,287,HUB_PACKAGED,OUTBOUND_READY,2026-09-09 09:02:58,Hub marked shipment ready to ship,,1.0
1422,288,DISPATCHED_TO_CUSTOMER,OUT_FOR_DELIVERY,2026-09-09 09:03:10,Dev manual transition: out for delivery before delivery,,1.0
1423,288,OUT_FOR_DELIVERY,DELIVERED,2026-09-09 09:03:10,Manually marked delivered by hub/admin,,1.0
1424,289,,RETURN_APPROVED,2026-09-09 09:07:25,Exchange approved — swap pickup deferred until replacement outbound,,1.0
1425,290,IN_TRANSIT_TO_HUB,HUB_RECEIVED,2026-09-09 09:11:07,Received at hub from admin receiving queue,,1.0
1426,290,HUB_RECEIVED,QC_IN_PROGRESS,2026-09-09 09:11:26,,,1.0
1427,290,HUB_RECEIVED,QC_IN_PROGRESS,2026-09-09 09:11:26,,,1.0
1428,290,QC_IN_PROGRESS,QC_PASSED,2026-09-09 09:11:26,,,1.0
1429,290,QC_PASSED,PACKAGING_PENDING,2026-09-09 09:11:26,,,1.0
1430,290,PACKAGING_PENDING,PACKAGING_IN_PROGRESS,2026-09-09 09:11:33,,,1.0
1431,290,PACKAGING_IN_PROGRESS,HUB_PACKAGED,2026-09-09 09:11:59,,,1.0
1432,289,RETURN_APPROVED,RETURN_BOOKED,2026-09-09 09:12:01,Customer return reverse leg booked,,
1433,289,RETURN_APPROVED,RETURN_BOOKED,2026-09-09 09:12:01,Customer return reverse leg booked,,
1434,289,RETURN_APPROVED,RETURN_BOOKED,2026-09-09 09:12:01,Customer return reverse leg booked,,
1435,289,RETURN_BOOKED,RETURN_PICKED_UP,2026-09-09 09:12:49,Staging: picked up from customer (reverse logistics board),,1.0
1436,283,RETURN_APPROVED,RETURN_IN_TRANSIT,2026-09-09 09:12:54,Staging: in transit to hub (reverse logistics board),,1.0
1437,292,OUTBOUND_READY,OUTBOUND_BOOKED,2026-09-09 09:16:58,Outbound booked,,
1438,292,OUTBOUND_BOOKED,DISPATCHED_TO_CUSTOMER,2026-09-09 09:16:58,Pickup scheduled - moved to in transit,,
1439,274,RETURN_APPROVED,RETURN_PICKED_UP,2026-09-09 09:17:13,Staging: picked up from customer (reverse logistics board),,1.0
1440,273,RETURN_BOOKED,RETURN_IN_TRANSIT,2026-09-09 09:17:20,Staging: in transit to hub (reverse logistics board),,1.0
1441,292,DISPATCHED_TO_CUSTOMER,OUT_FOR_DELIVERY,2026-09-09 09:18:06,Dev manual transition: out for delivery before delivery,,1.0
1442,292,OUT_FOR_DELIVERY,DELIVERED,2026-09-09 09:18:06,Manually marked delivered by hub/admin,,1.0
1443,289,RETURN_PICKED_UP,RETURN_IN_TRANSIT,2026-09-09 09:18:51,Staging: in transit to hub (reverse logistics board),,1.0
1444,293,IN_TRANSIT_TO_HUB,HUB_RECEIVED,2026-09-09 10:09:31,Received at hub from admin receiving queue,,1.0
1445,293,HUB_RECEIVED,QC_IN_PROGRESS,2026-09-09 10:09:46,,,1.0
1446,293,HUB_RECEIVED,QC_IN_PROGRESS,2026-09-09 10:09:46,,,1.0
1447,293,QC_IN_PROGRESS,QC_PASSED,2026-09-09 10:09:46,,,1.0
1448,293,QC_PASSED,PACKAGING_PENDING,2026-09-09 10:09:46,,,1.0
1449,293,PACKAGING_PENDING,PACKAGING_IN_PROGRESS,2026-09-09 10:09:50,,,1.0
1450,293,PACKAGING_IN_PROGRESS,HUB_PACKAGED,2026-09-09 10:10:19,,,1.0
1451,295,IN_TRANSIT_TO_HUB,HUB_RECEIVED,2026-09-09 10:21:03,Received at hub from admin receiving queue,,1.0
1452,295,HUB_RECEIVED,QC_IN_PROGRESS,2026-09-09 10:21:25,,,1.0
1453,295,HUB_RECEIVED,QC_IN_PROGRESS,2026-09-09 10:21:25,,,1.0
1454,295,QC_IN_PROGRESS,QC_PASSED,2026-09-09 10:21:25,,,1.0
1455,295,QC_PASSED,PACKAGING_PENDING,2026-09-09 10:21:26,,,1.0
1456,295,PACKAGING_PENDING,PACKAGING_IN_PROGRESS,2026-09-09 10:21:31,,,1.0
1457,295,PACKAGING_IN_PROGRESS,HUB_PACKAGED,2026-09-09 10:21:52,,,1.0
1458,296,OUTBOUND_READY,OUTBOUND_BOOKED,2026-09-09 10:22:02,Outbound booked,,
1459,296,OUTBOUND_BOOKED,DISPATCHED_TO_CUSTOMER,2026-09-09 10:22:02,Pickup scheduled - moved to in transit,,
1460,295,HUB_PACKAGED,OUTBOUND_READY,2026-09-09 10:22:03,Hub marked shipment ready to ship,,1.0
1461,296,DISPATCHED_TO_CUSTOMER,OUT_FOR_DELIVERY,2026-09-09 10:22:18,Dev manual transition: out for delivery before delivery,,1.0
1462,296,OUT_FOR_DELIVERY,DELIVERED,2026-09-09 10:22:18,Manually marked delivered by hub/admin,,1.0
1463,297,,RETURN_APPROVED,2026-09-09 10:23:25,Customer return approved — courier booking deferred,,1.0
1464,297,RETURN_APPROVED,RETURN_BOOKED,2026-09-09 10:23:26,Customer return reverse leg booked,,
1465,297,RETURN_BOOKED,RETURN_PICKED_UP,2026-09-09 10:27:34,Return ops: picked up from customer,,1.0
1466,297,RETURN_PICKED_UP,RETURN_RECEIVED_AT_HUB,2026-09-09 10:27:53,Received at hub from admin receiving queue (customer → hub),,1.0
1467,297,RETURN_RECEIVED_AT_HUB,RETURN_QC_PENDING,2026-09-09 10:27:53,Ready for QC after hub receiving,,1.0
1468,297,RETURN_QC_PENDING,RETURN_COMPLETED,2026-09-09 10:29:33,Return completed,,1.0
1469,250,PACKAGING_PENDING,PACKAGING_IN_PROGRESS,2026-09-09 10:29:43,,,1.0
1470,250,PACKAGING_IN_PROGRESS,HUB_PACKAGED,2026-09-09 10:30:06,,,1.0
1471,300,IN_TRANSIT_TO_HUB,HUB_RECEIVED,2026-09-09 10:57:29,Received at hub from admin receiving queue,,1.0
1472,300,HUB_RECEIVED,QC_IN_PROGRESS,2026-09-09 10:57:44,,,1.0
1473,300,HUB_RECEIVED,QC_IN_PROGRESS,2026-09-09 10:57:44,,,1.0
1474,300,QC_IN_PROGRESS,QC_PASSED,2026-09-09 10:57:44,,,1.0
1475,300,QC_PASSED,PACKAGING_PENDING,2026-09-09 10:57:44,,,1.0
1476,300,PACKAGING_PENDING,PACKAGING_IN_PROGRESS,2026-09-09 10:57:52,,,1.0
1477,300,PACKAGING_IN_PROGRESS,HUB_PACKAGED,2026-09-09 10:58:18,,,1.0
1478,301,OUTBOUND_READY,OUTBOUND_BOOKED,2026-09-09 10:58:25,Outbound booked,,
1479,301,OUTBOUND_BOOKED,DISPATCHED_TO_CUSTOMER,2026-09-09 10:58:25,Pickup scheduled - moved to in transit,,
1480,300,HUB_PACKAGED,OUTBOUND_READY,2026-09-09 10:58:26,Hub marked shipment ready to ship,,1.0
1481,301,DISPATCHED_TO_CUSTOMER,OUT_FOR_DELIVERY,2026-09-09 10:59:09,Dev manual transition: out for delivery before delivery,,1.0
1482,301,OUT_FOR_DELIVERY,DELIVERED,2026-09-09 10:59:09,Manually marked delivered by hub/admin,,1.0
1483,302,,RETURN_APPROVED,2026-09-09 11:01:26,Exchange approved — swap pickup deferred until replacement outbound,,1.0
1484,304,IN_TRANSIT_TO_HUB,HUB_RECEIVED,2026-09-09 11:21:49,Received at hub from admin receiving queue,,1.0
1485,303,IN_TRANSIT_TO_HUB,HUB_RECEIVED,2026-09-09 11:21:56,Received at hub from admin receiving queue,,1.0
1486,303,HUB_RECEIVED,QC_IN_PROGRESS,2026-09-09 11:22:24,,,1.0
1487,303,HUB_RECEIVED,QC_IN_PROGRESS,2026-09-09 11:22:24,,,1.0
1488,303,QC_IN_PROGRESS,QC_PASSED,2026-09-09 11:22:24,,,1.0
1489,303,QC_PASSED,PACKAGING_PENDING,2026-09-09 11:22:25,,,1.0
1490,303,PACKAGING_PENDING,PACKAGING_IN_PROGRESS,2026-09-09 11:22:33,,,1.0
1491,304,HUB_RECEIVED,QC_IN_PROGRESS,2026-09-09 11:22:41,,,1.0
1492,304,HUB_RECEIVED,QC_FAILED_FIXABLE,2026-09-09 11:22:41,"QC failed: 4 item(s) unchecked: Test 1, Test 2, quantity, quality",,1.0
1493,304,QC_FAILED_FIXABLE,QC_FAILED_RTV,2026-09-09 11:22:42,"QC failed: 4 item(s) unchecked: Test 1, Test 2, quantity, quality",,1.0
1494,304,QC_FAILED_RTV,RTV_INITIATED,2026-09-09 11:22:42,"QC failed: 4 item(s) unchecked: Test 1, Test 2, quantity, quality",,1.0
1495,305,,RTV_INITIATED,2026-09-09 11:22:42,"QC failed: 4 item(s) unchecked: Test 1, Test 2, quantity, quality",,1.0
1496,303,PACKAGING_IN_PROGRESS,HUB_PACKAGED,2026-09-09 11:22:58,,,1.0
1497,302,RETURN_APPROVED,RETURN_BOOKED,2026-09-09 11:23:00,Customer return reverse leg booked,,
1498,302,RETURN_APPROVED,RETURN_BOOKED,2026-09-09 11:23:00,Customer return reverse leg booked,,
1499,302,RETURN_APPROVED,RETURN_BOOKED,2026-09-09 11:23:00,Customer return reverse leg booked,,
1500,307,OUTBOUND_READY,OUTBOUND_BOOKED,2026-09-09 11:23:48,Outbound booked,,
1501,307,OUTBOUND_BOOKED,DISPATCHED_TO_CUSTOMER,2026-09-09 11:23:48,Pickup scheduled - moved to in transit,,
1502,306,OUTBOUND_READY,OUTBOUND_BOOKED,2026-09-09 11:24:21,Outbound booked,,
1503,306,OUTBOUND_BOOKED,DISPATCHED_TO_CUSTOMER,2026-09-09 11:24:21,Pickup scheduled - moved to in transit,,
1504,302,RETURN_BOOKED,RETURN_PICKED_UP,2026-09-09 11:24:46,Staging: picked up from customer (reverse logistics board),,1.0
1505,187,RETURN_BOOKED,RETURN_IN_TRANSIT,2026-09-09 11:24:51,Staging: in transit to hub (reverse logistics board),,1.0
1506,302,RETURN_PICKED_UP,RETURN_RECEIVED_AT_HUB,2026-09-09 11:25:59,Received at hub from admin receiving queue (customer → hub),,1.0
1507,302,RETURN_RECEIVED_AT_HUB,RETURN_QC_PENDING,2026-09-09 11:25:59,Ready for QC after hub receiving,,1.0
1508,302,RETURN_QC_PENDING,RETURN_COMPLETED,2026-09-09 11:27:05,Return completed,,1.0
1509,305,RTV_INITIATED,RTV_BOOKED,2026-09-09 11:33:19,Vendor arranged RTV return pickup,,3.0
1510,304,RTV_INITIATED,RTV_BOOKED,2026-09-09 11:33:19,Vendor arranged return pickup from hub,,3.0
1511,308,IN_TRANSIT_TO_HUB,HUB_RECEIVED,2026-09-09 12:24:52,Received at hub from admin receiving queue,,1.0
1512,308,HUB_RECEIVED,QC_IN_PROGRESS,2026-09-09 12:25:15,,,1.0
1513,308,HUB_RECEIVED,QC_IN_PROGRESS,2026-09-09 12:25:15,,,1.0
1514,308,QC_IN_PROGRESS,QC_PASSED,2026-09-09 12:25:15,,,1.0
1515,308,QC_PASSED,PACKAGING_PENDING,2026-09-09 12:25:15,,,1.0
1516,308,PACKAGING_PENDING,PACKAGING_IN_PROGRESS,2026-09-09 12:25:22,,,1.0
1517,308,PACKAGING_IN_PROGRESS,HUB_PACKAGED,2026-09-09 12:25:50,,,1.0
1518,309,OUTBOUND_READY,OUTBOUND_BOOKED,2026-09-09 12:25:57,Outbound booked,,
1519,309,OUTBOUND_BOOKED,DISPATCHED_TO_CUSTOMER,2026-09-09 12:25:57,Pickup scheduled - moved to in transit,,
1520,308,HUB_PACKAGED,OUTBOUND_READY,2026-09-09 12:25:58,Hub marked shipment ready to ship,,1.0
1521,309,DISPATCHED_TO_CUSTOMER,OUT_FOR_DELIVERY,2026-09-09 12:26:10,Dev manual transition: out for delivery before delivery,,1.0
1522,309,OUT_FOR_DELIVERY,DELIVERED,2026-09-09 12:26:10,Manually marked delivered by hub/admin,,1.0
1523,310,IN_TRANSIT_TO_HUB,HUB_RECEIVED,2026-09-10 05:51:39,Received at hub from admin receiving queue,,1.0
1524,310,HUB_RECEIVED,QC_IN_PROGRESS,2026-09-10 05:51:58,,,1.0
1525,310,HUB_RECEIVED,QC_IN_PROGRESS,2026-09-10 05:51:58,,,1.0
1526,310,QC_IN_PROGRESS,QC_PASSED,2026-09-10 05:51:58,,,1.0
1527,310,QC_PASSED,PACKAGING_PENDING,2026-09-10 05:51:58,,,1.0
1528,310,PACKAGING_PENDING,PACKAGING_IN_PROGRESS,2026-09-10 05:52:07,,,1.0
1529,310,PACKAGING_IN_PROGRESS,HUB_PACKAGED,2026-09-10 05:52:32,,,1.0
1530,311,OUTBOUND_READY,OUTBOUND_BOOKED,2026-09-10 05:52:41,Outbound booked,,
1531,311,OUTBOUND_BOOKED,DISPATCHED_TO_CUSTOMER,2026-09-10 05:52:41,Pickup scheduled - moved to in transit,,
1532,310,HUB_PACKAGED,OUTBOUND_READY,2026-09-10 05:52:42,Hub marked shipment ready to ship,,1.0
1533,311,DISPATCHED_TO_CUSTOMER,OUT_FOR_DELIVERY,2026-09-10 05:52:53,Dev manual transition: out for delivery before delivery,,1.0
1534,311,OUT_FOR_DELIVERY,DELIVERED,2026-09-10 05:52:53,Manually marked delivered by hub/admin,,1.0
1535,312,,RETURN_APPROVED,2026-09-10 05:55:24,Exchange approved — swap pickup deferred until replacement outbound,,1.0
1536,313,IN_TRANSIT_TO_HUB,HUB_RECEIVED,2026-09-10 05:59:48,Received at hub from admin receiving queue,,1.0
1537,313,HUB_RECEIVED,QC_IN_PROGRESS,2026-09-10 06:00:04,,,1.0
1538,313,HUB_RECEIVED,QC_IN_PROGRESS,2026-09-10 06:00:05,,,1.0
1539,313,QC_IN_PROGRESS,QC_PASSED,2026-09-10 06:00:05,,,1.0
1540,313,QC_PASSED,PACKAGING_PENDING,2026-09-10 06:00:05,,,1.0
1541,313,PACKAGING_PENDING,PACKAGING_IN_PROGRESS,2026-09-10 06:00:28,,,1.0
1542,313,PACKAGING_IN_PROGRESS,HUB_PACKAGED,2026-09-10 06:01:03,,,1.0
1543,312,RETURN_APPROVED,RETURN_BOOKED,2026-09-10 06:01:05,Customer return reverse leg booked,,
1544,312,RETURN_APPROVED,RETURN_BOOKED,2026-09-10 06:01:05,Customer return reverse leg booked,,
1545,312,RETURN_APPROVED,RETURN_BOOKED,2026-09-10 06:01:05,Customer return reverse leg booked,,
1546,315,OUTBOUND_READY,OUTBOUND_BOOKED,2026-09-10 06:02:21,Outbound booked,,
1547,315,OUTBOUND_BOOKED,DISPATCHED_TO_CUSTOMER,2026-09-10 06:02:21,Pickup scheduled - moved to in transit,,
1548,312,RETURN_BOOKED,RETURN_PICKED_UP,2026-09-10 06:05:17,Staging: picked up from customer (reverse logistics board),,1.0
1549,312,RETURN_PICKED_UP,RETURN_IN_TRANSIT,2026-09-10 06:05:37,Staging: in transit to hub (reverse logistics board),,1.0
1550,312,RETURN_IN_TRANSIT,RETURN_RECEIVED_AT_HUB,2026-09-10 06:08:25,Received at hub from admin receiving queue (customer → hub),,1.0
1551,312,RETURN_RECEIVED_AT_HUB,RETURN_QC_PENDING,2026-09-10 06:08:25,Ready for QC after hub receiving,,1.0
1552,312,RETURN_QC_PENDING,RETURN_COMPLETED,2026-09-10 06:08:41,Return completed,,1.0
1553,316,IN_TRANSIT_TO_HUB,HUB_RECEIVED,2026-09-10 06:20:00,Received at hub from admin receiving queue,,1.0
1554,316,HUB_RECEIVED,QC_IN_PROGRESS,2026-09-10 06:20:17,,,1.0
1555,316,HUB_RECEIVED,QC_IN_PROGRESS,2026-09-10 06:20:17,,,1.0
1556,316,QC_IN_PROGRESS,QC_PASSED,2026-09-10 06:20:17,,,1.0
1557,316,QC_PASSED,PACKAGING_PENDING,2026-09-10 06:20:18,,,1.0
1558,316,PACKAGING_PENDING,PACKAGING_IN_PROGRESS,2026-09-10 06:20:24,,,1.0
1559,316,PACKAGING_IN_PROGRESS,HUB_PACKAGED,2026-09-10 06:20:45,,,1.0
1560,317,OUTBOUND_READY,OUTBOUND_BOOKED,2026-09-10 06:20:54,Outbound booked,,
1561,317,OUTBOUND_BOOKED,DISPATCHED_TO_CUSTOMER,2026-09-10 06:20:54,Pickup scheduled - moved to in transit,,
1562,316,HUB_PACKAGED,OUTBOUND_READY,2026-09-10 06:20:55,Hub marked shipment ready to ship,,1.0
1563,317,DISPATCHED_TO_CUSTOMER,OUT_FOR_DELIVERY,2026-09-10 06:21:05,Dev manual transition: out for delivery before delivery,,1.0
1564,317,OUT_FOR_DELIVERY,DELIVERED,2026-09-10 06:21:05,Manually marked delivered by hub/admin,,1.0
1565,318,,RETURN_APPROVED,2026-09-10 06:22:51,Exchange approved — swap pickup deferred until replacement outbound,,1.0
1566,319,IN_TRANSIT_TO_HUB,HUB_RECEIVED,2026-09-10 06:29:01,Received at hub from admin receiving queue,,1.0
1567,319,HUB_RECEIVED,QC_IN_PROGRESS,2026-09-10 06:29:19,,,1.0
1568,319,HUB_RECEIVED,QC_IN_PROGRESS,2026-09-10 06:29:19,,,1.0
1569,319,QC_IN_PROGRESS,QC_PASSED,2026-09-10 06:29:19,,,1.0
1570,319,QC_PASSED,PACKAGING_PENDING,2026-09-10 06:29:19,,,1.0
1571,319,PACKAGING_PENDING,PACKAGING_IN_PROGRESS,2026-09-10 06:29:25,,,1.0
1572,319,PACKAGING_IN_PROGRESS,HUB_PACKAGED,2026-09-10 06:29:49,,,1.0
1573,318,RETURN_APPROVED,RETURN_BOOKED,2026-09-10 06:29:51,Customer return reverse leg booked,,
1574,318,RETURN_APPROVED,RETURN_BOOKED,2026-09-10 06:29:51,Customer return reverse leg booked,,
1575,318,RETURN_APPROVED,RETURN_BOOKED,2026-09-10 06:29:51,Customer return reverse leg booked,,
1576,321,OUTBOUND_READY,OUTBOUND_BOOKED,2026-09-10 06:30:19,Outbound booked,,
1577,321,OUTBOUND_BOOKED,DISPATCHED_TO_CUSTOMER,2026-09-10 06:30:19,Pickup scheduled - moved to in transit,,
1578,318,RETURN_BOOKED,RETURN_PICKED_UP,2026-09-10 06:32:12,Staging: picked up from customer (reverse logistics board),,1.0
1579,318,RETURN_PICKED_UP,RETURN_IN_TRANSIT,2026-09-10 06:32:27,Staging: in transit to hub (reverse logistics board),,1.0
1580,318,RETURN_IN_TRANSIT,RETURN_RECEIVED_AT_HUB,2026-09-10 06:32:56,Received at hub from admin receiving queue (customer → hub),,1.0
1581,318,RETURN_RECEIVED_AT_HUB,RETURN_QC_PENDING,2026-09-10 06:32:56,Ready for QC after hub receiving,,1.0
1582,318,RETURN_QC_PENDING,RETURN_COMPLETED,2026-09-10 06:33:25,Return completed,,1.0
1583,322,IN_TRANSIT_TO_HUB,HUB_RECEIVED,2026-09-10 09:21:42,Received at hub from admin receiving queue,,1.0
1584,322,HUB_RECEIVED,QC_IN_PROGRESS,2026-09-10 09:21:58,,,1.0
1585,322,HUB_RECEIVED,QC_IN_PROGRESS,2026-09-10 09:21:59,,,1.0
1586,322,QC_IN_PROGRESS,QC_PASSED,2026-09-10 09:21:59,,,1.0
1587,322,QC_PASSED,PACKAGING_PENDING,2026-09-10 09:21:59,,,1.0
1588,322,PACKAGING_PENDING,PACKAGING_IN_PROGRESS,2026-09-10 09:22:05,,,1.0
1589,322,PACKAGING_IN_PROGRESS,HUB_PACKAGED,2026-09-10 09:22:28,,,1.0
1590,323,OUTBOUND_READY,OUTBOUND_BOOKED,2026-09-10 09:22:35,Outbound booked,,
1591,323,OUTBOUND_BOOKED,DISPATCHED_TO_CUSTOMER,2026-09-10 09:22:35,Pickup scheduled - moved to in transit,,
1592,322,HUB_PACKAGED,OUTBOUND_READY,2026-09-10 09:22:36,Hub marked shipment ready to ship,,1.0
1593,323,DISPATCHED_TO_CUSTOMER,OUT_FOR_DELIVERY,2026-09-10 09:22:47,Dev manual transition: out for delivery before delivery,,1.0
1594,323,OUT_FOR_DELIVERY,DELIVERED,2026-09-10 09:22:47,Manually marked delivered by hub/admin,,1.0
1595,324,,RETURN_APPROVED,2026-09-10 09:23:39,Exchange approved — swap pickup deferred until replacement outbound,,1.0
1596,325,IN_TRANSIT_TO_HUB,HUB_RECEIVED,2026-09-10 09:27:40,Received at hub from admin receiving queue,,1.0
1597,325,HUB_RECEIVED,QC_IN_PROGRESS,2026-09-10 09:27:54,,,1.0
1598,325,HUB_RECEIVED,QC_IN_PROGRESS,2026-09-10 09:27:54,,,1.0
1599,325,QC_IN_PROGRESS,QC_PASSED,2026-09-10 09:27:54,,,1.0
1600,325,QC_PASSED,PACKAGING_PENDING,2026-09-10 09:27:54,,,1.0
1601,325,PACKAGING_PENDING,PACKAGING_IN_PROGRESS,2026-09-10 09:28:00,,,1.0
1602,325,PACKAGING_IN_PROGRESS,HUB_PACKAGED,2026-09-10 09:28:24,,,1.0
1603,326,OUTBOUND_READY,OUTBOUND_BOOKED,2026-09-10 09:28:29,Outbound booked,,
1604,326,OUTBOUND_BOOKED,DISPATCHED_TO_CUSTOMER,2026-09-10 09:28:29,Pickup scheduled - moved to in transit,,
1605,325,HUB_PACKAGED,OUTBOUND_READY,2026-09-10 09:28:30,Hub marked shipment ready to ship,,1.0
1606,326,DISPATCHED_TO_CUSTOMER,OUT_FOR_DELIVERY,2026-09-10 09:28:38,Dev manual transition: out for delivery before delivery,,1.0
1607,326,OUT_FOR_DELIVERY,DELIVERED,2026-09-10 09:28:38,Manually marked delivered by hub/admin,,1.0
1608,327,,RETURN_APPROVED,2026-09-10 09:29:43,Exchange approved — swap pickup deferred until replacement outbound,,1.0
1609,328,IN_TRANSIT_TO_HUB,HUB_RECEIVED,2026-09-10 09:54:50,Received at hub from admin receiving queue,,1.0
1610,328,HUB_RECEIVED,QC_IN_PROGRESS,2026-09-10 09:55:11,,,1.0
1611,328,HUB_RECEIVED,QC_FAILED_FIXABLE,2026-09-10 09:55:11,"QC failed: 3 item(s) unchecked: quantity, quality, Specification",,1.0
1612,328,QC_FAILED_FIXABLE,QC_FAILED_RTV,2026-09-10 09:55:12,"QC failed: 3 item(s) unchecked: quantity, quality, Specification",,1.0
1613,328,QC_FAILED_RTV,RTV_INITIATED,2026-09-10 09:55:12,"QC failed: 3 item(s) unchecked: quantity, quality, Specification",,1.0
1614,329,,RTV_INITIATED,2026-09-10 09:55:12,"QC failed: 3 item(s) unchecked: quantity, quality, Specification",,1.0
1615,329,RTV_INITIATED,RTV_BOOKED,2026-09-10 09:58:45,Vendor arranged RTV return pickup,,7.0
1616,328,RTV_INITIATED,RTV_BOOKED,2026-09-10 09:58:45,Vendor arranged return pickup from hub,,7.0
1617,330,IN_TRANSIT_TO_HUB,HUB_RECEIVED,2026-09-10 10:17:54,Received at hub from admin receiving queue,,1.0
1618,330,HUB_RECEIVED,QC_IN_PROGRESS,2026-09-10 10:18:09,,,1.0
1619,330,HUB_RECEIVED,QC_FAILED_FIXABLE,2026-09-10 10:18:09,"QC failed: 3 item(s) unchecked: quantity, quality, Specification",,1.0
1620,330,QC_FAILED_FIXABLE,QC_FAILED_RTV,2026-09-10 10:18:10,"QC failed: 3 item(s) unchecked: quantity, quality, Specification",,1.0
1621,330,QC_FAILED_RTV,RTV_INITIATED,2026-09-10 10:18:10,"QC failed: 3 item(s) unchecked: quantity, quality, Specification",,1.0
1622,331,,RTV_INITIATED,2026-09-10 10:18:10,"QC failed: 3 item(s) unchecked: quantity, quality, Specification",,1.0
1623,331,RTV_INITIATED,RTV_BOOKED,2026-09-10 10:35:43,Vendor arranged RTV return pickup,,7.0
1624,330,RTV_INITIATED,RTV_BOOKED,2026-09-10 10:35:43,Vendor arranged return pickup from hub,,7.0
1625,332,IN_TRANSIT_TO_HUB,HUB_RECEIVED,2026-09-10 12:23:20,Received at hub from admin receiving queue,,1.0
1626,332,HUB_RECEIVED,QC_IN_PROGRESS,2026-09-10 12:24:21,,,1.0
1627,332,HUB_RECEIVED,QC_IN_PROGRESS,2026-09-10 12:24:22,,,1.0
1628,332,QC_IN_PROGRESS,QC_PASSED,2026-09-10 12:24:22,,,1.0
1629,332,QC_PASSED,PACKAGING_PENDING,2026-09-10 12:24:22,,,1.0
1630,332,PACKAGING_PENDING,PACKAGING_IN_PROGRESS,2026-09-10 12:24:28,,,1.0
1631,332,PACKAGING_IN_PROGRESS,HUB_PACKAGED,2026-09-10 12:24:52,,,1.0
1632,333,OUTBOUND_READY,OUTBOUND_BOOKED,2026-09-10 12:24:59,Outbound booked,,
1633,333,OUTBOUND_BOOKED,DISPATCHED_TO_CUSTOMER,2026-09-10 12:25:00,Pickup scheduled - moved to in transit,,
1634,332,HUB_PACKAGED,OUTBOUND_READY,2026-09-10 12:25:01,Hub marked shipment ready to ship,,1.0
1635,333,DISPATCHED_TO_CUSTOMER,OUT_FOR_DELIVERY,2026-09-10 12:25:21,Dev manual transition: out for delivery before delivery,,1.0
1636,333,OUT_FOR_DELIVERY,DELIVERED,2026-09-10 12:25:21,Manually marked delivered by hub/admin,,1.0
1637,334,,RETURN_APPROVED,2026-09-10 12:26:43,Customer return approved — courier booking deferred,,1.0
1638,334,RETURN_APPROVED,RETURN_BOOKED,2026-09-10 12:26:44,Customer return reverse leg booked,,
1639,334,RETURN_BOOKED,RETURN_PICKED_UP,2026-09-10 12:27:57,Staging: picked up from customer (reverse logistics board),,1.0
1640,334,RETURN_PICKED_UP,RETURN_IN_TRANSIT,2026-09-10 12:28:05,Staging: in transit to hub (reverse logistics board),,1.0
1641,335,IN_TRANSIT_TO_HUB,HUB_RECEIVED,2026-09-11 05:18:14,Received at hub from admin receiving queue,,1.0
1642,335,HUB_RECEIVED,QC_IN_PROGRESS,2026-09-11 05:18:29,,,1.0
1643,335,HUB_RECEIVED,QC_IN_PROGRESS,2026-09-11 05:18:29,,,1.0
1644,335,QC_IN_PROGRESS,QC_PASSED,2026-09-11 05:18:30,,,1.0
1645,335,QC_PASSED,PACKAGING_PENDING,2026-09-11 05:18:30,,,1.0
1646,335,PACKAGING_PENDING,PACKAGING_IN_PROGRESS,2026-09-11 05:18:35,,,1.0
1647,335,PACKAGING_IN_PROGRESS,HUB_PACKAGED,2026-09-11 05:18:57,,,1.0
1648,336,OUTBOUND_READY,OUTBOUND_BOOKED,2026-09-11 05:19:04,Outbound booked,,
1649,336,OUTBOUND_BOOKED,DISPATCHED_TO_CUSTOMER,2026-09-11 05:19:05,Pickup scheduled - moved to in transit,,
1650,335,HUB_PACKAGED,OUTBOUND_READY,2026-09-11 05:19:05,Hub marked shipment ready to ship,,1.0
1651,336,DISPATCHED_TO_CUSTOMER,OUT_FOR_DELIVERY,2026-09-11 05:27:16,Dev manual transition: out for delivery before delivery,,1.0
1652,336,OUT_FOR_DELIVERY,DELIVERED,2026-09-11 05:27:17,Manually marked delivered by hub/admin,,1.0
1653,337,,RETURN_APPROVED,2026-09-11 05:31:25,Customer return approved — courier booking deferred,,1.0
1654,337,RETURN_APPROVED,RETURN_BOOKED,2026-09-11 05:31:26,Customer return reverse leg booked,,
1655,337,RETURN_BOOKED,RETURN_PICKED_UP,2026-09-11 05:32:34,Staging: picked up from customer (reverse logistics board),,1.0
1656,337,RETURN_PICKED_UP,RETURN_IN_TRANSIT,2026-09-11 05:32:41,Staging: in transit to hub (reverse logistics board),,1.0
1657,337,RETURN_IN_TRANSIT,RETURN_RECEIVED_AT_HUB,2026-09-11 05:33:26,Received at hub from admin receiving queue (customer → hub),,1.0
1658,337,RETURN_RECEIVED_AT_HUB,RETURN_QC_PENDING,2026-09-11 05:33:26,Ready for QC after hub receiving,,1.0
1659,338,IN_TRANSIT_TO_HUB,HUB_RECEIVED,2026-09-11 05:36:31,Received at hub from admin receiving queue,,1.0
1660,338,HUB_RECEIVED,QC_IN_PROGRESS,2026-09-11 05:36:46,,,1.0
1661,338,HUB_RECEIVED,QC_IN_PROGRESS,2026-09-11 05:36:46,,,1.0
1662,338,QC_IN_PROGRESS,QC_PASSED,2026-09-11 05:36:46,,,1.0
1663,338,QC_PASSED,PACKAGING_PENDING,2026-09-11 05:36:46,,,1.0
1664,338,PACKAGING_PENDING,PACKAGING_IN_PROGRESS,2026-09-11 05:36:52,,,1.0
1665,338,PACKAGING_IN_PROGRESS,HUB_PACKAGED,2026-09-11 05:37:15,,,1.0
1666,339,OUTBOUND_READY,OUTBOUND_BOOKED,2026-09-11 05:37:22,Outbound booked,,
1667,339,OUTBOUND_BOOKED,DISPATCHED_TO_CUSTOMER,2026-09-11 05:37:22,Pickup scheduled - moved to in transit,,
1668,338,HUB_PACKAGED,OUTBOUND_READY,2026-09-11 05:37:22,Hub marked shipment ready to ship,,1.0
1669,339,DISPATCHED_TO_CUSTOMER,OUT_FOR_DELIVERY,2026-09-11 05:37:33,Dev manual transition: out for delivery before delivery,,1.0
1670,339,OUT_FOR_DELIVERY,DELIVERED,2026-09-11 05:37:33,Manually marked delivered by hub/admin,,1.0
1671,340,,RETURN_APPROVED,2026-09-11 05:38:38,Customer return approved — courier booking deferred,,1.0
1672,340,RETURN_APPROVED,RETURN_BOOKED,2026-09-11 05:38:39,Customer return reverse leg booked,,
1673,340,RETURN_BOOKED,RETURN_PICKED_UP,2026-09-11 08:45:33,Staging: picked up from customer (reverse logistics board),,1.0
1674,340,RETURN_PICKED_UP,RETURN_IN_TRANSIT,2026-09-11 08:45:58,Staging: in transit to hub (reverse logistics board),,1.0
1675,340,RETURN_IN_TRANSIT,RETURN_RECEIVED_AT_HUB,2026-09-11 08:46:48,Received at hub from admin receiving queue (customer → hub),,1.0
1676,340,RETURN_RECEIVED_AT_HUB,RETURN_QC_PENDING,2026-09-11 08:46:48,Ready for QC after hub receiving,,1.0
1677,340,RETURN_QC_PENDING,RETURN_COMPLETED,2026-09-11 08:47:28,Return completed,,1.0
1678,341,IN_TRANSIT_TO_HUB,HUB_RECEIVED,2026-09-11 08:52:33,Received at hub from admin receiving queue,,1.0
1679,341,HUB_RECEIVED,QC_IN_PROGRESS,2026-09-11 08:52:47,,,1.0
1680,341,HUB_RECEIVED,QC_IN_PROGRESS,2026-09-11 08:52:47,,,1.0
1681,341,QC_IN_PROGRESS,QC_PASSED,2026-09-11 08:52:47,,,1.0
1682,341,QC_PASSED,PACKAGING_PENDING,2026-09-11 08:52:47,,,1.0
1683,341,PACKAGING_PENDING,PACKAGING_IN_PROGRESS,2026-09-11 08:52:54,,,1.0
1684,341,PACKAGING_IN_PROGRESS,HUB_PACKAGED,2026-09-11 08:53:17,,,1.0
1685,342,OUTBOUND_READY,OUTBOUND_BOOKED,2026-09-11 08:53:23,Outbound booked,,
1686,342,OUTBOUND_BOOKED,DISPATCHED_TO_CUSTOMER,2026-09-11 08:53:23,Pickup scheduled - moved to in transit,,
1687,341,HUB_PACKAGED,OUTBOUND_READY,2026-09-11 08:53:24,Hub marked shipment ready to ship,,1.0
1688,342,DISPATCHED_TO_CUSTOMER,OUT_FOR_DELIVERY,2026-09-11 08:53:35,Dev manual transition: out for delivery before delivery,,1.0
1689,342,OUT_FOR_DELIVERY,DELIVERED,2026-09-11 08:53:35,Manually marked delivered by hub/admin,,1.0
1690,343,,RETURN_APPROVED,2026-09-11 09:05:24,Customer return approved — courier booking deferred,,1.0
1691,343,RETURN_APPROVED,RETURN_BOOKED,2026-09-11 09:05:25,Customer return reverse leg booked,,
1692,343,RETURN_BOOKED,RETURN_PICKED_UP,2026-09-11 09:05:47,Staging: picked up from customer (reverse logistics board),,1.0
1693,343,RETURN_PICKED_UP,RETURN_IN_TRANSIT,2026-09-11 09:06:52,Staging: in transit to hub (reverse logistics board),,1.0
1694,343,RETURN_IN_TRANSIT,RETURN_RECEIVED_AT_HUB,2026-09-11 09:07:14,Received at hub from admin receiving queue (customer → hub),,1.0
1695,343,RETURN_RECEIVED_AT_HUB,RETURN_QC_PENDING,2026-09-11 09:07:15,Ready for QC after hub receiving,,1.0
1696,343,RETURN_QC_PENDING,RETURN_COMPLETED,2026-09-11 09:07:42,Return completed,,1.0
1697,344,IN_TRANSIT_TO_HUB,HUB_RECEIVED,2026-09-11 09:39:20,Received at hub from admin receiving queue,,1.0
1698,344,HUB_RECEIVED,QC_IN_PROGRESS,2026-09-11 09:39:36,,,1.0
1699,344,HUB_RECEIVED,QC_IN_PROGRESS,2026-09-11 09:39:36,,,1.0
1700,344,QC_IN_PROGRESS,QC_PASSED,2026-09-11 09:39:36,,,1.0
1701,344,QC_PASSED,PACKAGING_PENDING,2026-09-11 09:39:36,,,1.0
1702,344,PACKAGING_PENDING,PACKAGING_IN_PROGRESS,2026-09-11 09:39:43,,,1.0
1703,344,PACKAGING_IN_PROGRESS,HUB_PACKAGED,2026-09-11 09:40:08,,,1.0
1704,345,OUTBOUND_READY,OUTBOUND_BOOKED,2026-09-11 09:40:15,Outbound booked,,
1705,345,OUTBOUND_BOOKED,DISPATCHED_TO_CUSTOMER,2026-09-11 09:40:15,Pickup scheduled - moved to in transit,,
1706,344,HUB_PACKAGED,OUTBOUND_READY,2026-09-11 09:40:16,Hub marked shipment ready to ship,,1.0
1707,345,DISPATCHED_TO_CUSTOMER,OUT_FOR_DELIVERY,2026-09-11 09:40:28,Dev manual transition: out for delivery before delivery,,1.0
1708,345,OUT_FOR_DELIVERY,DELIVERED,2026-09-11 09:40:28,Manually marked delivered by hub/admin,,1.0
1709,346,,RETURN_APPROVED,2026-09-11 09:46:07,Exchange approved — swap pickup deferred until replacement outbound,,1.0
1710,347,IN_TRANSIT_TO_HUB,HUB_RECEIVED,2026-09-11 09:52:18,Received at hub from admin receiving queue,,1.0
1711,347,HUB_RECEIVED,QC_IN_PROGRESS,2026-09-11 09:52:39,,,1.0
1712,347,HUB_RECEIVED,QC_IN_PROGRESS,2026-09-11 09:52:39,,,1.0
1713,347,QC_IN_PROGRESS,QC_PASSED,2026-09-11 09:52:39,,,1.0
1714,347,QC_PASSED,PACKAGING_PENDING,2026-09-11 09:52:39,,,1.0
1715,347,PACKAGING_PENDING,PACKAGING_IN_PROGRESS,2026-09-11 09:52:52,,,1.0
1716,347,PACKAGING_IN_PROGRESS,HUB_PACKAGED,2026-09-11 09:53:20,,,1.0
1717,346,RETURN_APPROVED,RETURN_BOOKED,2026-09-11 09:53:21,Customer return reverse leg booked,,
1718,346,RETURN_APPROVED,RETURN_BOOKED,2026-09-11 09:53:21,Customer return reverse leg booked,,
1719,346,RETURN_APPROVED,RETURN_BOOKED,2026-09-11 09:53:22,Customer return reverse leg booked,,
1720,346,RETURN_BOOKED,RETURN_PICKED_UP,2026-09-11 09:55:40,Staging: picked up from customer (reverse logistics board),,1.0
1721,346,RETURN_PICKED_UP,RETURN_IN_TRANSIT,2026-09-11 09:55:46,Staging: in transit to hub (reverse logistics board),,1.0
1722,350,IN_TRANSIT_TO_HUB,HUB_RECEIVED,2026-09-11 10:33:21,Received at hub from admin receiving queue,,1.0
1723,350,HUB_RECEIVED,QC_IN_PROGRESS,2026-09-11 10:33:35,,,1.0
1724,350,HUB_RECEIVED,QC_IN_PROGRESS,2026-09-11 10:33:36,,,1.0
1725,350,QC_IN_PROGRESS,QC_PASSED,2026-09-11 10:33:36,,,1.0
1726,350,QC_PASSED,PACKAGING_PENDING,2026-09-11 10:33:36,,,1.0
1727,350,PACKAGING_PENDING,PACKAGING_IN_PROGRESS,2026-09-11 10:33:43,,,1.0
1728,350,PACKAGING_IN_PROGRESS,HUB_PACKAGED,2026-09-11 10:34:06,,,1.0
1729,351,OUTBOUND_READY,OUTBOUND_BOOKED,2026-09-11 10:37:32,Outbound booked,,
1730,351,OUTBOUND_BOOKED,DISPATCHED_TO_CUSTOMER,2026-09-11 10:37:32,Pickup scheduled - moved to in transit,,
1731,350,HUB_PACKAGED,OUTBOUND_READY,2026-09-11 10:37:32,Hub marked shipment ready to ship,,1.0
1732,351,DISPATCHED_TO_CUSTOMER,OUT_FOR_DELIVERY,2026-09-11 10:37:43,Dev manual transition: out for delivery before delivery,,1.0
1733,351,OUT_FOR_DELIVERY,DELIVERED,2026-09-11 10:37:43,Manually marked delivered by hub/admin,,1.0
1734,352,,RETURN_APPROVED,2026-09-11 11:36:55,Exchange approved — swap pickup deferred until replacement outbound,,1.0
1735,353,IN_TRANSIT_TO_HUB,HUB_RECEIVED,2026-09-11 11:40:06,Received at hub from admin receiving queue,,1.0
1736,353,HUB_RECEIVED,QC_IN_PROGRESS,2026-09-11 11:40:23,,,1.0
1737,353,HUB_RECEIVED,QC_IN_PROGRESS,2026-09-11 11:40:23,,,1.0
1738,353,QC_IN_PROGRESS,QC_PASSED,2026-09-11 11:40:24,,,1.0
1739,353,QC_PASSED,PACKAGING_PENDING,2026-09-11 11:40:24,,,1.0
1740,353,PACKAGING_PENDING,PACKAGING_IN_PROGRESS,2026-09-11 11:40:29,,,1.0
1741,353,PACKAGING_IN_PROGRESS,HUB_PACKAGED,2026-09-11 11:40:51,,,1.0
1742,352,RETURN_APPROVED,RETURN_BOOKED,2026-09-11 11:40:52,Customer return reverse leg booked,,
1743,352,RETURN_APPROVED,RETURN_BOOKED,2026-09-11 11:40:53,Customer return reverse leg booked,,
1744,352,RETURN_APPROVED,RETURN_BOOKED,2026-09-11 11:40:53,Customer return reverse leg booked,,
1745,352,RETURN_BOOKED,RETURN_PICKED_UP,2026-09-11 11:41:37,Staging: picked up from customer (reverse logistics board),,1.0
1746,352,RETURN_PICKED_UP,RETURN_IN_TRANSIT,2026-09-11 11:41:42,Staging: in transit to hub (reverse logistics board),,1.0
1747,352,RETURN_IN_TRANSIT,RETURN_RECEIVED_AT_HUB,2026-09-11 11:42:18,Received at hub from admin receiving queue (customer → hub),,1.0
1748,352,RETURN_RECEIVED_AT_HUB,RETURN_QC_PENDING,2026-09-11 11:42:18,Ready for QC after hub receiving,,1.0
1749,329,RTV_BOOKED,CANCELLED_BY_ADMIN,2026-09-13 10:02:01,Shipment cancellation via courier_cancel,,
1750,328,RTV_BOOKED,CANCELLED_BY_ADMIN,2026-09-13 10:02:01,Shipment cancellation via courier_cancel,,
