id,vendor_invoice_file_path,vendor_eway_bill_no,vendor_eway_bill_doc_url,invoice_type,status,invoice_date,customer_id,vendor_id,order_id,receipt_id,original_invoice_id,product_id,product_name,quantity,gst_type,gst_rate,journal_entry_id,posted_at,je_reference,invoice_no,vendor_invoice_no,seller_gstin,buyer_gstin,seller_state,buyer_state,hsn_code,narration,created_at,cn_reason,cn_issued_date,original_supply_date,is_amendment,seller_legal_name,seller_pan,seller_address_snapshot,buyer_legal_name,buyer_pan,buyer_address_snapshot,item_sku,item_brand_name,vendor_invoice_date,unit_price_legacy,unit_price,effective_unit_price_legacy,effective_unit_price,vendor_listed_price_legacy,vendor_listed_price,offer_discount_legacy,offer_discount,bulk_discount_legacy,bulk_discount,vendor_offer_discount_legacy,vendor_offer_discount,platform_offer_discount_legacy,platform_offer_discount,coupon_discount_legacy,coupon_discount,cart_coupon_share_legacy,cart_coupon_share,subtotal_legacy,subtotal,taxable_amount_legacy,taxable_amount,cgst_amount_legacy,cgst_amount,sgst_amount_legacy,sgst_amount,igst_amount_legacy,igst_amount,product_cgst_legacy,product_cgst,product_sgst_legacy,product_sgst,product_igst_legacy,product_igst,shipping_amount_legacy,shipping_amount,shipping_cgst_legacy,shipping_cgst,shipping_sgst_legacy,shipping_sgst,shipping_igst_legacy,shipping_igst,pg_charges_legacy,pg_charges,pg_cgst_legacy,pg_cgst,pg_sgst_legacy,pg_sgst,pg_igst_legacy,pg_igst,total_amount_legacy,total_amount,return_shipping_deduction_base_legacy,return_shipping_deduction_base,return_shipping_deduction_gst_legacy,return_shipping_deduction_gst,return_shipping_deduction_total_legacy,return_shipping_deduction_total
1,,,,PURCHASE,ISSUED,2026-08-04,,3,1,,,3,Aluminium Round Tube,1.0,IGST,18.0,2.0,2026-08-04 12:39:37,PINV-2026-0001,PINV-2026-0001,,27AABCN4587K1Z5,29AAGCB1286Q000,maharashtra,Karnataka,12345.0,Purchase from Vendor #3 for Order #1,2026-08-04 07:09:36.542595,,,,0,,,,,,,,,,1490.0,149000,1490.0,149000,1490.0,149000,0.0,0,0.0,0,0.0,0,0.0,0,0.0,0,0.0,0,1490.0,149000,1490.0,149000,0.0,0,0.0,0,268.2,26820,0.0,0,0.0,0,268.2,26820,0.0,0,0.0,0,0.0,0,0.0,0,0.0,0,0.0,0,0.0,0,0.0,0,1758.2,175820,0.0,0,0.0,0,0.0,0
2,,,,SALES,ISSUED,2026-08-04,6.0,3,1,1.0,,3,Aluminium Round Tube,1.0,IGST,18.0,3.0,2026-08-04 12:45:45,,SINV-2026-0001,,29AAGCB1286Q000,,Karnataka,Maharashtra,12345.0,Sales invoice for Order #1 to Customer #6,2026-08-04 07:15:45.009846,,,,0,,,,,,,,,,1565.0,156500,1565.0,156500,0.0,0,0.0,0,0.0,0,0.0,0,0.0,0,0.0,0,0.0,0,1565.0,156500,1565.0,156500,0.0,0,0.0,0,297.09,29709,0.0,0,0.0,0,281.7,28170,85.5,8550,0.0,0,0.0,0,15.39,1539,0.0,0,0.0,0,0.0,0,0.0,0,1947.59,194759,0.0,0,0.0,0,0.0,0
3,,,,PURCHASE,ISSUED,2026-08-04,,3,2,,,3,Aluminium Round Tube,1.0,IGST,18.0,7.0,2026-08-04 13:18:09,PINV-2026-0002,PINV-2026-0002,,27AABCN4587K1Z5,29AAGCB1286Q000,maharashtra,Karnataka,12345.0,Purchase from Vendor #3 for Order #2,2026-08-04 07:48:08.794933,,,,0,,,,,,,,,,1490.0,149000,1490.0,149000,1490.0,149000,0.0,0,0.0,0,0.0,0,0.0,0,0.0,0,0.0,0,1490.0,149000,1490.0,149000,0.0,0,0.0,0,268.2,26820,0.0,0,0.0,0,268.2,26820,0.0,0,0.0,0,0.0,0,0.0,0,0.0,0,0.0,0,0.0,0,0.0,0,1758.2,175820,0.0,0,0.0,0,0.0,0
4,,,,SALES,ISSUED,2026-08-04,6.0,3,2,2.0,,3,Aluminium Round Tube,1.0,IGST,18.0,8.0,2026-08-04 13:20:49,,SINV-2026-0002,,29AAGCB1286Q000,,Karnataka,Maharashtra,12345.0,Sales invoice for Order #2 to Customer #6,2026-08-04 07:50:48.706637,,,,0,,,,,,,,,,1565.0,156500,1565.0,156500,0.0,0,0.0,0,0.0,0,0.0,0,0.0,0,0.0,0,0.0,0,1565.0,156500,1565.0,156500,0.0,0,0.0,0,297.09,29709,0.0,0,0.0,0,281.7,28170,85.5,8550,0.0,0,0.0,0,15.39,1539,0.0,0,0.0,0,0.0,0,0.0,0,1947.59,194759,0.0,0,0.0,0,0.0,0
5,,,,PURCHASE,ISSUED,2026-08-04,,3,3,,,3,Aluminium Round Tube,1.0,IGST,18.0,12.0,2026-08-04 13:45:59,PINV-2026-0003,PINV-2026-0003,,27AABCN4587K1Z5,29AAGCB1286Q000,maharashtra,Karnataka,12345.0,Purchase from Vendor #3 for Order #3,2026-08-04 08:15:58.437403,,,,0,,,,,,,,,,1490.0,149000,1490.0,149000,1490.0,149000,0.0,0,0.0,0,0.0,0,0.0,0,0.0,0,0.0,0,1490.0,149000,1490.0,149000,0.0,0,0.0,0,268.2,26820,0.0,0,0.0,0,268.2,26820,0.0,0,0.0,0,0.0,0,0.0,0,0.0,0,0.0,0,0.0,0,0.0,0,1758.2,175820,0.0,0,0.0,0,0.0,0
6,,,,SALES,ISSUED,2026-08-04,6.0,3,3,3.0,,3,Aluminium Round Tube,1.0,IGST,18.0,13.0,2026-08-04 13:50:57,,SINV-2026-0003,,29AAGCB1286Q000,,Karnataka,Maharashtra,12345.0,Sales invoice for Order #3 to Customer #6,2026-08-04 08:20:56.444327,,,,0,,,,,,,,,,1565.0,156500,1565.0,156500,0.0,0,0.0,0,0.0,0,0.0,0,0.0,0,0.0,0,0.0,0,1565.0,156500,1565.0,156500,0.0,0,0.0,0,297.09,29709,0.0,0,0.0,0,281.7,28170,85.5,8550,0.0,0,0.0,0,15.39,1539,0.0,0,0.0,0,0.0,0,0.0,0,1947.59,194759,0.0,0,0.0,0,0.0,0
7,,,,PURCHASE,ISSUED,2026-08-04,,3,4,,,3,Aluminium Round Tube,1.0,IGST,18.0,17.0,2026-08-04 14:08:33,PINV-2026-0004,PINV-2026-0004,,27AABCN4587K1Z5,29AAGCB1286Q000,maharashtra,Karnataka,12345.0,Purchase from Vendor #3 for Order #4,2026-08-04 08:38:33.302219,,,,0,,,,,,,,,,1490.0,149000,1490.0,149000,1490.0,149000,0.0,0,0.0,0,0.0,0,0.0,0,0.0,0,0.0,0,1490.0,149000,1490.0,149000,0.0,0,0.0,0,268.2,26820,0.0,0,0.0,0,268.2,26820,0.0,0,0.0,0,0.0,0,0.0,0,0.0,0,0.0,0,0.0,0,0.0,0,1758.2,175820,0.0,0,0.0,0,0.0,0
8,,,,SALES,ISSUED,2026-08-04,6.0,3,4,4.0,,3,Aluminium Round Tube,1.0,IGST,18.0,18.0,2026-08-04 14:10:37,,SINV-2026-0004,,29AAGCB1286Q000,,Karnataka,Maharashtra,12345.0,Sales invoice for Order #4 to Customer #6,2026-08-04 08:40:37.245841,,,,0,,,,,,,,,,1565.0,156500,1565.0,156500,0.0,0,0.0,0,0.0,0,0.0,0,0.0,0,0.0,0,0.0,0,1565.0,156500,1565.0,156500,0.0,0,0.0,0,297.09,29709,0.0,0,0.0,0,281.7,28170,85.5,8550,0.0,0,0.0,0,15.39,1539,0.0,0,0.0,0,0.0,0,0.0,0,1947.59,194759,0.0,0,0.0,0,0.0,0
9,,,,CREDIT_NOTE,ISSUED,2026-08-04,6.0,3,2,,4.0,3,Aluminium Round Tube,1.0,IGST,18.0,21.0,,,CN-2026-0001,,29AAGCB1286Q000,,Karnataka,Maharashtra,12345.0,Credit note for returned Order #2,2026-08-04 09:05:02.323860,ORDER_RETURNED,2026-08-04,2026-08-04,0,,,,,,,,,,-1565.0,-156500,-1565.0,-156500,0.0,0,0.0,0,0.0,0,0.0,0,0.0,0,0.0,0,0.0,0,-1565.0,-156500,-1565.0,-156500,0.0,0,0.0,0,-297.09,-29709,0.0,0,0.0,0,-281.7,-28170,-85.5,-8550,0.0,0,0.0,0,-15.39,-1539,0.0,0,0.0,0,0.0,0,0.0,0,-1947.59,-194759,0.0,0,0.0,0,0.0,0
10,,,,PURCHASE,ISSUED,2026-08-04,,3,5,,,3,Aluminium Round Tube,1.0,IGST,18.0,22.0,2026-08-04 14:43:56,PINV-2026-0005,PINV-2026-0005,,27AABCN4587K1Z5,29AAGCB1286Q000,maharashtra,Karnataka,12345.0,Purchase from Vendor #3 for Order #5,2026-08-04 09:13:56.019593,,,,0,,,,,,,,,,0.0,0,0.0,0,0.0,0,0.0,0,0.0,0,0.0,0,0.0,0,0.0,0,0.0,0,0.0,0,0.0,0,0.0,0,0.0,0,0.0,0,0.0,0,0.0,0,0.0,0,0.0,0,0.0,0,0.0,0,0.0,0,0.0,0,0.0,0,0.0,0,0.0,0,0.0,0,0.0,0,0.0,0,0.0,0
11,,,,SALES,DRAFT,2026-08-04,6.0,3,5,,,3,Aluminium Round Tube,1.0,IGST,18.0,,,,SINV-2026-0005,,29AAGCB1286Q000,,Karnataka,Maharashtra,12345.0,Sales invoice for Order #5 to Customer #6,2026-08-04 09:13:56.181347,,,,0,,,,,,,,,,1565.0,156500,1565.0,156500,0.0,0,0.0,0,0.0,0,0.0,0,0.0,0,0.0,0,0.0,0,1565.0,156500,1565.0,156500,0.0,0,0.0,0,0.0,0,0.0,0,0.0,0,0.0,0,0.0,0,0.0,0,0.0,0,0.0,0,0.0,0,0.0,0,0.0,0,0.0,0,1947.59,194759,0.0,0,0.0,0,0.0,0
12,,,,PURCHASE,ISSUED,2026-08-04,,3,6,,,3,Aluminium Round Tube,1.0,IGST,18.0,24.0,2026-08-04 15:08:50,PINV-2026-0006,PINV-2026-0006,,27AABCN4587K1Z5,29AAGCB1286Q000,maharashtra,Karnataka,12345.0,Purchase from Vendor #3 for Order #6,2026-08-04 09:38:50.086065,,,,0,,,,,,,,,,1490.0,149000,1490.0,149000,1490.0,149000,0.0,0,0.0,0,0.0,0,0.0,0,0.0,0,0.0,0,1490.0,149000,1490.0,149000,0.0,0,0.0,0,268.2,26820,0.0,0,0.0,0,268.2,26820,0.0,0,0.0,0,0.0,0,0.0,0,0.0,0,0.0,0,0.0,0,0.0,0,1758.2,175820,0.0,0,0.0,0,0.0,0
13,,,,SALES,ISSUED,2026-08-04,6.0,3,6,5.0,,3,Aluminium Round Tube,1.0,IGST,18.0,25.0,2026-08-04 15:10:39,,SINV-2026-0006,,29AAGCB1286Q000,,Karnataka,Maharashtra,12345.0,Sales invoice for Order #6 to Customer #6,2026-08-04 09:40:39.205364,,,,0,,,,,,,,,,1565.0,156500,1565.0,156500,0.0,0,0.0,0,0.0,0,0.0,0,0.0,0,0.0,0,0.0,0,1565.0,156500,1565.0,156500,0.0,0,0.0,0,297.09,29709,0.0,0,0.0,0,281.7,28170,85.5,8550,0.0,0,0.0,0,15.39,1539,0.0,0,0.0,0,0.0,0,0.0,0,1947.59,194759,0.0,0,0.0,0,0.0,0
14,,,,CREDIT_NOTE,ISSUED,2026-08-04,6.0,3,6,,13.0,3,Aluminium Round Tube,1.0,IGST,18.0,28.0,,,CN-2026-0002,,29AAGCB1286Q000,,Karnataka,Maharashtra,12345.0,Credit note for returned Order #6,2026-08-04 09:43:17.551456,ORDER_RETURNED,2026-08-04,2026-08-04,0,,,,,,,,,,-1565.0,-156500,-1565.0,-156500,0.0,0,0.0,0,0.0,0,0.0,0,0.0,0,0.0,0,0.0,0,-1565.0,-156500,-1565.0,-156500,0.0,0,0.0,0,-281.7,-28170,0.0,0,0.0,0,-281.7,-28170,0.0,0,0.0,0,0.0,0,0.0,0,0.0,0,0.0,0,0.0,0,0.0,0,-1846.7,-184670,0.0,0,0.0,0,0.0,0
15,,,,PURCHASE,ISSUED,2026-08-04,,3,7,,,3,Aluminium Round Tube,3.0,IGST,18.0,30.0,2026-08-04 15:24:35,PINV-2026-0007,PINV-2026-0007,,27AABCN4587K1Z5,29AAGCB1286Q000,maharashtra,Karnataka,12345.0,Purchase from Vendor #3 for Order #7,2026-08-04 09:54:34.940913,,,,0,,,,,,,,,,1490.0,149000,1490.0,149000,1490.0,149000,0.0,0,0.0,0,0.0,0,0.0,0,0.0,0,0.0,0,4470.0,447000,4470.0,447000,0.0,0,0.0,0,804.6,80460,0.0,0,0.0,0,804.6,80460,0.0,0,0.0,0,0.0,0,0.0,0,0.0,0,0.0,0,0.0,0,0.0,0,5274.6,527460,0.0,0,0.0,0,0.0,0
16,,,,SALES,ISSUED,2026-08-04,6.0,3,7,6.0,,3,Aluminium Round Tube,3.0,IGST,18.0,31.0,2026-08-04 15:26:53,,SINV-2026-0007,,29AAGCB1286Q000,,Karnataka,Maharashtra,12345.0,Sales invoice for Order #7 to Customer #6,2026-08-04 09:56:53.230714,,,,0,,,,,,,,,,1565.0,156500,1565.0,156500,0.0,0,0.0,0,0.0,0,0.0,0,0.0,0,0.0,0,0.0,0,4695.0,469500,4695.0,469500,0.0,0,0.0,0,860.49,86049,0.0,0,0.0,0,845.1,84510,85.5,8550,0.0,0,0.0,0,15.39,1539,0.0,0,0.0,0,0.0,0,0.0,0,5640.99,564099,0.0,0,0.0,0,0.0,0
17,,,,CREDIT_NOTE,ISSUED,2026-08-04,6.0,3,7,,16.0,3,Aluminium Round Tube,3.0,IGST,18.0,34.0,,,CN-2026-0003,,29AAGCB1286Q000,,Karnataka,Maharashtra,12345.0,Credit note for returned Order #7,2026-08-04 10:14:33.567361,ORDER_RETURNED,2026-08-04,2026-08-04,0,,,,,,,,,,-1565.0,-156500,-1565.0,-156500,0.0,0,0.0,0,0.0,0,0.0,0,0.0,0,0.0,0,0.0,0,-4695.0,-469500,-4695.0,-469500,0.0,0,0.0,0,-860.49,-86049,0.0,0,0.0,0,-845.1,-84510,-85.5,-8550,0.0,0,0.0,0,-15.39,-1539,0.0,0,0.0,0,0.0,0,0.0,0,-5640.99,-564099,0.0,0,0.0,0,0.0,0
18,,,,PURCHASE,ISSUED,2026-08-04,,3,8,,,3,Aluminium Round Tube,1.0,IGST,18.0,37.0,2026-08-04 15:56:09,PINV-2026-0008,PINV-2026-0008,,27AABCN4587K1Z5,29AAGCB1286Q000,maharashtra,Karnataka,12345.0,Purchase from Vendor #3 for Order #8,2026-08-04 10:26:09.340515,,,,0,,,,,,,,,,1490.0,149000,1490.0,149000,1490.0,149000,0.0,0,0.0,0,0.0,0,0.0,0,0.0,0,0.0,0,1490.0,149000,1490.0,149000,0.0,0,0.0,0,268.2,26820,0.0,0,0.0,0,268.2,26820,0.0,0,0.0,0,0.0,0,0.0,0,0.0,0,0.0,0,0.0,0,0.0,0,1758.2,175820,0.0,0,0.0,0,0.0,0
19,,,,SALES,ISSUED,2026-08-04,6.0,3,8,7.0,,3,Aluminium Round Tube,1.0,IGST,18.0,38.0,2026-08-04 15:57:42,,SINV-2026-0008,,29AAGCB1286Q000,,Karnataka,Maharashtra,12345.0,Sales invoice for Order #8 to Customer #6,2026-08-04 10:27:42.381620,,,,0,,,,,,,,,,1565.0,156500,1565.0,156500,0.0,0,0.0,0,0.0,0,0.0,0,0.0,0,0.0,0,0.0,0,1565.0,156500,1565.0,156500,0.0,0,0.0,0,297.09,29709,0.0,0,0.0,0,281.7,28170,85.5,8550,0.0,0,0.0,0,15.39,1539,0.0,0,0.0,0,0.0,0,0.0,0,1947.59,194759,0.0,0,0.0,0,0.0,0
20,,,,CREDIT_NOTE,ISSUED,2026-08-04,6.0,3,8,,19.0,3,Aluminium Round Tube,1.0,IGST,18.0,41.0,,,CN-2026-0004,,29AAGCB1286Q000,,Karnataka,Maharashtra,12345.0,Credit note for returned Order #8,2026-08-04 10:34:03.907607,ORDER_RETURNED,2026-08-04,2026-08-04,0,,,,,,,,,,-1565.0,-156500,-1565.0,-156500,0.0,0,0.0,0,0.0,0,0.0,0,0.0,0,0.0,0,0.0,0,-1565.0,-156500,-1565.0,-156500,0.0,0,0.0,0,-297.09,-29709,0.0,0,0.0,0,-281.7,-28170,-85.5,-8550,0.0,0,0.0,0,-15.39,-1539,0.0,0,0.0,0,0.0,0,0.0,0,-1947.59,-194759,0.0,0,0.0,0,0.0,0
21,,,,PURCHASE,ISSUED,2026-08-04,,1,9,,,4,Seamless Carbon Steel Pipe - ASTM A106 Grade B (2 Inch),1.0,IGST,5.0,44.0,2026-08-04 16:18:00,PINV-2026-0009,PINV-2026-0009,,27AAACA1234A1Z1,29AAGCB1286Q000,maharashtra,Karnataka,73064000.0,Purchase from Vendor #1 for Order #9,2026-08-04 10:47:59.691636,,,,0,,,,,,,,,,1178.0,117800,1178.0,117800,1178.0,117800,0.0,0,0.0,0,0.0,0,0.0,0,0.0,0,0.0,0,1178.0,117800,1178.0,117800,0.0,0,0.0,0,58.9,5890,0.0,0,0.0,0,58.9,5890,0.0,0,0.0,0,0.0,0,0.0,0,0.0,0,0.0,0,0.0,0,0.0,0,1236.9,123690,0.0,0,0.0,0,0.0,0
22,,,,SALES,ISSUED,2026-08-04,4.0,1,9,8.0,,4,Seamless Carbon Steel Pipe - ASTM A106 Grade B (2 Inch),1.0,CGST_SGST,5.0,45.0,2026-08-04 16:20:23,,SINV-2026-0009,,29AAGCB1286Q000,29AWGPV7107B1Z1,Karnataka,Maharashtra,73064000.0,Sales invoice for Order #9 to Customer #4,2026-08-04 10:50:22.729382,,,,0,,,,,,,,,,1234.0,123400,1234.0,123400,0.0,0,0.0,0,0.0,0,0.0,0,0.0,0,0.0,0,0.0,0,1234.0,123400,1234.0,123400,40.47,4047,40.47,4047,0.0,0,30.85,3085,30.85,3085,0.0,0,85.5,8550,7.7,770,7.7,770,0.0,0,21.33,2133,1.92,192,1.92,192,0.0,0,1421.77,142177,0.0,0,0.0,0,0.0,0
23,,,,CREDIT_NOTE,ISSUED,2026-08-04,4.0,1,9,,22.0,4,Seamless Carbon Steel Pipe - ASTM A106 Grade B (2 Inch),1.0,CGST_SGST,5.0,48.0,,,CN-2026-0005,,29AAGCB1286Q000,29AWGPV7107B1Z1,Karnataka,Maharashtra,73064000.0,Credit note for returned Order #9,2026-08-04 10:56:29.309993,ORDER_RETURNED,2026-08-04,2026-08-04,0,,,,,,,,,,-1234.0,-123400,-1234.0,-123400,0.0,0,0.0,0,0.0,0,0.0,0,0.0,0,0.0,0,0.0,0,-1234.0,-123400,-1234.0,-123400,-30.85,-3085,-30.85,-3085,0.0,0,-30.85,-3085,-30.85,-3085,0.0,0,0.0,0,0.0,0,0.0,0,0.0,0,0.0,0,0.0,0,0.0,0,0.0,0,-1295.7,-129570,0.0,0,0.0,0,0.0,0
24,,,,PURCHASE,ISSUED,2026-08-04,,3,11,,,3,Aluminium Round Tube,1.0,IGST,18.0,51.0,2026-08-04 16:51:43,PINV-2026-0010,PINV-2026-0010,,27AABCN4587K1Z5,29AAGCB1286Q000,maharashtra,Karnataka,12345.0,Purchase from Vendor #3 for Order #11,2026-08-04 11:21:42.490876,,,,0,,,,,,,,,,1490.0,149000,1490.0,149000,1490.0,149000,0.0,0,0.0,0,0.0,0,0.0,0,0.0,0,0.0,0,1490.0,149000,1490.0,149000,0.0,0,0.0,0,268.2,26820,0.0,0,0.0,0,268.2,26820,0.0,0,0.0,0,0.0,0,0.0,0,0.0,0,0.0,0,0.0,0,0.0,0,1758.2,175820,0.0,0,0.0,0,0.0,0
25,,,,SALES,ISSUED,2026-08-04,6.0,3,11,10.0,,3,Aluminium Round Tube,1.0,IGST,18.0,52.0,2026-08-04 16:54:50,,SINV-2026-0010,,29AAGCB1286Q000,,Karnataka,Maharashtra,12345.0,Sales invoice for Order #11 to Customer #6,2026-08-04 11:24:50.026008,,,,0,,,,,,,,,,1565.0,156500,1565.0,156500,0.0,0,0.0,0,0.0,0,0.0,0,0.0,0,0.0,0,0.0,0,1565.0,156500,1565.0,156500,0.0,0,0.0,0,297.09,29709,0.0,0,0.0,0,281.7,28170,85.5,8550,0.0,0,0.0,0,15.39,1539,0.0,0,0.0,0,0.0,0,0.0,0,1947.59,194759,0.0,0,0.0,0,0.0,0
26,,,,CREDIT_NOTE,ISSUED,2026-08-04,6.0,3,11,,25.0,3,Aluminium Round Tube,1.0,IGST,18.0,55.0,,,CN-2026-0006,,29AAGCB1286Q000,,Karnataka,Maharashtra,12345.0,Credit note for returned Order #11,2026-08-04 11:27:54.924086,ORDER_RETURNED,2026-08-04,2026-08-04,0,,,,,,,,,,-1565.0,-156500,-1565.0,-156500,0.0,0,0.0,0,0.0,0,0.0,0,0.0,0,0.0,0,0.0,0,-1565.0,-156500,-1565.0,-156500,0.0,0,0.0,0,-281.7,-28170,0.0,0,0.0,0,-281.7,-28170,0.0,0,0.0,0,0.0,0,0.0,0,0.0,0,0.0,0,0.0,0,0.0,0,-1846.7,-184670,0.0,0,0.0,0,0.0,0
27,,,,PURCHASE,ISSUED,2026-08-04,,3,12,,,3,Aluminium Round Tube,1.0,IGST,18.0,58.0,2026-08-04 17:19:42,PINV-2026-0011,PINV-2026-0011,,27AABCN4587K1Z5,29AAGCB1286Q000,maharashtra,Karnataka,12345.0,Purchase from Vendor #3 for Order #12,2026-08-04 11:49:41.556137,,,,0,,,,,,,,,,1490.0,149000,1490.0,149000,1490.0,149000,0.0,0,0.0,0,0.0,0,0.0,0,0.0,0,0.0,0,1490.0,149000,1490.0,149000,0.0,0,0.0,0,268.2,26820,0.0,0,0.0,0,268.2,26820,0.0,0,0.0,0,0.0,0,0.0,0,0.0,0,0.0,0,0.0,0,0.0,0,1758.2,175820,0.0,0,0.0,0,0.0,0
28,,,,SALES,ISSUED,2026-08-04,6.0,3,12,11.0,,3,Aluminium Round Tube,1.0,IGST,18.0,59.0,2026-08-04 17:21:12,,SINV-2026-0011,,29AAGCB1286Q000,,Karnataka,Maharashtra,12345.0,Sales invoice for Order #12 to Customer #6,2026-08-04 11:51:12.335402,,,,0,,,,,,,,,,1565.0,156500,1565.0,156500,0.0,0,0.0,0,0.0,0,0.0,0,0.0,0,0.0,0,0.0,0,1565.0,156500,1565.0,156500,0.0,0,0.0,0,297.09,29709,0.0,0,0.0,0,281.7,28170,85.5,8550,0.0,0,0.0,0,15.39,1539,0.0,0,0.0,0,0.0,0,0.0,0,1947.59,194759,0.0,0,0.0,0,0.0,0
29,,,,CREDIT_NOTE,ISSUED,2026-08-04,6.0,3,12,,28.0,3,Aluminium Round Tube,1.0,IGST,18.0,62.0,,,CN-2026-0007,,29AAGCB1286Q000,,Karnataka,Maharashtra,12345.0,Credit note for returned Order #12,2026-08-04 11:59:25.738460,ORDER_RETURNED,2026-08-04,2026-08-04,0,,,,,,,,,,-1565.0,-156500,-1565.0,-156500,0.0,0,0.0,0,0.0,0,0.0,0,0.0,0,0.0,0,0.0,0,-1565.0,-156500,-1565.0,-156500,0.0,0,0.0,0,-297.09,-29709,0.0,0,0.0,0,-281.7,-28170,-85.5,-8550,0.0,0,0.0,0,-15.39,-1539,0.0,0,0.0,0,0.0,0,0.0,0,-1947.59,-194759,0.0,0,0.0,0,0.0,0
30,,,,PURCHASE,ISSUED,2026-08-04,,3,13,,,3,Aluminium Round Tube,1.0,IGST,18.0,64.0,2026-08-04 17:48:32,PINV-2026-0012,PINV-2026-0012,,27AABCN4587K1Z5,29AAGCB1286Q000,maharashtra,Karnataka,12345.0,Purchase from Vendor #3 for Order #13,2026-08-04 12:18:32.221494,,,,0,,,,,,,,,,1490.0,149000,1490.0,149000,1490.0,149000,0.0,0,0.0,0,0.0,0,0.0,0,0.0,0,0.0,0,1490.0,149000,1490.0,149000,0.0,0,0.0,0,268.2,26820,0.0,0,0.0,0,268.2,26820,0.0,0,0.0,0,0.0,0,0.0,0,0.0,0,0.0,0,0.0,0,0.0,0,1758.2,175820,0.0,0,0.0,0,0.0,0
31,,,,SALES,ISSUED,2026-08-04,6.0,3,13,12.0,,3,Aluminium Round Tube,1.0,IGST,18.0,65.0,2026-08-04 17:50:30,,SINV-2026-0012,,29AAGCB1286Q000,,Karnataka,Maharashtra,12345.0,Sales invoice for Order #13 to Customer #6,2026-08-04 12:20:30.017504,,,,0,,,,,,,,,,1565.0,156500,1565.0,156500,0.0,0,0.0,0,0.0,0,0.0,0,0.0,0,0.0,0,0.0,0,1565.0,156500,1565.0,156500,0.0,0,0.0,0,297.09,29709,0.0,0,0.0,0,281.7,28170,85.5,8550,0.0,0,0.0,0,15.39,1539,0.0,0,0.0,0,0.0,0,0.0,0,1947.59,194759,0.0,0,0.0,0,0.0,0
32,,,,PURCHASE,ISSUED,2026-08-05,,1,15,,,4,Seamless Carbon Steel Pipe - ASTM A106 Grade B (2 Inch),1.0,IGST,5.0,69.0,2026-08-05 14:24:19,PINV-2026-0013,PINV-2026-0013,,27AAACA1234A1Z1,29AAGCB1286Q000,maharashtra,Karnataka,73064000.0,Purchase from Vendor #1 for Order #15,2026-08-05 08:54:18.862168,,,,0,,,,,,,,,,1178.0,117800,1178.0,117800,1178.0,117800,0.0,0,0.0,0,0.0,0,0.0,0,0.0,0,0.0,0,1178.0,117800,1178.0,117800,0.0,0,0.0,0,58.9,5890,0.0,0,0.0,0,58.9,5890,0.0,0,0.0,0,0.0,0,0.0,0,0.0,0,0.0,0,0.0,0,0.0,0,1236.9,123690,0.0,0,0.0,0,0.0,0
33,,,,SALES,ISSUED,2026-08-05,6.0,1,15,13.0,,4,Seamless Carbon Steel Pipe - ASTM A106 Grade B (2 Inch),1.0,IGST,5.0,70.0,2026-08-05 14:25:54,,SINV-2026-0013,,29AAGCB1286Q000,,Karnataka,Maharashtra,73064000.0,Sales invoice for Order #15 to Customer #6,2026-08-05 08:55:53.531522,,,,0,,,,,,,,,,1234.0,123400,1234.0,123400,0.0,0,0.0,0,0.0,0,0.0,0,0.0,0,0.0,0,0.0,0,1234.0,123400,1234.0,123400,0.0,0,0.0,0,80.93,8093,0.0,0,0.0,0,61.7,6170,85.5,8550,0.0,0,0.0,0,15.39,1539,21.33,2133,0.0,0,0.0,0,3.84,384,1421.76,142176,0.0,0,0.0,0,0.0,0
34,,,,CREDIT_NOTE,ISSUED,2026-08-05,6.0,1,15,,33.0,4,Seamless Carbon Steel Pipe - ASTM A106 Grade B (2 Inch),1.0,IGST,5.0,73.0,,,CN-2026-0008,,29AAGCB1286Q000,,Karnataka,Maharashtra,73064000.0,Credit note for returned Order #15,2026-08-05 09:10:59.643029,ORDER_RETURNED,2026-08-05,2026-08-05,0,,,,,,,,,,-1234.0,-123400,-1234.0,-123400,0.0,0,0.0,0,0.0,0,0.0,0,0.0,0,0.0,0,0.0,0,-1234.0,-123400,-1234.0,-123400,0.0,0,0.0,0,-80.93,-8093,0.0,0,0.0,0,-61.7,-6170,-85.5,-8550,0.0,0,0.0,0,-15.39,-1539,-21.33,-2133,0.0,0,0.0,0,-3.84,-384,-1421.76,-142176,0.0,0,0.0,0,0.0,0
35,,,,PURCHASE,ISSUED,2026-08-05,,3,16,,,3,Aluminium Round Tube,1.0,IGST,18.0,76.0,2026-08-05 17:07:59,PINV-2026-0014,PINV-2026-0014,,27AABCN4587K1Z5,29AAGCB1286Q000,maharashtra,Karnataka,12345.0,Purchase from Vendor #3 for Order #16,2026-08-05 11:37:59.354550,,,,0,,,,,,,,,,1490.0,149000,1490.0,149000,1490.0,149000,0.0,0,0.0,0,0.0,0,0.0,0,0.0,0,0.0,0,1490.0,149000,1490.0,149000,0.0,0,0.0,0,268.2,26820,0.0,0,0.0,0,268.2,26820,0.0,0,0.0,0,0.0,0,0.0,0,0.0,0,0.0,0,0.0,0,0.0,0,1758.2,175820,0.0,0,0.0,0,0.0,0
36,,,,SALES,ISSUED,2026-08-05,6.0,3,16,14.0,,3,Aluminium Round Tube,1.0,IGST,18.0,77.0,2026-08-05 17:10:55,,SINV-2026-0014,,29AAGCB1286Q000,,Karnataka,Maharashtra,12345.0,Sales invoice for Order #16 to Customer #6,2026-08-05 11:40:55.280726,,,,0,,,,,,,,,,1565.0,156500,1565.0,156500,0.0,0,0.0,0,0.0,0,0.0,0,0.0,0,0.0,0,0.0,0,1565.0,156500,1565.0,156500,0.0,0,0.0,0,297.09,29709,0.0,0,0.0,0,281.7,28170,85.5,8550,0.0,0,0.0,0,15.39,1539,0.0,0,0.0,0,0.0,0,0.0,0,1947.59,194759,0.0,0,0.0,0,0.0,0
37,,,,PURCHASE,ISSUED,2026-08-05,,3,14,,,3,Aluminium Round Tube,1.0,IGST,18.0,79.0,2026-08-05 17:11:36,PINV-2026-0015,PINV-2026-0015,,27AABCN4587K1Z5,29AAGCB1286Q000,maharashtra,Karnataka,12345.0,Purchase from Vendor #3 for Order #14,2026-08-05 11:41:35.491633,,,,0,,,,,,,,,,0.0,0,0.0,0,0.0,0,0.0,0,0.0,0,0.0,0,0.0,0,0.0,0,0.0,0,0.0,0,0.0,0,0.0,0,0.0,0,0.0,0,0.0,0,0.0,0,0.0,0,0.0,0,0.0,0,0.0,0,0.0,0,0.0,0,0.0,0,0.0,0,0.0,0,0.0,0,0.0,0,0.0,0,0.0,0
38,,,,SALES,DRAFT,2026-08-05,6.0,3,14,,,3,Aluminium Round Tube,1.0,IGST,18.0,,,,SINV-2026-0015,,29AAGCB1286Q000,,Karnataka,Maharashtra,12345.0,Sales invoice for Order #14 to Customer #6,2026-08-05 11:41:35.643003,,,,0,,,,,,,,,,1565.0,156500,1565.0,156500,0.0,0,0.0,0,0.0,0,0.0,0,0.0,0,0.0,0,0.0,0,1565.0,156500,1565.0,156500,0.0,0,0.0,0,0.0,0,0.0,0,0.0,0,0.0,0,0.0,0,0.0,0,0.0,0,0.0,0,0.0,0,0.0,0,0.0,0,0.0,0,1947.59,194759,0.0,0,0.0,0,0.0,0
39,,,,PURCHASE,ISSUED,2026-08-05,,3,17,,,3,Aluminium Round Tube,1.0,IGST,18.0,81.0,2026-08-05 17:59:24,PINV-2026-0016,PINV-2026-0016,,27AABCN4587K1Z5,29AAGCB1286Q000,maharashtra,Karnataka,12345.0,Purchase from Vendor #3 for Order #17,2026-08-05 12:29:23.862399,,,,0,,,,,,,,,,1490.0,149000,1490.0,149000,1490.0,149000,0.0,0,0.0,0,0.0,0,0.0,0,0.0,0,0.0,0,1490.0,149000,1490.0,149000,0.0,0,0.0,0,268.2,26820,0.0,0,0.0,0,268.2,26820,0.0,0,0.0,0,0.0,0,0.0,0,0.0,0,0.0,0,0.0,0,0.0,0,1758.2,175820,0.0,0,0.0,0,0.0,0
40,,,,SALES,ISSUED,2026-08-05,6.0,3,17,15.0,,3,Aluminium Round Tube,1.0,IGST,18.0,82.0,2026-08-05 18:04:26,,SINV-2026-0016,,29AAGCB1286Q000,,Karnataka,Maharashtra,12345.0,Sales invoice for Order #17 to Customer #6,2026-08-05 12:34:26.011826,,,,0,,,,,,,,,,1565.0,156500,1565.0,156500,0.0,0,0.0,0,0.0,0,0.0,0,0.0,0,0.0,0,0.0,0,1565.0,156500,1565.0,156500,0.0,0,0.0,0,297.09,29709,0.0,0,0.0,0,281.7,28170,85.5,8550,0.0,0,0.0,0,15.39,1539,0.0,0,0.0,0,0.0,0,0.0,0,1947.59,194759,0.0,0,0.0,0,0.0,0
41,,,,PURCHASE,ISSUED,2026-08-06,,1,20,,,4,Seamless Carbon Steel Pipe - ASTM A106 Grade B (2 Inch),1.0,IGST,5.0,87.0,2026-08-06 13:18:43,PINV-2026-0017,PINV-2026-0017,,27AAACA1234A1Z1,29AAGCB1286Q000,maharashtra,Karnataka,73064000.0,Purchase from Vendor #1 for Order #20,2026-08-06 07:48:42.303062,,,,0,,,,,,,,,,1178.0,117800,1178.0,117800,1178.0,117800,0.0,0,0.0,0,0.0,0,0.0,0,0.0,0,0.0,0,1178.0,117800,1178.0,117800,0.0,0,0.0,0,58.9,5890,0.0,0,0.0,0,58.9,5890,0.0,0,0.0,0,0.0,0,0.0,0,0.0,0,0.0,0,0.0,0,0.0,0,1236.9,123690,0.0,0,0.0,0,0.0,0
42,,,,SALES,ISSUED,2026-08-06,9.0,1,20,18.0,,4,Seamless Carbon Steel Pipe - ASTM A106 Grade B (2 Inch),1.0,CGST_SGST,5.0,88.0,2026-08-06 13:23:47,,SINV-2026-0017,,29AAGCB1286Q000,29AWGPV7107B1Z2,Karnataka,Karnataka,73064000.0,Sales invoice for Order #20 to Customer #9,2026-08-06 07:53:46.598449,,,,0,,,,,,,,,,1234.0,123400,1234.0,123400,0.0,0,0.0,0,0.0,0,0.0,0,0.0,0,0.0,0,0.0,0,1234.0,123400,1234.0,123400,40.47,4047,40.47,4047,0.0,0,30.85,3085,30.85,3085,0.0,0,85.5,8550,7.7,770,7.7,770,0.0,0,21.33,2133,1.92,192,1.92,192,0.0,0,1421.77,142177,0.0,0,0.0,0,0.0,0
43,,,,PURCHASE,ISSUED,2026-08-06,,3,19,,,3,Aluminium Round Tube,1.0,IGST,18.0,90.0,2026-08-06 13:44:33,PINV-2026-0018,PINV-2026-0018,,27AABCN4587K1Z5,29AAGCB1286Q000,maharashtra,Karnataka,12345.0,Purchase from Vendor #3 for Order #19,2026-08-06 08:14:33.358930,,,,0,,,,,,,,,,1490.0,149000,1490.0,149000,1490.0,149000,0.0,0,0.0,0,0.0,0,0.0,0,0.0,0,0.0,0,1490.0,149000,1490.0,149000,0.0,0,0.0,0,268.2,26820,0.0,0,0.0,0,268.2,26820,0.0,0,0.0,0,0.0,0,0.0,0,0.0,0,0.0,0,0.0,0,0.0,0,1758.2,175820,0.0,0,0.0,0,0.0,0
44,,,,SALES,ISSUED,2026-08-06,8.0,3,19,17.0,,3,Aluminium Round Tube,1.0,IGST,18.0,91.0,2026-08-06 13:45:49,,SINV-2026-0018,,29AAGCB1286Q000,,Karnataka,Maharashtra,12345.0,Sales invoice for Order #19 to Customer #8,2026-08-06 08:15:48.472991,,,,0,,,,,,,,,,1565.0,156500,1565.0,156500,0.0,0,0.0,0,0.0,0,0.0,0,0.0,0,0.0,0,0.0,0,1565.0,156500,1565.0,156500,0.0,0,0.0,0,302.44,30244,0.0,0,0.0,0,281.7,28170,85.5,8550,0.0,0,0.0,0,15.39,1539,29.74,2974,0.0,0,0.0,0,5.35,535,1982.68,198268,0.0,0,0.0,0,0.0,0
45,,,,PURCHASE,ISSUED,2026-08-06,,1,21,,,4,Seamless Carbon Steel Pipe - ASTM A106 Grade B (2 Inch),1.0,IGST,5.0,94.0,2026-08-06 13:53:49,PINV-2026-0019,PINV-2026-0019,,27AAACA1234A1Z1,29AAGCB1286Q000,maharashtra,Karnataka,73064000.0,Purchase from Vendor #1 for Order #21,2026-08-06 08:23:48.397784,,,,0,,,,,,,,,,1178.0,117800,1178.0,117800,1178.0,117800,0.0,0,0.0,0,0.0,0,0.0,0,0.0,0,0.0,0,1178.0,117800,1178.0,117800,0.0,0,0.0,0,58.9,5890,0.0,0,0.0,0,58.9,5890,0.0,0,0.0,0,0.0,0,0.0,0,0.0,0,0.0,0,0.0,0,0.0,0,1236.9,123690,0.0,0,0.0,0,0.0,0
46,,,,SALES,ISSUED,2026-08-06,9.0,1,21,19.0,,4,Seamless Carbon Steel Pipe - ASTM A106 Grade B (2 Inch),1.0,CGST_SGST,5.0,95.0,2026-08-06 13:58:10,,SINV-2026-0019,,29AAGCB1286Q000,29AWGPV7107B1Z1,Karnataka,Karnataka,73064000.0,Sales invoice for Order #21 to Customer #9,2026-08-06 08:28:09.615132,,,,0,,,,,,,,,,1234.0,123400,1234.0,123400,0.0,0,0.0,0,0.0,0,0.0,0,0.0,0,0.0,0,0.0,0,1234.0,123400,1234.0,123400,40.47,4047,40.47,4047,0.0,0,30.85,3085,30.85,3085,0.0,0,85.5,8550,7.7,770,7.7,770,0.0,0,21.33,2133,1.92,192,1.92,192,0.0,0,1421.77,142177,0.0,0,0.0,0,0.0,0
47,,,,PURCHASE,ISSUED,2026-08-06,,3,22,,,3,Aluminium Round Tube,1.0,IGST,18.0,104.0,2026-08-06 21:53:44,PINV-2026-0020,PINV-2026-0020,,27AABCN4587K1Z5,29AAGCB1286Q000,maharashtra,Karnataka,12345.0,Purchase from Vendor #3 for Order #22,2026-08-06 16:23:43.480487,,,,0,,,,,,,,,,1490.0,149000,1490.0,149000,1490.0,149000,0.0,0,0.0,0,0.0,0,0.0,0,0.0,0,0.0,0,1490.0,149000,1490.0,149000,0.0,0,0.0,0,268.2,26820,0.0,0,0.0,0,268.2,26820,0.0,0,0.0,0,0.0,0,0.0,0,0.0,0,0.0,0,0.0,0,0.0,0,1758.2,175820,0.0,0,0.0,0,0.0,0
48,,,,SALES,ISSUED,2026-08-06,6.0,3,22,20.0,,3,Aluminium Round Tube,1.0,IGST,18.0,105.0,2026-08-06 21:56:36,,SINV-2026-0020,,29AAGCB1286Q000,,Karnataka,Maharashtra,12345.0,Sales invoice for Order #22 to Customer #6,2026-08-06 16:26:36.377137,,,,0,,,,,,,,,,1565.0,156500,1565.0,156500,0.0,0,0.0,0,0.0,0,0.0,0,0.0,0,0.0,0,0.0,0,1565.0,156500,1565.0,156500,0.0,0,0.0,0,297.09,29709,0.0,0,0.0,0,281.7,28170,85.5,8550,0.0,0,0.0,0,15.39,1539,0.0,0,0.0,0,0.0,0,0.0,0,1947.59,194759,0.0,0,0.0,0,0.0,0
49,,,,CREDIT_NOTE,ISSUED,2026-08-06,6.0,3,22,,48.0,3,Aluminium Round Tube,1.0,IGST,18.0,108.0,,,CN-2026-0009,,29AAGCB1286Q000,,Karnataka,Maharashtra,12345.0,Credit note for returned Order #22,2026-08-06 16:35:20.199189,ORDER_RETURNED,2026-08-06,2026-08-06,0,,,,,,,,,,-1565.0,-156500,-1565.0,-156500,0.0,0,0.0,0,0.0,0,0.0,0,0.0,0,0.0,0,0.0,0,-1565.0,-156500,-1565.0,-156500,0.0,0,0.0,0,-297.09,-29709,0.0,0,0.0,0,-281.7,-28170,-85.5,-8550,0.0,0,0.0,0,-15.39,-1539,0.0,0,0.0,0,0.0,0,0.0,0,-1947.59,-194759,0.0,0,0.0,0,0.0,0
50,,,,PURCHASE,ISSUED,2026-08-07,,3,25,,,3,Aluminium Round Tube,1.0,IGST,18.0,114.0,2026-08-07 10:15:19,PINV-2026-0021,PINV-2026-0021,,27AABCN4587K1Z5,29AAGCB1286Q000,maharashtra,Karnataka,12345.0,Purchase from Vendor #3 for Order #25,2026-08-07 04:45:19.115034,,,,0,,,,,,,,,,0.0,0,0.0,0,0.0,0,0.0,0,0.0,0,0.0,0,0.0,0,0.0,0,0.0,0,0.0,0,0.0,0,0.0,0,0.0,0,0.0,0,0.0,0,0.0,0,0.0,0,0.0,0,0.0,0,0.0,0,0.0,0,0.0,0,0.0,0,0.0,0,0.0,0,0.0,0,0.0,0,0.0,0,0.0,0
51,,,,SALES,DRAFT,2026-08-07,6.0,3,25,,,3,Aluminium Round Tube,1.0,IGST,18.0,,,,SINV-2026-0021,,29AAGCB1286Q000,,Karnataka,Maharashtra,12345.0,Sales invoice for Order #25 to Customer #6,2026-08-07 04:45:19.330317,,,,0,,,,,,,,,,1565.0,156500,1565.0,156500,0.0,0,0.0,0,0.0,0,0.0,0,0.0,0,0.0,0,0.0,0,1565.0,156500,1565.0,156500,0.0,0,0.0,0,0.0,0,0.0,0,0.0,0,0.0,0,0.0,0,0.0,0,0.0,0,0.0,0,0.0,0,0.0,0,0.0,0,0.0,0,1947.59,194759,0.0,0,0.0,0,0.0,0
52,,,,PURCHASE,ISSUED,2026-08-07,,1,27,,,4,Seamless Carbon Steel Pipe - ASTM A106 Grade B (2 Inch),1.0,IGST,5.0,116.0,2026-08-07 10:21:20,PINV-2026-0022,PINV-2026-0022,,27AAACA1234A1Z1,29AAGCB1286Q000,maharashtra,Karnataka,73064000.0,Purchase from Vendor #1 for Order #27,2026-08-07 04:51:19.381952,,,,0,,,,,,,,,,1178.0,117800,1178.0,117800,1178.0,117800,0.0,0,0.0,0,0.0,0,0.0,0,0.0,0,0.0,0,1178.0,117800,1178.0,117800,0.0,0,0.0,0,58.9,5890,0.0,0,0.0,0,58.9,5890,0.0,0,0.0,0,0.0,0,0.0,0,0.0,0,0.0,0,0.0,0,0.0,0,1236.9,123690,0.0,0,0.0,0,0.0,0
53,,,,SALES,ISSUED,2026-08-07,6.0,1,27,23.0,,4,Seamless Carbon Steel Pipe - ASTM A106 Grade B (2 Inch),1.0,IGST,5.0,117.0,2026-08-07 10:23:14,,SINV-2026-0022,,29AAGCB1286Q000,,Karnataka,Maharashtra,73064000.0,Sales invoice for Order #27 to Customer #6,2026-08-07 04:53:13.594566,,,,0,,,,,,,,,,1234.0,123400,1234.0,123400,0.0,0,0.0,0,0.0,0,0.0,0,0.0,0,0.0,0,0.0,0,1234.0,123400,1234.0,123400,0.0,0,0.0,0,80.93,8093,0.0,0,0.0,0,61.7,6170,85.5,8550,0.0,0,0.0,0,15.39,1539,21.33,2133,0.0,0,0.0,0,3.84,384,1421.76,142176,0.0,0,0.0,0,0.0,0
54,,,,PURCHASE,ISSUED,2026-08-07,,1,28,,,4,Seamless Carbon Steel Pipe - ASTM A106 Grade B (2 Inch),1.0,IGST,5.0,120.0,2026-08-07 10:34:24,PINV-2026-0023,PINV-2026-0023,,27AAACA1234A1Z1,29AAGCB1286Q000,maharashtra,Karnataka,73064000.0,Purchase from Vendor #1 for Order #28,2026-08-07 05:04:23.958704,,,,0,,,,,,,,,,1178.0,117800,1178.0,117800,1178.0,117800,0.0,0,0.0,0,0.0,0,0.0,0,0.0,0,0.0,0,1178.0,117800,1178.0,117800,0.0,0,0.0,0,58.9,5890,0.0,0,0.0,0,58.9,5890,0.0,0,0.0,0,0.0,0,0.0,0,0.0,0,0.0,0,0.0,0,0.0,0,1236.9,123690,0.0,0,0.0,0,0.0,0
55,,,,PURCHASE,ISSUED,2026-08-07,,1,29,,,4,Seamless Carbon Steel Pipe - ASTM A106 Grade B (2 Inch),1.0,IGST,5.0,121.0,2026-08-07 10:47:16,PINV-2026-0024,PINV-2026-0024,,27AAACA1234A1Z1,29AAGCB1286Q000,maharashtra,Karnataka,73064000.0,Purchase from Vendor #1 for Order #29,2026-08-07 05:17:15.467360,,,,0,,,,,,,,,,0.0,0,0.0,0,0.0,0,0.0,0,0.0,0,0.0,0,0.0,0,0.0,0,0.0,0,0.0,0,0.0,0,0.0,0,0.0,0,0.0,0,0.0,0,0.0,0,0.0,0,0.0,0,0.0,0,0.0,0,0.0,0,0.0,0,0.0,0,0.0,0,0.0,0,0.0,0,0.0,0,0.0,0,0.0,0
56,,,,SALES,DRAFT,2026-08-07,6.0,1,29,,,4,Seamless Carbon Steel Pipe - ASTM A106 Grade B (2 Inch),1.0,IGST,5.0,,,,SINV-2026-0023,,29AAGCB1286Q000,,Karnataka,Maharashtra,73064000.0,Sales invoice for Order #29 to Customer #6,2026-08-07 05:17:15.995877,,,,0,,,,,,,,,,1234.0,123400,1234.0,123400,0.0,0,0.0,0,0.0,0,0.0,0,0.0,0,0.0,0,0.0,0,1234.0,123400,1234.0,123400,0.0,0,0.0,0,0.0,0,0.0,0,0.0,0,0.0,0,0.0,0,0.0,0,0.0,0,0.0,0,0.0,0,0.0,0,0.0,0,0.0,0,1421.76,142176,0.0,0,0.0,0,0.0,0
57,,,,PURCHASE,ISSUED,2026-08-07,,3,30,,,3,Aluminium Round Tube,1.0,IGST,18.0,123.0,2026-08-07 10:58:18,PINV-2026-0025,PINV-2026-0025,,27AABCN4587K1Z5,29AAGCB1286Q000,maharashtra,Karnataka,12345.0,Purchase from Vendor #3 for Order #30,2026-08-07 05:28:18.242460,,,,0,,,,,,,,,,1490.0,149000,1490.0,149000,1490.0,149000,0.0,0,0.0,0,0.0,0,0.0,0,0.0,0,0.0,0,1490.0,149000,1490.0,149000,0.0,0,0.0,0,268.2,26820,0.0,0,0.0,0,268.2,26820,0.0,0,0.0,0,0.0,0,0.0,0,0.0,0,0.0,0,0.0,0,0.0,0,1758.2,175820,0.0,0,0.0,0,0.0,0
58,,,,SALES,ISSUED,2026-08-07,6.0,3,30,25.0,,3,Aluminium Round Tube,1.0,IGST,18.0,124.0,2026-08-07 11:00:53,,SINV-2026-0024,,29AAGCB1286Q000,,Karnataka,Maharashtra,12345.0,Sales invoice for Order #30 to Customer #6,2026-08-07 05:30:52.696610,,,,0,,,,,,,,,,1565.0,156500,1565.0,156500,0.0,0,0.0,0,0.0,0,0.0,0,0.0,0,0.0,0,0.0,0,1565.0,156500,1565.0,156500,0.0,0,0.0,0,297.09,29709,0.0,0,0.0,0,281.7,28170,85.5,8550,0.0,0,0.0,0,15.39,1539,0.0,0,0.0,0,0.0,0,0.0,0,1947.59,194759,0.0,0,0.0,0,0.0,0
59,,,,SALES,ISSUED,2026-08-07,4.0,1,28,24.0,,4,Seamless Carbon Steel Pipe - ASTM A106 Grade B (2 Inch),1.0,CGST_SGST,5.0,126.0,2026-08-07 11:21:38,,SINV-2026-0025,,29AAGCB1286Q000,29AWGPV7107B1Z1,Karnataka,Maharashtra,73064000.0,Sales invoice for Order #28 to Customer #4,2026-08-07 05:51:37.857370,,,,0,,,,,,,,,,1234.0,123400,1234.0,123400,0.0,0,0.0,0,0.0,0,0.0,0,0.0,0,0.0,0,0.0,0,1234.0,123400,1234.0,123400,40.47,4047,40.47,4047,0.0,0,30.85,3085,30.85,3085,0.0,0,85.5,8550,7.7,770,7.7,770,0.0,0,21.33,2133,1.92,192,1.92,192,0.0,0,1421.77,142177,0.0,0,0.0,0,0.0,0
60,,,,PURCHASE,ISSUED,2026-08-07,,3,31,,,3,Aluminium Round Tube,1.0,IGST,18.0,129.0,2026-08-07 11:28:57,PINV-2026-0026,PINV-2026-0026,,27AABCN4587K1Z5,29AAGCB1286Q000,maharashtra,Karnataka,12345.0,Purchase from Vendor #3 for Order #31,2026-08-07 05:58:57.386864,,,,0,,,,,,,,,,1490.0,149000,1490.0,149000,1490.0,149000,0.0,0,0.0,0,0.0,0,0.0,0,0.0,0,0.0,0,1490.0,149000,1490.0,149000,0.0,0,0.0,0,268.2,26820,0.0,0,0.0,0,268.2,26820,0.0,0,0.0,0,0.0,0,0.0,0,0.0,0,0.0,0,0.0,0,0.0,0,1758.2,175820,0.0,0,0.0,0,0.0,0
61,,,,SALES,ISSUED,2026-08-07,6.0,3,31,26.0,,3,Aluminium Round Tube,1.0,IGST,18.0,130.0,2026-08-07 11:30:46,,SINV-2026-0026,,29AAGCB1286Q000,,Karnataka,Maharashtra,12345.0,Sales invoice for Order #31 to Customer #6,2026-08-07 06:00:45.530658,,,,0,,,,,,,,,,1565.0,156500,1565.0,156500,0.0,0,0.0,0,0.0,0,0.0,0,0.0,0,0.0,0,0.0,0,1565.0,156500,1565.0,156500,0.0,0,0.0,0,297.09,29709,0.0,0,0.0,0,281.7,28170,85.5,8550,0.0,0,0.0,0,15.39,1539,0.0,0,0.0,0,0.0,0,0.0,0,1947.59,194759,0.0,0,0.0,0,0.0,0
62,,,,PURCHASE,ISSUED,2026-08-07,,1,33,,,4,Seamless Carbon Steel Pipe - ASTM A106 Grade B (2 Inch),1.0,IGST,5.0,133.0,2026-08-07 14:12:01,PINV-2026-0027,PINV-2026-0027,,27AAACA1234A1Z1,29AAGCB1286Q000,maharashtra,Karnataka,73064000.0,Purchase from Vendor #1 for Order #33,2026-08-07 08:42:00.489851,,,,0,,,,,,,,,,1178.0,117800,1178.0,117800,1178.0,117800,0.0,0,0.0,0,0.0,0,0.0,0,0.0,0,0.0,0,1178.0,117800,1178.0,117800,0.0,0,0.0,0,58.9,5890,0.0,0,0.0,0,58.9,5890,0.0,0,0.0,0,0.0,0,0.0,0,0.0,0,0.0,0,0.0,0,0.0,0,1236.9,123690,0.0,0,0.0,0,0.0,0
63,,,,SALES,ISSUED,2026-08-07,6.0,1,33,27.0,,4,Seamless Carbon Steel Pipe - ASTM A106 Grade B (2 Inch),1.0,IGST,5.0,134.0,2026-08-07 14:15:21,,SINV-2026-0027,,29AAGCB1286Q000,,Karnataka,Maharashtra,73064000.0,Sales invoice for Order #33 to Customer #6,2026-08-07 08:45:20.564572,,,,0,,,,,,,,,,1234.0,123400,1234.0,123400,0.0,0,0.0,0,0.0,0,0.0,0,0.0,0,0.0,0,0.0,0,1234.0,123400,1234.0,123400,0.0,0,0.0,0,80.93,8093,0.0,0,0.0,0,61.7,6170,85.5,8550,0.0,0,0.0,0,15.39,1539,21.33,2133,0.0,0,0.0,0,3.84,384,1421.76,142176,0.0,0,0.0,0,0.0,0
64,,,,PURCHASE,ISSUED,2026-08-07,,3,35,,,3,Aluminium Round Tube,1.0,IGST,18.0,137.0,2026-08-07 14:22:51,PINV-2026-0028,PINV-2026-0028,,27AABCN4587K1Z5,29AAGCB1286Q000,maharashtra,Karnataka,12345.0,Purchase from Vendor #3 for Order #35,2026-08-07 08:52:50.689442,,,,0,,,,,,,,,,1490.0,149000,1490.0,149000,1490.0,149000,0.0,0,0.0,0,0.0,0,0.0,0,0.0,0,0.0,0,1490.0,149000,1490.0,149000,0.0,0,0.0,0,268.2,26820,0.0,0,0.0,0,268.2,26820,0.0,0,0.0,0,0.0,0,0.0,0,0.0,0,0.0,0,0.0,0,0.0,0,1758.2,175820,0.0,0,0.0,0,0.0,0
65,,,,SALES,ISSUED,2026-08-07,6.0,3,35,28.0,,3,Aluminium Round Tube,1.0,IGST,18.0,138.0,2026-08-07 14:24:42,,SINV-2026-0028,,29AAGCB1286Q000,,Karnataka,Maharashtra,12345.0,Sales invoice for Order #35 to Customer #6,2026-08-07 08:54:42.295500,,,,0,,,,,,,,,,1565.0,156500,1565.0,156500,0.0,0,0.0,0,0.0,0,0.0,0,0.0,0,0.0,0,0.0,0,1565.0,156500,1565.0,156500,0.0,0,0.0,0,297.09,29709,0.0,0,0.0,0,281.7,28170,85.5,8550,0.0,0,0.0,0,15.39,1539,0.0,0,0.0,0,0.0,0,0.0,0,1947.59,194759,0.0,0,0.0,0,0.0,0
66,,,,PURCHASE,ISSUED,2026-08-07,,1,37,,,4,Seamless Carbon Steel Pipe - ASTM A106 Grade B (2 Inch),1.0,IGST,5.0,142.0,2026-08-07 16:28:03,PINV-2026-0029,PINV-2026-0029,,27AAACA1234A1Z1,29AAGCB1286Q000,maharashtra,Karnataka,73064000.0,Purchase from Vendor #1 for Order #37,2026-08-07 10:58:03.310614,,,,0,,,,,,,,,,1178.0,117800,1178.0,117800,1178.0,117800,0.0,0,0.0,0,0.0,0,0.0,0,0.0,0,0.0,0,1178.0,117800,1178.0,117800,0.0,0,0.0,0,58.9,5890,0.0,0,0.0,0,58.9,5890,0.0,0,0.0,0,0.0,0,0.0,0,0.0,0,0.0,0,0.0,0,0.0,0,1236.9,123690,0.0,0,0.0,0,0.0,0
67,,,,PURCHASE,ISSUED,2026-08-07,,1,38,,,4,Seamless Carbon Steel Pipe - ASTM A106 Grade B (2 Inch),1.0,IGST,5.0,144.0,2026-08-07 16:32:19,PINV-2026-0030,PINV-2026-0030,,27AAACA1234A1Z1,29AAGCB1286Q000,maharashtra,Karnataka,73064000.0,Purchase from Vendor #1 for Order #38,2026-08-07 11:02:19.325397,,,,0,,,,,,,,,,1178.0,117800,1178.0,117800,1178.0,117800,0.0,0,0.0,0,0.0,0,0.0,0,0.0,0,0.0,0,1178.0,117800,1178.0,117800,0.0,0,0.0,0,58.9,5890,0.0,0,0.0,0,58.9,5890,0.0,0,0.0,0,0.0,0,0.0,0,0.0,0,0.0,0,0.0,0,0.0,0,1236.9,123690,0.0,0,0.0,0,0.0,0
68,,,,SALES,ISSUED,2026-08-07,9.0,1,38,30.0,,4,Seamless Carbon Steel Pipe - ASTM A106 Grade B (2 Inch),1.0,CGST_SGST,5.0,145.0,2026-08-07 16:35:06,,SINV-2026-0029,,29AAGCB1286Q000,29AWGPV7107B1Z1,Karnataka,Karnataka,73064000.0,Sales invoice for Order #38 to Customer #9,2026-08-07 11:05:05.992674,,,,0,,,,,,,,,,1234.0,123400,1234.0,123400,0.0,0,0.0,0,0.0,0,0.0,0,0.0,0,0.0,0,0.0,0,1234.0,123400,1234.0,123400,40.47,4047,40.47,4047,0.0,0,30.85,3085,30.85,3085,0.0,0,85.5,8550,7.7,770,7.7,770,0.0,0,21.33,2133,1.92,192,1.92,192,0.0,0,1421.77,142177,0.0,0,0.0,0,0.0,0
69,,,,PURCHASE,ISSUED,2026-08-08,,1,41,,,4,Seamless Carbon Steel Pipe - ASTM A106 Grade B (2 Inch),1.0,IGST,5.0,150.0,2026-08-08 09:34:00,PINV-2026-0031,PINV-2026-0031,,27AAACA1234A1Z1,29AAGCB1286Q000,maharashtra,Karnataka,73064000.0,Purchase from Vendor #1 for Order #41,2026-08-08 04:04:00.166032,,,,0,,,,,,,,,,1178.0,117800,1178.0,117800,1178.0,117800,0.0,0,0.0,0,0.0,0,0.0,0,0.0,0,0.0,0,1178.0,117800,1178.0,117800,0.0,0,0.0,0,58.9,5890,0.0,0,0.0,0,58.9,5890,0.0,0,0.0,0,0.0,0,0.0,0,0.0,0,0.0,0,0.0,0,0.0,0,1236.9,123690,0.0,0,0.0,0,0.0,0
70,,,,SALES,ISSUED,2026-08-08,6.0,1,41,33.0,,4,Seamless Carbon Steel Pipe - ASTM A106 Grade B (2 Inch),1.0,IGST,5.0,151.0,2026-08-08 09:36:11,,SINV-2026-0030,,29AAGCB1286Q000,,Karnataka,Maharashtra,73064000.0,Sales invoice for Order #41 to Customer #6,2026-08-08 04:06:10.894566,,,,0,,,,,,,,,,1234.0,123400,1234.0,123400,0.0,0,0.0,0,0.0,0,0.0,0,0.0,0,0.0,0,0.0,0,1234.0,123400,1234.0,123400,0.0,0,0.0,0,80.93,8093,0.0,0,0.0,0,61.7,6170,85.5,8550,0.0,0,0.0,0,15.39,1539,21.33,2133,0.0,0,0.0,0,3.84,384,1421.76,142176,0.0,0,0.0,0,0.0,0
71,,,,PURCHASE,ISSUED,2026-08-08,,1,43,,,4,Seamless Carbon Steel Pipe - ASTM A106 Grade B (2 Inch),1.0,IGST,5.0,154.0,2026-08-08 09:42:16,PINV-2026-0032,PINV-2026-0032,,27AAACA1234A1Z1,29AAGCB1286Q000,maharashtra,Karnataka,73064000.0,Purchase from Vendor #1 for Order #43,2026-08-08 04:12:15.697088,,,,0,,,,,,,,,,1178.0,117800,1178.0,117800,1178.0,117800,0.0,0,0.0,0,0.0,0,0.0,0,0.0,0,0.0,0,1178.0,117800,1178.0,117800,0.0,0,0.0,0,58.9,5890,0.0,0,0.0,0,58.9,5890,0.0,0,0.0,0,0.0,0,0.0,0,0.0,0,0.0,0,0.0,0,0.0,0,1236.9,123690,0.0,0,0.0,0,0.0,0
72,,,,SALES,ISSUED,2026-08-08,6.0,1,43,34.0,,4,Seamless Carbon Steel Pipe - ASTM A106 Grade B (2 Inch),1.0,IGST,5.0,155.0,2026-08-08 09:44:38,,SINV-2026-0031,,29AAGCB1286Q000,,Karnataka,Maharashtra,73064000.0,Sales invoice for Order #43 to Customer #6,2026-08-08 04:14:37.719687,,,,0,,,,,,,,,,1234.0,123400,1234.0,123400,0.0,0,0.0,0,0.0,0,0.0,0,0.0,0,0.0,0,0.0,0,1234.0,123400,1234.0,123400,0.0,0,0.0,0,80.93,8093,0.0,0,0.0,0,61.7,6170,85.5,8550,0.0,0,0.0,0,15.39,1539,21.33,2133,0.0,0,0.0,0,3.84,384,1421.76,142176,0.0,0,0.0,0,0.0,0
73,,,,PURCHASE,ISSUED,2026-08-08,,1,44,,,4,Seamless Carbon Steel Pipe - ASTM A106 Grade B (2 Inch),1.0,IGST,5.0,157.0,2026-08-08 09:49:24,PINV-2026-0033,PINV-2026-0033,,27AAACA1234A1Z1,29AAGCB1286Q000,maharashtra,Karnataka,73064000.0,Purchase from Vendor #1 for Order #44,2026-08-08 04:19:24.017343,,,,0,,,,,,,,,,0.0,0,0.0,0,0.0,0,0.0,0,0.0,0,0.0,0,0.0,0,0.0,0,0.0,0,0.0,0,0.0,0,0.0,0,0.0,0,0.0,0,0.0,0,0.0,0,0.0,0,0.0,0,0.0,0,0.0,0,0.0,0,0.0,0,0.0,0,0.0,0,0.0,0,0.0,0,0.0,0,0.0,0,0.0,0
74,,,,SALES,DRAFT,2026-08-08,6.0,1,44,,,4,Seamless Carbon Steel Pipe - ASTM A106 Grade B (2 Inch),1.0,IGST,5.0,,,,SINV-2026-0032,,29AAGCB1286Q000,,Karnataka,Maharashtra,73064000.0,Sales invoice for Order #44 to Customer #6,2026-08-08 04:19:24.208994,,,,0,,,,,,,,,,1234.0,123400,1234.0,123400,0.0,0,0.0,0,0.0,0,0.0,0,0.0,0,0.0,0,0.0,0,1234.0,123400,1234.0,123400,0.0,0,0.0,0,0.0,0,0.0,0,0.0,0,0.0,0,0.0,0,0.0,0,0.0,0,0.0,0,0.0,0,0.0,0,0.0,0,0.0,0,1421.76,142176,0.0,0,0.0,0,0.0,0
75,,,,PURCHASE,ISSUED,2026-08-08,,1,42,,,4,Seamless Carbon Steel Pipe - ASTM A106 Grade B (2 Inch),1.0,IGST,5.0,158.0,2026-08-08 09:50:26,PINV-2026-0034,PINV-2026-0034,,27AAACA1234A1Z1,29AAGCB1286Q000,maharashtra,Karnataka,73064000.0,Purchase from Vendor #1 for Order #42,2026-08-08 04:20:25.745006,,,,0,,,,,,,,,,0.0,0,0.0,0,0.0,0,0.0,0,0.0,0,0.0,0,0.0,0,0.0,0,0.0,0,0.0,0,0.0,0,0.0,0,0.0,0,0.0,0,0.0,0,0.0,0,0.0,0,0.0,0,0.0,0,0.0,0,0.0,0,0.0,0,0.0,0,0.0,0,0.0,0,0.0,0,0.0,0,0.0,0,0.0,0
76,,,,SALES,DRAFT,2026-08-08,6.0,1,42,,,4,Seamless Carbon Steel Pipe - ASTM A106 Grade B (2 Inch),1.0,IGST,5.0,,,,SINV-2026-0033,,29AAGCB1286Q000,,Karnataka,Maharashtra,73064000.0,Sales invoice for Order #42 to Customer #6,2026-08-08 04:20:25.883340,,,,0,,,,,,,,,,1234.0,123400,1234.0,123400,0.0,0,0.0,0,0.0,0,0.0,0,0.0,0,0.0,0,0.0,0,1234.0,123400,1234.0,123400,0.0,0,0.0,0,0.0,0,0.0,0,0.0,0,0.0,0,0.0,0,0.0,0,0.0,0,0.0,0,0.0,0,0.0,0,0.0,0,0.0,0,1421.76,142176,0.0,0,0.0,0,0.0,0
77,,,,PURCHASE,ISSUED,2026-08-08,,1,45,,,4,Seamless Carbon Steel Pipe - ASTM A106 Grade B (2 Inch),1.0,IGST,5.0,161.0,2026-08-08 11:04:08,PINV-2026-0035,PINV-2026-0035,,27AAACA1234A1Z1,29AAGCB1286Q000,maharashtra,Karnataka,73064000.0,Purchase from Vendor #1 for Order #45,2026-08-08 05:34:08.157510,,,,0,,,,,,,,,,1178.0,117800,1178.0,117800,1178.0,117800,0.0,0,0.0,0,0.0,0,0.0,0,0.0,0,0.0,0,1178.0,117800,1178.0,117800,0.0,0,0.0,0,58.9,5890,0.0,0,0.0,0,58.9,5890,0.0,0,0.0,0,0.0,0,0.0,0,0.0,0,0.0,0,0.0,0,0.0,0,1236.9,123690,0.0,0,0.0,0,0.0,0
78,,,,SALES,ISSUED,2026-08-08,9.0,1,45,35.0,,4,Seamless Carbon Steel Pipe - ASTM A106 Grade B (2 Inch),1.0,CGST_SGST,5.0,162.0,2026-08-08 11:05:27,,SINV-2026-0034,,29AAGCB1286Q000,29AWGPV7107B1Z1,Karnataka,Karnataka,73064000.0,Sales invoice for Order #45 to Customer #9,2026-08-08 05:35:26.819940,,,,0,,,,,,,,,,1234.0,123400,1234.0,123400,0.0,0,0.0,0,0.0,0,0.0,0,0.0,0,0.0,0,0.0,0,1234.0,123400,1234.0,123400,40.47,4047,40.47,4047,0.0,0,30.85,3085,30.85,3085,0.0,0,85.5,8550,7.7,770,7.7,770,0.0,0,21.33,2133,1.92,192,1.92,192,0.0,0,1421.77,142177,0.0,0,0.0,0,0.0,0
79,,,,PURCHASE,ISSUED,2026-08-08,,3,46,,,3,Aluminium Round Tube,1.0,IGST,18.0,165.0,2026-08-08 12:51:35,PINV-2026-0036,PINV-2026-0036,,27AABCN4587K1Z5,29AAGCB1286Q000,maharashtra,Karnataka,12345.0,Purchase from Vendor #3 for Order #46,2026-08-08 07:21:34.722811,,,,0,,,,,,,,,,1490.0,149000,1490.0,149000,1490.0,149000,0.0,0,0.0,0,0.0,0,0.0,0,0.0,0,0.0,0,1490.0,149000,1490.0,149000,0.0,0,0.0,0,268.2,26820,0.0,0,0.0,0,268.2,26820,0.0,0,0.0,0,0.0,0,0.0,0,0.0,0,0.0,0,0.0,0,0.0,0,1758.2,175820,0.0,0,0.0,0,0.0,0
80,,,,PURCHASE,ISSUED,2026-08-08,,3,47,,,16,Hydraulic pipe,1.0,IGST,18.0,166.0,2026-08-08 12:54:03,PINV-2026-0037,PINV-2026-0037,,27AABCN4587K1Z5,29AAGCB1286Q000,maharashtra,Karnataka,12345.0,Purchase from Vendor #3 for Order #47,2026-08-08 07:24:02.676792,,,,0,,,,,,,,,,1675.0,167500,1675.0,167500,1675.0,167500,0.0,0,0.0,0,0.0,0,0.0,0,0.0,0,0.0,0,1675.0,167500,1675.0,167500,0.0,0,0.0,0,301.5,30150,0.0,0,0.0,0,301.5,30150,0.0,0,0.0,0,0.0,0,0.0,0,0.0,0,0.0,0,0.0,0,0.0,0,1976.5,197650,0.0,0,0.0,0,0.0,0
81,,,,PURCHASE,ISSUED,2026-08-08,,3,48,,,17,Mild Steel Hexagonal Bolt,1.0,IGST,18.0,167.0,2026-08-08 12:54:39,PINV-2026-0038,PINV-2026-0038,,27AABCN4587K1Z5,29AAGCB1286Q000,maharashtra,Karnataka,12345.0,Purchase from Vendor #3 for Order #48,2026-08-08 07:24:38.723866,,,,0,,,,,,,,,,698.0,69800,698.0,69800,698.0,69800,0.0,0,0.0,0,0.0,0,0.0,0,0.0,0,0.0,0,698.0,69800,698.0,69800,0.0,0,0.0,0,125.64,12564,0.0,0,0.0,0,125.64,12564,0.0,0,0.0,0,0.0,0,0.0,0,0.0,0,0.0,0,0.0,0,0.0,0,823.64,82364,0.0,0,0.0,0,0.0,0
82,,,,SALES,ISSUED,2026-08-08,6.0,3,46,36.0,,3,Aluminium Round Tube,1.0,IGST,18.0,168.0,2026-08-08 13:30:38,,SINV-2026-0035,,29AAGCB1286Q000,,Karnataka,Maharashtra,12345.0,Sales invoice for Order #46 to Customer #6,2026-08-08 08:00:38.061725,,,,0,,,,,,,,,,1565.0,156500,1565.0,156500,0.0,0,0.0,0,0.0,0,0.0,0,0.0,0,0.0,0,0.0,0,1565.0,156500,1565.0,156500,0.0,0,0.0,0,297.09,29709,0.0,0,0.0,0,281.7,28170,85.5,8550,0.0,0,0.0,0,15.39,1539,0.0,0,0.0,0,0.0,0,0.0,0,1947.59,194759,0.0,0,0.0,0,0.0,0
83,,,,SALES,ISSUED,2026-08-08,6.0,3,47,36.0,,16,Hydraulic pipe,1.0,IGST,18.0,169.0,2026-08-08 13:30:39,,SINV-2026-0036,,29AAGCB1286Q000,,Karnataka,Maharashtra,12345.0,Sales invoice for Order #47 to Customer #6,2026-08-08 08:00:38.460479,,,,0,,,,,,,,,,1725.0,172500,1725.0,172500,0.0,0,0.0,0,0.0,0,0.0,0,0.0,0,0.0,0,0.0,0,1725.0,172500,1725.0,172500,0.0,0,0.0,0,325.89,32589,0.0,0,0.0,0,310.5,31050,85.5,8550,0.0,0,0.0,0,15.39,1539,0.0,0,0.0,0,0.0,0,0.0,0,2136.39,213639,0.0,0,0.0,0,0.0,0
84,,,,SALES,ISSUED,2026-08-08,6.0,3,48,36.0,,17,Mild Steel Hexagonal Bolt,1.0,IGST,18.0,170.0,2026-08-08 13:30:39,,SINV-2026-0037,,29AAGCB1286Q000,,Karnataka,Maharashtra,12345.0,Sales invoice for Order #48 to Customer #6,2026-08-08 08:00:38.784568,,,,0,,,,,,,,,,748.0,74800,748.0,74800,0.0,0,0.0,0,0.0,0,0.0,0,0.0,0,0.0,0,0.0,0,748.0,74800,748.0,74800,0.0,0,0.0,0,150.03,15003,0.0,0,0.0,0,134.64,13464,85.5,8550,0.0,0,0.0,0,15.39,1539,0.0,0,0.0,0,0.0,0,0.0,0,983.53,98353,0.0,0,0.0,0,0.0,0
85,,,,PURCHASE,CANCELLED,2026-08-08,,3,49,,,16,Hydraulic pipe,1.0,IGST,18.0,173.0,2026-08-08 14:07:10,PINV-2026-0039,PINV-2026-0039,,27AABCN4587K1Z5,29AAGCB1286Q000,maharashtra,Karnataka,12345.0,Purchase from Vendor #3 for Order #49,2026-08-08 08:37:09.658265,,,,0,,,,,,,,,,1675.0,167500,1675.0,167500,1675.0,167500,0.0,0,0.0,0,0.0,0,0.0,0,0.0,0,0.0,0,1675.0,167500,1675.0,167500,0.0,0,0.0,0,301.5,30150,0.0,0,0.0,0,301.5,30150,0.0,0,0.0,0,0.0,0,0.0,0,0.0,0,0.0,0,0.0,0,0.0,0,1976.5,197650,0.0,0,0.0,0,0.0,0
86,,,,DEBIT_NOTE,ISSUED,2026-08-08,,3,49,,85.0,16,Hydraulic pipe,1.0,IGST,18.0,174.0,2026-08-08 14:28:09,DN-2026-0001,DN-2026-0001,,27AABCN4587K1Z5,29AAGCB1286Q000,maharashtra,Karnataka,12345.0,Debit note for order cancelled Order #49,2026-08-08 08:58:08.956109,ORDER_CANCELLED,2026-08-08,2026-08-08,0,,,,,,,,,,-1675.0,-167500,-1675.0,-167500,-1675.0,-167500,0.0,0,0.0,0,0.0,0,0.0,0,0.0,0,0.0,0,-1675.0,-167500,-1675.0,-167500,0.0,0,0.0,0,-301.5,-30150,0.0,0,0.0,0,-301.5,-30150,0.0,0,0.0,0,0.0,0,0.0,0,0.0,0,0.0,0,0.0,0,0.0,0,-1976.5,-197650,0.0,0,0.0,0,0.0,0
87,,,,PURCHASE,CANCELLED,2026-08-08,,3,51,,,17,Mild Steel Hexagonal Bolt,1.0,IGST,18.0,178.0,2026-08-08 14:43:20,PINV-2026-0040,PINV-2026-0040,,27AABCN4587K1Z5,29AAGCB1286Q000,maharashtra,Karnataka,12345.0,Purchase from Vendor #3 for Order #51,2026-08-08 09:13:19.783585,,,,0,,,,,,,,,,698.0,69800,698.0,69800,698.0,69800,0.0,0,0.0,0,0.0,0,0.0,0,0.0,0,0.0,0,698.0,69800,698.0,69800,0.0,0,0.0,0,125.64,12564,0.0,0,0.0,0,125.64,12564,0.0,0,0.0,0,0.0,0,0.0,0,0.0,0,0.0,0,0.0,0,0.0,0,823.64,82364,0.0,0,0.0,0,0.0,0
88,,,,SALES,CANCELLED,2026-08-08,6.0,3,51,39.0,,17,Mild Steel Hexagonal Bolt,1.0,IGST,18.0,179.0,2026-08-08 14:47:35,,SINV-2026-0038,,29AAGCB1286Q000,,Karnataka,Maharashtra,12345.0,Sales invoice for Order #51 to Customer #6,2026-08-08 09:17:35.218426,,,,0,,,,,,,,,,748.0,74800,748.0,74800,0.0,0,0.0,0,0.0,0,0.0,0,0.0,0,0.0,0,0.0,0,748.0,74800,748.0,74800,0.0,0,0.0,0,150.03,15003,0.0,0,0.0,0,134.64,13464,85.5,8550,0.0,0,0.0,0,15.39,1539,0.0,0,0.0,0,0.0,0,0.0,0,983.53,98353,0.0,0,0.0,0,0.0,0
89,,,,DEBIT_NOTE,ISSUED,2026-08-08,,3,51,,87.0,17,Mild Steel Hexagonal Bolt,1.0,IGST,18.0,181.0,2026-08-08 15:00:56,DN-2026-0002,DN-2026-0002,,27AABCN4587K1Z5,29AAGCB1286Q000,maharashtra,Karnataka,12345.0,Debit note for order cancelled Order #51,2026-08-08 09:30:55.577701,ORDER_CANCELLED,2026-08-08,2026-08-08,0,,,,,,,,,,-698.0,-69800,-698.0,-69800,-698.0,-69800,0.0,0,0.0,0,0.0,0,0.0,0,0.0,0,0.0,0,-698.0,-69800,-698.0,-69800,0.0,0,0.0,0,-125.64,-12564,0.0,0,0.0,0,-125.64,-12564,0.0,0,0.0,0,0.0,0,0.0,0,0.0,0,0.0,0,0.0,0,0.0,0,-823.64,-82364,0.0,0,0.0,0,0.0,0
90,,,,CREDIT_NOTE,ISSUED,2026-08-08,6.0,3,51,,88.0,17,Mild Steel Hexagonal Bolt,1.0,IGST,18.0,182.0,,,CN-2026-0010,,29AAGCB1286Q000,,Karnataka,Maharashtra,12345.0,Credit note for cancelled Order #51,2026-08-08 09:30:55.596385,ORDER_CANCELLED,2026-08-08,2026-08-08,0,,,,,,,,,,-748.0,-74800,-748.0,-74800,0.0,0,0.0,0,0.0,0,0.0,0,0.0,0,0.0,0,0.0,0,-748.0,-74800,-748.0,-74800,0.0,0,0.0,0,-134.64,-13464,0.0,0,0.0,0,-134.64,-13464,0.0,0,0.0,0,0.0,0,0.0,0,0.0,0,0.0,0,0.0,0,0.0,0,-882.64,-88264,0.0,0,0.0,0,0.0,0
91,,,,PURCHASE,ISSUED,2026-08-08,,3,52,,,16,Hydraulic pipe,1.0,IGST,18.0,185.0,2026-08-08 15:13:46,PINV-2026-0041,PINV-2026-0041,,27AABCN4587K1Z5,29AAGCB1286Q000,maharashtra,Karnataka,12345.0,Purchase from Vendor #3 for Order #52,2026-08-08 09:43:45.650583,,,,0,,,,,,,,,,1675.0,167500,1675.0,167500,1675.0,167500,0.0,0,0.0,0,0.0,0,0.0,0,0.0,0,0.0,0,1675.0,167500,1675.0,167500,0.0,0,0.0,0,301.5,30150,0.0,0,0.0,0,301.5,30150,0.0,0,0.0,0,0.0,0,0.0,0,0.0,0,0.0,0,0.0,0,0.0,0,1976.5,197650,0.0,0,0.0,0,0.0,0
92,,,,PURCHASE,ISSUED,2026-08-08,,3,53,,,17,Mild Steel Hexagonal Bolt,1.0,IGST,18.0,187.0,2026-08-08 15:58:33,PINV-2026-0042,PINV-2026-0042,,27AABCN4587K1Z5,29AAGCB1286Q000,maharashtra,Karnataka,12345.0,Purchase from Vendor #3 for Order #53,2026-08-08 10:28:33.395954,,,,0,,,,,,,,,,698.0,69800,698.0,69800,698.0,69800,0.0,0,0.0,0,0.0,0,0.0,0,0.0,0,0.0,0,698.0,69800,698.0,69800,0.0,0,0.0,0,125.64,12564,0.0,0,0.0,0,125.64,12564,0.0,0,0.0,0,0.0,0,0.0,0,0.0,0,0.0,0,0.0,0,0.0,0,823.64,82364,0.0,0,0.0,0,0.0,0
93,,,,SALES,ISSUED,2026-08-08,6.0,3,53,41.0,,17,Mild Steel Hexagonal Bolt,1.0,IGST,18.0,188.0,2026-08-08 16:00:25,,SINV-2026-0039,,29AAGCB1286Q000,,Karnataka,Maharashtra,12345.0,Sales invoice for Order #53 to Customer #6,2026-08-08 10:30:25.035888,,,,0,,,,,,,,,,748.0,74800,748.0,74800,0.0,0,0.0,0,0.0,0,0.0,0,0.0,0,0.0,0,0.0,0,748.0,74800,748.0,74800,0.0,0,0.0,0,150.03,15003,0.0,0,0.0,0,134.64,13464,85.5,8550,0.0,0,0.0,0,15.39,1539,0.0,0,0.0,0,0.0,0,0.0,0,983.53,98353,0.0,0,0.0,0,0.0,0
94,,,,PURCHASE,ISSUED,2026-08-08,,3,54,,,17,Mild Steel Hexagonal Bolt,1.0,IGST,18.0,190.0,2026-08-08 16:07:35,PINV-2026-0043,PINV-2026-0043,,27AABCN4587K1Z5,29AAGCB1286Q000,maharashtra,Karnataka,12345.0,Purchase from Vendor #3 for Order #54,2026-08-08 10:37:34.565624,,,,0,,,,,,,,,,0.0,0,0.0,0,0.0,0,0.0,0,0.0,0,0.0,0,0.0,0,0.0,0,0.0,0,0.0,0,0.0,0,0.0,0,0.0,0,0.0,0,0.0,0,0.0,0,0.0,0,0.0,0,0.0,0,0.0,0,0.0,0,0.0,0,0.0,0,0.0,0,0.0,0,0.0,0,0.0,0,0.0,0,0.0,0
95,,,,SALES,DRAFT,2026-08-08,6.0,3,54,,,17,Mild Steel Hexagonal Bolt,1.0,IGST,18.0,,,,SINV-2026-0040,,29AAGCB1286Q000,,Karnataka,Maharashtra,12345.0,Sales invoice for Order #54 to Customer #6,2026-08-08 10:37:34.805456,,,,0,,,,,,,,,,748.0,74800,748.0,74800,0.0,0,0.0,0,0.0,0,0.0,0,0.0,0,0.0,0,0.0,0,748.0,74800,748.0,74800,0.0,0,0.0,0,0.0,0,0.0,0,0.0,0,0.0,0,0.0,0,0.0,0,0.0,0,0.0,0,0.0,0,0.0,0,0.0,0,0.0,0,983.53,98353,0.0,0,0.0,0,0.0,0
96,,,,PURCHASE,ISSUED,2026-08-08,,3,55,,,17,Mild Steel Hexagonal Bolt,1.0,IGST,18.0,192.0,2026-08-08 16:31:59,PINV-2026-0044,PINV-2026-0044,,27AABCN4587K1Z5,29AAGCB1286Q000,maharashtra,Karnataka,12345.0,Purchase from Vendor #3 for Order #55,2026-08-08 11:01:59.245820,,,,0,,,,,,,,,,698.0,69800,698.0,69800,698.0,69800,0.0,0,0.0,0,0.0,0,0.0,0,0.0,0,0.0,0,698.0,69800,698.0,69800,0.0,0,0.0,0,125.64,12564,0.0,0,0.0,0,125.64,12564,0.0,0,0.0,0,0.0,0,0.0,0,0.0,0,0.0,0,0.0,0,0.0,0,823.64,82364,0.0,0,0.0,0,0.0,0
97,,,,SALES,ISSUED,2026-08-08,6.0,3,55,42.0,,17,Mild Steel Hexagonal Bolt,1.0,IGST,18.0,193.0,2026-08-08 16:33:48,,SINV-2026-0041,,29AAGCB1286Q000,,Karnataka,Maharashtra,12345.0,Sales invoice for Order #55 to Customer #6,2026-08-08 11:03:47.775581,,,,0,,,,,,,,,,748.0,74800,748.0,74800,0.0,0,0.0,0,0.0,0,0.0,0,0.0,0,0.0,0,0.0,0,748.0,74800,748.0,74800,0.0,0,0.0,0,150.03,15003,0.0,0,0.0,0,134.64,13464,85.5,8550,0.0,0,0.0,0,15.39,1539,0.0,0,0.0,0,0.0,0,0.0,0,983.53,98353,0.0,0,0.0,0,0.0,0
98,,,,CREDIT_NOTE,ISSUED,2026-08-08,4.0,1,28,,59.0,4,Seamless Carbon Steel Pipe - ASTM A106 Grade B (2 Inch),1.0,CGST_SGST,5.0,196.0,,,CN-2026-0011,,29AAGCB1286Q000,29AWGPV7107B1Z1,Karnataka,Maharashtra,73064000.0,Credit note for returned Order #28,2026-08-08 12:50:27.723393,ORDER_RETURNED,2026-08-08,2026-08-07,0,,,,,,,,,,-1234.0,-123400,-1234.0,-123400,0.0,0,0.0,0,0.0,0,0.0,0,0.0,0,0.0,0,0.0,0,-1234.0,-123400,-1234.0,-123400,-40.47,-4047,-40.47,-4047,0.0,0,-30.85,-3085,-30.85,-3085,0.0,0,-85.5,-8550,-7.7,-770,-7.7,-770,0.0,0,-21.33,-2133,-1.92,-192,-1.92,-192,0.0,0,-1421.77,-142177,0.0,0,0.0,0,0.0,0
99,,,,DEBIT_NOTE,ISSUED,2026-08-08,,1,28,,54.0,4,Seamless Carbon Steel Pipe - ASTM A106 Grade B (2 Inch),1.0,IGST,5.0,197.0,2026-08-08 18:20:28,DN-2026-0003,DN-2026-0003,,27AAACA1234A1Z1,29AAGCB1286Q000,maharashtra,Karnataka,73064000.0,Debit note for order returned Order #28,2026-08-08 12:50:27.857255,ORDER_RETURNED,2026-08-08,2026-08-07,0,,,,,,,,,,-1178.0,-117800,-1178.0,-117800,-1178.0,-117800,0.0,0,0.0,0,0.0,0,0.0,0,0.0,0,0.0,0,-1178.0,-117800,-1178.0,-117800,0.0,0,0.0,0,-58.9,-5890,0.0,0,0.0,0,-58.9,-5890,0.0,0,0.0,0,0.0,0,0.0,0,0.0,0,0.0,0,0.0,0,0.0,0,-1236.9,-123690,0.0,0,0.0,0,0.0,0
100,,,,PURCHASE,ISSUED,2026-08-10,,1,56,,,4,Seamless Carbon Steel Pipe - ASTM A106 Grade B (2 Inch),1.0,IGST,5.0,200.0,2026-08-10 11:46:16,PINV-2026-0045,PINV-2026-0045,,27AAACA1234A1Z1,29AAGCB1286Q000,maharashtra,Karnataka,73064000.0,Purchase from Vendor #1 for Order #56,2026-08-10 06:16:15.440354,,,,0,,,,,,,,,,1178.0,117800,1178.0,117800,1178.0,117800,0.0,0,0.0,0,0.0,0,0.0,0,0.0,0,0.0,0,1178.0,117800,1178.0,117800,0.0,0,0.0,0,58.9,5890,0.0,0,0.0,0,58.9,5890,0.0,0,0.0,0,0.0,0,0.0,0,0.0,0,0.0,0,0.0,0,0.0,0,1236.9,123690,0.0,0,0.0,0,0.0,0
101,,,,SALES,ISSUED,2026-08-10,4.0,1,56,43.0,,4,Seamless Carbon Steel Pipe - ASTM A106 Grade B (2 Inch),1.0,CGST_SGST,5.0,201.0,2026-08-10 11:49:08,,SINV-2026-0042,,29AAGCB1286Q000,29AWGPV7107B1Z1,Karnataka,Maharashtra,73064000.0,Sales invoice for Order #56 to Customer #4,2026-08-10 06:19:08.237076,,,,0,,,,,,,,,,1234.0,123400,1234.0,123400,0.0,0,0.0,0,0.0,0,0.0,0,0.0,0,0.0,0,0.0,0,1234.0,123400,1234.0,123400,38.55,3855,38.55,3855,0.0,0,30.85,3085,30.85,3085,0.0,0,85.5,8550,7.7,770,7.7,770,0.0,0,0.0,0,0.0,0,0.0,0,0.0,0,1396.6,139660,0.0,0,0.0,0,0.0,0
102,,,,CREDIT_NOTE,ISSUED,2026-08-10,4.0,1,56,,101.0,4,Seamless Carbon Steel Pipe - ASTM A106 Grade B (2 Inch),1.0,CGST_SGST,5.0,203.0,,,CN-2026-0012,,29AAGCB1286Q000,29AWGPV7107B1Z1,Karnataka,Maharashtra,73064000.0,Credit note for returned Order #56,2026-08-10 06:21:01.930905,ORDER_RETURNED,2026-08-10,2026-08-10,0,,,,,,,,,,-1234.0,-123400,-1234.0,-123400,0.0,0,0.0,0,0.0,0,0.0,0,0.0,0,0.0,0,0.0,0,-1234.0,-123400,-1234.0,-123400,-38.55,-3855,-38.55,-3855,0.0,0,-30.85,-3085,-30.85,-3085,0.0,0,-85.5,-8550,-7.7,-770,-7.7,-770,0.0,0,0.0,0,0.0,0,0.0,0,0.0,0,-1396.6,-139660,0.0,0,0.0,0,0.0,0
103,,,,DEBIT_NOTE,ISSUED,2026-08-10,,1,56,,100.0,4,Seamless Carbon Steel Pipe - ASTM A106 Grade B (2 Inch),1.0,IGST,5.0,204.0,2026-08-10 11:51:02,DN-2026-0004,DN-2026-0004,,27AAACA1234A1Z1,29AAGCB1286Q000,maharashtra,Karnataka,73064000.0,Debit note for order returned Order #56,2026-08-10 06:21:02.060508,ORDER_RETURNED,2026-08-10,2026-08-10,0,,,,,,,,,,-1178.0,-117800,-1178.0,-117800,-1178.0,-117800,0.0,0,0.0,0,0.0,0,0.0,0,0.0,0,0.0,0,-1178.0,-117800,-1178.0,-117800,0.0,0,0.0,0,-58.9,-5890,0.0,0,0.0,0,-58.9,-5890,0.0,0,0.0,0,0.0,0,0.0,0,0.0,0,0.0,0,0.0,0,0.0,0,-1236.9,-123690,0.0,0,0.0,0,0.0,0
104,,,,PURCHASE,ISSUED,2026-08-10,,3,57,,,3,Aluminium Round Tube,1.0,IGST,18.0,206.0,2026-08-10 14:02:23,PINV-2026-0046,PINV-2026-0046,,27AABCN4587K1Z5,29AAGCB1286Q000,maharashtra,Karnataka,12345.0,Purchase from Vendor #3 for Order #57,2026-08-10 08:32:23.110225,,,,0,,,,,,,,,,1490.0,149000,1490.0,149000,1490.0,149000,0.0,0,0.0,0,0.0,0,0.0,0,0.0,0,0.0,0,1490.0,149000,1490.0,149000,0.0,0,0.0,0,268.2,26820,0.0,0,0.0,0,268.2,26820,0.0,0,0.0,0,0.0,0,0.0,0,0.0,0,0.0,0,0.0,0,0.0,0,1758.2,175820,0.0,0,0.0,0,0.0,0
105,,,,PURCHASE,ISSUED,2026-08-10,,3,58,,,17,Mild Steel Hexagonal Bolt,1.0,IGST,18.0,208.0,2026-08-10 14:23:12,PINV-2026-0047,PINV-2026-0047,,27AABCN4587K1Z5,29AAGCB1286Q000,maharashtra,Karnataka,12345.0,Purchase from Vendor #3 for Order #58,2026-08-10 08:53:11.461012,,,,0,,,,,,,,,,698.0,69800,698.0,69800,698.0,69800,0.0,0,0.0,0,0.0,0,0.0,0,0.0,0,0.0,0,698.0,69800,698.0,69800,0.0,0,0.0,0,125.64,12564,0.0,0,0.0,0,125.64,12564,0.0,0,0.0,0,0.0,0,0.0,0,0.0,0,0.0,0,0.0,0,0.0,0,823.64,82364,0.0,0,0.0,0,0.0,0
106,,,,SALES,ISSUED,2026-08-10,6.0,3,58,45.0,,17,Mild Steel Hexagonal Bolt,1.0,IGST,18.0,209.0,2026-08-10 14:25:01,,SINV-2026-0043,,29AAGCB1286Q000,,Karnataka,Maharashtra,12345.0,Sales invoice for Order #58 to Customer #6,2026-08-10 08:55:01.320416,,,,0,,,,,,,,,,748.0,74800,748.0,74800,0.0,0,0.0,0,0.0,0,0.0,0,0.0,0,0.0,0,0.0,0,748.0,74800,748.0,74800,0.0,0,0.0,0,150.03,15003,0.0,0,0.0,0,134.64,13464,85.5,8550,0.0,0,0.0,0,15.39,1539,0.0,0,0.0,0,0.0,0,0.0,0,983.53,98353,0.0,0,0.0,0,0.0,0
107,,,,PURCHASE,ISSUED,2026-08-10,,3,59,,,16,Hydraulic pipe,1.0,IGST,18.0,212.0,2026-08-10 14:30:31,PINV-2026-0048,PINV-2026-0048,,27AABCN4587K1Z5,29AAGCB1286Q000,maharashtra,Karnataka,12345.0,Purchase from Vendor #3 for Order #59,2026-08-10 09:00:30.716406,,,,0,,,,,,,,,,1675.0,167500,1675.0,167500,1675.0,167500,0.0,0,0.0,0,0.0,0,0.0,0,0.0,0,0.0,0,1675.0,167500,1675.0,167500,0.0,0,0.0,0,301.5,30150,0.0,0,0.0,0,301.5,30150,0.0,0,0.0,0,0.0,0,0.0,0,0.0,0,0.0,0,0.0,0,0.0,0,1976.5,197650,0.0,0,0.0,0,0.0,0
108,,,,SALES,ISSUED,2026-08-10,6.0,3,59,46.0,,16,Hydraulic pipe,1.0,IGST,18.0,213.0,2026-08-10 14:32:02,,SINV-2026-0044,,29AAGCB1286Q000,,Karnataka,Maharashtra,12345.0,Sales invoice for Order #59 to Customer #6,2026-08-10 09:02:02.077229,,,,0,,,,,,,,,,1725.0,172500,1725.0,172500,0.0,0,0.0,0,0.0,0,0.0,0,0.0,0,0.0,0,0.0,0,1725.0,172500,1725.0,172500,0.0,0,0.0,0,325.89,32589,0.0,0,0.0,0,310.5,31050,85.5,8550,0.0,0,0.0,0,15.39,1539,0.0,0,0.0,0,0.0,0,0.0,0,2136.39,213639,0.0,0,0.0,0,0.0,0
109,,,,PURCHASE,ISSUED,2026-08-10,,3,60,,,3,Aluminium Round Tube,1.0,IGST,18.0,216.0,2026-08-10 14:36:51,PINV-2026-0049,PINV-2026-0049,,27AABCN4587K1Z5,29AAGCB1286Q000,maharashtra,Karnataka,12345.0,Purchase from Vendor #3 for Order #60,2026-08-10 09:06:51.389761,,,,0,,,,,,,,,,1490.0,149000,1490.0,149000,1490.0,149000,0.0,0,0.0,0,0.0,0,0.0,0,0.0,0,0.0,0,1490.0,149000,1490.0,149000,0.0,0,0.0,0,268.2,26820,0.0,0,0.0,0,268.2,26820,0.0,0,0.0,0,0.0,0,0.0,0,0.0,0,0.0,0,0.0,0,0.0,0,1758.2,175820,0.0,0,0.0,0,0.0,0
110,,,,PURCHASE,ISSUED,2026-08-10,,3,61,,,16,Hydraulic pipe,1.0,IGST,18.0,218.0,2026-08-10 14:41:52,PINV-2026-0050,PINV-2026-0050,,27AABCN4587K1Z5,29AAGCB1286Q000,maharashtra,Karnataka,12345.0,Purchase from Vendor #3 for Order #61,2026-08-10 09:11:51.721435,,,,0,,,,,,,,,,1675.0,167500,1675.0,167500,1675.0,167500,0.0,0,0.0,0,0.0,0,0.0,0,0.0,0,0.0,0,1675.0,167500,1675.0,167500,0.0,0,0.0,0,301.5,30150,0.0,0,0.0,0,301.5,30150,0.0,0,0.0,0,0.0,0,0.0,0,0.0,0,0.0,0,0.0,0,0.0,0,1976.5,197650,0.0,0,0.0,0,0.0,0
111,,,,SALES,ISSUED,2026-08-10,6.0,3,61,48.0,,16,Hydraulic pipe,1.0,IGST,18.0,219.0,2026-08-10 14:44:04,,SINV-2026-0045,,29AAGCB1286Q000,,Karnataka,Maharashtra,12345.0,Sales invoice for Order #61 to Customer #6,2026-08-10 09:14:03.385140,,,,0,,,,,,,,,,1725.0,172500,1725.0,172500,0.0,0,0.0,0,0.0,0,0.0,0,0.0,0,0.0,0,0.0,0,1725.0,172500,1725.0,172500,0.0,0,0.0,0,325.89,32589,0.0,0,0.0,0,310.5,31050,85.5,8550,0.0,0,0.0,0,15.39,1539,0.0,0,0.0,0,0.0,0,0.0,0,2136.39,213639,0.0,0,0.0,0,0.0,0
112,,,,PURCHASE,ISSUED,2026-08-10,,3,63,,,16,Hydraulic pipe,1.0,IGST,18.0,223.0,2026-08-10 15:17:40,PINV-2026-0051,PINV-2026-0051,,27AABCN4587K1Z5,29AAGCB1286Q000,maharashtra,Karnataka,12345.0,Purchase from Vendor #3 for Order #63,2026-08-10 09:47:39.531751,,,,0,,,,,,,,,,1675.0,167500,1675.0,167500,1675.0,167500,0.0,0,0.0,0,0.0,0,0.0,0,0.0,0,0.0,0,1675.0,167500,1675.0,167500,0.0,0,0.0,0,301.5,30150,0.0,0,0.0,0,301.5,30150,0.0,0,0.0,0,0.0,0,0.0,0,0.0,0,0.0,0,0.0,0,0.0,0,1976.5,197650,0.0,0,0.0,0,0.0,0
113,,,,PURCHASE,CANCELLED,2026-08-10,,3,64,,,16,Hydraulic pipe,1.0,IGST,18.0,225.0,2026-08-10 15:48:42,PINV-2026-0052,PINV-2026-0052,,27AABCN4587K1Z5,29AAGCB1286Q000,maharashtra,Karnataka,12345.0,Purchase from Vendor #3 for Order #64,2026-08-10 10:18:42.054769,,,,0,,,,,,,,,,1675.0,167500,1675.0,167500,1675.0,167500,0.0,0,0.0,0,0.0,0,0.0,0,0.0,0,0.0,0,1675.0,167500,1675.0,167500,0.0,0,0.0,0,301.5,30150,0.0,0,0.0,0,301.5,30150,0.0,0,0.0,0,0.0,0,0.0,0,0.0,0,0.0,0,0.0,0,0.0,0,1976.5,197650,0.0,0,0.0,0,0.0,0
114,,,,DEBIT_NOTE,ISSUED,2026-08-10,,3,64,,113.0,16,Hydraulic pipe,1.0,IGST,18.0,227.0,2026-08-10 16:17:33,DN-2026-0005,DN-2026-0005,,27AABCN4587K1Z5,29AAGCB1286Q000,maharashtra,Karnataka,12345.0,Debit note for order cancelled Order #64,2026-08-10 10:47:33.423915,ORDER_CANCELLED,2026-08-10,2026-08-10,0,,,,,,,,,,-1675.0,-167500,-1675.0,-167500,-1675.0,-167500,0.0,0,0.0,0,0.0,0,0.0,0,0.0,0,0.0,0,-1675.0,-167500,-1675.0,-167500,0.0,0,0.0,0,-301.5,-30150,0.0,0,0.0,0,-301.5,-30150,0.0,0,0.0,0,0.0,0,0.0,0,0.0,0,0.0,0,0.0,0,0.0,0,-1976.5,-197650,0.0,0,0.0,0,0.0,0
115,,,,PURCHASE,CANCELLED,2026-08-10,,3,65,,,16,Hydraulic pipe,1.0,IGST,18.0,229.0,2026-08-10 16:26:34,PINV-2026-0053,PINV-2026-0053,,27AABCN4587K1Z5,29AAGCB1286Q000,maharashtra,Karnataka,12345.0,Purchase from Vendor #3 for Order #65,2026-08-10 10:56:34.187696,,,,0,,,,,,,,,,1675.0,167500,1675.0,167500,1675.0,167500,0.0,0,0.0,0,0.0,0,0.0,0,0.0,0,0.0,0,1675.0,167500,1675.0,167500,0.0,0,0.0,0,301.5,30150,0.0,0,0.0,0,301.5,30150,0.0,0,0.0,0,0.0,0,0.0,0,0.0,0,0.0,0,0.0,0,0.0,0,1976.5,197650,0.0,0,0.0,0,0.0,0
116,,,,DEBIT_NOTE,ISSUED,2026-08-10,,3,65,,115.0,16,Hydraulic pipe,1.0,IGST,18.0,230.0,2026-08-10 16:29:20,DN-2026-0006,DN-2026-0006,,27AABCN4587K1Z5,29AAGCB1286Q000,maharashtra,Karnataka,12345.0,Debit note for order cancelled Order #65,2026-08-10 10:59:19.836933,ORDER_CANCELLED,2026-08-10,2026-08-10,0,,,,,,,,,,-1675.0,-167500,-1675.0,-167500,-1675.0,-167500,0.0,0,0.0,0,0.0,0,0.0,0,0.0,0,0.0,0,-1675.0,-167500,-1675.0,-167500,0.0,0,0.0,0,-301.5,-30150,0.0,0,0.0,0,-301.5,-30150,0.0,0,0.0,0,0.0,0,0.0,0,0.0,0,0.0,0,0.0,0,0.0,0,-1976.5,-197650,0.0,0,0.0,0,0.0,0
117,,,,PURCHASE,ISSUED,2026-08-10,,3,66,,,16,Hydraulic pipe,1.0,IGST,18.0,232.0,2026-08-10 21:04:25,PINV-2026-0054,PINV-2026-0054,,27AABCN4587K1Z5,29AAGCB1286Q000,maharashtra,Karnataka,12345.0,Purchase from Vendor #3 for Order #66,2026-08-10 15:34:25.118649,,,,0,,,,,,,,,,1675.0,167500,1675.0,167500,1675.0,167500,0.0,0,0.0,0,0.0,0,0.0,0,0.0,0,0.0,0,1675.0,167500,1675.0,167500,0.0,0,0.0,0,301.5,30150,0.0,0,0.0,0,301.5,30150,0.0,0,0.0,0,0.0,0,0.0,0,0.0,0,0.0,0,0.0,0,0.0,0,1976.5,197650,0.0,0,0.0,0,0.0,0
118,,,,PURCHASE,ISSUED,2026-08-11,,1,67,,,13,GI Angle_265,1.0,IGST,12.0,234.0,2026-08-11 10:06:56,PINV-2026-0055,PINV-2026-0055,,27AAACA1234A1Z1,29AAGCB1286Q000,maharashtra,Karnataka,8521.0,Purchase from Vendor #1 for Order #67,2026-08-11 04:36:55.602624,,,,0,,,,,,,,,,165.0,16500,165.0,16500,165.0,16500,0.0,0,0.0,0,0.0,0,0.0,0,0.0,0,0.0,0,165.0,16500,165.0,16500,0.0,0,0.0,0,19.8,1980,0.0,0,0.0,0,19.8,1980,0.0,0,0.0,0,0.0,0,0.0,0,0.0,0,0.0,0,0.0,0,0.0,0,184.8,18480,0.0,0,0.0,0,0.0,0
119,,,,SALES,ISSUED,2026-08-11,4.0,1,67,54.0,,13,GI Angle_265,1.0,CGST_SGST,12.0,235.0,2026-08-11 10:10:47,,SINV-2026-0046,,29AAGCB1286Q000,29AWGPV7107B1Z1,Karnataka,Karnataka,8521.0,Sales invoice for Order #67 to Customer #4,2026-08-11 04:40:46.599505,,,,0,,,,,,,,,,319.0,31900,319.0,31900,0.0,0,0.0,0,0.0,0,0.0,0,0.0,0,0.0,0,0.0,0,319.0,31900,319.0,31900,27.47,2747,27.47,2747,0.0,0,19.14,1914,19.14,1914,0.0,0,85.5,8550,7.7,770,7.7,770,0.0,0,7.0,700,0.63,63,0.63,63,0.0,0,466.44,46644,0.0,0,0.0,0,0.0,0
120,,,,PURCHASE,ISSUED,2026-08-11,,1,68,,,13,GI Angle_265,1.0,IGST,12.0,238.0,2026-08-11 10:30:19,PINV-2026-0056,PINV-2026-0056,,27AAACA1234A1Z1,29AAGCB1286Q000,maharashtra,Karnataka,852145.0,Purchase from Vendor #1 for Order #68,2026-08-11 05:00:18.941738,,,,0,,,,,,,,,,165.0,16500,165.0,16500,165.0,16500,0.0,0,0.0,0,0.0,0,0.0,0,0.0,0,0.0,0,165.0,16500,165.0,16500,0.0,0,0.0,0,19.8,1980,0.0,0,0.0,0,19.8,1980,0.0,0,0.0,0,0.0,0,0.0,0,0.0,0,0.0,0,0.0,0,0.0,0,184.8,18480,0.0,0,0.0,0,0.0,0
121,,,,SALES,ISSUED,2026-08-11,4.0,1,68,55.0,,13,GI Angle_265,1.0,CGST_SGST,12.0,239.0,2026-08-11 10:31:50,,SINV-2026-0047,,29AAGCB1286Q000,29AWGPV7107B1Z1,Karnataka,Karnataka,852145.0,Sales invoice for Order #68 to Customer #4,2026-08-11 05:01:50.261751,,,,0,,,,,,,,,,319.0,31900,319.0,31900,0.0,0,0.0,0,0.0,0,0.0,0,0.0,0,0.0,0,0.0,0,319.0,31900,319.0,31900,27.47,2747,27.47,2747,0.0,0,19.14,1914,19.14,1914,0.0,0,85.5,8550,7.7,770,7.7,770,0.0,0,7.0,700,0.63,63,0.63,63,0.0,0,466.44,46644,0.0,0,0.0,0,0.0,0
122,,,,PURCHASE,ISSUED,2026-08-11,,1,69,,,13,GI Angle_265,1.0,IGST,12.0,242.0,2026-08-11 10:39:19,PINV-2026-0057,PINV-2026-0057,,27AAACA1234A1Z1,29AAGCB1286Q000,maharashtra,Karnataka,721699.0,Purchase from Vendor #1 for Order #69,2026-08-11 05:09:19.145827,,,,0,,,,,,,,,,165.0,16500,165.0,16500,165.0,16500,0.0,0,0.0,0,0.0,0,0.0,0,0.0,0,0.0,0,165.0,16500,165.0,16500,0.0,0,0.0,0,19.8,1980,0.0,0,0.0,0,19.8,1980,0.0,0,0.0,0,0.0,0,0.0,0,0.0,0,0.0,0,0.0,0,0.0,0,184.8,18480,0.0,0,0.0,0,0.0,0
123,,,,SALES,ISSUED,2026-08-11,4.0,1,69,56.0,,13,GI Angle_265,1.0,CGST_SGST,12.0,243.0,2026-08-11 10:40:31,,SINV-2026-0048,,29AAGCB1286Q000,29AWGPV7107B1Z1,Karnataka,Karnataka,721699.0,Sales invoice for Order #69 to Customer #4,2026-08-11 05:10:30.666614,,,,0,,,,,,,,,,319.0,31900,319.0,31900,0.0,0,0.0,0,0.0,0,0.0,0,0.0,0,0.0,0,0.0,0,319.0,31900,319.0,31900,27.47,2747,27.47,2747,0.0,0,19.14,1914,19.14,1914,0.0,0,85.5,8550,7.7,770,7.7,770,0.0,0,7.0,700,0.63,63,0.63,63,0.0,0,466.44,46644,0.0,0,0.0,0,0.0,0
124,/uploads/vendor_invoices/1786458658591-840498496.pdf,,,PURCHASE,ISSUED,2026-08-11,,4,71,,,10,"Electropneumatic Transducer (I/P, E/P)",1.0,IGST,18.0,248.0,2026-08-11 19:55:03,PINV-2026-0058,PINV-2026-0058,abcd,27AAJCA9179N1ZS,29AAGCB1286Q000,maharashtra,Karnataka,,Purchase from Vendor #4 for Order #71,2026-08-11 14:25:03.136081,,,,0,ASEPTIC THERMOPROSYS PVT LTD,AAJCA9179N,,Infoproys Commerce Private Limited,ABCDE1234F,"{""city"": ""Bengaluru"", ""country"": ""India"", ""district"": ""Bengaluru"", ""landmark"": ""Near City Mall"", ""postalCode"": ""560001"", ""addressLine1"": ""Office No 12, Tech Park Road"", ""addressLine2"": ""Phase 2, Business District""}",V0-ELECTROPNE-CONTROL--500-AC-01,Control Air,,14000.0,1400000,14000.0,1400000,14000.0,1400000,0.0,0,0.0,0,0.0,0,0.0,0,0.0,0,0.0,0,14000.0,1400000,14000.0,1400000,0.0,0,0.0,0,2520.0,252000,0.0,0,0.0,0,2520.0,252000,0.0,0,0.0,0,0.0,0,0.0,0,0.0,0,0.0,0,0.0,0,0.0,0,16520.0,1652000,0.0,0,0.0,0,0.0,0
125,,,,SALES,ISSUED,2026-08-11,9.0,4,71,58.0,,10,"Electropneumatic Transducer (I/P, E/P)",1.0,CGST_SGST,18.0,249.0,2026-08-11 20:11:38,,SINV-2026-0049,,29AAGCB1286Q000,29AWGPV7107B1Z1,Karnataka,Karnataka,,Sales invoice for Order #71 to Customer #9,2026-08-11 14:41:38.004137,,,,0,Infoproys Commerce Private Limited,ABCDE1234F,"{""city"": ""Bengaluru"", ""country"": ""India"", ""district"": ""Bengaluru"", ""landmark"": ""Near City Mall"", ""postalCode"": ""560001"", ""addressLine1"": ""Office No 12, Tech Park Road"", ""addressLine2"": ""Phase 2, Business District""}",Acme Solutions Private Limited,,"{""city"": ""Pune"", ""country"": ""India"", ""postalCode"": ""560001"", ""addressLine1"": ""MG Road"", ""addressLine2"": ""Ashok Nagar""}",V0-ELECTROPNE-CONTROL--500-AC-01,Control Air,,14515.0,1451500,14515.0,1451500,0.0,0,0.0,0,0.0,0,0.0,0,0.0,0,0.0,0,0.0,0,14515.0,1451500,14515.0,1451500,1314.04,131404,1314.04,131404,0.0,0,1306.35,130635,1306.35,130635,0.0,0,85.5,8550,7.7,770,7.7,770,0.0,0,0.0,0,0.0,0,0.0,0,0.0,0,17228.58,1722858,0.0,0,0.0,0,0.0,0
126,,,,CREDIT_NOTE,ISSUED,2026-08-11,9.0,4,71,,125.0,10,"Electropneumatic Transducer (I/P, E/P)",1.0,CGST_SGST,18.0,253.0,,,CN-2026-0013,,29AAGCB1286Q000,29AWGPV7107B1Z1,Karnataka,Karnataka,,Credit note for returned Order #71,2026-08-11 15:02:05.311971,ORDER_RETURNED,2026-08-11,2026-08-11,0,Infoproys Commerce Private Limited,ABCDE1234F,"{""city"": ""Bengaluru"", ""country"": ""India"", ""district"": ""Bengaluru"", ""landmark"": ""Near City Mall"", ""postalCode"": ""560001"", ""addressLine1"": ""Office No 12, Tech Park Road"", ""addressLine2"": ""Phase 2, Business District""}",Acme Solutions Private Limited,,"{""city"": ""Pune"", ""country"": ""India"", ""postalCode"": ""560001"", ""addressLine1"": ""MG Road"", ""addressLine2"": ""Ashok Nagar""}",V0-ELECTROPNE-CONTROL--500-AC-01,Control Air,,-14515.0,-1451500,-14515.0,-1451500,0.0,0,0.0,0,0.0,0,0.0,0,0.0,0,0.0,0,0.0,0,-14515.0,-1451500,-14515.0,-1451500,-1314.05,-131405,-1314.05,-131405,0.0,0,-1306.35,-130635,-1306.35,-130635,0.0,0,-85.5,-8550,-7.7,-770,-7.7,-770,0.0,0,0.0,0,0.0,0,0.0,0,0.0,0,-17228.6,-1722860,0.0,0,0.0,0,0.0,0
127,,,,DEBIT_NOTE,ISSUED,2026-08-11,,4,71,,124.0,10,"Electropneumatic Transducer (I/P, E/P)",1.0,IGST,18.0,254.0,2026-08-11 20:32:06,DN-2026-0007,DN-2026-0007,,27AAJCA9179N1ZS,29AAGCB1286Q000,maharashtra,Karnataka,,Debit note for order returned Order #71,2026-08-11 15:02:05.532849,ORDER_RETURNED,2026-08-11,2026-08-11,0,ASEPTIC THERMOPROSYS PVT LTD,AAJCA9179N,"{""city"": ""Haveli"", ""country"": ""India"", ""postalCode"": ""411062"", ""addressLine1"": ""Sonawane Wasti, Gat No: 67, Bharat Weight Bridge, Industrial Area""}",Infoproys Commerce Private Limited,ABCDE1234F,"{""city"": ""Bengaluru"", ""country"": ""India"", ""district"": ""Bengaluru"", ""landmark"": ""Near City Mall"", ""postalCode"": ""560001"", ""addressLine1"": ""Office No 12, Tech Park Road"", ""addressLine2"": ""Phase 2, Business District""}",V0-ELECTROPNE-CONTROL--500-AC-01,Control Air,,-14000.0,-1400000,-14000.0,-1400000,-14000.0,-1400000,0.0,0,0.0,0,0.0,0,0.0,0,0.0,0,0.0,0,-14000.0,-1400000,-14000.0,-1400000,0.0,0,0.0,0,-2520.0,-252000,0.0,0,0.0,0,-2520.0,-252000,0.0,0,0.0,0,0.0,0,0.0,0,0.0,0,0.0,0,0.0,0,0.0,0,-16520.0,-1652000,0.0,0,0.0,0,0.0,0
128,,,,PURCHASE,ISSUED,2026-08-13,,3,74,,,16,Hydraulic pipe,1.0,IGST,18.0,257.0,2026-08-13 14:51:28,PINV-2026-0059,PINV-2026-0059,,27AABCN4587K1Z5,29AAGCB1286Q000,maharashtra,Karnataka,,Purchase from Vendor #3 for Order #74,2026-08-13 09:21:27.652397,,,,0,Nexora Industrial solution pvt. Ltd,AABCN4587K,,Infoproys Commerce Private Limited,ABCDE1234F,"{""city"": ""Bengaluru"", ""country"": ""India"", ""district"": ""Bengaluru"", ""landmark"": ""Near City Mall"", ""postalCode"": ""560001"", ""addressLine1"": ""Office No 12, Tech Park Road"", ""addressLine2"": ""Phase 2, Business District""}",CELAEIC004BLCK0001,Steelpro,,1675.0,167500,1675.0,167500,1675.0,167500,0.0,0,0.0,0,0.0,0,0.0,0,0.0,0,0.0,0,1675.0,167500,1675.0,167500,0.0,0,0.0,0,301.5,30150,0.0,0,0.0,0,301.5,30150,0.0,0,0.0,0,0.0,0,0.0,0,0.0,0,0.0,0,0.0,0,0.0,0,1976.5,197650,0.0,0,0.0,0,0.0,0
129,,,,SALES,ISSUED,2026-08-13,6.0,3,74,61.0,,16,Hydraulic pipe,1.0,IGST,18.0,258.0,2026-08-13 14:55:40,,SINV-2026-0050,,29AAGCB1286Q000,,Karnataka,Maharashtra,,Sales invoice for Order #74 to Customer #6,2026-08-13 09:25:39.636167,,,,0,Infoproys Commerce Private Limited,ABCDE1234F,"{""city"": ""Bengaluru"", ""country"": ""India"", ""district"": ""Bengaluru"", ""landmark"": ""Near City Mall"", ""postalCode"": ""560001"", ""addressLine1"": ""Office No 12, Tech Park Road"", ""addressLine2"": ""Phase 2, Business District""}",Smita,,"{""city"": ""Pune"", ""country"": ""India"", ""postalCode"": ""411057"", ""addressLine1"": ""Pune"", ""addressLine2"": ""Wakad""}",CELAEIC004BLCK0001,Steelpro,,1725.0,172500,1725.0,172500,0.0,0,0.0,0,0.0,0,0.0,0,0.0,0,0.0,0,0.0,0,1725.0,172500,1725.0,172500,0.0,0,0.0,0,325.89,32589,0.0,0,0.0,0,310.5,31050,85.5,8550,0.0,0,0.0,0,15.39,1539,0.0,0,0.0,0,0.0,0,0.0,0,2136.39,213639,0.0,0,0.0,0,0.0,0
130,,,,PURCHASE,ISSUED,2026-08-13,,3,75,,,16,Hydraulic pipe,1.0,IGST,18.0,261.0,2026-08-13 14:58:39,PINV-2026-0060,PINV-2026-0060,,27AABCN4587K1Z5,29AAGCB1286Q000,maharashtra,Karnataka,,Purchase from Vendor #3 for Order #75,2026-08-13 09:28:38.954122,,,,0,Nexora Industrial solution pvt. Ltd,AABCN4587K,,Infoproys Commerce Private Limited,ABCDE1234F,"{""city"": ""Bengaluru"", ""country"": ""India"", ""district"": ""Bengaluru"", ""landmark"": ""Near City Mall"", ""postalCode"": ""560001"", ""addressLine1"": ""Office No 12, Tech Park Road"", ""addressLine2"": ""Phase 2, Business District""}",CELAEIC004BLCK0001,Steelpro,,1675.0,167500,1675.0,167500,1675.0,167500,0.0,0,0.0,0,0.0,0,0.0,0,0.0,0,0.0,0,1675.0,167500,1675.0,167500,0.0,0,0.0,0,301.5,30150,0.0,0,0.0,0,301.5,30150,0.0,0,0.0,0,0.0,0,0.0,0,0.0,0,0.0,0,0.0,0,0.0,0,1976.5,197650,0.0,0,0.0,0,0.0,0
131,,,,PURCHASE,ISSUED,2026-08-13,,3,76,,,27,Stainless Spring Clamp,1.0,IGST,18.0,263.0,2026-08-13 16:06:45,PINV-2026-0061,PINV-2026-0061,,27AABCN4587K1Z5,29AAGCB1286Q000,maharashtra,Karnataka,73269099.0,Purchase from Vendor #3 for Order #76,2026-08-13 10:36:44.447474,,,,0,Nexora Industrial solution pvt. Ltd,AABCN4587K,,Infoproys Commerce Private Limited,ABCDE1234F,"{""city"": ""Bengaluru"", ""country"": ""India"", ""district"": ""Bengaluru"", ""landmark"": ""Near City Mall"", ""postalCode"": ""560001"", ""addressLine1"": ""Office No 12, Tech Park Road"", ""addressLine2"": ""Phase 2, Business District""}",JSL-SPC-304-25,Jindal,,999.0,99900,999.0,99900,999.0,99900,0.0,0,0.0,0,0.0,0,0.0,0,0.0,0,0.0,0,999.0,99900,999.0,99900,0.0,0,0.0,0,179.82,17982,0.0,0,0.0,0,179.82,17982,0.0,0,0.0,0,0.0,0,0.0,0,0.0,0,0.0,0,0.0,0,0.0,0,1178.82,117882,0.0,0,0.0,0,0.0,0
132,,,,PURCHASE,ISSUED,2026-08-13,,3,77,,,27,Stainless Spring Clamp,1.0,IGST,18.0,265.0,2026-08-13 16:18:32,PINV-2026-0062,PINV-2026-0062,,27AABCN4587K1Z5,29AAGCB1286Q000,maharashtra,Karnataka,73269099.0,Purchase from Vendor #3 for Order #77,2026-08-13 10:48:31.563781,,,,0,Nexora Industrial solution pvt. Ltd,AABCN4587K,,Infoproys Commerce Private Limited,ABCDE1234F,"{""city"": ""Bengaluru"", ""country"": ""India"", ""district"": ""Bengaluru"", ""landmark"": ""Near City Mall"", ""postalCode"": ""560001"", ""addressLine1"": ""Office No 12, Tech Park Road"", ""addressLine2"": ""Phase 2, Business District""}",JSL-SPC-304-25,Jindal,,999.0,99900,999.0,99900,999.0,99900,0.0,0,0.0,0,0.0,0,0.0,0,0.0,0,0.0,0,999.0,99900,999.0,99900,0.0,0,0.0,0,179.82,17982,0.0,0,0.0,0,179.82,17982,0.0,0,0.0,0,0.0,0,0.0,0,0.0,0,0.0,0,0.0,0,0.0,0,1178.82,117882,0.0,0,0.0,0,0.0,0
133,,,,SALES,ISSUED,2026-08-13,6.0,3,77,64.0,,27,Stainless Spring Clamp,1.0,IGST,18.0,266.0,2026-08-13 16:20:54,,SINV-2026-0051,,29AAGCB1286Q000,,Karnataka,Maharashtra,73269099.0,Sales invoice for Order #77 to Customer #6,2026-08-13 10:50:54.308248,,,,0,Infoproys Commerce Private Limited,ABCDE1234F,"{""city"": ""Bengaluru"", ""country"": ""India"", ""district"": ""Bengaluru"", ""landmark"": ""Near City Mall"", ""postalCode"": ""560001"", ""addressLine1"": ""Office No 12, Tech Park Road"", ""addressLine2"": ""Phase 2, Business District""}",Smita,,"{""city"": ""Pune"", ""country"": ""India"", ""postalCode"": ""411057"", ""addressLine1"": ""Pune"", ""addressLine2"": ""Wakad""}",JSL-SPC-304-25,Jindal,,1074.0,107400,1074.0,107400,0.0,0,0.0,0,0.0,0,0.0,0,0.0,0,0.0,0,0.0,0,1074.0,107400,1074.0,107400,0.0,0,0.0,0,208.71,20871,0.0,0,0.0,0,193.32,19332,85.5,8550,0.0,0,0.0,0,15.39,1539,0.0,0,0.0,0,0.0,0,0.0,0,1368.21,136821,0.0,0,0.0,0,0.0,0
134,,,,PURCHASE,ISSUED,2026-08-13,,3,78,,,27,Stainless Spring Clamp,1.0,IGST,18.0,269.0,2026-08-13 16:26:27,PINV-2026-0063,PINV-2026-0063,,27AABCN4587K1Z5,29AAGCB1286Q000,maharashtra,Karnataka,73269099.0,Purchase from Vendor #3 for Order #78,2026-08-13 10:56:27.393953,,,,0,Nexora Industrial solution pvt. Ltd,AABCN4587K,,Infoproys Commerce Private Limited,ABCDE1234F,"{""city"": ""Bengaluru"", ""country"": ""India"", ""district"": ""Bengaluru"", ""landmark"": ""Near City Mall"", ""postalCode"": ""560001"", ""addressLine1"": ""Office No 12, Tech Park Road"", ""addressLine2"": ""Phase 2, Business District""}",JSL-SPC-304-25,Jindal,,999.0,99900,999.0,99900,999.0,99900,0.0,0,0.0,0,0.0,0,0.0,0,0.0,0,0.0,0,999.0,99900,999.0,99900,0.0,0,0.0,0,179.82,17982,0.0,0,0.0,0,179.82,17982,0.0,0,0.0,0,0.0,0,0.0,0,0.0,0,0.0,0,0.0,0,0.0,0,1178.82,117882,0.0,0,0.0,0,0.0,0
135,,,,PURCHASE,CANCELLED,2026-08-13,,3,79,,,27,Stainless Spring Clamp,1.0,IGST,18.0,271.0,2026-08-13 17:17:13,PINV-2026-0064,PINV-2026-0064,,27AABCN4587K1Z5,29AAGCB1286Q000,maharashtra,Karnataka,73269099.0,Purchase from Vendor #3 for Order #79,2026-08-13 11:47:12.955572,,,,0,Nexora Industrial solution pvt. Ltd,AABCN4587K,,Infoproys Commerce Private Limited,ABCDE1234F,"{""city"": ""Bengaluru"", ""country"": ""India"", ""district"": ""Bengaluru"", ""landmark"": ""Near City Mall"", ""postalCode"": ""560001"", ""addressLine1"": ""Office No 12, Tech Park Road"", ""addressLine2"": ""Phase 2, Business District""}",JSL-SPC-304-25,Jindal,,999.0,99900,999.0,99900,999.0,99900,0.0,0,0.0,0,0.0,0,0.0,0,0.0,0,0.0,0,999.0,99900,999.0,99900,0.0,0,0.0,0,179.82,17982,0.0,0,0.0,0,179.82,17982,0.0,0,0.0,0,0.0,0,0.0,0,0.0,0,0.0,0,0.0,0,0.0,0,1178.82,117882,0.0,0,0.0,0,0.0,0
136,,,,DEBIT_NOTE,ISSUED,2026-08-13,,3,79,,135.0,27,Stainless Spring Clamp,1.0,IGST,18.0,272.0,2026-08-13 17:23:09,DN-2026-0008,DN-2026-0008,,27AABCN4587K1Z5,29AAGCB1286Q000,maharashtra,Karnataka,73269099.0,Debit note for order cancelled Order #79,2026-08-13 11:53:09.204857,ORDER_CANCELLED,2026-08-13,2026-08-13,0,Nexora Industrial solution pvt. Ltd,AABCN4587K,"{""city"": ""Pune"", ""country"": ""India"", ""postalCode"": ""441057"", ""addressLine1"": ""Wakad, Pune""}",Infoproys Commerce Private Limited,ABCDE1234F,"{""city"": ""Bengaluru"", ""country"": ""India"", ""district"": ""Bengaluru"", ""landmark"": ""Near City Mall"", ""postalCode"": ""560001"", ""addressLine1"": ""Office No 12, Tech Park Road"", ""addressLine2"": ""Phase 2, Business District""}",JSL-SPC-304-25,Jindal,,-999.0,-99900,-999.0,-99900,-999.0,-99900,0.0,0,0.0,0,0.0,0,0.0,0,0.0,0,0.0,0,-999.0,-99900,-999.0,-99900,0.0,0,0.0,0,-179.82,-17982,0.0,0,0.0,0,-179.82,-17982,0.0,0,0.0,0,0.0,0,0.0,0,0.0,0,0.0,0,0.0,0,0.0,0,-1178.82,-117882,0.0,0,0.0,0,0.0,0
137,,,,PURCHASE,ISSUED,2026-08-13,,3,80,,,27,Stainless Spring Clamp,1.0,IGST,18.0,274.0,2026-08-13 17:55:22,PINV-2026-0065,PINV-2026-0065,,27AABCN4587K1Z5,29AAGCB1286Q000,maharashtra,Karnataka,73269099.0,Purchase from Vendor #3 for Order #80,2026-08-13 12:25:22.012356,,,,0,Nexora Industrial solution pvt. Ltd,AABCN4587K,,Infoproys Commerce Private Limited,ABCDE1234F,"{""city"": ""Bengaluru"", ""country"": ""India"", ""district"": ""Bengaluru"", ""landmark"": ""Near City Mall"", ""postalCode"": ""560001"", ""addressLine1"": ""Office No 12, Tech Park Road"", ""addressLine2"": ""Phase 2, Business District""}",JSL-SPC-304-25,Jindal,,999.0,99900,999.0,99900,999.0,99900,0.0,0,0.0,0,0.0,0,0.0,0,0.0,0,0.0,0,999.0,99900,999.0,99900,0.0,0,0.0,0,179.82,17982,0.0,0,0.0,0,179.82,17982,0.0,0,0.0,0,0.0,0,0.0,0,0.0,0,0.0,0,0.0,0,0.0,0,1178.82,117882,0.0,0,0.0,0,0.0,0
138,/uploads/vendor_invoices/1787027219860-678337272.pdf,,,PURCHASE,ISSUED,2026-08-18,,1,97,,,19,Eccentric Reducer_162,1.0,IGST,12.0,292.0,2026-08-18 09:55:55,PINV-2026-0066,PINV-2026-0066,ACME/001/TEST,27AAACA1234A1Z1,29AAGCB1286Q000,maharashtra,Karnataka,73069090.0,Purchase from Vendor #1 for Order #97,2026-08-18 04:25:55.161020,,,,0,Apex Industrial Technologies Pvt Ltd,AAACA1234A,,Infoproys Commerce Private Limited,ABCDE1234F,"{""city"": ""Bengaluru"", ""country"": ""India"", ""district"": ""Bengaluru"", ""landmark"": ""Near City Mall"", ""postalCode"": ""560001"", ""addressLine1"": ""Office No 12, Tech Park Road"", ""addressLine2"": ""Phase 2, Business District""}",SKU_162,Ratnamani,2026-08-18,1428.0,142800,1428.0,142800,1428.0,142800,0.0,0,0.0,0,0.0,0,0.0,0,0.0,0,0.0,0,1428.0,142800,1428.0,142800,0.0,0,0.0,0,171.36,17136,0.0,0,0.0,0,171.36,17136,0.0,0,0.0,0,0.0,0,0.0,0,0.0,0,0.0,0,0.0,0,0.0,0,1599.36,159936,0.0,0,0.0,0,0.0,0
139,,,,SALES,ISSUED,2026-08-18,4.0,1,97,81.0,,19,Eccentric Reducer_162,1.0,CGST_SGST,12.0,293.0,2026-08-18 09:58:58,,SINV-2026-0052,,29AAGCB1286Q000,29AWGPV7107B1Z1,Karnataka,Karnataka,73069090.0,Sales invoice for Order #97 to Customer #4,2026-08-18 04:28:58.330422,,,,0,Infoproys Commerce Private Limited,ABCDE1234F,"{""city"": ""Bengaluru"", ""country"": ""India"", ""district"": ""Bengaluru"", ""landmark"": ""Near City Mall"", ""postalCode"": ""560001"", ""addressLine1"": ""Office No 12, Tech Park Road"", ""addressLine2"": ""Phase 2, Business District""}",kalyan Magar,,"{""city"": ""Bangalore North"", ""country"": ""India"", ""postalCode"": ""560001"", ""addressLine1"": ""Bengaluru"", ""addressLine2"": ""Bengaluru""}",SKU_162,Ratnamani,,1478.0,147800,1478.0,147800,0.0,0,0.0,0,0.0,0,0.0,0,0.0,0,0.0,0,0.0,0,1478.0,147800,1478.0,147800,98.79,9879,98.79,9879,0.0,0,88.68,8868,88.68,8868,0.0,0,85.5,8550,7.7,770,7.7,770,0.0,0,26.82,2682,2.41,241,2.41,241,0.0,0,1787.9,178790,0.0,0,0.0,0,0.0,0
140,/uploads/vendor_invoices/1787030977330-398689917.pdf,,,PURCHASE,ISSUED,2026-08-18,,1,96,,,25,Eccentric Reducer_398,1.0,IGST,12.0,295.0,2026-08-18 10:59:06,PINV-2026-0067,PINV-2026-0067,ACME/002/Test,27AAACA1234A1Z1,29AAGCB1286Q000,maharashtra,Karnataka,73069090.0,Purchase from Vendor #1 for Order #96,2026-08-18 05:29:05.670061,,,,0,Apex Industrial Technologies Pvt Ltd,AAACA1234A,,Infoproys Commerce Private Limited,ABCDE1234F,"{""city"": ""Bengaluru"", ""country"": ""India"", ""district"": ""Bengaluru"", ""landmark"": ""Near City Mall"", ""postalCode"": ""560001"", ""addressLine1"": ""Office No 12, Tech Park Road"", ""addressLine2"": ""Phase 2, Business District""}",SKU_398,Ratnamani,2026-08-18,1585.0,158500,1585.0,158500,1585.0,158500,0.0,0,0.0,0,0.0,0,0.0,0,0.0,0,0.0,0,1585.0,158500,1585.0,158500,0.0,0,0.0,0,190.2,19020,0.0,0,0.0,0,190.2,19020,0.0,0,0.0,0,0.0,0,0.0,0,0.0,0,0.0,0,0.0,0,0.0,0,1775.2,177520,0.0,0,0.0,0,0.0,0
141,,,,SALES,ISSUED,2026-08-18,4.0,1,96,81.0,,25,Eccentric Reducer_398,1.0,CGST_SGST,12.0,296.0,2026-08-18 11:01:14,,SINV-2026-0053,,29AAGCB1286Q000,29AWGPV7107B1Z1,Karnataka,Karnataka,73069090.0,Sales invoice for Order #96 to Customer #4,2026-08-18 05:31:13.992098,,,,0,Infoproys Commerce Private Limited,ABCDE1234F,"{""city"": ""Bengaluru"", ""country"": ""India"", ""district"": ""Bengaluru"", ""landmark"": ""Near City Mall"", ""postalCode"": ""560001"", ""addressLine1"": ""Office No 12, Tech Park Road"", ""addressLine2"": ""Phase 2, Business District""}",kalyan Magar,,"{""city"": ""Bangalore North"", ""country"": ""India"", ""postalCode"": ""560001"", ""addressLine1"": ""Bengaluru"", ""addressLine2"": ""Bengaluru""}",SKU_398,Ratnamani,,1635.0,163500,1635.0,163500,0.0,0,0.0,0,0.0,0,0.0,0,0.0,0,0.0,0,0.0,0,1635.0,163500,1635.0,163500,108.46,10846,108.46,10846,0.0,0,98.1,9810,98.1,9810,0.0,0,85.5,8550,7.7,770,7.7,770,0.0,0,29.5,2950,2.66,266,2.66,266,0.0,0,1966.92,196692,0.0,0,0.0,0,0.0,0
142,/uploads/vendor_invoices/1787133391255-135426162.pdf,,,PURCHASE,ISSUED,2026-08-19,,3,105,,,16,Hydraulic pipe,1.0,IGST,18.0,301.0,2026-08-19 14:32:06,PINV-2026-0068,PINV-2026-0068,ACMC010101000000000000000,27AABCN4587K1Z5,29AAGCB1286Q000,maharashtra,Karnataka,400911.0,Purchase from Vendor #3 for Order #105,2026-08-19 09:02:05.955498,,,,0,Nexora Industrial solution pvt. Ltd,AABCN4587K,,Infoproys Commerce Private Limited,ABCDE1234F,"{""city"": ""Bengaluru"", ""country"": ""India"", ""district"": ""Bengaluru"", ""landmark"": ""Near City Mall"", ""postalCode"": ""560001"", ""addressLine1"": ""Office No 12, Tech Park Road"", ""addressLine2"": ""Phase 2, Business District""}",CELAEIC004BLCK0001,Steelpro,2026-08-19,1675.0,167500,1675.0,167500,1675.0,167500,0.0,0,0.0,0,0.0,0,0.0,0,0.0,0,0.0,0,1675.0,167500,1675.0,167500,0.0,0,0.0,0,301.5,30150,0.0,0,0.0,0,301.5,30150,0.0,0,0.0,0,0.0,0,0.0,0,0.0,0,0.0,0,0.0,0,0.0,0,1976.5,197650,0.0,0,0.0,0,0.0,0
143,,,,SALES,ISSUED,2026-08-19,6.0,3,105,85.0,,16,Hydraulic pipe,1.0,IGST,18.0,302.0,2026-08-19 15:31:22,,SINV-2026-0054,,29AAGCB1286Q000,,Karnataka,Maharashtra,400911.0,Sales invoice for Order #105 to Customer #6,2026-08-19 10:01:21.533600,,,,0,Infoproys Commerce Private Limited,ABCDE1234F,"{""city"": ""Bengaluru"", ""country"": ""India"", ""district"": ""Bengaluru"", ""landmark"": ""Near City Mall"", ""postalCode"": ""560001"", ""addressLine1"": ""Office No 12, Tech Park Road"", ""addressLine2"": ""Phase 2, Business District""}",Smita,,"{""city"": ""Pune"", ""country"": ""India"", ""postalCode"": ""411057"", ""addressLine1"": ""Pune"", ""addressLine2"": ""Wakad""}",CELAEIC004BLCK0001,Steelpro,,1725.0,172500,1725.0,172500,0.0,0,0.0,0,0.0,0,0.0,0,0.0,0,0.0,0,0.0,0,1725.0,172500,1725.0,172500,0.0,0,0.0,0,325.89,32589,0.0,0,0.0,0,310.5,31050,85.5,8550,0.0,0,0.0,0,15.39,1539,0.0,0,0.0,0,0.0,0,0.0,0,2136.39,213639,0.0,0,0.0,0,0.0,0
144,,,,CREDIT_NOTE,ISSUED,2026-08-19,6.0,3,105,,143.0,16,Hydraulic pipe,1.0,IGST,18.0,305.0,,,CN-2026-0014,,29AAGCB1286Q000,,Karnataka,Maharashtra,400911.0,Credit note for returned Order #105,2026-08-19 10:08:53.482013,ORDER_RETURNED,2026-08-19,2026-08-19,0,Infoproys Commerce Private Limited,ABCDE1234F,"{""city"": ""Bengaluru"", ""country"": ""India"", ""district"": ""Bengaluru"", ""landmark"": ""Near City Mall"", ""postalCode"": ""560001"", ""addressLine1"": ""Office No 12, Tech Park Road"", ""addressLine2"": ""Phase 2, Business District""}",Smita,,"{""city"": ""Pune"", ""country"": ""India"", ""postalCode"": ""411057"", ""addressLine1"": ""Pune"", ""addressLine2"": ""Wakad""}",CELAEIC004BLCK0001,Steelpro,,-1725.0,-172500,-1725.0,-172500,0.0,0,0.0,0,0.0,0,0.0,0,0.0,0,0.0,0,0.0,0,-1725.0,-172500,-1725.0,-172500,0.0,0,0.0,0,-310.5,-31050,0.0,0,0.0,0,-310.5,-31050,0.0,0,0.0,0,0.0,0,0.0,0,0.0,0,0.0,0,0.0,0,0.0,0,-2035.5,-203550,0.0,0,0.0,0,0.0,0
145,,,,DEBIT_NOTE,ISSUED,2026-08-19,,3,105,,142.0,16,Hydraulic pipe,1.0,IGST,18.0,306.0,2026-08-19 15:38:54,DN-2026-0009,DN-2026-0009,,27AABCN4587K1Z5,29AAGCB1286Q000,maharashtra,Karnataka,400911.0,Debit note for order returned Order #105,2026-08-19 10:08:53.632383,ORDER_RETURNED,2026-08-19,2026-08-19,0,Nexora Industrial solution pvt. Ltd,AABCN4587K,"{""city"": ""Pune"", ""country"": ""India"", ""postalCode"": ""441057"", ""addressLine1"": ""Wakad, Pune""}",Infoproys Commerce Private Limited,ABCDE1234F,"{""city"": ""Bengaluru"", ""country"": ""India"", ""district"": ""Bengaluru"", ""landmark"": ""Near City Mall"", ""postalCode"": ""560001"", ""addressLine1"": ""Office No 12, Tech Park Road"", ""addressLine2"": ""Phase 2, Business District""}",CELAEIC004BLCK0001,Steelpro,,-1675.0,-167500,-1675.0,-167500,-1675.0,-167500,0.0,0,0.0,0,0.0,0,0.0,0,0.0,0,0.0,0,-1675.0,-167500,-1675.0,-167500,0.0,0,0.0,0,-301.5,-30150,0.0,0,0.0,0,-301.5,-30150,0.0,0,0.0,0,0.0,0,0.0,0,0.0,0,0.0,0,0.0,0,0.0,0,-1976.5,-197650,0.0,0,0.0,0,0.0,0
146,/uploads/vendor_invoices/1787142409076-958649992.pdf,123456789101.0,/uploads/vendor_invoices/1787205389422-905246466.pdf,PURCHASE,ISSUED,2026-08-19,,3,106,,,46,Hydraulic Punching Machine,1.0,IGST,18.0,309.0,2026-08-19 17:55:53,PINV-2026-0069,PINV-2026-0069,ACMC12345678,27AABCN4587K1Z5,29AAGCB1286Q000,maharashtra,Karnataka,846210.0,Purchase from Vendor #3 for Order #106,2026-08-19 12:25:53.005864,,,,0,Nexora Industrial solution pvt. Ltd,AABCN4587K,,Infoproys Commerce Private Limited,ABCDE1234F,"{""city"": ""Bengaluru"", ""country"": ""India"", ""district"": ""Bengaluru"", ""landmark"": ""Near City Mall"", ""postalCode"": ""560001"", ""addressLine1"": ""Office No 12, Tech Park Road"", ""addressLine2"": ""Phase 2, Business District""}",HPMRJ50T001,OM Engineering,2026-08-19,51000.0,5100000,51000.0,5100000,51000.0,5100000,0.0,0,0.0,0,0.0,0,300.0,30000,0.0,0,0.0,0,51000.0,5100000,51000.0,5100000,0.0,0,0.0,0,9180.0,918000,0.0,0,0.0,0,9180.0,918000,0.0,0,0.0,0,0.0,0,0.0,0,0.0,0,0.0,0,0.0,0,0.0,0,60180.0,6018000,0.0,0,0.0,0,0.0,0
147,,,,PURCHASE,ISSUED,2026-08-19,,1,107,,,35,Concentric Reducer_752,1.0,IGST,12.0,311.0,2026-08-19 18:06:09,PINV-2026-0070,PINV-2026-0070,,27AAACA1234A1Z1,29AAGCB1286Q000,maharashtra,Karnataka,73069090.0,Purchase from Vendor #1 for Order #107,2026-08-19 12:36:08.522557,,,,0,Apex Industrial Technologies Pvt Ltd,AAACA1234A,,Infoproys Commerce Private Limited,ABCDE1234F,"{""city"": ""Bengaluru"", ""country"": ""India"", ""district"": ""Bengaluru"", ""landmark"": ""Near City Mall"", ""postalCode"": ""560001"", ""addressLine1"": ""Office No 12, Tech Park Road"", ""addressLine2"": ""Phase 2, Business District""}",SKU_752,Jindal,,1498.0,149800,1498.0,149800,1498.0,149800,0.0,0,0.0,0,0.0,0,309.6,30960,0.0,0,0.0,0,1498.0,149800,1498.0,149800,0.0,0,0.0,0,179.76,17976,0.0,0,0.0,0,179.76,17976,0.0,0,0.0,0,0.0,0,0.0,0,0.0,0,0.0,0,0.0,0,0.0,0,1677.76,167776,0.0,0,0.0,0,0.0,0
148,/uploads/vendor_invoices/1787208156994-507033314.pdf,123456789101.0,/uploads/vendor_invoices/1787208156996-796754072.pdf,PURCHASE,ISSUED,2026-08-20,,3,108,,,27,Stainless Spring Clamp,1.0,IGST,18.0,314.0,2026-08-20 12:08:58,PINV-2026-0071,PINV-2026-0071,AC/MC/26-27/1234567788900,27AABCN4587K1Z5,29AAGCB1286Q000,maharashtra,Karnataka,73269099.0,Purchase from Vendor #3 for Order #108,2026-08-20 06:38:58.315064,,,,0,Nexora Industrial solution pvt. Ltd,AABCN4587K,,Infoproys Commerce Private Limited,ABCDE1234F,"{""city"": ""Bengaluru"", ""country"": ""India"", ""district"": ""Bengaluru"", ""landmark"": ""Near City Mall"", ""postalCode"": ""560001"", ""addressLine1"": ""Office No 12, Tech Park Road"", ""addressLine2"": ""Phase 2, Business District""}",JSL-SPC-304-25,Jindal,2026-08-20,999.0,99900,999.0,99900,999.0,99900,0.0,0,0.0,0,0.0,0,0.0,0,0.0,0,0.0,0,999.0,99900,999.0,99900,0.0,0,0.0,0,179.82,17982,0.0,0,0.0,0,179.82,17982,0.0,0,0.0,0,0.0,0,0.0,0,0.0,0,0.0,0,0.0,0,0.0,0,1178.82,117882,0.0,0,0.0,0,0.0,0
149,,,,PURCHASE,ISSUED,2026-08-20,,3,109,,,46,Hydraulic Punching Machine,1.0,IGST,18.0,316.0,2026-08-20 18:31:59,PINV-2026-0072,PINV-2026-0072,,27AABCN4587K1Z5,29AAGCB1286Q000,maharashtra,Karnataka,846210.0,Purchase from Vendor #3 for Order #109,2026-08-20 13:01:58.265272,,,,0,Nexora Industrial solution pvt. Ltd,AABCN4587K,,Infoproys Commerce Private Limited,ABCDE1234F,"{""city"": ""Bengaluru"", ""country"": ""India"", ""district"": ""Bengaluru"", ""landmark"": ""Near City Mall"", ""postalCode"": ""560001"", ""addressLine1"": ""Office No 12, Tech Park Road"", ""addressLine2"": ""Phase 2, Business District""}",HPMRJ50T001,OM Engineering,,51000.0,5100000,51000.0,5100000,51000.0,5100000,0.0,0,0.0,0,0.0,0,0.0,0,0.0,0,0.0,0,51000.0,5100000,51000.0,5100000,0.0,0,0.0,0,9180.0,918000,0.0,0,0.0,0,9180.0,918000,0.0,0,0.0,0,0.0,0,0.0,0,0.0,0,0.0,0,0.0,0,0.0,0,60180.0,6018000,0.0,0,0.0,0,0.0,0
150,/uploads/vendor_invoices/1787231545571-546653598.pdf,,,PURCHASE,ISSUED,2026-08-20,,1,110,,,33,Ball Valve 4 Inch_244,1.0,IGST,12.0,318.0,2026-08-20 18:42:08,PINV-2026-0073,PINV-2026-0073,vend-Invoice,27AAACA1234A1Z1,29AAGCB1286Q000,maharashtra,Karnataka,73069090.0,Purchase from Vendor #1 for Order #110,2026-08-20 13:12:07.393848,,,,0,Apex Industrial Technologies Pvt Ltd,AAACA1234A,,Infoproys Commerce Private Limited,ABCDE1234F,"{""city"": ""Bengaluru"", ""country"": ""India"", ""district"": ""Bengaluru"", ""landmark"": ""Near City Mall"", ""postalCode"": ""560001"", ""addressLine1"": ""Office No 12, Tech Park Road"", ""addressLine2"": ""Phase 2, Business District""}",SKU_244,Ratnamani,2026-08-20,6294.0,629400,6294.0,629400,6294.0,629400,0.0,0,0.0,0,0.0,0,0.0,0,0.0,0,0.0,0,6294.0,629400,6294.0,629400,0.0,0,0.0,0,755.28,75528,0.0,0,0.0,0,755.28,75528,0.0,0,0.0,0,0.0,0,0.0,0,0.0,0,0.0,0,0.0,0,0.0,0,7049.28,704928,0.0,0,0.0,0,0.0,0
151,,,,SALES,ISSUED,2026-08-20,4.0,1,110,90.0,,33,Ball Valve 4 Inch_244,1.0,CGST_SGST,12.0,319.0,2026-08-20 18:44:26,,SINV-2026-0055,,29AAGCB1286Q000,29AWGPV7107B1Z1,Karnataka,Karnataka,73069090.0,Sales invoice for Order #110 to Customer #4,2026-08-20 13:14:25.987553,,,,0,Infoproys Commerce Private Limited,ABCDE1234F,"{""city"": ""Bengaluru"", ""country"": ""India"", ""district"": ""Bengaluru"", ""landmark"": ""Near City Mall"", ""postalCode"": ""560001"", ""addressLine1"": ""Office No 12, Tech Park Road"", ""addressLine2"": ""Phase 2, Business District""}",kalyan Magar,,"{""city"": ""Bangalore North"", ""country"": ""India"", ""postalCode"": ""560001"", ""addressLine1"": ""Bengaluru"", ""addressLine2"": ""Bengaluru""}",SKU_244,Ratnamani,,6344.0,634400,6344.0,634400,0.0,0,0.0,0,0.0,0,0.0,0,0.0,0,0.0,0,0.0,0,6344.0,634400,6344.0,634400,398.24,39824,398.24,39824,0.0,0,380.64,38064,380.64,38064,0.0,0,85.5,8550,7.7,770,7.7,770,0.0,0,110.04,11004,9.9,990,9.9,990,0.0,0,7336.02,733602,0.0,0,0.0,0,0.0,0
152,,,,PURCHASE,ISSUED,2026-08-20,,3,111,,,46,Hydraulic Punching Machine,1.0,IGST,18.0,322.0,2026-08-20 18:45:11,PINV-2026-0074,PINV-2026-0074,,27AABCN4587K1Z5,29AAGCB1286Q000,maharashtra,Karnataka,846210.0,Purchase from Vendor #3 for Order #111,2026-08-20 13:15:10.624992,,,,0,Nexora Industrial solution pvt. Ltd,AABCN4587K,,Infoproys Commerce Private Limited,ABCDE1234F,"{""city"": ""Bengaluru"", ""country"": ""India"", ""district"": ""Bengaluru"", ""landmark"": ""Near City Mall"", ""postalCode"": ""560001"", ""addressLine1"": ""Office No 12, Tech Park Road"", ""addressLine2"": ""Phase 2, Business District""}",HPMRJ50T001,OM Engineering,,51000.0,5100000,51000.0,5100000,51000.0,5100000,0.0,0,0.0,0,0.0,0,0.0,0,0.0,0,0.0,0,51000.0,5100000,51000.0,5100000,0.0,0,0.0,0,9180.0,918000,0.0,0,0.0,0,9180.0,918000,0.0,0,0.0,0,0.0,0,0.0,0,0.0,0,0.0,0,0.0,0,0.0,0,60180.0,6018000,0.0,0,0.0,0,0.0,0
153,,,,PURCHASE,ISSUED,2026-08-20,,3,112,,,27,Stainless Spring Clamp,1.0,IGST,18.0,324.0,2026-08-20 18:46:39,PINV-2026-0075,PINV-2026-0075,,27AABCN4587K1Z5,29AAGCB1286Q000,maharashtra,Karnataka,73269099.0,Purchase from Vendor #3 for Order #112,2026-08-20 13:16:39.114175,,,,0,Nexora Industrial solution pvt. Ltd,AABCN4587K,,Infoproys Commerce Private Limited,ABCDE1234F,"{""city"": ""Bengaluru"", ""country"": ""India"", ""district"": ""Bengaluru"", ""landmark"": ""Near City Mall"", ""postalCode"": ""560001"", ""addressLine1"": ""Office No 12, Tech Park Road"", ""addressLine2"": ""Phase 2, Business District""}",JSL-SPC-304-25,Jindal,,999.0,99900,999.0,99900,999.0,99900,0.0,0,0.0,0,0.0,0,0.0,0,0.0,0,0.0,0,999.0,99900,999.0,99900,0.0,0,0.0,0,179.82,17982,0.0,0,0.0,0,179.82,17982,0.0,0,0.0,0,0.0,0,0.0,0,0.0,0,0.0,0,0.0,0,0.0,0,1178.82,117882,0.0,0,0.0,0,0.0,0
154,/uploads/vendor_invoices/1787232507777-548806367.pdf,,,PURCHASE,ISSUED,2026-08-20,,3,113,,,27,Stainless Spring Clamp,1.0,IGST,18.0,327.0,2026-08-20 18:57:52,PINV-2026-0076,PINV-2026-0076,ACMC123456,27AABCN4587K1Z5,29AAGCB1286Q000,maharashtra,Karnataka,73269099.0,Purchase from Vendor #3 for Order #113,2026-08-20 13:27:51.964691,,,,0,Nexora Industrial solution pvt. Ltd,AABCN4587K,,Infoproys Commerce Private Limited,ABCDE1234F,"{""city"": ""Bengaluru"", ""country"": ""India"", ""district"": ""Bengaluru"", ""landmark"": ""Near City Mall"", ""postalCode"": ""560001"", ""addressLine1"": ""Office No 12, Tech Park Road"", ""addressLine2"": ""Phase 2, Business District""}",JSL-SPC-304-25,Jindal,2026-08-20,999.0,99900,999.0,99900,999.0,99900,0.0,0,0.0,0,0.0,0,0.0,0,0.0,0,0.0,0,999.0,99900,999.0,99900,0.0,0,0.0,0,179.82,17982,0.0,0,0.0,0,179.82,17982,0.0,0,0.0,0,0.0,0,0.0,0,0.0,0,0.0,0,0.0,0,0.0,0,1178.82,117882,0.0,0,0.0,0,0.0,0
155,/uploads/vendor_invoices/1787232758197-796657505.pdf,,,PURCHASE,ISSUED,2026-08-20,,3,114,,,27,Stainless Spring Clamp,1.0,IGST,18.0,329.0,2026-08-20 19:02:14,PINV-2026-0077,PINV-2026-0077,ACMC123456789,27AABCN4587K1Z5,29AAGCB1286Q000,maharashtra,Karnataka,73269099.0,Purchase from Vendor #3 for Order #114,2026-08-20 13:32:13.534249,,,,0,Nexora Industrial solution pvt. Ltd,AABCN4587K,,Infoproys Commerce Private Limited,ABCDE1234F,"{""city"": ""Bengaluru"", ""country"": ""India"", ""district"": ""Bengaluru"", ""landmark"": ""Near City Mall"", ""postalCode"": ""560001"", ""addressLine1"": ""Office No 12, Tech Park Road"", ""addressLine2"": ""Phase 2, Business District""}",JSL-SPC-304-25,Jindal,2026-08-20,999.0,99900,999.0,99900,999.0,99900,0.0,0,0.0,0,0.0,0,0.0,0,0.0,0,0.0,0,999.0,99900,999.0,99900,0.0,0,0.0,0,179.82,17982,0.0,0,0.0,0,179.82,17982,0.0,0,0.0,0,0.0,0,0.0,0,0.0,0,0.0,0,0.0,0,0.0,0,1178.82,117882,0.0,0,0.0,0,0.0,0
156,,,,SALES,ISSUED,2026-08-20,6.0,3,114,94.0,,27,Stainless Spring Clamp,1.0,IGST,18.0,330.0,2026-08-20 19:11:39,,SINV-2026-0056,,29AAGCB1286Q000,,Karnataka,Maharashtra,73269099.0,Sales invoice for Order #114 to Customer #6,2026-08-20 13:41:39.289106,,,,0,Infoproys Commerce Private Limited,ABCDE1234F,"{""city"": ""Bengaluru"", ""country"": ""India"", ""district"": ""Bengaluru"", ""landmark"": ""Near City Mall"", ""postalCode"": ""560001"", ""addressLine1"": ""Office No 12, Tech Park Road"", ""addressLine2"": ""Phase 2, Business District""}",Smita,,"{""city"": ""Pune"", ""country"": ""India"", ""postalCode"": ""411057"", ""addressLine1"": ""Pune"", ""addressLine2"": ""Wakad""}",JSL-SPC-304-25,Jindal,,1074.0,107400,1074.0,107400,0.0,0,0.0,0,0.0,0,0.0,0,0.0,0,0.0,0,0.0,0,1074.0,107400,1074.0,107400,0.0,0,0.0,0,208.71,20871,0.0,0,0.0,0,193.32,19332,85.5,8550,0.0,0,0.0,0,15.39,1539,0.0,0,0.0,0,0.0,0,0.0,0,1368.21,136821,0.0,0,0.0,0,0.0,0
157,/uploads/vendor_invoices/1787723982710-911737932.pdf,,,PURCHASE,ISSUED,2026-08-21,,2,115,,,51,Hydraulic pipe,1.0,IGST,18.0,333.0,2026-08-21 20:52:27,PINV-2026-0078,PINV-2026-0078,qw,27AABCT1234F1Z5,29AAGCB1286Q000,maharashtra,Karnataka,400911.0,Purchase from Vendor #2 for Order #115,2026-08-21 15:22:27.079207,,,,0,Infoprosys,AABCT1234F,,Infoproys Commerce Private Limited,ABCDE1234F,"{""city"": ""Bengaluru"", ""country"": ""India"", ""district"": ""Bengaluru"", ""landmark"": ""Near City Mall"", ""postalCode"": ""560001"", ""addressLine1"": ""Office No 12, Tech Park Road"", ""addressLine2"": ""Phase 2, Business District""}",CELAEIC004BLCK0001_AA,Steelpro,2026-08-26,1725.0,172500,1725.0,172500,1725.0,172500,0.0,0,0.0,0,0.0,0,0.0,0,0.0,0,0.0,0,1725.0,172500,1725.0,172500,0.0,0,0.0,0,310.5,31050,0.0,0,0.0,0,310.5,31050,0.0,0,0.0,0,0.0,0,0.0,0,0.0,0,0.0,0,0.0,0,0.0,0,2035.5,203550,0.0,0,0.0,0,0.0,0
158,/uploads/vendor_invoices/1787325996077-721736810.pdf,,,PURCHASE,ISSUED,2026-08-21,,2,116,,,51,Hydraulic pipe,1.0,IGST,18.0,335.0,2026-08-21 20:55:55,PINV-2026-0079,PINV-2026-0079,7468,27AABCT1234F1Z5,29AAGCB1286Q000,maharashtra,Karnataka,400911.0,Purchase from Vendor #2 for Order #116,2026-08-21 15:25:54.720611,,,,0,Infoprosys,AABCT1234F,,Infoproys Commerce Private Limited,ABCDE1234F,"{""city"": ""Bengaluru"", ""country"": ""India"", ""district"": ""Bengaluru"", ""landmark"": ""Near City Mall"", ""postalCode"": ""560001"", ""addressLine1"": ""Office No 12, Tech Park Road"", ""addressLine2"": ""Phase 2, Business District""}",CELAEIC004BLCK0001_AA,Steelpro,2026-08-21,1725.0,172500,1725.0,172500,1725.0,172500,0.0,0,0.0,0,0.0,0,0.0,0,0.0,0,0.0,0,1725.0,172500,1725.0,172500,0.0,0,0.0,0,310.5,31050,0.0,0,0.0,0,310.5,31050,0.0,0,0.0,0,0.0,0,0.0,0,0.0,0,0.0,0,0.0,0,0.0,0,2035.5,203550,0.0,0,0.0,0,0.0,0
159,,,,SALES,ISSUED,2026-08-21,6.0,2,116,96.0,,51,Hydraulic pipe,1.0,IGST,18.0,336.0,2026-08-21 20:58:21,,SINV-2026-0057,,29AAGCB1286Q000,,Karnataka,Maharashtra,400911.0,Sales invoice for Order #116 to Customer #6,2026-08-21 15:28:21.263466,,,,0,Infoproys Commerce Private Limited,ABCDE1234F,"{""city"": ""Bengaluru"", ""country"": ""India"", ""district"": ""Bengaluru"", ""landmark"": ""Near City Mall"", ""postalCode"": ""560001"", ""addressLine1"": ""Office No 12, Tech Park Road"", ""addressLine2"": ""Phase 2, Business District""}",Smita,,"{""city"": ""Pune"", ""country"": ""India"", ""postalCode"": ""411057"", ""addressLine1"": ""Pune"", ""addressLine2"": ""Wakad""}",CELAEIC004BLCK0001_AA,Steelpro,,2075.0,207500,2075.0,207500,0.0,0,0.0,0,0.0,0,0.0,0,0.0,0,0.0,0,0.0,0,2075.0,207500,2075.0,207500,0.0,0,0.0,0,395.9,39590,0.0,0,0.0,0,373.5,37350,85.5,8550,0.0,0,0.0,0,15.39,1539,38.93,3893,0.0,0,0.0,0,7.01,701,2595.33,259533,0.0,0,0.0,0,0.0,0
160,/uploads/vendor_invoices/1787326343815-564598489.pdf,,,PURCHASE,ISSUED,2026-08-21,,2,117,,,51,Hydraulic pipe,1.0,IGST,18.0,339.0,2026-08-21 21:02:09,PINV-2026-0080,PINV-2026-0080,82374,27AABCT1234F1Z5,29AAGCB1286Q000,maharashtra,Karnataka,400911.0,Purchase from Vendor #2 for Order #117,2026-08-21 15:32:08.816887,,,,0,Infoprosys,AABCT1234F,,Infoproys Commerce Private Limited,ABCDE1234F,"{""city"": ""Bengaluru"", ""country"": ""India"", ""district"": ""Bengaluru"", ""landmark"": ""Near City Mall"", ""postalCode"": ""560001"", ""addressLine1"": ""Office No 12, Tech Park Road"", ""addressLine2"": ""Phase 2, Business District""}",CELAEIC004BLCK0001_AA,Steelpro,2026-08-21,1725.0,172500,1725.0,172500,1725.0,172500,0.0,0,0.0,0,0.0,0,0.0,0,0.0,0,0.0,0,1725.0,172500,1725.0,172500,0.0,0,0.0,0,310.5,31050,0.0,0,0.0,0,310.5,31050,0.0,0,0.0,0,0.0,0,0.0,0,0.0,0,0.0,0,0.0,0,0.0,0,2035.5,203550,0.0,0,0.0,0,0.0,0
161,,,,SALES,ISSUED,2026-08-21,6.0,2,117,97.0,,51,Hydraulic pipe,1.0,IGST,18.0,340.0,2026-08-21 21:03:51,,SINV-2026-0058,,29AAGCB1286Q000,,Karnataka,Maharashtra,400911.0,Sales invoice for Order #117 to Customer #6,2026-08-21 15:33:50.593399,,,,0,Infoproys Commerce Private Limited,ABCDE1234F,"{""city"": ""Bengaluru"", ""country"": ""India"", ""district"": ""Bengaluru"", ""landmark"": ""Near City Mall"", ""postalCode"": ""560001"", ""addressLine1"": ""Office No 12, Tech Park Road"", ""addressLine2"": ""Phase 2, Business District""}",Smita,,"{""city"": ""Pune"", ""country"": ""India"", ""postalCode"": ""411057"", ""addressLine1"": ""Pune"", ""addressLine2"": ""Wakad""}",CELAEIC004BLCK0001_AA,Steelpro,,2075.0,207500,2075.0,207500,0.0,0,0.0,0,0.0,0,0.0,0,0.0,0,0.0,0,0.0,0,2075.0,207500,2075.0,207500,0.0,0,0.0,0,395.9,39590,0.0,0,0.0,0,373.5,37350,85.5,8550,0.0,0,0.0,0,15.39,1539,38.93,3893,0.0,0,0.0,0,7.01,701,2595.33,259533,0.0,0,0.0,0,0.0,0
162,,,,CREDIT_NOTE,ISSUED,2026-08-21,6.0,2,116,,159.0,51,Hydraulic pipe,1.0,IGST,18.0,343.0,,,CN-2026-0015,,29AAGCB1286Q000,,Karnataka,Maharashtra,400911.0,Credit note for returned Order #116,2026-08-21 15:36:11.740458,ORDER_RETURNED,2026-08-21,2026-08-21,0,Infoproys Commerce Private Limited,ABCDE1234F,"{""city"": ""Bengaluru"", ""country"": ""India"", ""district"": ""Bengaluru"", ""landmark"": ""Near City Mall"", ""postalCode"": ""560001"", ""addressLine1"": ""Office No 12, Tech Park Road"", ""addressLine2"": ""Phase 2, Business District""}",Smita,,"{""city"": ""Pune"", ""country"": ""India"", ""postalCode"": ""411057"", ""addressLine1"": ""Pune"", ""addressLine2"": ""Wakad""}",CELAEIC004BLCK0001_AA,Steelpro,,-2075.0,-207500,-2075.0,-207500,0.0,0,0.0,0,0.0,0,0.0,0,0.0,0,0.0,0,0.0,0,-2075.0,-207500,-2075.0,-207500,0.0,0,0.0,0,-395.9,-39590,0.0,0,0.0,0,-373.5,-37350,-85.5,-8550,0.0,0,0.0,0,-15.39,-1539,-38.93,-3893,0.0,0,0.0,0,-7.01,-701,-2595.33,-259533,0.0,0,0.0,0,0.0,0
163,,,,DEBIT_NOTE,ISSUED,2026-08-21,,2,116,,158.0,51,Hydraulic pipe,1.0,IGST,18.0,344.0,2026-08-21 21:06:12,DN-2026-0010,DN-2026-0010,,27AABCT1234F1Z5,29AAGCB1286Q000,maharashtra,Karnataka,400911.0,Debit note for order returned Order #116,2026-08-21 15:36:11.916997,ORDER_RETURNED,2026-08-21,2026-08-21,0,Infoprosys,AABCT1234F,"{""city"": ""Haveli"", ""country"": ""India"", ""postalCode"": ""411057"", ""addressLine1"": ""Wakad""}",Infoproys Commerce Private Limited,ABCDE1234F,"{""city"": ""Bengaluru"", ""country"": ""India"", ""district"": ""Bengaluru"", ""landmark"": ""Near City Mall"", ""postalCode"": ""560001"", ""addressLine1"": ""Office No 12, Tech Park Road"", ""addressLine2"": ""Phase 2, Business District""}",CELAEIC004BLCK0001_AA,Steelpro,,-1725.0,-172500,-1725.0,-172500,-1725.0,-172500,0.0,0,0.0,0,0.0,0,0.0,0,0.0,0,0.0,0,-1725.0,-172500,-1725.0,-172500,0.0,0,0.0,0,-310.5,-31050,0.0,0,0.0,0,-310.5,-31050,0.0,0,0.0,0,0.0,0,0.0,0,0.0,0,0.0,0,0.0,0,0.0,0,-2035.5,-203550,0.0,0,0.0,0,0.0,0
164,,,,PURCHASE,ISSUED,2026-08-22,,2,119,,,51,Hydraulic pipe,1.0,IGST,18.0,348.0,2026-08-22 12:07:57,PINV-2026-0081,PINV-2026-0081,,27AABCT1234F1Z5,29AAGCB1286Q000,maharashtra,Karnataka,400911.0,Purchase from Vendor #2 for Order #119,2026-08-22 06:37:56.458676,,,,0,Infoprosys,AABCT1234F,,Infoproys Commerce Private Limited,ABCDE1234F,"{""city"": ""Bengaluru"", ""country"": ""India"", ""district"": ""Bengaluru"", ""landmark"": ""Near City Mall"", ""postalCode"": ""560001"", ""addressLine1"": ""Office No 12, Tech Park Road"", ""addressLine2"": ""Phase 2, Business District""}",CELAEIC004BLCK0001_AA,Steelpro,,0.0,0,0.0,0,0.0,0,0.0,0,0.0,0,0.0,0,0.0,0,0.0,0,0.0,0,0.0,0,0.0,0,0.0,0,0.0,0,0.0,0,0.0,0,0.0,0,0.0,0,0.0,0,0.0,0,0.0,0,0.0,0,0.0,0,0.0,0,0.0,0,0.0,0,0.0,0,0.0,0,0.0,0,0.0,0
165,,,,SALES,DRAFT,2026-08-22,6.0,2,119,,,51,Hydraulic pipe,1.0,IGST,18.0,,,,SINV-2026-0059,,29AAGCB1286Q000,,Karnataka,Maharashtra,400911.0,Sales invoice for Order #119 to Customer #6,2026-08-22 06:37:56.792183,,,,0,Infoproys Commerce Private Limited,ABCDE1234F,"{""city"": ""Bengaluru"", ""country"": ""India"", ""district"": ""Bengaluru"", ""landmark"": ""Near City Mall"", ""postalCode"": ""560001"", ""addressLine1"": ""Office No 12, Tech Park Road"", ""addressLine2"": ""Phase 2, Business District""}",Smita,,"{""city"": ""Pune"", ""country"": ""India"", ""postalCode"": ""411057"", ""addressLine1"": ""Pune"", ""addressLine2"": ""Wakad""}",CELAEIC004BLCK0001_AA,Steelpro,,2075.0,207500,2075.0,207500,0.0,0,0.0,0,0.0,0,0.0,0,0.0,0,0.0,0,0.0,0,2075.0,207500,2075.0,207500,0.0,0,0.0,0,373.5,37350,0.0,0,0.0,0,373.5,37350,0.0,0,0.0,0,0.0,0,0.0,0,0.0,0,0.0,0,0.0,0,0.0,0,2448.5,244850,0.0,0,0.0,0,0.0,0
166,,,,CREDIT_NOTE,ISSUED,2026-08-22,6.0,2,117,,161.0,51,Hydraulic pipe,1.0,IGST,18.0,349.0,,,CN-2026-0016,,29AAGCB1286Q000,,Karnataka,Maharashtra,400911.0,Credit note for returned Order #117,2026-08-22 06:40:17.679110,ORDER_RETURNED,2026-08-22,2026-08-21,0,Infoproys Commerce Private Limited,ABCDE1234F,"{""city"": ""Bengaluru"", ""country"": ""India"", ""district"": ""Bengaluru"", ""landmark"": ""Near City Mall"", ""postalCode"": ""560001"", ""addressLine1"": ""Office No 12, Tech Park Road"", ""addressLine2"": ""Phase 2, Business District""}",Smita,,"{""city"": ""Pune"", ""country"": ""India"", ""postalCode"": ""411057"", ""addressLine1"": ""Pune"", ""addressLine2"": ""Wakad""}",CELAEIC004BLCK0001_AA,Steelpro,,-2075.0,-207500,-2075.0,-207500,0.0,0,0.0,0,0.0,0,0.0,0,0.0,0,0.0,0,0.0,0,-2075.0,-207500,-2075.0,-207500,0.0,0,0.0,0,-373.5,-37350,0.0,0,0.0,0,-373.5,-37350,0.0,0,0.0,0,0.0,0,0.0,0,0.0,0,0.0,0,0.0,0,0.0,0,-2448.5,-244850,0.0,0,0.0,0,0.0,0
167,,,,DEBIT_NOTE,ISSUED,2026-08-22,,2,117,,160.0,51,Hydraulic pipe,1.0,IGST,18.0,350.0,2026-08-22 12:10:18,DN-2026-0011,DN-2026-0011,,27AABCT1234F1Z5,29AAGCB1286Q000,maharashtra,Karnataka,400911.0,Debit note for order returned Order #117,2026-08-22 06:40:17.971346,ORDER_RETURNED,2026-08-22,2026-08-21,0,Infoprosys,AABCT1234F,"{""city"": ""Haveli"", ""country"": ""India"", ""postalCode"": ""411057"", ""addressLine1"": ""Wakad""}",Infoproys Commerce Private Limited,ABCDE1234F,"{""city"": ""Bengaluru"", ""country"": ""India"", ""district"": ""Bengaluru"", ""landmark"": ""Near City Mall"", ""postalCode"": ""560001"", ""addressLine1"": ""Office No 12, Tech Park Road"", ""addressLine2"": ""Phase 2, Business District""}",CELAEIC004BLCK0001_AA,Steelpro,,-1725.0,-172500,-1725.0,-172500,-1725.0,-172500,0.0,0,0.0,0,0.0,0,0.0,0,0.0,0,0.0,0,-1725.0,-172500,-1725.0,-172500,0.0,0,0.0,0,-310.5,-31050,0.0,0,0.0,0,-310.5,-31050,0.0,0,0.0,0,0.0,0,0.0,0,0.0,0,0.0,0,0.0,0,0.0,0,-2035.5,-203550,0.0,0,0.0,0,0.0,0
168,,,,PURCHASE,ISSUED,2026-08-22,,2,120,,,51,Hydraulic pipe,1.0,IGST,18.0,352.0,2026-08-22 12:17:38,PINV-2026-0082,PINV-2026-0082,,27AABCT1234F1Z5,29AAGCB1286Q000,maharashtra,Karnataka,400911.0,Purchase from Vendor #2 for Order #120,2026-08-22 06:47:37.844948,,,,0,Infoprosys,AABCT1234F,,Infoproys Commerce Private Limited,ABCDE1234F,"{""city"": ""Bengaluru"", ""country"": ""India"", ""district"": ""Bengaluru"", ""landmark"": ""Near City Mall"", ""postalCode"": ""560001"", ""addressLine1"": ""Office No 12, Tech Park Road"", ""addressLine2"": ""Phase 2, Business District""}",CELAEIC004BLCK0001_AA,Steelpro,,0.0,0,0.0,0,0.0,0,0.0,0,0.0,0,0.0,0,0.0,0,0.0,0,0.0,0,0.0,0,0.0,0,0.0,0,0.0,0,0.0,0,0.0,0,0.0,0,0.0,0,0.0,0,0.0,0,0.0,0,0.0,0,0.0,0,0.0,0,0.0,0,0.0,0,0.0,0,0.0,0,0.0,0,0.0,0
169,,,,SALES,DRAFT,2026-08-22,6.0,2,120,,,51,Hydraulic pipe,1.0,IGST,18.0,,,,SINV-2026-0060,,29AAGCB1286Q000,,Karnataka,Maharashtra,400911.0,Sales invoice for Order #120 to Customer #6,2026-08-22 06:47:38.108691,,,,0,Infoproys Commerce Private Limited,ABCDE1234F,"{""city"": ""Bengaluru"", ""country"": ""India"", ""district"": ""Bengaluru"", ""landmark"": ""Near City Mall"", ""postalCode"": ""560001"", ""addressLine1"": ""Office No 12, Tech Park Road"", ""addressLine2"": ""Phase 2, Business District""}",Smita,,"{""city"": ""Pune"", ""country"": ""India"", ""postalCode"": ""411057"", ""addressLine1"": ""Pune"", ""addressLine2"": ""Wakad""}",CELAEIC004BLCK0001_AA,Steelpro,,2075.0,207500,2075.0,207500,0.0,0,0.0,0,0.0,0,0.0,0,0.0,0,0.0,0,0.0,0,2075.0,207500,2075.0,207500,0.0,0,0.0,0,373.5,37350,0.0,0,0.0,0,373.5,37350,0.0,0,0.0,0,0.0,0,0.0,0,0.0,0,0.0,0,0.0,0,0.0,0,2448.5,244850,0.0,0,0.0,0,0.0,0
171,/uploads/vendor_invoices/1787392327244-747783476.pdf,,,PURCHASE,ISSUED,2026-08-22,,1,122,,,53,Stainless Steel Water Bottle,1.0,IGST,18.0,356.0,2026-08-22 15:21:12,PINV-2026-0083,PINV-2026-0083,vvcv,27AAACA1234A1Z1,29AAGCB1286Q000,maharashtra,Karnataka,732393.0,Purchase from Vendor #1 for Order #122,2026-08-22 09:51:11.649231,,,,0,Apex Industrial Technologies Pvt Ltd,AAACA1234A,,Infoproys Commerce Private Limited,ABCDE1234F,"{""city"": ""Bengaluru"", ""country"": ""India"", ""district"": ""Bengaluru"", ""landmark"": ""Near City Mall"", ""postalCode"": ""560001"", ""addressLine1"": ""Office No 12, Tech Park Road"", ""addressLine2"": ""Phase 2, Business District""}",V0-STAINLESSS-RED-GOLD-5-8-01,Acme Bottle,2026-08-22,700.0,70000,700.0,70000,700.0,70000,0.0,0,0.0,0,0.0,0,0.0,0,0.0,0,0.0,0,700.0,70000,700.0,70000,0.0,0,0.0,0,126.0,12600,0.0,0,0.0,0,126.0,12600,0.0,0,0.0,0,0.0,0,0.0,0,0.0,0,0.0,0,0.0,0,0.0,0,826.0,82600,0.0,0,0.0,0,0.0,0
172,,,,SALES,ISSUED,2026-08-22,4.0,1,122,99.0,,53,Stainless Steel Water Bottle,1.0,CGST_SGST,18.0,357.0,2026-08-22 15:49:08,,SINV-2026-0061,,29AAGCB1286Q000,29AWGPV7107B1Z1,Karnataka,Uttarakhand,732393.0,Sales invoice for Order #122 to Customer #4,2026-08-22 10:19:07.941202,,,,0,Infoproys Commerce Private Limited,ABCDE1234F,"{""city"": ""Bengaluru"", ""country"": ""India"", ""district"": ""Bengaluru"", ""landmark"": ""Near City Mall"", ""postalCode"": ""560001"", ""addressLine1"": ""Office No 12, Tech Park Road"", ""addressLine2"": ""Phase 2, Business District""}",kalyan Magar,,"{""city"": ""Ranikhet"", ""country"": ""India"", ""postalCode"": ""263652"", ""addressLine1"": ""abc""}",V0-STAINLESSS-RED-GOLD-5-8-01,Acme Bottle,,750.0,75000,750.0,75000,0.0,0,0.0,0,0.0,0,0.0,0,0.0,0,0.0,0,0.0,0,750.0,75000,750.0,75000,75.2,7520,75.2,7520,0.0,0,67.5,6750,67.5,6750,0.0,0,85.5,8550,7.7,770,7.7,770,0.0,0,0.0,0,0.0,0,0.0,0,0.0,0,985.9,98590,0.0,0,0.0,0,0.0,0
173,,,,SALES,ISSUED,2026-08-22,9.0,1,37,29.0,,4,Seamless Carbon Steel Pipe - ASTM A106 Grade B (2 Inch),1.0,CGST_SGST,5.0,359.0,2026-08-22 16:03:13,,SINV-2026-0062,,29AAGCB1286Q000,29AWGPV7107B1Z1,Karnataka,Karnataka,,Sales invoice for Order #37 to Customer #9,2026-08-22 10:33:12.276255,,,,0,Infoproys Commerce Private Limited,ABCDE1234F,"{""city"": ""Bengaluru"", ""country"": ""India"", ""district"": ""Bengaluru"", ""landmark"": ""Near City Mall"", ""postalCode"": ""560001"", ""addressLine1"": ""Office No 12, Tech Park Road"", ""addressLine2"": ""Phase 2, Business District""}",Acme Solutions Private Limited,,"{""city"": ""Pune"", ""country"": ""India"", ""postalCode"": ""560001"", ""addressLine1"": ""MG Road"", ""addressLine2"": ""Ashok Nagar""}",CS-PIPE-A106B-2IN-001,Jindal Steel,,1234.0,123400,1234.0,123400,0.0,0,0.0,0,0.0,0,0.0,0,0.0,0,0.0,0,0.0,0,1234.0,123400,1234.0,123400,40.47,4047,40.47,4047,0.0,0,30.85,3085,30.85,3085,0.0,0,85.5,8550,7.7,770,7.7,770,0.0,0,21.33,2133,1.92,192,1.92,192,0.0,0,1421.77,142177,0.0,0,0.0,0,0.0,0
174,/uploads/vendor_invoices/1787660835779-10920235.pdf,,,PURCHASE,ISSUED,2026-08-25,,1,146,,,62,GI Angle_677,1.0,IGST,12.0,377.0,2026-08-25 17:53:21,PINV-2026-0084,PINV-2026-0084,ACME/TEST/001,27AAACA1234A1Z1,29AAGCB1286Q000,maharashtra,Karnataka,73069090.0,Purchase from Vendor #1 for Order #146,2026-08-25 12:23:20.388388,,,,0,Apex Industrial Technologies Pvt Ltd,AAACA1234A,,Infoproys Commerce Private Limited,ABCDE1234F,"{""city"": ""Bengaluru"", ""country"": ""India"", ""district"": ""Bengaluru"", ""landmark"": ""Near City Mall"", ""postalCode"": ""560001"", ""addressLine1"": ""Office No 12, Tech Park Road"", ""addressLine2"": ""Phase 2, Business District""}",SKU_677,JSW Steel,2026-08-25,245.0,24500,245.0,24500,245.0,24500,0.0,0,0.0,0,0.0,0,0.0,0,0.0,0,0.0,0,245.0,24500,245.0,24500,0.0,0,0.0,0,29.4,2940,0.0,0,0.0,0,29.4,2940,0.0,0,0.0,0,0.0,0,0.0,0,0.0,0,0.0,0,0.0,0,0.0,0,274.4,27440,0.0,0,0.0,0,0.0,0
175,/uploads/vendor_invoices/1787664259585-231781676.pdf,,,PURCHASE,ISSUED,2026-08-25,,2,125,,,51,Hydraulic pipe,1.0,IGST,18.0,379.0,2026-08-25 18:53:27,PINV-2026-0085,PINV-2026-0085,123,27AABCT1234F1Z5,29AAGCB1286Q000,maharashtra,Karnataka,400911.0,Purchase from Vendor #2 for Order #125,2026-08-25 13:23:26.526377,,,,0,Infoprosys,AABCT1234F,,Infoproys Commerce Private Limited,ABCDE1234F,"{""city"": ""Bengaluru"", ""country"": ""India"", ""district"": ""Bengaluru"", ""landmark"": ""Near City Mall"", ""postalCode"": ""560001"", ""addressLine1"": ""Office No 12, Tech Park Road"", ""addressLine2"": ""Phase 2, Business District""}",CELAEIC004BLCK0001_AA,Steelpro,2026-08-25,1725.0,172500,1725.0,172500,1725.0,172500,0.0,0,0.0,0,0.0,0,0.0,0,0.0,0,0.0,0,1725.0,172500,1725.0,172500,0.0,0,0.0,0,310.5,31050,0.0,0,0.0,0,310.5,31050,0.0,0,0.0,0,0.0,0,0.0,0,0.0,0,0.0,0,0.0,0,0.0,0,2035.5,203550,0.0,0,0.0,0,0.0,0
176,/uploads/vendor_invoices/1787664668696-438625971.pdf,,,PURCHASE,ISSUED,2026-08-25,,2,147,,,51,H pipe,1.0,IGST,18.0,380.0,2026-08-25 19:00:14,PINV-2026-0086,PINV-2026-0086,1234,27AABCT1234F1Z5,29AAGCB1286Q000,maharashtra,Karnataka,400911.0,Purchase from Vendor #2 for Order #147,2026-08-25 13:30:13.626286,,,,0,Infoprosys,AABCT1234F,,Infoproys Commerce Private Limited,ABCDE1234F,"{""city"": ""Bengaluru"", ""country"": ""India"", ""district"": ""Bengaluru"", ""landmark"": ""Near City Mall"", ""postalCode"": ""560001"", ""addressLine1"": ""Office No 12, Tech Park Road"", ""addressLine2"": ""Phase 2, Business District""}",CELAEIC004BLCK0001_AA,Steelpro,2026-08-25,1725.0,172500,1725.0,172500,1725.0,172500,0.0,0,0.0,0,0.0,0,0.0,0,0.0,0,0.0,0,1725.0,172500,1725.0,172500,0.0,0,0.0,0,310.5,31050,0.0,0,0.0,0,310.5,31050,0.0,0,0.0,0,0.0,0,0.0,0,0.0,0,0.0,0,0.0,0,0.0,0,2035.5,203550,0.0,0,0.0,0,0.0,0
177,,,,SALES,ISSUED,2026-08-25,6.0,2,147,113.0,,51,H pipe,1.0,IGST,18.0,381.0,2026-08-25 19:02:17,,SINV-2026-0063,,29AAGCB1286Q000,,Karnataka,Maharashtra,400911.0,Sales invoice for Order #147 to Customer #6,2026-08-25 13:32:16.927545,,,,0,Infoproys Commerce Private Limited,ABCDE1234F,"{""city"": ""Bengaluru"", ""country"": ""India"", ""district"": ""Bengaluru"", ""landmark"": ""Near City Mall"", ""postalCode"": ""560001"", ""addressLine1"": ""Office No 12, Tech Park Road"", ""addressLine2"": ""Phase 2, Business District""}",Smita,,"{""city"": ""Pune"", ""country"": ""India"", ""postalCode"": ""411057"", ""addressLine1"": ""Pune"", ""addressLine2"": ""Wakad""}",CELAEIC004BLCK0001_AA,Steelpro,,2075.0,207500,2075.0,207500,0.0,0,0.0,0,0.0,0,0.0,0,0.0,0,0.0,0,0.0,0,2075.0,207500,2075.0,207500,0.0,0,0.0,0,395.9,39590,0.0,0,0.0,0,373.5,37350,85.5,8550,0.0,0,0.0,0,15.39,1539,38.93,3893,0.0,0,0.0,0,7.01,701,2595.33,259533,0.0,0,0.0,0,0.0,0
178,/uploads/vendor_invoices/1787665026626-485771327.pdf,,,PURCHASE,ISSUED,2026-08-25,,2,149,,,51,H pipe,1.0,IGST,18.0,385.0,2026-08-25 19:06:24,PINV-2026-0087,PINV-2026-0087,12333,27AABCT1234F1Z5,29AAGCB1286Q000,maharashtra,Karnataka,400911.0,Purchase from Vendor #2 for Order #149,2026-08-25 13:36:23.973791,,,,0,Infoprosys,AABCT1234F,,Infoproys Commerce Private Limited,ABCDE1234F,"{""city"": ""Bengaluru"", ""country"": ""India"", ""district"": ""Bengaluru"", ""landmark"": ""Near City Mall"", ""postalCode"": ""560001"", ""addressLine1"": ""Office No 12, Tech Park Road"", ""addressLine2"": ""Phase 2, Business District""}",CELAEIC004BLCK0001_AA,Steelpro,2026-08-25,1725.0,172500,1725.0,172500,1725.0,172500,0.0,0,0.0,0,0.0,0,0.0,0,0.0,0,0.0,0,1725.0,172500,1725.0,172500,0.0,0,0.0,0,310.5,31050,0.0,0,0.0,0,310.5,31050,0.0,0,0.0,0,0.0,0,0.0,0,0.0,0,0.0,0,0.0,0,0.0,0,2035.5,203550,0.0,0,0.0,0,0.0,0
179,,,,SALES,ISSUED,2026-08-25,6.0,2,149,114.0,,51,H pipe,1.0,IGST,18.0,386.0,2026-08-25 19:07:58,,SINV-2026-0064,,29AAGCB1286Q000,,Karnataka,Maharashtra,400911.0,Sales invoice for Order #149 to Customer #6,2026-08-25 13:37:58.325364,,,,0,Infoproys Commerce Private Limited,ABCDE1234F,"{""city"": ""Bengaluru"", ""country"": ""India"", ""district"": ""Bengaluru"", ""landmark"": ""Near City Mall"", ""postalCode"": ""560001"", ""addressLine1"": ""Office No 12, Tech Park Road"", ""addressLine2"": ""Phase 2, Business District""}",Smita,,"{""city"": ""Pune"", ""country"": ""India"", ""postalCode"": ""411057"", ""addressLine1"": ""Pune"", ""addressLine2"": ""Wakad""}",CELAEIC004BLCK0001_AA,Steelpro,,2075.0,207500,2075.0,207500,0.0,0,0.0,0,0.0,0,0.0,0,0.0,0,0.0,0,0.0,0,2075.0,207500,2075.0,207500,0.0,0,0.0,0,395.9,39590,0.0,0,0.0,0,373.5,37350,85.5,8550,0.0,0,0.0,0,15.39,1539,38.93,3893,0.0,0,0.0,0,7.01,701,2595.33,259533,0.0,0,0.0,0,0.0,0
180,,,,PURCHASE,ISSUED,2026-08-26,,2,148,,,51,H pipe,1.0,IGST,18.0,388.0,2026-08-26 11:22:05,PINV-2026-0088,PINV-2026-0088,,27AABCT1234F1Z5,29AAGCB1286Q000,maharashtra,Karnataka,400911.0,Purchase from Vendor #2 for Order #148,2026-08-26 05:52:04.769262,,,,0,Infoprosys,AABCT1234F,,Infoproys Commerce Private Limited,ABCDE1234F,"{""city"": ""Bengaluru"", ""country"": ""India"", ""district"": ""Bengaluru"", ""landmark"": ""Near City Mall"", ""postalCode"": ""560001"", ""addressLine1"": ""Office No 12, Tech Park Road"", ""addressLine2"": ""Phase 2, Business District""}",CELAEIC004BLCK0001_AA,Steelpro,,0.0,0,0.0,0,0.0,0,0.0,0,0.0,0,0.0,0,0.0,0,0.0,0,0.0,0,0.0,0,0.0,0,0.0,0,0.0,0,0.0,0,0.0,0,0.0,0,0.0,0,0.0,0,0.0,0,0.0,0,0.0,0,0.0,0,0.0,0,0.0,0,0.0,0,0.0,0,0.0,0,0.0,0,0.0,0
181,,,,PURCHASE,ISSUED,2026-08-26,,1,158,,,62,GI Angle_677,1.0,IGST,12.0,397.0,2026-08-26 16:07:30,PINV-2026-0089,PINV-2026-0089,,27AAACA1234A1Z1,29AAGCB1286Q000,maharashtra,Karnataka,73069090.0,Purchase from Vendor #1 for Order #158,2026-08-26 10:37:29.249351,,,,0,Apex Industrial Technologies Pvt Ltd,AAACA1234A,,Infoproys Commerce Private Limited,ABCDE1234F,"{""city"": ""Bengaluru"", ""country"": ""India"", ""district"": ""Bengaluru"", ""landmark"": ""Near City Mall"", ""postalCode"": ""560001"", ""addressLine1"": ""Office No 12, Tech Park Road"", ""addressLine2"": ""Phase 2, Business District""}",SKU_677,JSW Steel,,1.0,100,1.0,100,1.0,100,0.0,0,0.0,0,0.0,0,0.0,0,0.0,0,0.0,0,1.0,100,1.0,100,0.0,0,0.0,0,0.12,12,0.0,0,0.0,0,0.12,12,0.0,0,0.0,0,0.0,0,0.0,0,0.0,0,0.0,0,0.0,0,0.0,0,1.12,112,0.0,0,0.0,0,0.0,0
182,,,,PURCHASE,ISSUED,2026-08-26,,1,157,,,62,GI Angle_677,1.0,IGST,12.0,398.0,2026-08-26 16:58:59,PINV-2026-0090,PINV-2026-0090,,27AAACA1234A1Z1,29AAGCB1286Q000,maharashtra,Karnataka,73069090.0,Purchase from Vendor #1 for Order #157,2026-08-26 11:28:58.607656,,,,0,Apex Industrial Technologies Pvt Ltd,AAACA1234A,,Infoproys Commerce Private Limited,ABCDE1234F,"{""city"": ""Bengaluru"", ""country"": ""India"", ""district"": ""Bengaluru"", ""landmark"": ""Near City Mall"", ""postalCode"": ""560001"", ""addressLine1"": ""Office No 12, Tech Park Road"", ""addressLine2"": ""Phase 2, Business District""}",SKU_677,JSW Steel,,1.0,100,1.0,100,1.0,100,0.0,0,0.0,0,0.0,0,0.0,0,0.0,0,0.0,0,1.0,100,1.0,100,0.0,0,0.0,0,0.12,12,0.0,0,0.0,0,0.12,12,0.0,0,0.0,0,0.0,0,0.0,0,0.0,0,0.0,0,0.0,0,0.0,0,1.12,112,0.0,0,0.0,0,0.0,0
183,,,,PURCHASE,ISSUED,2026-08-26,,1,155,,,62,GI Angle_677,1.0,IGST,12.0,399.0,2026-08-26 16:59:54,PINV-2026-0091,PINV-2026-0091,,27AAACA1234A1Z1,29AAGCB1286Q000,maharashtra,Karnataka,73069090.0,Purchase from Vendor #1 for Order #155,2026-08-26 11:29:53.831395,,,,0,Apex Industrial Technologies Pvt Ltd,AAACA1234A,,Infoproys Commerce Private Limited,ABCDE1234F,"{""city"": ""Bengaluru"", ""country"": ""India"", ""district"": ""Bengaluru"", ""landmark"": ""Near City Mall"", ""postalCode"": ""560001"", ""addressLine1"": ""Office No 12, Tech Park Road"", ""addressLine2"": ""Phase 2, Business District""}",SKU_677,JSW Steel,,1.0,100,1.0,100,1.0,100,0.0,0,0.0,0,0.0,0,0.0,0,0.0,0,0.0,0,1.0,100,1.0,100,0.0,0,0.0,0,0.12,12,0.0,0,0.0,0,0.12,12,0.0,0,0.0,0,0.0,0,0.0,0,0.0,0,0.0,0,0.0,0,0.0,0,1.12,112,0.0,0,0.0,0,0.0,0
184,/uploads/vendor_invoices/1787764476745-271987373.pdf,,,PURCHASE,ISSUED,2026-08-26,,2,163,,,51,H pipe,1.0,IGST,18.0,406.0,2026-08-26 22:43:35,PINV-2026-0092,PINV-2026-0092,fsfsfcvew,27AABCT1234F1Z5,29AAGCB1286Q000,maharashtra,Karnataka,400911.0,Purchase from Vendor #2 for Order #163,2026-08-26 17:13:35.194257,,,,0,Infoprosys,AABCT1234F,,Infoproys Commerce Private Limited,ABCDE1234F,"{""city"": ""Bengaluru"", ""country"": ""India"", ""district"": ""Bengaluru"", ""landmark"": ""Near City Mall"", ""postalCode"": ""560001"", ""addressLine1"": ""Office No 12, Tech Park Road"", ""addressLine2"": ""Phase 2, Business District""}",CELAEIC004BLCK0001_AA,Steelpro,2026-08-26,1725.0,172500,1725.0,172500,1725.0,172500,0.0,0,0.0,0,0.0,0,0.0,0,0.0,0,0.0,0,1725.0,172500,1725.0,172500,0.0,0,0.0,0,310.5,31050,0.0,0,0.0,0,310.5,31050,0.0,0,0.0,0,0.0,0,0.0,0,0.0,0,0.0,0,0.0,0,0.0,0,2035.5,203550,0.0,0,0.0,0,0.0,0
185,,,,SALES,ISSUED,2026-08-26,8.0,2,163,116.0,,51,H pipe,1.0,IGST,18.0,407.0,2026-08-26 22:46:33,,SINV-2026-0065,,29AAGCB1286Q000,,Karnataka,Maharashtra,400911.0,Sales invoice for Order #163 to Customer #8,2026-08-26 17:16:33.030142,,,,0,Infoproys Commerce Private Limited,ABCDE1234F,"{""city"": ""Bengaluru"", ""country"": ""India"", ""district"": ""Bengaluru"", ""landmark"": ""Near City Mall"", ""postalCode"": ""560001"", ""addressLine1"": ""Office No 12, Tech Park Road"", ""addressLine2"": ""Phase 2, Business District""}",kalyan magar,,"{""city"": ""Haveli"", ""country"": ""India"", ""postalCode"": ""411057"", ""addressLine1"": ""Wakad"", ""addressLine2"": ""Pune""}",CELAEIC004BLCK0001_AA,Steelpro,,2075.0,207500,2075.0,207500,0.0,0,0.0,0,0.0,0,0.0,0,0.0,0,0.0,0,0.0,0,2075.0,207500,2075.0,207500,0.0,0,0.0,0,373.5,37350,0.0,0,0.0,0,373.5,37350,0.0,0,0.0,0,0.0,0,0.0,0,0.0,0,0.0,0,0.0,0,0.0,0,2448.5,244850,0.0,0,0.0,0,0.0,0
186,,,,CREDIT_NOTE,ISSUED,2026-08-26,8.0,2,163,,185.0,51,H pipe,1.0,IGST,18.0,409.0,,,CN-2026-0017,,29AAGCB1286Q000,,Karnataka,Maharashtra,400911.0,Credit note for returned Order #163,2026-08-26 17:36:33.149130,ORDER_RETURNED,2026-08-26,2026-08-26,0,Infoproys Commerce Private Limited,ABCDE1234F,"{""city"": ""Bengaluru"", ""country"": ""India"", ""district"": ""Bengaluru"", ""landmark"": ""Near City Mall"", ""postalCode"": ""560001"", ""addressLine1"": ""Office No 12, Tech Park Road"", ""addressLine2"": ""Phase 2, Business District""}",kalyan magar,,"{""city"": ""Haveli"", ""country"": ""India"", ""postalCode"": ""411057"", ""addressLine1"": ""Wakad"", ""addressLine2"": ""Pune""}",CELAEIC004BLCK0001_AA,Steelpro,,-2075.0,-207500,-2075.0,-207500,0.0,0,0.0,0,0.0,0,0.0,0,0.0,0,0.0,0,0.0,0,-2075.0,-207500,-2075.0,-207500,0.0,0,0.0,0,-373.5,-37350,0.0,0,0.0,0,-373.5,-37350,0.0,0,0.0,0,0.0,0,0.0,0,0.0,0,0.0,0,0.0,0,0.0,0,-2347.61,-234761,85.5,8550,15.39,1539,100.89,10089
187,,,,DEBIT_NOTE,ISSUED,2026-08-26,,2,163,,184.0,51,H pipe,1.0,IGST,18.0,410.0,2026-08-26 23:06:33,DN-2026-0012,DN-2026-0012,,27AABCT1234F1Z5,29AAGCB1286Q000,maharashtra,Karnataka,400911.0,Debit note for order returned Order #163,2026-08-26 17:36:33.415135,ORDER_RETURNED,2026-08-26,2026-08-26,0,Infoprosys,AABCT1234F,"{""city"": ""Haveli"", ""country"": ""India"", ""postalCode"": ""411057"", ""addressLine1"": ""Wakad""}",Infoproys Commerce Private Limited,ABCDE1234F,"{""city"": ""Bengaluru"", ""country"": ""India"", ""district"": ""Bengaluru"", ""landmark"": ""Near City Mall"", ""postalCode"": ""560001"", ""addressLine1"": ""Office No 12, Tech Park Road"", ""addressLine2"": ""Phase 2, Business District""}",CELAEIC004BLCK0001_AA,Steelpro,,-1725.0,-172500,-1725.0,-172500,-1725.0,-172500,0.0,0,0.0,0,0.0,0,0.0,0,0.0,0,0.0,0,-1725.0,-172500,-1725.0,-172500,0.0,0,0.0,0,-310.5,-31050,0.0,0,0.0,0,-310.5,-31050,0.0,0,0.0,0,0.0,0,0.0,0,0.0,0,0.0,0,0.0,0,0.0,0,-2035.5,-203550,0.0,0,0.0,0,0.0,0
188,/uploads/vendor_invoices/1787767060470-550437619.pdf,,,PURCHASE,ISSUED,2026-08-26,,2,164,,,51,H pipe,1.0,IGST,18.0,412.0,2026-08-26 23:26:57,PINV-2026-0093,PINV-2026-0093,nnnbhfgj,27AABCT1234F1Z5,29AAGCB1286Q000,maharashtra,Karnataka,400911.0,Purchase from Vendor #2 for Order #164,2026-08-26 17:56:57.038328,,,,0,Infoprosys,AABCT1234F,,Infoproys Commerce Private Limited,ABCDE1234F,"{""city"": ""Bengaluru"", ""country"": ""India"", ""district"": ""Bengaluru"", ""landmark"": ""Near City Mall"", ""postalCode"": ""560001"", ""addressLine1"": ""Office No 12, Tech Park Road"", ""addressLine2"": ""Phase 2, Business District""}",CELAEIC004BLCK0001_AA,Steelpro,2026-08-26,1725.0,172500,1725.0,172500,1725.0,172500,0.0,0,0.0,0,0.0,0,0.0,0,0.0,0,0.0,0,1725.0,172500,1725.0,172500,0.0,0,0.0,0,310.5,31050,0.0,0,0.0,0,310.5,31050,0.0,0,0.0,0,0.0,0,0.0,0,0.0,0,0.0,0,0.0,0,0.0,0,2035.5,203550,0.0,0,0.0,0,0.0,0
189,,,,SALES,ISSUED,2026-08-26,8.0,2,164,117.0,,51,H pipe,1.0,IGST,18.0,413.0,2026-08-26 23:30:45,,SINV-2026-0066,,29AAGCB1286Q000,,Karnataka,Maharashtra,400911.0,Sales invoice for Order #164 to Customer #8,2026-08-26 18:00:45.167480,,,,0,Infoproys Commerce Private Limited,ABCDE1234F,"{""city"": ""Bengaluru"", ""country"": ""India"", ""district"": ""Bengaluru"", ""landmark"": ""Near City Mall"", ""postalCode"": ""560001"", ""addressLine1"": ""Office No 12, Tech Park Road"", ""addressLine2"": ""Phase 2, Business District""}",kalyan magar,,"{""city"": ""Haveli"", ""country"": ""India"", ""postalCode"": ""411057"", ""addressLine1"": ""Wakad"", ""addressLine2"": ""Pune""}",CELAEIC004BLCK0001_AA,Steelpro,,2075.0,207500,2075.0,207500,0.0,0,0.0,0,0.0,0,0.0,0,0.0,0,0.0,0,0.0,0,2075.0,207500,2075.0,207500,0.0,0,0.0,0,373.5,37350,0.0,0,0.0,0,373.5,37350,0.0,0,0.0,0,0.0,0,0.0,0,0.0,0,0.0,0,0.0,0,0.0,0,2448.5,244850,0.0,0,0.0,0,0.0,0
190,/uploads/vendor_invoices/1787768092483-260705888.pdf,,,PURCHASE,ISSUED,2026-08-26,,2,165,,,51,H pipe,1.0,IGST,18.0,416.0,2026-08-26 23:43:53,PINV-2026-0094,PINV-2026-0094,vend-in-123456,27AABCT1234F1Z5,29AAGCB1286Q000,maharashtra,Karnataka,400911.0,Purchase from Vendor #2 for Order #165,2026-08-26 18:13:52.880889,,,,0,Infoprosys,AABCT1234F,,Infoproys Commerce Private Limited,ABCDE1234F,"{""city"": ""Bengaluru"", ""country"": ""India"", ""district"": ""Bengaluru"", ""landmark"": ""Near City Mall"", ""postalCode"": ""560001"", ""addressLine1"": ""Office No 12, Tech Park Road"", ""addressLine2"": ""Phase 2, Business District""}",CELAEIC004BLCK0001_AA,Steelpro,2026-08-26,1725.0,172500,1725.0,172500,1725.0,172500,0.0,0,0.0,0,0.0,0,0.0,0,0.0,0,0.0,0,1725.0,172500,1725.0,172500,0.0,0,0.0,0,310.5,31050,0.0,0,0.0,0,310.5,31050,0.0,0,0.0,0,0.0,0,0.0,0,0.0,0,0.0,0,0.0,0,0.0,0,2035.5,203550,0.0,0,0.0,0,0.0,0
191,,,,SALES,ISSUED,2026-08-26,8.0,2,165,118.0,,51,H pipe,1.0,IGST,18.0,417.0,2026-08-26 23:46:45,,SINV-2026-0067,,29AAGCB1286Q000,,Karnataka,Maharashtra,400911.0,Sales invoice for Order #165 to Customer #8,2026-08-26 18:16:44.862108,,,,0,Infoproys Commerce Private Limited,ABCDE1234F,"{""city"": ""Bengaluru"", ""country"": ""India"", ""district"": ""Bengaluru"", ""landmark"": ""Near City Mall"", ""postalCode"": ""560001"", ""addressLine1"": ""Office No 12, Tech Park Road"", ""addressLine2"": ""Phase 2, Business District""}",kalyan magar,,"{""city"": ""Haveli"", ""country"": ""India"", ""postalCode"": ""411057"", ""addressLine1"": ""Wakad"", ""addressLine2"": ""Pune""}",CELAEIC004BLCK0001_AA,Steelpro,,2075.0,207500,2075.0,207500,0.0,0,0.0,0,0.0,0,0.0,0,0.0,0,0.0,0,0.0,0,2075.0,207500,2075.0,207500,0.0,0,0.0,0,373.5,37350,0.0,0,0.0,0,373.5,37350,0.0,0,0.0,0,0.0,0,0.0,0,0.0,0,0.0,0,0.0,0,0.0,0,2448.5,244850,0.0,0,0.0,0,0.0,0
192,,,,PURCHASE,ISSUED,2026-08-27,,1,168,,,59,Butterfly Valve Pneumatic_691,1.0,IGST,12.0,422.0,2026-08-27 12:34:47,PINV-2026-0095,PINV-2026-0095,,27AAACA1234A1Z1,29AAGCB1286Q000,maharashtra,Karnataka,73069090.0,Purchase from Vendor #1 for Order #168,2026-08-27 07:04:46.835307,,,,0,Apex Industrial Technologies Pvt Ltd,AAACA1234A,,Infoproys Commerce Private Limited,ABCDE1234F,"{""city"": ""Bengaluru"", ""country"": ""India"", ""district"": ""Bengaluru"", ""landmark"": ""Near City Mall"", ""postalCode"": ""560001"", ""addressLine1"": ""Office No 12, Tech Park Road"", ""addressLine2"": ""Phase 2, Business District""}",SKU_691,APL Apollo,,9505.0,950500,9505.0,950500,9505.0,950500,0.0,0,0.0,0,0.0,0,0.0,0,0.0,0,0.0,0,9505.0,950500,9505.0,950500,0.0,0,0.0,0,1140.6,114060,0.0,0,0.0,0,1140.6,114060,0.0,0,0.0,0,0.0,0,0.0,0,0.0,0,0.0,0,0.0,0,0.0,0,10645.6,1064560,0.0,0,0.0,0,0.0,0
193,,,,PURCHASE,ISSUED,2026-08-27,,1,162,,,62,GI Angle_677,1.0,IGST,12.0,423.0,2026-08-27 12:41:48,PINV-2026-0096,PINV-2026-0096,,27AAACA1234A1Z1,29AAGCB1286Q000,maharashtra,Karnataka,73069090.0,Purchase from Vendor #1 for Order #162,2026-08-27 07:11:47.752704,,,,0,Apex Industrial Technologies Pvt Ltd,AAACA1234A,,Infoproys Commerce Private Limited,ABCDE1234F,"{""city"": ""Bengaluru"", ""country"": ""India"", ""district"": ""Bengaluru"", ""landmark"": ""Near City Mall"", ""postalCode"": ""560001"", ""addressLine1"": ""Office No 12, Tech Park Road"", ""addressLine2"": ""Phase 2, Business District""}",SKU_677,JSW Steel,,1.0,100,1.0,100,1.0,100,0.0,0,0.0,0,0.0,0,0.0,0,0.0,0,0.0,0,1.0,100,1.0,100,0.0,0,0.0,0,0.12,12,0.0,0,0.0,0,0.12,12,0.0,0,0.0,0,0.0,0,0.0,0,0.0,0,0.0,0,0.0,0,0.0,0,1.12,112,0.0,0,0.0,0,0.0,0
194,,,,PURCHASE,ISSUED,2026-08-27,,1,161,,,62,GI Angle_677,1.0,IGST,12.0,424.0,2026-08-27 12:44:21,PINV-2026-0097,PINV-2026-0097,,27AAACA1234A1Z1,29AAGCB1286Q000,maharashtra,Karnataka,73069090.0,Purchase from Vendor #1 for Order #161,2026-08-27 07:14:21.099967,,,,0,Apex Industrial Technologies Pvt Ltd,AAACA1234A,,Infoproys Commerce Private Limited,ABCDE1234F,"{""city"": ""Bengaluru"", ""country"": ""India"", ""district"": ""Bengaluru"", ""landmark"": ""Near City Mall"", ""postalCode"": ""560001"", ""addressLine1"": ""Office No 12, Tech Park Road"", ""addressLine2"": ""Phase 2, Business District""}",SKU_677,JSW Steel,,1.0,100,1.0,100,1.0,100,0.0,0,0.0,0,0.0,0,0.0,0,0.0,0,0.0,0,1.0,100,1.0,100,0.0,0,0.0,0,0.12,12,0.0,0,0.0,0,0.12,12,0.0,0,0.0,0,0.0,0,0.0,0,0.0,0,0.0,0,0.0,0,0.0,0,1.12,112,0.0,0,0.0,0,0.0,0
195,/uploads/vendor_invoices/1787815126366-698667655.pdf,,,PURCHASE,ISSUED,2026-08-27,,1,160,,,62,GI Angle_677,1.0,IGST,12.0,425.0,2026-08-27 12:48:21,PINV-2026-0098,PINV-2026-0098,ACME/TEST/1787815115371,27AAACA1234A1Z1,29AAGCB1286Q000,maharashtra,Karnataka,73069090.0,Purchase from Vendor #1 for Order #160,2026-08-27 07:18:21.337367,,,,0,Apex Industrial Technologies Pvt Ltd,AAACA1234A,,Infoproys Commerce Private Limited,ABCDE1234F,"{""city"": ""Bengaluru"", ""country"": ""India"", ""district"": ""Bengaluru"", ""landmark"": ""Near City Mall"", ""postalCode"": ""560001"", ""addressLine1"": ""Office No 12, Tech Park Road"", ""addressLine2"": ""Phase 2, Business District""}",SKU_677,JSW Steel,2026-08-27,1.0,100,1.0,100,1.0,100,0.0,0,0.0,0,0.0,0,0.0,0,0.0,0,0.0,0,1.0,100,1.0,100,0.0,0,0.0,0,0.12,12,0.0,0,0.0,0,0.12,12,0.0,0,0.0,0,0.0,0,0.0,0,0.0,0,0.0,0,0.0,0,0.0,0,1.12,112,0.0,0,0.0,0,0.0,0
196,,,,PURCHASE,ISSUED,2026-08-27,,1,156,,,35,Concentric Reducer_752,1.0,IGST,12.0,426.0,2026-08-27 13:00:51,PINV-2026-0099,PINV-2026-0099,,27AAACA1234A1Z1,29AAGCB1286Q000,maharashtra,Karnataka,73069090.0,Purchase from Vendor #1 for Order #156,2026-08-27 07:30:51.035182,,,,0,Apex Industrial Technologies Pvt Ltd,AAACA1234A,,Infoproys Commerce Private Limited,ABCDE1234F,"{""city"": ""Bengaluru"", ""country"": ""India"", ""district"": ""Bengaluru"", ""landmark"": ""Near City Mall"", ""postalCode"": ""560001"", ""addressLine1"": ""Office No 12, Tech Park Road"", ""addressLine2"": ""Phase 2, Business District""}",SKU_752,Jindal,,1498.0,149800,1498.0,149800,1498.0,149800,0.0,0,0.0,0,0.0,0,0.0,0,0.0,0,0.0,0,1498.0,149800,1498.0,149800,0.0,0,0.0,0,179.76,17976,0.0,0,0.0,0,179.76,17976,0.0,0,0.0,0,0.0,0,0.0,0,0.0,0,0.0,0,0.0,0,0.0,0,1677.76,167776,0.0,0,0.0,0,0.0,0
197,,,,PURCHASE,ISSUED,2026-08-27,,1,154,,,62,GI Angle_677,1.0,IGST,12.0,427.0,2026-08-27 13:06:12,PINV-2026-0100,PINV-2026-0100,,27AAACA1234A1Z1,29AAGCB1286Q000,maharashtra,Karnataka,73069090.0,Purchase from Vendor #1 for Order #154,2026-08-27 07:36:11.490010,,,,0,Apex Industrial Technologies Pvt Ltd,AAACA1234A,,Infoproys Commerce Private Limited,ABCDE1234F,"{""city"": ""Bengaluru"", ""country"": ""India"", ""district"": ""Bengaluru"", ""landmark"": ""Near City Mall"", ""postalCode"": ""560001"", ""addressLine1"": ""Office No 12, Tech Park Road"", ""addressLine2"": ""Phase 2, Business District""}",SKU_677,JSW Steel,,245.0,24500,245.0,24500,245.0,24500,0.0,0,0.0,0,0.0,0,0.0,0,0.0,0,0.0,0,245.0,24500,245.0,24500,0.0,0,0.0,0,29.4,2940,0.0,0,0.0,0,29.4,2940,0.0,0,0.0,0,0.0,0,0.0,0,0.0,0,0.0,0,0.0,0,0.0,0,274.4,27440,0.0,0,0.0,0,0.0,0
198,/uploads/vendor_invoices/1787816230114-819225397.pdf,,,PURCHASE,ISSUED,2026-08-27,,1,153,,,61,SS316 Round Bar_360,1.0,IGST,12.0,428.0,2026-08-27 13:07:07,PINV-2026-0101,PINV-2026-0101,ACME/TEST/1787816229657,27AAACA1234A1Z1,29AAGCB1286Q000,maharashtra,Karnataka,73069090.0,Purchase from Vendor #1 for Order #153,2026-08-27 07:37:06.942029,,,,0,Apex Industrial Technologies Pvt Ltd,AAACA1234A,,Infoproys Commerce Private Limited,ABCDE1234F,"{""city"": ""Bengaluru"", ""country"": ""India"", ""district"": ""Bengaluru"", ""landmark"": ""Near City Mall"", ""postalCode"": ""560001"", ""addressLine1"": ""Office No 12, Tech Park Road"", ""addressLine2"": ""Phase 2, Business District""}",SKU_360,Jindal,2026-08-27,756.0,75600,756.0,75600,756.0,75600,0.0,0,0.0,0,0.0,0,0.0,0,0.0,0,0.0,0,756.0,75600,756.0,75600,0.0,0,0.0,0,90.72,9072,0.0,0,0.0,0,90.72,9072,0.0,0,0.0,0,0.0,0,0.0,0,0.0,0,0.0,0,0.0,0,0.0,0,846.72,84672,0.0,0,0.0,0,0.0,0
199,/uploads/vendor_invoices/1787829181521-738886901.pdf,,,PURCHASE,ISSUED,2026-08-27,,3,199,,,27,Stainless Spring Clamp,1.0,IGST,18.0,432.0,2026-08-27 16:40:20,PINV-2026-0102,PINV-2026-0102,ACME/1234567,27AABCN4587K1Z5,29AAGCB1286Q000,maharashtra,Karnataka,73269099.0,Purchase from Vendor #3 for Order #199,2026-08-27 11:10:20.234596,,,,0,Nexora Industrial solution pvt. Ltd,AABCN4587K,,Infoproys Commerce Private Limited,ABCDE1234F,"{""city"": ""Bengaluru"", ""country"": ""India"", ""district"": ""Bengaluru"", ""landmark"": ""Near City Mall"", ""postalCode"": ""560001"", ""addressLine1"": ""Office No 12, Tech Park Road"", ""addressLine2"": ""Phase 2, Business District""}",JSL-SPC-304-25,Jindal,2026-08-27,999.0,99900,999.0,99900,999.0,99900,0.0,0,0.0,0,0.0,0,0.0,0,0.0,0,0.0,0,999.0,99900,999.0,99900,0.0,0,0.0,0,179.82,17982,0.0,0,0.0,0,179.82,17982,0.0,0,0.0,0,0.0,0,0.0,0,0.0,0,0.0,0,0.0,0,0.0,0,1178.82,117882,0.0,0,0.0,0,0.0,0
200,,,,SALES,ISSUED,2026-08-27,6.0,3,199,123.0,,27,Stainless Spring Clamp,1.0,IGST,18.0,433.0,2026-08-27 17:03:54,,SINV-2026-0068,,29AAGCB1286Q000,,Karnataka,Maharashtra,73269099.0,Sales invoice for Order #199 to Customer #6,2026-08-27 11:33:53.450806,,,,0,Infoproys Commerce Private Limited,ABCDE1234F,"{""city"": ""Bengaluru"", ""country"": ""India"", ""district"": ""Bengaluru"", ""landmark"": ""Near City Mall"", ""postalCode"": ""560001"", ""addressLine1"": ""Office No 12, Tech Park Road"", ""addressLine2"": ""Phase 2, Business District""}",Smita,,"{""city"": ""Pune"", ""country"": ""India"", ""postalCode"": ""411057"", ""addressLine1"": ""Pune"", ""addressLine2"": ""Wakad""}",JSL-SPC-304-25,Jindal,,1074.0,107400,1074.0,107400,0.0,0,0.0,0,0.0,0,0.0,0,0.0,0,0.0,0,0.0,0,1074.0,107400,1074.0,107400,0.0,0,0.0,0,208.71,20871,0.0,0,0.0,0,193.32,19332,85.5,8550,0.0,0,0.0,0,15.39,1539,0.0,0,0.0,0,0.0,0,0.0,0,1368.21,136821,0.0,0,0.0,0,0.0,0
201,/uploads/vendor_invoices/1787985062162-159011491.pdf,,,PURCHASE,ISSUED,2026-08-29,,1,201,,,60,Ball Valve 2 Inch_251,1.0,IGST,12.0,437.0,2026-08-29 12:00:29,PINV-2026-0103,PINV-2026-0103,fsdsdf,27AAACA1234A1Z1,29AAGCB1286Q000,maharashtra,Karnataka,73069090.0,Purchase from Vendor #1 for Order #201,2026-08-29 06:30:28.520855,,,,0,Apex Industrial Technologies Pvt Ltd,AAACA1234A,,Infoproys Commerce Private Limited,ABCDE1234F,"{""city"": ""Bengaluru"", ""country"": ""India"", ""district"": ""Bengaluru"", ""landmark"": ""Near City Mall"", ""postalCode"": ""560001"", ""addressLine1"": ""Office No 12, Tech Park Road"", ""addressLine2"": ""Phase 2, Business District""}",SKU_251,Jindal,2026-08-29,2835.0,283500,2835.0,283500,2835.0,283500,0.0,0,0.0,0,0.0,0,0.0,0,0.0,0,0.0,0,2835.0,283500,2835.0,283500,0.0,0,0.0,0,340.2,34020,0.0,0,0.0,0,340.2,34020,0.0,0,0.0,0,0.0,0,0.0,0,0.0,0,0.0,0,0.0,0,0.0,0,3175.2,317520,0.0,0,0.0,0,0.0,0
202,,,,SALES,ISSUED,2026-08-29,6.0,1,201,124.0,,60,Ball Valve 2 Inch_251,1.0,IGST,12.0,438.0,2026-08-29 12:02:04,,SINV-2026-0069,,29AAGCB1286Q000,,Karnataka,Maharashtra,73069090.0,Sales invoice for Order #201 to Customer #6,2026-08-29 06:32:03.883358,,,,0,Infoproys Commerce Private Limited,ABCDE1234F,"{""city"": ""Bengaluru"", ""country"": ""India"", ""district"": ""Bengaluru"", ""landmark"": ""Near City Mall"", ""postalCode"": ""560001"", ""addressLine1"": ""Office No 12, Tech Park Road"", ""addressLine2"": ""Phase 2, Business District""}",Smita,,"{""city"": ""Pune"", ""country"": ""India"", ""postalCode"": ""411057"", ""addressLine1"": ""Pune"", ""addressLine2"": ""Wakad""}",SKU_251,Jindal,,2885.0,288500,2885.0,288500,0.0,0,0.0,0,0.0,0,0.0,0,0.0,0,0.0,0,0.0,0,2885.0,288500,2885.0,288500,0.0,0,0.0,0,361.59,36159,0.0,0,0.0,0,346.2,34620,85.5,8550,0.0,0,0.0,0,15.39,1539,0.0,0,0.0,0,0.0,0,0.0,0,3332.09,333209,0.0,0,0.0,0,0.0,0
203,/uploads/vendor_invoices/1787987801999-84564683.pdf,,,PURCHASE,ISSUED,2026-08-29,,1,204,,,62,GI Angle_677,1.0,IGST,12.0,441.0,2026-08-29 12:45:55,PINV-2026-0104,PINV-2026-0104,xfsfsd,27AAACA1234A1Z1,29AAGCB1286Q000,maharashtra,Karnataka,73069090.0,Purchase from Vendor #1 for Order #204,2026-08-29 07:15:54.882005,,,,0,Apex Industrial Technologies Pvt Ltd,AAACA1234A,,Infoproys Commerce Private Limited,ABCDE1234F,"{""city"": ""Bengaluru"", ""country"": ""India"", ""district"": ""Bengaluru"", ""landmark"": ""Near City Mall"", ""postalCode"": ""560001"", ""addressLine1"": ""Office No 12, Tech Park Road"", ""addressLine2"": ""Phase 2, Business District""}",SKU_677,JSW Steel,2026-08-29,1.0,100,1.0,100,1.0,100,0.0,0,0.0,0,0.0,0,0.0,0,0.0,0,0.0,0,1.0,100,1.0,100,0.0,0,0.0,0,0.12,12,0.0,0,0.0,0,0.12,12,0.0,0,0.0,0,0.0,0,0.0,0,0.0,0,0.0,0,0.0,0,0.0,0,1.12,112,0.0,0,0.0,0,0.0,0
204,,,,SALES,ISSUED,2026-08-29,6.0,1,204,125.0,,62,GI Angle_677,1.0,IGST,12.0,442.0,2026-08-29 12:48:34,,SINV-2026-0070,,29AAGCB1286Q000,,Karnataka,Maharashtra,73069090.0,Sales invoice for Order #204 to Customer #6,2026-08-29 07:18:33.425746,,,,0,Infoproys Commerce Private Limited,ABCDE1234F,"{""city"": ""Bengaluru"", ""country"": ""India"", ""district"": ""Bengaluru"", ""landmark"": ""Near City Mall"", ""postalCode"": ""560001"", ""addressLine1"": ""Office No 12, Tech Park Road"", ""addressLine2"": ""Phase 2, Business District""}",Smita,,"{""city"": ""Pune"", ""country"": ""India"", ""postalCode"": ""411057"", ""addressLine1"": ""Pune"", ""addressLine2"": ""Wakad""}",SKU_677,JSW Steel,,1.2,120,1.2,120,0.0,0,0.0,0,0.0,0,0.0,0,0.0,0,0.0,0,0.0,0,1.2,120,1.2,120,0.0,0,0.0,0,15.53,1553,0.0,0,0.0,0,0.14,14,85.5,8550,0.0,0,0.0,0,15.39,1539,0.0,0,0.0,0,0.0,0,0.0,0,102.23,10223,0.0,0,0.0,0,0.0,0
205,,,,CREDIT_NOTE,ISSUED,2026-08-29,6.0,1,204,,204.0,62,GI Angle_677,1.0,IGST,12.0,447.0,,,CN-2026-0018,,29AAGCB1286Q000,,Karnataka,Maharashtra,73069090.0,Credit note for returned Order #204,2026-08-29 08:09:23.268589,ORDER_RETURNED,2026-08-29,2026-08-29,0,Infoproys Commerce Private Limited,ABCDE1234F,"{""city"": ""Bengaluru"", ""country"": ""India"", ""district"": ""Bengaluru"", ""landmark"": ""Near City Mall"", ""postalCode"": ""560001"", ""addressLine1"": ""Office No 12, Tech Park Road"", ""addressLine2"": ""Phase 2, Business District""}",Smita,,"{""city"": ""Pune"", ""country"": ""India"", ""postalCode"": ""411057"", ""addressLine1"": ""Pune"", ""addressLine2"": ""Wakad""}",SKU_677,JSW Steel,,-1.2,-120,-1.2,-120,0.0,0,0.0,0,0.0,0,0.0,0,0.0,0,0.0,0,0.0,0,-1.2,-120,-1.2,-120,0.0,0,0.0,0,-15.53,-1553,0.0,0,0.0,0,-0.14,-14,-85.5,-8550,0.0,0,0.0,0,-15.39,-1539,0.0,0,0.0,0,0.0,0,0.0,0,-102.23,-10223,0.0,0,0.0,0,0.0,0
206,,,,DEBIT_NOTE,ISSUED,2026-08-29,,1,204,,203.0,62,GI Angle_677,1.0,IGST,12.0,448.0,2026-08-29 13:39:24,DN-2026-0013,DN-2026-0013,,27AAACA1234A1Z1,29AAGCB1286Q000,maharashtra,Karnataka,73069090.0,Debit note for order returned Order #204,2026-08-29 08:09:23.432547,ORDER_RETURNED,2026-08-29,2026-08-29,0,Apex Industrial Technologies Pvt Ltd,AAACA1234A,"{""city"": ""Haveli"", ""country"": ""India"", ""landmark"": ""Pune1"", ""postalCode"": ""411016"", ""addressLine1"": ""Pune""}",Infoproys Commerce Private Limited,ABCDE1234F,"{""city"": ""Bengaluru"", ""country"": ""India"", ""district"": ""Bengaluru"", ""landmark"": ""Near City Mall"", ""postalCode"": ""560001"", ""addressLine1"": ""Office No 12, Tech Park Road"", ""addressLine2"": ""Phase 2, Business District""}",SKU_677,JSW Steel,,-1.0,-100,-1.0,-100,-1.0,-100,0.0,0,0.0,0,0.0,0,0.0,0,0.0,0,0.0,0,-1.0,-100,-1.0,-100,0.0,0,0.0,0,-0.12,-12,0.0,0,0.0,0,-0.12,-12,0.0,0,0.0,0,0.0,0,0.0,0,0.0,0,0.0,0,0.0,0,0.0,0,-1.12,-112,0.0,0,0.0,0,0.0,0
207,/uploads/vendor_invoices/1788166760384-467130460.pdf,,,PURCHASE,ISSUED,2026-08-31,,2,205,,,51,H pipe,1.0,IGST,18.0,451.0,2026-08-31 14:28:17,PINV-2026-0105,PINV-2026-0105,vend-inv,27AABCT1234F1Z5,29AAGCB1286Q000,maharashtra,Karnataka,400911.0,Purchase from Vendor #2 for Order #205,2026-08-31 08:58:17.332751,,,,0,Infoprosys,AABCT1234F,,Infoproys Commerce Private Limited,ABCDE1234F,"{""city"": ""Bengaluru"", ""country"": ""India"", ""district"": ""Bengaluru"", ""landmark"": ""Near City Mall"", ""postalCode"": ""560001"", ""addressLine1"": ""Office No 12, Tech Park Road"", ""addressLine2"": ""Phase 2, Business District""}",CELAEIC004BLCK0001_AA,Steelpro,2026-08-31,1725.0,172500,1725.0,172500,1725.0,172500,0.0,0,0.0,0,0.0,0,0.0,0,0.0,0,0.0,0,1725.0,172500,1725.0,172500,0.0,0,0.0,0,310.5,31050,0.0,0,0.0,0,310.5,31050,0.0,0,0.0,0,0.0,0,0.0,0,0.0,0,0.0,0,0.0,0,0.0,0,2035.5,203550,0.0,0,0.0,0,0.0,0
208,,,,SALES,ISSUED,2026-09-01,8.0,2,205,126.0,,51,H pipe,1.0,IGST,18.0,455.0,2026-09-01 14:58:06,,SINV-2026-0071,,29AAGCB1286Q000,,Karnataka,Maharashtra,400911.0,Sales invoice for Order #205 to Customer #8,2026-09-01 09:28:06.346184,,,,0,Infoproys Commerce Private Limited,ABCDE1234F,"{""city"": ""Bengaluru"", ""country"": ""India"", ""district"": ""Bengaluru"", ""landmark"": ""Near City Mall"", ""postalCode"": ""560001"", ""addressLine1"": ""Office No 12, Tech Park Road"", ""addressLine2"": ""Phase 2, Business District""}",kalyan magar,,"{""city"": ""Haveli"", ""country"": ""India"", ""postalCode"": ""411057"", ""addressLine1"": ""Wakad"", ""addressLine2"": ""Pune""}",CELAEIC004BLCK0001_AA,Steelpro,,2075.0,207500,2075.0,207500,0.0,0,0.0,0,0.0,0,0.0,0,0.0,0,0.0,0,0.0,0,2075.0,207500,2075.0,207500,0.0,0,0.0,0,388.89,38889,0.0,0,0.0,0,373.5,37350,85.5,8550,0.0,0,0.0,0,15.39,1539,0.0,0,0.0,0,0.0,0,0.0,0,2549.39,254939,0.0,0,0.0,0,0.0,0
209,,,,PURCHASE,ISSUED,2026-09-02,,3,218,,,16,Hydraulic pipe,1.0,IGST,18.0,464.0,2026-09-02 16:07:22,PINV-2026-0106,PINV-2026-0106,,27AABCN4587K1Z5,29AAGCB1286Q000,maharashtra,Karnataka,400911.0,Purchase from Vendor #3 for Order #218,2026-09-02 10:37:21.617589,,,,0,Nexora Industrial solution pvt. Ltd,AABCN4587K,,Infoproys Commerce Private Limited,ABCDE1234F,"{""city"": ""Bengaluru"", ""country"": ""India"", ""district"": ""Industrial Area"", ""landmark"": ""Near City Mall"", ""postalCode"": ""560001"", ""addressLine1"": ""Office No 12, Tech Park Road"", ""addressLine2"": ""Phase 2, Business District""}",CELAEIC004BLCK0001,Steelpro,,1675.0,167500,1675.0,167500,1675.0,167500,0.0,0,0.0,0,0.0,0,0.0,0,0.0,0,0.0,0,1675.0,167500,1675.0,167500,0.0,0,0.0,0,301.5,30150,0.0,0,0.0,0,301.5,30150,0.0,0,0.0,0,0.0,0,0.0,0,0.0,0,0.0,0,0.0,0,0.0,0,1976.5,197650,0.0,0,0.0,0,0.0,0
210,/uploads/vendor_invoices/c49f225d-646e-4d11-a7b8-16c98e6cf27c.pdf,,,PURCHASE,ISSUED,2026-09-02,,1,217,,,62,GI Angle_677,1.0,IGST,12.0,465.0,2026-09-02 16:48:37,PINV-2026-0107,PINV-2026-0107,ACME/TEST/1788347920163,27AAACA1234A1Z1,29AAGCB1286Q000,maharashtra,Karnataka,73069090.0,Purchase from Vendor #1 for Order #217,2026-09-02 11:18:36.547800,,,,0,Apex Industrial Technologies Pvt Ltd,AAACA1234A,,Infoproys Commerce Private Limited,ABCDE1234F,"{""city"": ""Bengaluru"", ""country"": ""India"", ""district"": ""Industrial Area"", ""landmark"": ""Near City Mall"", ""postalCode"": ""560001"", ""addressLine1"": ""Office No 12, Tech Park Road"", ""addressLine2"": ""Phase 2, Business District""}",SKU_677,JSW Steel,2026-09-02,1.0,100,1.0,100,1.0,100,0.0,0,0.0,0,0.0,0,0.0,0,0.0,0,0.0,0,1.0,100,1.0,100,0.0,0,0.0,0,0.12,12,0.0,0,0.0,0,0.12,12,0.0,0,0.0,0,0.0,0,0.0,0,0.0,0,0.0,0,0.0,0,0.0,0,1.12,112,0.0,0,0.0,0,0.0,0
211,,,,PURCHASE,ISSUED,2026-09-02,,1,212,,,62,GI Angle_677,1.0,IGST,12.0,466.0,2026-09-02 17:07:57,PINV-2026-0108,PINV-2026-0108,,27AAACA1234A1Z1,29AAGCB1286Q000,maharashtra,Karnataka,73069090.0,Purchase from Vendor #1 for Order #212,2026-09-02 11:37:56.828583,,,,0,Apex Industrial Technologies Pvt Ltd,AAACA1234A,,Infoproys Commerce Private Limited,ABCDE1234F,"{""city"": ""Bengaluru"", ""country"": ""India"", ""district"": ""Industrial Area"", ""landmark"": ""Near City Mall"", ""postalCode"": ""560001"", ""addressLine1"": ""Office No 12, Tech Park Road"", ""addressLine2"": ""Phase 2, Business District""}",SKU_677,JSW Steel,,1.0,100,1.0,100,1.0,100,0.0,0,0.0,0,0.0,0,0.0,0,0.0,0,0.0,0,1.0,100,1.0,100,0.0,0,0.0,0,0.12,12,0.0,0,0.0,0,0.12,12,0.0,0,0.0,0,0.0,0,0.0,0,0.0,0,0.0,0,0.0,0,0.0,0,1.12,112,0.0,0,0.0,0,0.0,0
212,/uploads/vendor_invoices/bbdb48db-4bce-4c0b-9bc2-4255b3d8f20c.pdf,,,PURCHASE,ISSUED,2026-09-03,,3,238,,,3,Aluminium Round Tube,1.0,IGST,18.0,470.0,2026-09-03 10:40:27,PINV-2026-0109,PINV-2026-0109,ACMC/03/2026,27AABCN4587K1Z5,29AAGCB1286Q000,maharashtra,Karnataka,760810.0,Purchase from Vendor #3 for Order #238,2026-09-03 05:10:27.107542,,,,0,Nexora Industrial solution pvt. Ltd,AABCN4587K,,Infoproys Commerce Private Limited,ABCDE1234F,"{""city"": ""Bengaluru"", ""country"": ""India"", ""district"": ""Industrial Area"", ""landmark"": ""Near City Mall"", ""postalCode"": ""560001"", ""addressLine1"": ""Office No 12, Tech Park Road"", ""addressLine2"": ""Phase 2, Business District""}",ALT-RT-25MM-0001,AluTech,2026-09-03,1490.0,149000,1490.0,149000,1490.0,149000,0.0,0,0.0,0,0.0,0,0.0,0,0.0,0,0.0,0,1490.0,149000,1490.0,149000,0.0,0,0.0,0,268.2,26820,0.0,0,0.0,0,268.2,26820,0.0,0,0.0,0,0.0,0,0.0,0,0.0,0,0.0,0,0.0,0,0.0,0,1758.2,175820,0.0,0,0.0,0,0.0,0
213,/uploads/vendor_invoices/70ccd0d3-278d-4ab9-a91f-82235f9c21d8.pdf,,,PURCHASE,CANCELLED,2026-09-03,,3,239,,,27,Stainless Spring Clamp,1.0,IGST,18.0,474.0,2026-09-03 11:27:06,PINV-2026-0110,PINV-2026-0110,ACMC/02/2026,27AABCN4587K1Z5,29AAGCB1286Q000,maharashtra,Karnataka,73269099.0,Purchase from Vendor #3 for Order #239,2026-09-03 05:57:05.520440,,,,0,Nexora Industrial solution pvt. Ltd,AABCN4587K,,Infoproys Commerce Private Limited,ABCDE1234F,"{""city"": ""Bengaluru"", ""country"": ""India"", ""district"": ""Industrial Area"", ""landmark"": ""Near City Mall"", ""postalCode"": ""560001"", ""addressLine1"": ""Office No 12, Tech Park Road"", ""addressLine2"": ""Phase 2, Business District""}",JSL-SPC-304-25,Jindal,2026-09-03,999.0,99900,999.0,99900,999.0,99900,0.0,0,0.0,0,0.0,0,0.0,0,0.0,0,0.0,0,999.0,99900,999.0,99900,0.0,0,0.0,0,179.82,17982,0.0,0,0.0,0,179.82,17982,0.0,0,0.0,0,0.0,0,0.0,0,0.0,0,0.0,0,0.0,0,0.0,0,1178.82,117882,0.0,0,0.0,0,0.0,0
214,,,,PURCHASE,ISSUED,2026-09-03,,1,241,,,62,GI Angle_677,1.0,IGST,12.0,476.0,2026-09-03 11:35:41,PINV-2026-0111,PINV-2026-0111,,27AAACA1234A1Z1,29AAGCB1286Q000,maharashtra,Karnataka,73069090.0,Purchase from Vendor #1 for Order #241,2026-09-03 06:05:41.136422,,,,0,Apex Industrial Technologies Pvt Ltd,AAACA1234A,,Infoproys Commerce Private Limited,ABCDE1234F,"{""city"": ""Bengaluru"", ""country"": ""India"", ""district"": ""Industrial Area"", ""landmark"": ""Near City Mall"", ""postalCode"": ""560001"", ""addressLine1"": ""Office No 12, Tech Park Road"", ""addressLine2"": ""Phase 2, Business District""}",SKU_677,JSW Steel,,1.0,100,1.0,100,1.0,100,0.0,0,0.0,0,0.0,0,0.0,0,0.0,0,0.0,0,1.0,100,1.0,100,0.0,0,0.0,0,0.12,12,0.0,0,0.0,0,0.12,12,0.0,0,0.0,0,0.0,0,0.0,0,0.0,0,0.0,0,0.0,0,0.0,0,1.12,112,0.0,0,0.0,0,0.0,0
215,,,,DEBIT_NOTE,ISSUED,2026-09-03,,3,239,,213.0,27,Stainless Spring Clamp,1.0,IGST,18.0,477.0,2026-09-03 11:36:31,DN-2026-0014,DN-2026-0014,,27AABCN4587K1Z5,29AAGCB1286Q000,maharashtra,Karnataka,73269099.0,Debit note for order cancelled Order #239,2026-09-03 06:06:31.155608,ORDER_CANCELLED,2026-09-03,2026-09-03,0,Nexora Industrial solution pvt. Ltd,AABCN4587K,"{""city"": ""Pune"", ""country"": ""India"", ""district"": ""Wakad"", ""postalCode"": ""441057"", ""addressLine1"": ""Wakad, Pune""}",Infoproys Commerce Private Limited,ABCDE1234F,"{""city"": ""Bengaluru"", ""country"": ""India"", ""district"": ""Industrial Area"", ""landmark"": ""Near City Mall"", ""postalCode"": ""560001"", ""addressLine1"": ""Office No 12, Tech Park Road"", ""addressLine2"": ""Phase 2, Business District""}",JSL-SPC-304-25,Jindal,,-999.0,-99900,-999.0,-99900,-999.0,-99900,0.0,0,0.0,0,0.0,0,0.0,0,0.0,0,0.0,0,-999.0,-99900,-999.0,-99900,0.0,0,0.0,0,-179.82,-17982,0.0,0,0.0,0,-179.82,-17982,0.0,0,0.0,0,0.0,0,0.0,0,0.0,0,0.0,0,0.0,0,0.0,0,-1178.82,-117882,0.0,0,0.0,0,0.0,0
216,/uploads/vendor_invoices/b01bb465-caa4-419d-bd64-c850c592f602.pdf,,,PURCHASE,ISSUED,2026-09-03,,3,244,,,16,Hydraulic pipe,1.0,IGST,18.0,482.0,2026-09-03 12:08:04,PINV-2026-0112,PINV-2026-0112,ACMC2026,27AABCN4587K1Z5,29AAGCB1286Q000,maharashtra,Karnataka,400911.0,Purchase from Vendor #3 for Order #244,2026-09-03 06:38:03.598366,,,,0,Nexora Industrial solution pvt. Ltd,AABCN4587K,,Infoproys Commerce Private Limited,ABCDE1234F,"{""city"": ""Bengaluru"", ""country"": ""India"", ""district"": ""Industrial Area"", ""landmark"": ""Near City Mall"", ""postalCode"": ""560001"", ""addressLine1"": ""Office No 12, Tech Park Road"", ""addressLine2"": ""Phase 2, Business District""}",CELAEIC004BLCK0001,Steelpro,2026-09-03,1675.0,167500,1675.0,167500,1675.0,167500,0.0,0,0.0,0,0.0,0,0.0,0,0.0,0,0.0,0,1675.0,167500,1675.0,167500,0.0,0,0.0,0,301.5,30150,0.0,0,0.0,0,301.5,30150,0.0,0,0.0,0,0.0,0,0.0,0,0.0,0,0.0,0,0.0,0,0.0,0,1976.5,197650,0.0,0,0.0,0,0.0,0
217,,,,SALES,ISSUED,2026-09-03,6.0,3,66,53.0,,16,Hydraulic pipe,1.0,IGST,18.0,485.0,2026-09-03 13:43:48,,SINV-2026-0072,,29AAGCB1286Q000,,Karnataka,Maharashtra,400911.0,Sales invoice for Order #66 to Customer #6,2026-09-03 08:13:47.973077,,,,0,Infoproys Commerce Private Limited,ABCDE1234F,"{""city"": ""Bengaluru"", ""country"": ""India"", ""district"": ""Industrial Area"", ""landmark"": ""Near City Mall"", ""postalCode"": ""560001"", ""addressLine1"": ""Office No 12, Tech Park Road"", ""addressLine2"": ""Phase 2, Business District""}",Smita,,"{""city"": ""Haveli"", ""country"": ""India"", ""district"": ""Wakad"", ""postalCode"": ""411057"", ""addressLine1"": ""Pune"", ""addressLine2"": ""Wakad""}",CELAEIC004BLCK0001,Steelpro,,1725.0,172500,1725.0,172500,0.0,0,0.0,0,0.0,0,0.0,0,0.0,0,0.0,0,0.0,0,1725.0,172500,1725.0,172500,0.0,0,0.0,0,325.89,32589,0.0,0,0.0,0,310.5,31050,85.5,8550,0.0,0,0.0,0,15.39,1539,0.0,0,0.0,0,0.0,0,0.0,0,2136.39,213639,0.0,0,0.0,0,0.0,0
218,,,,SALES,ISSUED,2026-09-03,6.0,3,75,62.0,,16,Hydraulic pipe,1.0,IGST,18.0,486.0,2026-09-03 13:43:48,,SINV-2026-0073,,29AAGCB1286Q000,,Karnataka,Maharashtra,400911.0,Sales invoice for Order #75 to Customer #6,2026-09-03 08:13:48.282974,,,,0,Infoproys Commerce Private Limited,ABCDE1234F,"{""city"": ""Bengaluru"", ""country"": ""India"", ""district"": ""Industrial Area"", ""landmark"": ""Near City Mall"", ""postalCode"": ""560001"", ""addressLine1"": ""Office No 12, Tech Park Road"", ""addressLine2"": ""Phase 2, Business District""}",Smita,,"{""city"": ""Haveli"", ""country"": ""India"", ""district"": ""Wakad"", ""postalCode"": ""411057"", ""addressLine1"": ""Pune"", ""addressLine2"": ""Wakad""}",CELAEIC004BLCK0001,Steelpro,,1725.0,172500,1725.0,172500,0.0,0,0.0,0,0.0,0,0.0,0,0.0,0,0.0,0,0.0,0,1725.0,172500,1725.0,172500,0.0,0,0.0,0,325.89,32589,0.0,0,0.0,0,310.5,31050,85.5,8550,0.0,0,0.0,0,15.39,1539,0.0,0,0.0,0,0.0,0,0.0,0,2136.39,213639,0.0,0,0.0,0,0.0,0
219,/uploads/vendor_invoices/36f3cd88-2912-44fc-948f-d88596c1ee6b.pdf,,,PURCHASE,ISSUED,2026-09-03,,3,247,,,27,Stainless Spring Clamp,1.0,IGST,18.0,489.0,2026-09-03 14:10:10,PINV-2026-0113,PINV-2026-0113,ACME032026,27AABCN4587K1Z5,29AAGCB1286Q000,maharashtra,Karnataka,73269099.0,Purchase from Vendor #3 for Order #247,2026-09-03 08:40:09.912665,,,,0,Nexora Industrial solution pvt. Ltd,AABCN4587K,,Infoproys Commerce Private Limited,ABCDE1234F,"{""city"": ""Bengaluru"", ""country"": ""India"", ""district"": ""Industrial Area"", ""landmark"": ""Near City Mall"", ""postalCode"": ""560001"", ""addressLine1"": ""Office No 12, Tech Park Road"", ""addressLine2"": ""Phase 2, Business District""}",JSL-SPC-304-25,Jindal,2026-09-03,999.0,99900,999.0,99900,999.0,99900,0.0,0,0.0,0,0.0,0,0.0,0,0.0,0,0.0,0,999.0,99900,999.0,99900,0.0,0,0.0,0,179.82,17982,0.0,0,0.0,0,179.82,17982,0.0,0,0.0,0,0.0,0,0.0,0,0.0,0,0.0,0,0.0,0,0.0,0,1178.82,117882,0.0,0,0.0,0,0.0,0
220,,,,SALES,ISSUED,2026-09-03,6.0,3,247,144.0,,27,Stainless Spring Clamp,1.0,IGST,18.0,490.0,2026-09-03 14:18:42,,SINV-2026-0074,,29AAGCB1286Q000,,Karnataka,Maharashtra,73269099.0,Sales invoice for Order #247 to Customer #6,2026-09-03 08:48:41.629434,,,,0,Infoproys Commerce Private Limited,ABCDE1234F,"{""city"": ""Bengaluru"", ""country"": ""India"", ""district"": ""Industrial Area"", ""landmark"": ""Near City Mall"", ""postalCode"": ""560001"", ""addressLine1"": ""Office No 12, Tech Park Road"", ""addressLine2"": ""Phase 2, Business District""}",Smita,,"{""city"": ""Haveli"", ""country"": ""India"", ""district"": ""Wakad"", ""postalCode"": ""411057"", ""addressLine1"": ""Pune"", ""addressLine2"": ""Wakad""}",JSL-SPC-304-25,Jindal,,1074.0,107400,1074.0,107400,0.0,0,0.0,0,0.0,0,0.0,0,0.0,0,0.0,0,0.0,0,1074.0,107400,1074.0,107400,0.0,0,0.0,0,208.71,20871,0.0,0,0.0,0,193.32,19332,85.5,8550,0.0,0,0.0,0,15.39,1539,0.0,0,0.0,0,0.0,0,0.0,0,1368.21,136821,0.0,0,0.0,0,0.0,0
221,/uploads/vendor_invoices/565e8107-e1fe-46b4-bcaf-753a09d1aa4f.pdf,,,PURCHASE,ISSUED,2026-09-03,,3,250,,,27,Stainless Spring Clamp,1.0,IGST,18.0,494.0,2026-09-03 14:38:54,PINV-2026-0114,PINV-2026-0114,ACMC/03,27AABCN4587K1Z5,29AAGCB1286Q000,maharashtra,Karnataka,73269099.0,Purchase from Vendor #3 for Order #250,2026-09-03 09:08:53.555111,,,,0,Nexora Industrial solution pvt. Ltd,AABCN4587K,,Infoproys Commerce Private Limited,ABCDE1234F,"{""city"": ""Bengaluru"", ""country"": ""India"", ""district"": ""Industrial Area"", ""landmark"": ""Near City Mall"", ""postalCode"": ""560001"", ""addressLine1"": ""Office No 12, Tech Park Road"", ""addressLine2"": ""Phase 2, Business District""}",JSL-SPC-304-25,Jindal,2026-09-03,999.0,99900,999.0,99900,999.0,99900,0.0,0,0.0,0,0.0,0,0.0,0,0.0,0,0.0,0,999.0,99900,999.0,99900,0.0,0,0.0,0,179.82,17982,0.0,0,0.0,0,179.82,17982,0.0,0,0.0,0,0.0,0,0.0,0,0.0,0,0.0,0,0.0,0,0.0,0,1178.82,117882,0.0,0,0.0,0,0.0,0
222,,,,SALES,ISSUED,2026-09-03,6.0,3,250,146.0,,27,Stainless Spring Clamp,1.0,IGST,18.0,495.0,2026-09-03 14:42:25,,SINV-2026-0075,,29AAGCB1286Q000,,Karnataka,Maharashtra,73269099.0,Sales invoice for Order #250 to Customer #6,2026-09-03 09:12:24.922888,,,,0,Infoproys Commerce Private Limited,ABCDE1234F,"{""city"": ""Bengaluru"", ""country"": ""India"", ""district"": ""Industrial Area"", ""landmark"": ""Near City Mall"", ""postalCode"": ""560001"", ""addressLine1"": ""Office No 12, Tech Park Road"", ""addressLine2"": ""Phase 2, Business District""}",Smita,,"{""city"": ""Haveli"", ""country"": ""India"", ""district"": ""Wakad"", ""postalCode"": ""411057"", ""addressLine1"": ""Pune"", ""addressLine2"": ""Wakad""}",JSL-SPC-304-25,Jindal,,1074.0,107400,1074.0,107400,0.0,0,0.0,0,0.0,0,0.0,0,0.0,0,0.0,0,0.0,0,1074.0,107400,1074.0,107400,0.0,0,0.0,0,208.71,20871,0.0,0,0.0,0,193.32,19332,85.5,8550,0.0,0,0.0,0,15.39,1539,0.0,0,0.0,0,0.0,0,0.0,0,1368.21,136821,0.0,0,0.0,0,0.0,0
223,/uploads/vendor_invoices/a16f6f8c-817d-4210-a09a-ffa32f2494a5.pdf,,,PURCHASE,CANCELLED,2026-09-03,,3,251,,,16,Hydraulic pipe,1.0,IGST,18.0,498.0,2026-09-03 14:46:13,PINV-2026-0115,PINV-2026-0115,ACMC26,27AABCN4587K1Z5,29AAGCB1286Q000,maharashtra,Karnataka,400911.0,Purchase from Vendor #3 for Order #251,2026-09-03 09:16:13.113982,,,,0,Nexora Industrial solution pvt. Ltd,AABCN4587K,,Infoproys Commerce Private Limited,ABCDE1234F,"{""city"": ""Bengaluru"", ""country"": ""India"", ""district"": ""Industrial Area"", ""landmark"": ""Near City Mall"", ""postalCode"": ""560001"", ""addressLine1"": ""Office No 12, Tech Park Road"", ""addressLine2"": ""Phase 2, Business District""}",CELAEIC004BLCK0001,Steelpro,2026-09-03,1675.0,167500,1675.0,167500,1675.0,167500,0.0,0,0.0,0,0.0,0,0.0,0,0.0,0,0.0,0,1675.0,167500,1675.0,167500,0.0,0,0.0,0,301.5,30150,0.0,0,0.0,0,301.5,30150,0.0,0,0.0,0,0.0,0,0.0,0,0.0,0,0.0,0,0.0,0,0.0,0,1976.5,197650,0.0,0,0.0,0,0.0,0
224,,,,SALES,CANCELLED,2026-09-03,6.0,3,251,147.0,,16,Hydraulic pipe,1.0,IGST,18.0,499.0,2026-09-03 14:48:48,,SINV-2026-0076,,29AAGCB1286Q000,,Karnataka,Maharashtra,400911.0,Sales invoice for Order #251 to Customer #6,2026-09-03 09:18:48.084123,,,,0,Infoproys Commerce Private Limited,ABCDE1234F,"{""city"": ""Bengaluru"", ""country"": ""India"", ""district"": ""Industrial Area"", ""landmark"": ""Near City Mall"", ""postalCode"": ""560001"", ""addressLine1"": ""Office No 12, Tech Park Road"", ""addressLine2"": ""Phase 2, Business District""}",Smita,,"{""city"": ""Haveli"", ""country"": ""India"", ""district"": ""Wakad"", ""postalCode"": ""411057"", ""addressLine1"": ""Pune"", ""addressLine2"": ""Wakad""}",CELAEIC004BLCK0001,Steelpro,,1725.0,172500,1725.0,172500,0.0,0,0.0,0,0.0,0,0.0,0,0.0,0,0.0,0,0.0,0,1725.0,172500,1725.0,172500,0.0,0,0.0,0,325.89,32589,0.0,0,0.0,0,310.5,31050,85.5,8550,0.0,0,0.0,0,15.39,1539,0.0,0,0.0,0,0.0,0,0.0,0,2136.39,213639,0.0,0,0.0,0,0.0,0
225,,,,DEBIT_NOTE,ISSUED,2026-09-03,,3,251,,223.0,16,Hydraulic pipe,1.0,IGST,18.0,501.0,2026-09-03 14:58:27,DN-2026-0015,DN-2026-0015,,27AABCN4587K1Z5,29AAGCB1286Q000,maharashtra,Karnataka,400911.0,Debit note for order cancelled Order #251,2026-09-03 09:28:26.835623,ORDER_CANCELLED,2026-09-03,2026-09-03,0,Nexora Industrial solution pvt. Ltd,AABCN4587K,"{""city"": ""Pune"", ""country"": ""India"", ""district"": ""Wakad"", ""postalCode"": ""441057"", ""addressLine1"": ""Wakad, Pune""}",Infoproys Commerce Private Limited,ABCDE1234F,"{""city"": ""Bengaluru"", ""country"": ""India"", ""district"": ""Industrial Area"", ""landmark"": ""Near City Mall"", ""postalCode"": ""560001"", ""addressLine1"": ""Office No 12, Tech Park Road"", ""addressLine2"": ""Phase 2, Business District""}",CELAEIC004BLCK0001,Steelpro,,-1675.0,-167500,-1675.0,-167500,-1675.0,-167500,0.0,0,0.0,0,0.0,0,0.0,0,0.0,0,0.0,0,-1675.0,-167500,-1675.0,-167500,0.0,0,0.0,0,-301.5,-30150,0.0,0,0.0,0,-301.5,-30150,0.0,0,0.0,0,0.0,0,0.0,0,0.0,0,0.0,0,0.0,0,0.0,0,-1976.5,-197650,0.0,0,0.0,0,0.0,0
226,,,,CREDIT_NOTE,ISSUED,2026-09-03,6.0,3,251,,224.0,16,Hydraulic pipe,1.0,IGST,18.0,502.0,,,CN-2026-0019,,29AAGCB1286Q000,,Karnataka,Maharashtra,400911.0,Credit note for cancelled Order #251,2026-09-03 09:28:26.882583,ORDER_CANCELLED,2026-09-03,2026-09-03,0,Infoproys Commerce Private Limited,ABCDE1234F,"{""city"": ""Bengaluru"", ""country"": ""India"", ""district"": ""Industrial Area"", ""landmark"": ""Near City Mall"", ""postalCode"": ""560001"", ""addressLine1"": ""Office No 12, Tech Park Road"", ""addressLine2"": ""Phase 2, Business District""}",Smita,,"{""city"": ""Haveli"", ""country"": ""India"", ""district"": ""Wakad"", ""postalCode"": ""411057"", ""addressLine1"": ""Pune"", ""addressLine2"": ""Wakad""}",CELAEIC004BLCK0001,Steelpro,,-1725.0,-172500,-1725.0,-172500,0.0,0,0.0,0,0.0,0,0.0,0,0.0,0,0.0,0,0.0,0,-1725.0,-172500,-1725.0,-172500,0.0,0,0.0,0,-310.5,-31050,0.0,0,0.0,0,-310.5,-31050,0.0,0,0.0,0,0.0,0,0.0,0,0.0,0,0.0,0,0.0,0,0.0,0,-2035.5,-203550,0.0,0,0.0,0,0.0,0
227,,,,PURCHASE,ISSUED,2026-09-03,,1,249,,,62,GI Angle_677,1.0,IGST,12.0,505.0,2026-09-03 15:28:07,PINV-2026-0116,PINV-2026-0116,,27AAACA1234A1Z1,29AAGCB1286Q000,maharashtra,Karnataka,73069090.0,Purchase from Vendor #1 for Order #249,2026-09-03 09:58:06.873487,,,,0,Apex Industrial Technologies Pvt Ltd,AAACA1234A,,Infoproys Commerce Private Limited,ABCDE1234F,"{""city"": ""Bengaluru"", ""country"": ""India"", ""district"": ""Industrial Area"", ""landmark"": ""Near City Mall"", ""postalCode"": ""560001"", ""addressLine1"": ""Office No 12, Tech Park Road"", ""addressLine2"": ""Phase 2, Business District""}",SKU_677,JSW Steel,,1.0,100,1.0,100,1.0,100,0.0,0,0.0,0,0.0,0,0.0,0,0.0,0,0.0,0,1.0,100,1.0,100,0.0,0,0.0,0,0.12,12,0.0,0,0.0,0,0.12,12,0.0,0,0.0,0,0.0,0,0.0,0,0.0,0,0.0,0,0.0,0,0.0,0,1.12,112,0.0,0,0.0,0,0.0,0
228,/uploads/vendor_invoices/6a8c6200-918f-4262-b3b8-5e019db8d49d.pdf,,,PURCHASE,CANCELLED,2026-09-03,,1,254,,,62,GI Angle_677,1.0,IGST,12.0,508.0,2026-09-03 16:24:02,PINV-2026-0117,PINV-2026-0117,INV012545,27AAACA1234A1Z1,29AAGCB1286Q000,maharashtra,Karnataka,73069090.0,Purchase from Vendor #1 for Order #254,2026-09-03 10:54:01.383487,,,,0,Apex Industrial Technologies Pvt Ltd,AAACA1234A,,Infoproys Commerce Private Limited,ABCDE1234F,"{""city"": ""Bengaluru"", ""country"": ""India"", ""district"": ""Industrial Area"", ""landmark"": ""Near City Mall"", ""postalCode"": ""560001"", ""addressLine1"": ""Office No 12, Tech Park Road"", ""addressLine2"": ""Phase 2, Business District""}",SKU_677,JSW Steel,2026-09-03,1.0,100,1.0,100,1.0,100,0.0,0,0.0,0,0.0,0,0.0,0,0.0,0,0.0,0,1.0,100,1.0,100,0.0,0,0.0,0,0.12,12,0.0,0,0.0,0,0.12,12,0.0,0,0.0,0,0.0,0,0.0,0,0.0,0,0.0,0,0.0,0,0.0,0,1.12,112,0.0,0,0.0,0,0.0,0
229,,,,DEBIT_NOTE,ISSUED,2026-09-03,,1,254,,228.0,62,GI Angle_677,1.0,IGST,12.0,509.0,2026-09-03 16:31:49,DN-2026-0016,DN-2026-0016,,27AAACA1234A1Z1,29AAGCB1286Q000,maharashtra,Karnataka,73069090.0,Debit note for order cancelled Order #254,2026-09-03 11:01:49.383015,ORDER_CANCELLED,2026-09-03,2026-09-03,0,Apex Industrial Technologies Pvt Ltd,AAACA1234A,"{""city"": ""Haveli"", ""country"": ""India"", ""district"": ""Model Colony"", ""landmark"": ""Pune1"", ""postalCode"": ""411016"", ""addressLine1"": ""Pune""}",Infoproys Commerce Private Limited,ABCDE1234F,"{""city"": ""Bengaluru"", ""country"": ""India"", ""district"": ""Industrial Area"", ""landmark"": ""Near City Mall"", ""postalCode"": ""560001"", ""addressLine1"": ""Office No 12, Tech Park Road"", ""addressLine2"": ""Phase 2, Business District""}",SKU_677,JSW Steel,,-1.0,-100,-1.0,-100,-1.0,-100,0.0,0,0.0,0,0.0,0,0.0,0,0.0,0,0.0,0,-1.0,-100,-1.0,-100,0.0,0,0.0,0,-0.12,-12,0.0,0,0.0,0,-0.12,-12,0.0,0,0.0,0,0.0,0,0.0,0,0.0,0,0.0,0,0.0,0,0.0,0,-1.12,-112,0.0,0,0.0,0,0.0,0
230,/uploads/vendor_invoices/f2e816d7-27d5-4f3c-a218-4c0c70ba50d8.pdf,,,PURCHASE,ISSUED,2026-09-03,,1,256,,,59,Butterfly Valve Pneumatic_691,1.0,IGST,12.0,512.0,2026-09-03 16:35:16,PINV-2026-0118,PINV-2026-0118,INV54645,27AAACA1234A1Z1,29AAGCB1286Q000,maharashtra,Karnataka,73069090.0,Purchase from Vendor #1 for Order #256,2026-09-03 11:05:16.118927,,,,0,Apex Industrial Technologies Pvt Ltd,AAACA1234A,,Infoproys Commerce Private Limited,ABCDE1234F,"{""city"": ""Bengaluru"", ""country"": ""India"", ""district"": ""Industrial Area"", ""landmark"": ""Near City Mall"", ""postalCode"": ""560001"", ""addressLine1"": ""Office No 12, Tech Park Road"", ""addressLine2"": ""Phase 2, Business District""}",SKU_691,APL Apollo,2026-09-03,9505.0,950500,9505.0,950500,9505.0,950500,0.0,0,0.0,0,0.0,0,0.0,0,0.0,0,0.0,0,9505.0,950500,9505.0,950500,0.0,0,0.0,0,1140.6,114060,0.0,0,0.0,0,1140.6,114060,0.0,0,0.0,0,0.0,0,0.0,0,0.0,0,0.0,0,0.0,0,0.0,0,10645.6,1064560,0.0,0,0.0,0,0.0,0
231,,,,SALES,ISSUED,2026-09-03,14.0,1,256,152.0,,59,Butterfly Valve Pneumatic_691,1.0,IGST,12.0,513.0,2026-09-03 16:37:50,,SINV-2026-0077,,29AAGCB1286Q000,,Karnataka,Maharashtra,73069090.0,Sales invoice for Order #256 to Customer #14,2026-09-03 11:07:49.752127,,,,0,Infoproys Commerce Private Limited,ABCDE1234F,"{""city"": ""Bengaluru"", ""country"": ""India"", ""district"": ""Industrial Area"", ""landmark"": ""Near City Mall"", ""postalCode"": ""560001"", ""addressLine1"": ""Office No 12, Tech Park Road"", ""addressLine2"": ""Phase 2, Business District""}",Dnyaneshwar Panchal,,"{""city"": ""Purna"", ""country"": ""India"", ""district"": ""Dhangar Takli"", ""postalCode"": ""431511"", ""addressLine1"": ""At.Post. Dhangar Takli Tq.Purna Dist.Parbhani"", ""addressLine2"": ""Near Ram Temple""}",SKU_691,APL Apollo,,9555.0,955500,9555.0,955500,0.0,0,0.0,0,0.0,0,0.0,0,0.0,0,0.0,0,0.0,0,9555.0,955500,9555.0,955500,0.0,0,0.0,0,1161.99,116199,0.0,0,0.0,0,1146.6,114660,85.5,8550,0.0,0,0.0,0,15.39,1539,0.0,0,0.0,0,0.0,0,0.0,0,10802.49,1080249,0.0,0,0.0,0,0.0,0
232,/uploads/vendor_invoices/9ac7534d-411f-4e44-abfd-bd4dfb37653e.pdf,,,PURCHASE,ISSUED,2026-09-03,,1,258,,,60,Ball Valve 2 Inch_251,1.0,IGST,12.0,516.0,2026-09-03 16:44:12,PINV-2026-0119,PINV-2026-0119,nggfghf,27AAACA1234A1Z1,29AAGCB1286Q000,maharashtra,Karnataka,73069090.0,Purchase from Vendor #1 for Order #258,2026-09-03 11:14:11.476213,,,,0,Apex Industrial Technologies Pvt Ltd,AAACA1234A,,Infoproys Commerce Private Limited,ABCDE1234F,"{""city"": ""Bengaluru"", ""country"": ""India"", ""district"": ""Industrial Area"", ""landmark"": ""Near City Mall"", ""postalCode"": ""560001"", ""addressLine1"": ""Office No 12, Tech Park Road"", ""addressLine2"": ""Phase 2, Business District""}",SKU_251,Jindal,2026-09-03,2835.0,283500,2835.0,283500,2835.0,283500,0.0,0,0.0,0,0.0,0,0.0,0,0.0,0,0.0,0,2835.0,283500,2835.0,283500,0.0,0,0.0,0,340.2,34020,0.0,0,0.0,0,340.2,34020,0.0,0,0.0,0,0.0,0,0.0,0,0.0,0,0.0,0,0.0,0,0.0,0,3175.2,317520,0.0,0,0.0,0,0.0,0
233,,,,SALES,ISSUED,2026-09-03,14.0,1,258,153.0,,60,Ball Valve 2 Inch_251,1.0,IGST,12.0,517.0,2026-09-03 16:45:45,,SINV-2026-0078,,29AAGCB1286Q000,,Karnataka,Maharashtra,73069090.0,Sales invoice for Order #258 to Customer #14,2026-09-03 11:15:44.942141,,,,0,Infoproys Commerce Private Limited,ABCDE1234F,"{""city"": ""Bengaluru"", ""country"": ""India"", ""district"": ""Industrial Area"", ""landmark"": ""Near City Mall"", ""postalCode"": ""560001"", ""addressLine1"": ""Office No 12, Tech Park Road"", ""addressLine2"": ""Phase 2, Business District""}",Dnyaneshwar Panchal,,"{""city"": ""Purna"", ""country"": ""India"", ""district"": ""Dhangar Takli"", ""postalCode"": ""431511"", ""addressLine1"": ""At.Post. Dhangar Takli Tq.Purna Dist.Parbhani"", ""addressLine2"": ""Near Ram Temple""}",SKU_251,Jindal,,2885.0,288500,2885.0,288500,0.0,0,0.0,0,0.0,0,0.0,0,0.0,0,0.0,0,0.0,0,2885.0,288500,2885.0,288500,0.0,0,0.0,0,361.59,36159,0.0,0,0.0,0,346.2,34620,85.5,8550,0.0,0,0.0,0,15.39,1539,0.0,0,0.0,0,0.0,0,0.0,0,3332.09,333209,0.0,0,0.0,0,0.0,0
234,/uploads/vendor_invoices/4886ee1f-5f4c-4b33-8b86-f1fab5c1e4ea.pdf,,,PURCHASE,ISSUED,2026-09-03,,1,261,,,61,SS316 Round Bar_360,1.0,IGST,12.0,520.0,2026-09-03 17:59:45,PINV-2026-0120,PINV-2026-0120,ACME/TEST/1788438586776,27AAACA1234A1Z1,29AAGCB1286Q000,maharashtra,Karnataka,73069090.0,Purchase from Vendor #1 for Order #261,2026-09-03 12:29:44.438512,,,,0,Apex Industrial Technologies Pvt Ltd,AAACA1234A,,Infoproys Commerce Private Limited,ABCDE1234F,"{""city"": ""Bengaluru"", ""country"": ""India"", ""district"": ""Industrial Area"", ""landmark"": ""Near City Mall"", ""postalCode"": ""560001"", ""addressLine1"": ""Office No 12, Tech Park Road"", ""addressLine2"": ""Phase 2, Business District""}",SKU_360,Jindal,2026-09-03,756.0,75600,256.0,25600,756.0,75600,500.0,50000,0.0,0,500.0,50000,0.0,0,0.0,0,0.0,0,756.0,75600,256.0,25600,0.0,0,0.0,0,30.72,3072,0.0,0,0.0,0,30.72,3072,0.0,0,0.0,0,0.0,0,0.0,0,0.0,0,0.0,0,0.0,0,0.0,0,286.72,28672,0.0,0,0.0,0,0.0,0
235,/uploads/vendor_invoices/a4a6e54d-ffab-41b9-a688-d96b0f5fc924.pdf,,,PURCHASE,ISSUED,2026-09-03,,1,248,,,61,SS316 Round Bar_360,1.0,IGST,12.0,521.0,2026-09-03 18:08:53,PINV-2026-0121,PINV-2026-0121,ACME/TEST/1788439136357,27AAACA1234A1Z1,29AAGCB1286Q000,maharashtra,Karnataka,73069090.0,Purchase from Vendor #1 for Order #248,2026-09-03 12:38:53.021182,,,,0,Apex Industrial Technologies Pvt Ltd,AAACA1234A,,Infoproys Commerce Private Limited,ABCDE1234F,"{""city"": ""Bengaluru"", ""country"": ""India"", ""district"": ""Industrial Area"", ""landmark"": ""Near City Mall"", ""postalCode"": ""560001"", ""addressLine1"": ""Office No 12, Tech Park Road"", ""addressLine2"": ""Phase 2, Business District""}",SKU_360,Jindal,2026-09-03,756.0,75600,256.0,25600,756.0,75600,500.0,50000,0.0,0,500.0,50000,0.0,0,0.0,0,0.0,0,756.0,75600,256.0,25600,0.0,0,0.0,0,30.72,3072,0.0,0,0.0,0,30.72,3072,0.0,0,0.0,0,0.0,0,0.0,0,0.0,0,0.0,0,0.0,0,0.0,0,286.72,28672,0.0,0,0.0,0,0.0,0
236,/uploads/vendor_invoices/937a67a3-7614-4bd6-a51d-15eb6fc7d7ee.pdf,,,PURCHASE,ISSUED,2026-09-03,,1,263,,,62,GI Angle_677,1.0,IGST,12.0,524.0,2026-09-03 19:29:04,PINV-2026-0122,PINV-2026-0122,INV566559,27AAACA1234A1Z1,29AAGCB1286Q000,maharashtra,Karnataka,73069090.0,Purchase from Vendor #1 for Order #263,2026-09-03 13:59:03.934917,,,,0,Apex Industrial Technologies Pvt Ltd,AAACA1234A,,Infoproys Commerce Private Limited,ABCDE1234F,"{""city"": ""Bengaluru"", ""country"": ""India"", ""district"": ""Industrial Area"", ""landmark"": ""Near City Mall"", ""postalCode"": ""560001"", ""addressLine1"": ""Office No 12, Tech Park Road"", ""addressLine2"": ""Phase 2, Business District""}",SKU_677,JSW Steel,2026-09-03,1.0,100,1.0,100,1.0,100,0.0,0,0.0,0,0.0,0,0.0,0,0.0,0,0.0,0,1.0,100,1.0,100,0.0,0,0.0,0,0.12,12,0.0,0,0.0,0,0.12,12,0.0,0,0.0,0,0.0,0,0.0,0,0.0,0,0.0,0,0.0,0,0.0,0,1.12,112,0.0,0,0.0,0,0.0,0
237,/uploads/vendor_invoices/157917e4-fd68-4de4-8c18-3de97682db6f.pdf,,,PURCHASE,ISSUED,2026-09-04,,6,264,,,82,High-Flow Stainless Steel Bag Filter Housing,1.0,CGST_SGST,18.0,527.0,2026-09-04 09:44:06,PINV-2026-0123,PINV-2026-0123,INV13556559,29ABCDE1234F1Z5,29AAGCB1286Q000,karnataka,Karnataka,84184090.0,Purchase from Vendor #6 for Order #264,2026-09-04 04:14:06.342584,,,,0,Appears Industrial Technologies Pvt Ltd,ABCDE1234F,,Infoproys Commerce Private Limited,ABCDE1234F,"{""city"": ""Bengaluru"", ""country"": ""India"", ""district"": ""Industrial Area"", ""landmark"": ""Near City Mall"", ""postalCode"": ""560001"", ""addressLine1"": ""Office No 12, Tech Park Road"", ""addressLine2"": ""Phase 2, Business District""}",V0-HIGH-FLOWS-METALLIC-POLYPROP-40-INCH-200-MM-16,,2026-09-03,28500.0,2850000,28500.0,2850000,28500.0,2850000,0.0,0,0.0,0,0.0,0,0.0,0,0.0,0,0.0,0,28500.0,2850000,28500.0,2850000,2565.0,256500,2565.0,256500,0.0,0,2565.0,256500,2565.0,256500,0.0,0,0.0,0,0.0,0,0.0,0,0.0,0,0.0,0,0.0,0,0.0,0,0.0,0,33630.0,3363000,0.0,0,0.0,0,0.0,0
238,,,,SALES,ISSUED,2026-09-04,14.0,6,264,157.0,,82,High-Flow Stainless Steel Bag Filter Housing,1.0,IGST,18.0,528.0,2026-09-04 09:47:22,,SINV-2026-0079,,29AAGCB1286Q000,,Karnataka,Maharashtra,84184090.0,Sales invoice for Order #264 to Customer #14,2026-09-04 04:17:22.026826,,,,0,Infoproys Commerce Private Limited,ABCDE1234F,"{""city"": ""Bengaluru"", ""country"": ""India"", ""district"": ""Industrial Area"", ""landmark"": ""Near City Mall"", ""postalCode"": ""560001"", ""addressLine1"": ""Office No 12, Tech Park Road"", ""addressLine2"": ""Phase 2, Business District""}",Dnyaneshwar Panchal,,"{""city"": ""Purna"", ""country"": ""India"", ""district"": ""Dhangar Takli"", ""postalCode"": ""431511"", ""addressLine1"": ""At.Post. Dhangar Takli Tq.Purna Dist.Parbhani"", ""addressLine2"": ""Near Ram Temple""}",V0-HIGH-FLOWS-METALLIC-POLYPROP-40-INCH-200-MM-16,,,29000.0,2900000,29000.0,2900000,0.0,0,0.0,0,0.0,0,0.0,0,0.0,0,0.0,0,0.0,0,29000.0,2900000,29000.0,2900000,0.0,0,0.0,0,5235.39,523539,0.0,0,0.0,0,5220.0,522000,85.5,8550,0.0,0,0.0,0,15.39,1539,0.0,0,0.0,0,0.0,0,0.0,0,34320.89,3432089,0.0,0,0.0,0,0.0,0
239,/uploads/vendor_invoices/e56ec3cd-dc01-4b9c-9568-072295a67fd2.pdf,,,PURCHASE,ISSUED,2026-09-04,,3,268,,,3,Aluminium Round Tube,1.0,IGST,18.0,534.0,2026-09-04 14:04:17,PINV-2026-0124,PINV-2026-0124,ACMC2026-27,27AABCN4587K1Z5,29AAGCB1286Q000,maharashtra,Karnataka,760810.0,Purchase from Vendor #3 for Order #268,2026-09-04 08:34:16.882322,,,,0,Nexora Industrial solution pvt. Ltd,AABCN4587K,,Infoproys Commerce Private Limited,ABCDE1234F,"{""city"": ""Bengaluru"", ""country"": ""India"", ""district"": ""Industrial Area"", ""landmark"": ""Near City Mall"", ""postalCode"": ""560001"", ""addressLine1"": ""Office No 12, Tech Park Road"", ""addressLine2"": ""Phase 2, Business District""}",ALT-RT-25MM-0001,AluTech,2026-09-04,1490.0,149000,1490.0,149000,1490.0,149000,0.0,0,0.0,0,0.0,0,0.0,0,0.0,0,0.0,0,1490.0,149000,1490.0,149000,0.0,0,0.0,0,268.2,26820,0.0,0,0.0,0,268.2,26820,0.0,0,0.0,0,0.0,0,0.0,0,0.0,0,0.0,0,0.0,0,0.0,0,1758.2,175820,0.0,0,0.0,0,0.0,0
240,,,,SALES,ISSUED,2026-09-04,6.0,3,268,161.0,,3,Aluminium Round Tube,1.0,IGST,18.0,535.0,2026-09-04 14:07:06,,SINV-2026-0080,,29AAGCB1286Q000,,Karnataka,Maharashtra,760810.0,Sales invoice for Order #268 to Customer #6,2026-09-04 08:37:05.826636,,,,0,Infoproys Commerce Private Limited,ABCDE1234F,"{""city"": ""Bengaluru"", ""country"": ""India"", ""district"": ""Industrial Area"", ""landmark"": ""Near City Mall"", ""postalCode"": ""560001"", ""addressLine1"": ""Office No 12, Tech Park Road"", ""addressLine2"": ""Phase 2, Business District""}",Smita,,"{""city"": ""Haveli"", ""country"": ""India"", ""district"": ""Wakad"", ""postalCode"": ""411057"", ""addressLine1"": ""Pune"", ""addressLine2"": ""Wakad""}",ALT-RT-25MM-0001,AluTech,,1565.0,156500,1565.0,156500,0.0,0,0.0,0,0.0,0,0.0,0,0.0,0,0.0,0,0.0,0,1565.0,156500,1565.0,156500,0.0,0,0.0,0,297.09,29709,0.0,0,0.0,0,281.7,28170,85.5,8550,0.0,0,0.0,0,15.39,1539,0.0,0,0.0,0,0.0,0,0.0,0,1947.59,194759,0.0,0,0.0,0,0.0,0
241,,,,CREDIT_NOTE,ISSUED,2026-09-04,6.0,3,268,,240.0,3,Aluminium Round Tube,1.0,IGST,18.0,538.0,,,CN-2026-0020,,29AAGCB1286Q000,,Karnataka,Maharashtra,760810.0,Credit note for returned Order #268,2026-09-04 09:07:33.675453,ORDER_RETURNED,2026-09-04,2026-09-04,0,Infoproys Commerce Private Limited,ABCDE1234F,"{""city"": ""Bengaluru"", ""country"": ""India"", ""district"": ""Industrial Area"", ""landmark"": ""Near City Mall"", ""postalCode"": ""560001"", ""addressLine1"": ""Office No 12, Tech Park Road"", ""addressLine2"": ""Phase 2, Business District""}",Smita,,"{""city"": ""Haveli"", ""country"": ""India"", ""district"": ""Wakad"", ""postalCode"": ""411057"", ""addressLine1"": ""Pune"", ""addressLine2"": ""Wakad""}",ALT-RT-25MM-0001,AluTech,,-1565.0,-156500,-1565.0,-156500,0.0,0,0.0,0,0.0,0,0.0,0,0.0,0,0.0,0,0.0,0,-1565.0,-156500,-1565.0,-156500,0.0,0,0.0,0,-281.7,-28170,0.0,0,0.0,0,-281.7,-28170,0.0,0,0.0,0,0.0,0,0.0,0,0.0,0,0.0,0,0.0,0,0.0,0,-1846.7,-184670,0.0,0,0.0,0,0.0,0
242,,,,DEBIT_NOTE,ISSUED,2026-09-04,,3,268,,239.0,3,Aluminium Round Tube,1.0,IGST,18.0,539.0,2026-09-04 14:37:34,DN-2026-0017,DN-2026-0017,,27AABCN4587K1Z5,29AAGCB1286Q000,maharashtra,Karnataka,760810.0,Debit note for order returned Order #268,2026-09-04 09:07:33.797678,ORDER_RETURNED,2026-09-04,2026-09-04,0,Nexora Industrial solution pvt. Ltd,AABCN4587K,"{""city"": ""Pune"", ""country"": ""India"", ""district"": ""Wakad"", ""postalCode"": ""441057"", ""addressLine1"": ""Wakad, Pune""}",Infoproys Commerce Private Limited,ABCDE1234F,"{""city"": ""Bengaluru"", ""country"": ""India"", ""district"": ""Industrial Area"", ""landmark"": ""Near City Mall"", ""postalCode"": ""560001"", ""addressLine1"": ""Office No 12, Tech Park Road"", ""addressLine2"": ""Phase 2, Business District""}",ALT-RT-25MM-0001,AluTech,,-1490.0,-149000,-1490.0,-149000,-1490.0,-149000,0.0,0,0.0,0,0.0,0,0.0,0,0.0,0,0.0,0,-1490.0,-149000,-1490.0,-149000,0.0,0,0.0,0,-268.2,-26820,0.0,0,0.0,0,-268.2,-26820,0.0,0,0.0,0,0.0,0,0.0,0,0.0,0,0.0,0,0.0,0,0.0,0,-1758.2,-175820,0.0,0,0.0,0,0.0,0
243,/uploads/vendor_invoices/f1f6c6b0-9e73-4871-b57e-4ec6bcf0acc7.pdf,,,PURCHASE,ISSUED,2026-09-04,,3,269,,,27,Stainless Spring Clamp,1.0,IGST,18.0,542.0,2026-09-04 15:55:29,PINV-2026-0125,PINV-2026-0125,ACMC-11,27AABCN4587K1Z5,29AAGCB1286Q000,maharashtra,Karnataka,73269099.0,Purchase from Vendor #3 for Order #269,2026-09-04 10:25:28.938331,,,,0,Nexora Industrial solution pvt. Ltd,AABCN4587K,,Infoproys Commerce Private Limited,ABCDE1234F,"{""city"": ""Bengaluru"", ""country"": ""India"", ""district"": ""Industrial Area"", ""landmark"": ""Near City Mall"", ""postalCode"": ""560001"", ""addressLine1"": ""Office No 12, Tech Park Road"", ""addressLine2"": ""Phase 2, Business District""}",JSL-SPC-304-25,Jindal,2026-09-04,999.0,99900,999.0,99900,999.0,99900,0.0,0,0.0,0,0.0,0,0.0,0,0.0,0,0.0,0,999.0,99900,999.0,99900,0.0,0,0.0,0,179.82,17982,0.0,0,0.0,0,179.82,17982,0.0,0,0.0,0,0.0,0,0.0,0,0.0,0,0.0,0,0.0,0,0.0,0,1178.82,117882,0.0,0,0.0,0,0.0,0
244,,,,SALES,ISSUED,2026-09-04,6.0,3,269,162.0,,27,Stainless Spring Clamp,1.0,IGST,18.0,543.0,2026-09-04 15:59:18,,SINV-2026-0081,,29AAGCB1286Q000,,Karnataka,Maharashtra,73269099.0,Sales invoice for Order #269 to Customer #6,2026-09-04 10:29:17.583713,,,,0,Infoproys Commerce Private Limited,ABCDE1234F,"{""city"": ""Bengaluru"", ""country"": ""India"", ""district"": ""Industrial Area"", ""landmark"": ""Near City Mall"", ""postalCode"": ""560001"", ""addressLine1"": ""Office No 12, Tech Park Road"", ""addressLine2"": ""Phase 2, Business District""}",Smita,,"{""city"": ""Haveli"", ""country"": ""India"", ""district"": ""Wakad"", ""postalCode"": ""411057"", ""addressLine1"": ""Pune"", ""addressLine2"": ""Wakad""}",JSL-SPC-304-25,Jindal,,1074.0,107400,1074.0,107400,0.0,0,0.0,0,0.0,0,0.0,0,0.0,0,0.0,0,0.0,0,1074.0,107400,1074.0,107400,0.0,0,0.0,0,208.71,20871,0.0,0,0.0,0,193.32,19332,85.5,8550,0.0,0,0.0,0,15.39,1539,0.0,0,0.0,0,0.0,0,0.0,0,1368.21,136821,0.0,0,0.0,0,0.0,0
245,/uploads/vendor_invoices/9ffb24e1-8af2-4210-b984-2a0dc1a68280.pdf,,,PURCHASE,ISSUED,2026-09-04,,3,270,,,3,Aluminium Round Tube,1.0,IGST,18.0,546.0,2026-09-04 16:15:03,PINV-2026-0126,PINV-2026-0126,ACMC-02,27AABCN4587K1Z5,29AAGCB1286Q000,maharashtra,Karnataka,760810.0,Purchase from Vendor #3 for Order #270,2026-09-04 10:45:02.310890,,,,0,Nexora Industrial solution pvt. Ltd,AABCN4587K,,Infoproys Commerce Private Limited,ABCDE1234F,"{""city"": ""Bengaluru"", ""country"": ""India"", ""district"": ""Industrial Area"", ""landmark"": ""Near City Mall"", ""postalCode"": ""560001"", ""addressLine1"": ""Office No 12, Tech Park Road"", ""addressLine2"": ""Phase 2, Business District""}",ALT-RT-25MM-0001,AluTech,2026-09-04,1490.0,149000,1490.0,149000,1490.0,149000,0.0,0,0.0,0,0.0,0,0.0,0,0.0,0,0.0,0,1490.0,149000,1490.0,149000,0.0,0,0.0,0,268.2,26820,0.0,0,0.0,0,268.2,26820,0.0,0,0.0,0,0.0,0,0.0,0,0.0,0,0.0,0,0.0,0,0.0,0,1758.2,175820,0.0,0,0.0,0,0.0,0
246,,,,SALES,ISSUED,2026-09-04,6.0,3,270,163.0,,3,Aluminium Round Tube,1.0,IGST,18.0,548.0,2026-09-04 16:18:10,,SINV-2026-0082,,29AAGCB1286Q000,,Karnataka,Maharashtra,760810.0,Sales invoice for Order #270 to Customer #6,2026-09-04 10:48:09.654243,,,,0,Infoproys Commerce Private Limited,ABCDE1234F,"{""city"": ""Bengaluru"", ""country"": ""India"", ""district"": ""Industrial Area"", ""landmark"": ""Near City Mall"", ""postalCode"": ""560001"", ""addressLine1"": ""Office No 12, Tech Park Road"", ""addressLine2"": ""Phase 2, Business District""}",Smita,,"{""city"": ""Haveli"", ""country"": ""India"", ""district"": ""Wakad"", ""postalCode"": ""411057"", ""addressLine1"": ""Pune"", ""addressLine2"": ""Wakad""}",ALT-RT-25MM-0001,AluTech,,1565.0,156500,1565.0,156500,0.0,0,0.0,0,0.0,0,0.0,0,0.0,0,0.0,0,0.0,0,1565.0,156500,1565.0,156500,0.0,0,0.0,0,297.09,29709,0.0,0,0.0,0,281.7,28170,85.5,8550,0.0,0,0.0,0,15.39,1539,0.0,0,0.0,0,0.0,0,0.0,0,1947.59,194759,0.0,0,0.0,0,0.0,0
247,/uploads/vendor_invoices/8ba15451-cdc7-488e-ad5a-03090d4a5dfb.pdf,,,PURCHASE,ISSUED,2026-09-04,,6,271,,,82,High-Flow Stainless Steel Bag Filter Housing,1.0,CGST_SGST,18.0,550.0,2026-09-04 16:18:29,PINV-2026-0127,PINV-2026-0127,INV445766,29ABCDE1234F1Z5,29AAGCB1286Q000,karnataka,Karnataka,84184090.0,Purchase from Vendor #6 for Order #271,2026-09-04 10:48:29.135814,,,,0,Appears Industrial Technologies Pvt Ltd,ABCDE1234F,,Infoproys Commerce Private Limited,ABCDE1234F,"{""city"": ""Bengaluru"", ""country"": ""India"", ""district"": ""Industrial Area"", ""landmark"": ""Near City Mall"", ""postalCode"": ""560001"", ""addressLine1"": ""Office No 12, Tech Park Road"", ""addressLine2"": ""Phase 2, Business District""}",V0-HIGH-FLOWS-METALLIC-POLYPROP-40-INCH-200-MM-16,,2026-09-03,28500.0,2850000,28500.0,2850000,28500.0,2850000,0.0,0,0.0,0,0.0,0,0.0,0,0.0,0,0.0,0,28500.0,2850000,28500.0,2850000,2565.0,256500,2565.0,256500,0.0,0,2565.0,256500,2565.0,256500,0.0,0,0.0,0,0.0,0,0.0,0,0.0,0,0.0,0,0.0,0,0.0,0,0.0,0,33630.0,3363000,0.0,0,0.0,0,0.0,0
248,,,,SALES,ISSUED,2026-09-04,14.0,6,271,164.0,,82,High-Flow Stainless Steel Bag Filter Housing,1.0,IGST,18.0,553.0,2026-09-04 16:21:55,,SINV-2026-0083,,29AAGCB1286Q000,,Karnataka,Maharashtra,84184090.0,Sales invoice for Order #271 to Customer #14,2026-09-04 10:51:55.163631,,,,0,Infoproys Commerce Private Limited,ABCDE1234F,"{""city"": ""Bengaluru"", ""country"": ""India"", ""district"": ""Industrial Area"", ""landmark"": ""Near City Mall"", ""postalCode"": ""560001"", ""addressLine1"": ""Office No 12, Tech Park Road"", ""addressLine2"": ""Phase 2, Business District""}",Dnyaneshwar Panchal,,"{""city"": ""Purna"", ""country"": ""India"", ""district"": ""Dhangar Takli"", ""postalCode"": ""431511"", ""addressLine1"": ""At.Post. Dhangar Takli Tq.Purna Dist.Parbhani"", ""addressLine2"": ""Near Ram Temple""}",V0-HIGH-FLOWS-METALLIC-POLYPROP-40-INCH-200-MM-16,,,29000.0,2900000,29000.0,2900000,0.0,0,0.0,0,0.0,0,0.0,0,0.0,0,0.0,0,0.0,0,29000.0,2900000,29000.0,2900000,0.0,0,0.0,0,5235.39,523539,0.0,0,0.0,0,5220.0,522000,85.5,8550,0.0,0,0.0,0,15.39,1539,0.0,0,0.0,0,0.0,0,0.0,0,34320.89,3432089,0.0,0,0.0,0,0.0,0
249,/uploads/vendor_invoices/5023b0dd-bf58-4281-8a41-631902736bbd.pdf,,,PURCHASE,ISSUED,2026-09-04,,6,272,,,82,High-Flow Stainless Steel Bag Filter Housing,1.0,CGST_SGST,18.0,557.0,2026-09-04 17:46:28,PINV-2026-0128,PINV-2026-0128,INV12426876,29ABCDE1234F1Z5,29AAGCB1286Q000,karnataka,Karnataka,84184090.0,Purchase from Vendor #6 for Order #272,2026-09-04 12:16:27.759718,,,,0,Appears Industrial Technologies Pvt Ltd,ABCDE1234F,,Infoproys Commerce Private Limited,ABCDE1234F,"{""city"": ""Bengaluru"", ""country"": ""India"", ""district"": ""Industrial Area"", ""landmark"": ""Near City Mall"", ""postalCode"": ""560001"", ""addressLine1"": ""Office No 12, Tech Park Road"", ""addressLine2"": ""Phase 2, Business District""}",V0-HIGH-FLOWS-SILVER-SS-304-S-10-INCH-100-MM-01,,2026-09-04,18500.0,1850000,18500.0,1850000,18500.0,1850000,0.0,0,0.0,0,0.0,0,0.0,0,0.0,0,0.0,0,18500.0,1850000,18500.0,1850000,1665.0,166500,1665.0,166500,0.0,0,1665.0,166500,1665.0,166500,0.0,0,0.0,0,0.0,0,0.0,0,0.0,0,0.0,0,0.0,0,0.0,0,0.0,0,21830.0,2183000,0.0,0,0.0,0,0.0,0
250,,,,SALES,ISSUED,2026-09-04,14.0,6,272,165.0,,82,High-Flow Stainless Steel Bag Filter Housing,1.0,IGST,18.0,558.0,2026-09-04 17:49:04,,SINV-2026-0084,,29AAGCB1286Q000,,Karnataka,Maharashtra,84184090.0,Sales invoice for Order #272 to Customer #14,2026-09-04 12:19:03.363888,,,,0,Infoproys Commerce Private Limited,ABCDE1234F,"{""city"": ""Bengaluru"", ""country"": ""India"", ""district"": ""Industrial Area"", ""landmark"": ""Near City Mall"", ""postalCode"": ""560001"", ""addressLine1"": ""Office No 12, Tech Park Road"", ""addressLine2"": ""Phase 2, Business District""}",Dnyaneshwar Panchal,,"{""city"": ""Purna"", ""country"": ""India"", ""district"": ""Dhangar Takli"", ""postalCode"": ""431511"", ""addressLine1"": ""At.Post. Dhangar Takli Tq.Purna Dist.Parbhani"", ""addressLine2"": ""Near Ram Temple""}",V0-HIGH-FLOWS-SILVER-SS-304-S-10-INCH-100-MM-01,,,20000.0,2000000,20000.0,2000000,0.0,0,0.0,0,0.0,0,0.0,0,0.0,0,0.0,0,0.0,0,20000.0,2000000,20000.0,2000000,0.0,0,0.0,0,3615.39,361539,0.0,0,0.0,0,3600.0,360000,85.5,8550,0.0,0,0.0,0,15.39,1539,0.0,0,0.0,0,0.0,0,0.0,0,23700.89,2370089,0.0,0,0.0,0,0.0,0
251,/uploads/vendor_invoices/313c3ff8-2852-480c-adc9-433aea9af414.pdf,,,PURCHASE,ISSUED,2026-09-05,,3,273,,,83,Hydraulic Gear Pump,1.0,IGST,18.0,562.0,2026-09-05 13:59:51,PINV-2026-0129,PINV-2026-0129,ACMC-20,27AABCN4587K1Z5,29AAGCB1286Q000,maharashtra,Karnataka,84136010.0,Purchase from Vendor #3 for Order #273,2026-09-05 08:29:50.478055,,,,0,Nexora Industrial solution pvt. Ltd,AABCN4587K,,Infoproys Commerce Private Limited,ABCDE1234F,"{""city"": ""Bengaluru"", ""country"": ""India"", ""district"": ""Industrial Area"", ""landmark"": ""Near City Mall"", ""postalCode"": ""560001"", ""addressLine1"": ""Office No 12, Tech Park Road"", ""addressLine2"": ""Phase 2, Business District""}",V0-HYDRAULICG-150W-POWDER-C-LED-WARM-BRO-ALUMINIU-ALUMINIU-250W-300MM-200W-01,Generic,2026-09-05,4149.0,414900,4149.0,414900,4149.0,414900,0.0,0,0.0,0,0.0,0,0.0,0,0.0,0,0.0,0,4149.0,414900,4149.0,414900,0.0,0,0.0,0,746.82,74682,0.0,0,0.0,0,746.82,74682,0.0,0,0.0,0,0.0,0,0.0,0,0.0,0,0.0,0,0.0,0,0.0,0,4895.82,489582,0.0,0,0.0,0,0.0,0
252,,,,SALES,ISSUED,2026-09-05,6.0,3,273,166.0,,83,Hydraulic Gear Pump,1.0,IGST,18.0,563.0,2026-09-05 14:04:38,,SINV-2026-0085,,29AAGCB1286Q000,,Karnataka,Maharashtra,84136010.0,Sales invoice for Order #273 to Customer #6,2026-09-05 08:34:37.736808,,,,0,Infoproys Commerce Private Limited,ABCDE1234F,"{""city"": ""Bengaluru"", ""country"": ""India"", ""district"": ""Industrial Area"", ""landmark"": ""Near City Mall"", ""postalCode"": ""560001"", ""addressLine1"": ""Office No 12, Tech Park Road"", ""addressLine2"": ""Phase 2, Business District""}",Smita,,"{""city"": ""Haveli"", ""country"": ""India"", ""district"": ""Wakad"", ""postalCode"": ""411057"", ""addressLine1"": ""Pune"", ""addressLine2"": ""Wakad""}",V0-HYDRAULICG-150W-POWDER-C-LED-WARM-BRO-ALUMINIU-ALUMINIU-250W-300MM-200W-01,Generic,,4274.0,427400,4274.0,427400,0.0,0,0.0,0,0.0,0,0.0,0,0.0,0,0.0,0,0.0,0,4274.0,427400,4274.0,427400,0.0,0,0.0,0,784.71,78471,0.0,0,0.0,0,769.32,76932,85.5,8550,0.0,0,0.0,0,15.39,1539,0.0,0,0.0,0,0.0,0,0.0,0,5144.21,514421,0.0,0,0.0,0,0.0,0
253,/uploads/vendor_invoices/3f14a4b7-a8c7-4a86-a529-0abe184f98d7.pdf,,,PURCHASE,ISSUED,2026-09-05,,3,283,,,83,Hydraulic Gear Pump,1.0,IGST,18.0,566.0,2026-09-05 16:10:40,PINV-2026-0130,PINV-2026-0130,ACMC/26-27,27AABCN4587K1Z5,29AAGCB1286Q000,maharashtra,Karnataka,84136010.0,Purchase from Vendor #3 for Order #283,2026-09-05 10:40:40.237682,,,,0,Nexora Industrial solution pvt. Ltd,AABCN4587K,,Infoproys Commerce Private Limited,ABCDE1234F,"{""city"": ""Bengaluru"", ""country"": ""India"", ""district"": ""Industrial Area"", ""landmark"": ""Near City Mall"", ""postalCode"": ""560001"", ""addressLine1"": ""Office No 12, Tech Park Road"", ""addressLine2"": ""Phase 2, Business District""}",V0-HYDRAULICG-150W-POWDER-C-LED-WARM-BRO-ALUMINIU-ALUMINIU-250W-300MM-200W-01,Generic,2026-09-05,,414900,,414900,,414900,,0,,0,,0,,0,,0,,0,,414900,,414900,,0,,0,,74682,,0,,0,,74682,,0,,0,,0,,0,,0,,0,,0,,0,,489582,,0,,0,,0
254,,,,SALES,ISSUED,2026-09-05,6.0,3,283,167.0,,83,Hydraulic Gear Pump,1.0,IGST,18.0,567.0,2026-09-05 16:17:06,,SINV-2026-0086,,29AAGCB1286Q000,,Karnataka,Maharashtra,84136010.0,Sales invoice for Order #283 to Customer #6,2026-09-05 10:47:06.020643,,,,0,Infoproys Commerce Private Limited,ABCDE1234F,"{""city"": ""Bengaluru"", ""country"": ""India"", ""district"": ""Industrial Area"", ""landmark"": ""Near City Mall"", ""postalCode"": ""560001"", ""addressLine1"": ""Office No 12, Tech Park Road"", ""addressLine2"": ""Phase 2, Business District""}",Smita,,"{""city"": ""Haveli"", ""country"": ""India"", ""district"": ""Wakad"", ""postalCode"": ""411057"", ""addressLine1"": ""Pune"", ""addressLine2"": ""Wakad""}",V0-HYDRAULICG-150W-POWDER-C-LED-WARM-BRO-ALUMINIU-ALUMINIU-250W-300MM-200W-01,Generic,,,427400,,427400,,0,,0,,0,,0,,0,,0,,0,,427400,,427400,,0,,0,,78471,,0,,0,,76932,,8550,,0,,0,,1539,,0,,0,,0,,0,,514421,,0,,0,,0
255,,,,PURCHASE,ISSUED,2026-09-05,,3,284,,,83,Hydraulic Gear Pump,1.0,IGST,18.0,569.0,2026-09-05 17:11:20,PINV-2026-0131,PINV-2026-0131,,27AABCN4587K1Z5,29AAGCB1286Q000,maharashtra,Karnataka,84136010.0,Purchase from Vendor #3 for Order #284,2026-09-05 11:41:20.023643,,,,0,Nexora Industrial solution pvt. Ltd,AABCN4587K,,Infoproys Commerce Private Limited,ABCDE1234F,"{""city"": ""Bengaluru"", ""country"": ""India"", ""district"": ""Industrial Area"", ""landmark"": ""Near City Mall"", ""postalCode"": ""560001"", ""addressLine1"": ""Office No 12, Tech Park Road"", ""addressLine2"": ""Phase 2, Business District""}",V0-HYDRAULICG-150W-POWDER-C-LED-WARM-BRO-ALUMINIU-ALUMINIU-250W-300MM-200W-01,Generic,,,0,,0,,0,,0,,0,,0,,0,,0,,0,,0,,0,,0,,0,,0,,0,,0,,0,,0,,0,,0,,0,,0,,0,,0,,0,,0,,0,,0,,0
256,,,,PURCHASE,ISSUED,2026-09-05,,3,282,,,83,Hydraulic Gear Pump,1.0,IGST,18.0,570.0,2026-09-05 17:11:43,PINV-2026-0132,PINV-2026-0132,,27AABCN4587K1Z5,29AAGCB1286Q000,maharashtra,Karnataka,84136010.0,Purchase from Vendor #3 for Order #282,2026-09-05 11:41:43.030775,,,,0,Nexora Industrial solution pvt. Ltd,AABCN4587K,,Infoproys Commerce Private Limited,ABCDE1234F,"{""city"": ""Bengaluru"", ""country"": ""India"", ""district"": ""Industrial Area"", ""landmark"": ""Near City Mall"", ""postalCode"": ""560001"", ""addressLine1"": ""Office No 12, Tech Park Road"", ""addressLine2"": ""Phase 2, Business District""}",V0-HYDRAULICG-150W-POWDER-C-LED-WARM-BRO-ALUMINIU-ALUMINIU-250W-300MM-200W-01,Generic,,,0,,0,,0,,0,,0,,0,,0,,0,,0,,0,,0,,0,,0,,0,,0,,0,,0,,0,,0,,0,,0,,0,,0,,0,,0,,0,,0,,0,,0
257,,,,PURCHASE,ISSUED,2026-09-05,,3,285,,,83,Hydraulic Gear Pump,1.0,IGST,18.0,572.0,2026-09-05 17:13:07,PINV-2026-0133,PINV-2026-0133,,27AABCN4587K1Z5,29AAGCB1286Q000,maharashtra,Karnataka,84136010.0,Purchase from Vendor #3 for Order #285,2026-09-05 11:43:06.520517,,,,0,Nexora Industrial solution pvt. Ltd,AABCN4587K,,Infoproys Commerce Private Limited,ABCDE1234F,"{""city"": ""Bengaluru"", ""country"": ""India"", ""district"": ""Industrial Area"", ""landmark"": ""Near City Mall"", ""postalCode"": ""560001"", ""addressLine1"": ""Office No 12, Tech Park Road"", ""addressLine2"": ""Phase 2, Business District""}",V0-HYDRAULICG-150W-POWDER-C-LED-WARM-BRO-ALUMINIU-ALUMINIU-250W-300MM-200W-01,Generic,,,414900,,414900,,414900,,0,,0,,0,,0,,0,,0,,414900,,414900,,0,,0,,74682,,0,,0,,74682,,0,,0,,0,,0,,0,,0,,0,,0,,489582,,0,,0,,0
258,/uploads/vendor_invoices/02ddc473-94d4-4d74-b9ab-b0f4506923c3.pdf,,,PURCHASE,ISSUED,2026-09-07,,3,288,,,83,Hydraulic Gear Pump,1.0,IGST,18.0,576.0,2026-09-07 15:51:45,PINV-2026-0134,PINV-2026-0134,ACMC-222,27AABCN4587K1Z5,29AAGCB1286Q000,maharashtra,Karnataka,84136010.0,Purchase from Vendor #3 for Order #288,2026-09-07 10:21:45.094691,,,,0,Nexora Industrial solution pvt. Ltd,AABCN4587K,,Infoproys Commerce Private Limited,ABCDE1234F,"{""city"": ""Bengaluru"", ""country"": ""India"", ""district"": ""Industrial Area"", ""landmark"": ""Near City Mall"", ""postalCode"": ""560001"", ""addressLine1"": ""Office No 12, Tech Park Road"", ""addressLine2"": ""Phase 2, Business District""}",V0-HYDRAULICG-150W-POWDER-C-LED-WARM-BRO-ALUMINIU-ALUMINIU-250W-300MM-200W-01,Generic,2026-09-07,,414900,,414900,,414900,,0,,0,,0,,0,,0,,0,,414900,,414900,,0,,0,,74682,,0,,0,,74682,,0,,0,,0,,0,,0,,0,,0,,0,,489582,,0,,0,,0
259,,,,SALES,ISSUED,2026-09-07,6.0,3,288,170.0,,83,Hydraulic Gear Pump,1.0,IGST,18.0,577.0,2026-09-07 15:54:02,,SINV-2026-0087,,29AAGCB1286Q000,,Karnataka,Maharashtra,84136010.0,Sales invoice for Order #288 to Customer #6,2026-09-07 10:24:01.895554,,,,0,Infoproys Commerce Private Limited,ABCDE1234F,"{""city"": ""Bengaluru"", ""country"": ""India"", ""district"": ""Industrial Area"", ""landmark"": ""Near City Mall"", ""postalCode"": ""560001"", ""addressLine1"": ""Office No 12, Tech Park Road"", ""addressLine2"": ""Phase 2, Business District""}",Smita,,"{""city"": ""Haveli"", ""country"": ""India"", ""district"": ""Wakad"", ""postalCode"": ""411057"", ""addressLine1"": ""Pune"", ""addressLine2"": ""Wakad""}",V0-HYDRAULICG-150W-POWDER-C-LED-WARM-BRO-ALUMINIU-ALUMINIU-250W-300MM-200W-01,Generic,,,427400,,427400,,0,,0,,0,,0,,0,,0,,0,,427400,,427400,,0,,0,,78471,,0,,0,,76932,,8550,,0,,0,,1539,,0,,0,,0,,0,,514421,,0,,0,,0
260,,,,CREDIT_NOTE,ISSUED,2026-09-07,6.0,3,288,,259.0,83,Hydraulic Gear Pump,1.0,IGST,18.0,580.0,,,CN-2026-0021,,29AAGCB1286Q000,,Karnataka,Maharashtra,84136010.0,Credit note for returned Order #288,2026-09-07 10:45:17.121246,ORDER_RETURNED,2026-09-07,2026-09-07,0,Infoproys Commerce Private Limited,ABCDE1234F,"{""city"": ""Bengaluru"", ""country"": ""India"", ""district"": ""Industrial Area"", ""landmark"": ""Near City Mall"", ""postalCode"": ""560001"", ""addressLine1"": ""Office No 12, Tech Park Road"", ""addressLine2"": ""Phase 2, Business District""}",Smita,,"{""city"": ""Haveli"", ""country"": ""India"", ""district"": ""Wakad"", ""postalCode"": ""411057"", ""addressLine1"": ""Pune"", ""addressLine2"": ""Wakad""}",V0-HYDRAULICG-150W-POWDER-C-LED-WARM-BRO-ALUMINIU-ALUMINIU-250W-300MM-200W-01,Generic,,,-427400,,-427400,,0,,0,,0,,0,,0,,0,,0,,-427400,,-427400,,0,,0,,-76932,,0,,0,,-76932,,0,,0,,0,,0,,0,,0,,0,,0,,-504332,,0,,0,,0
261,,,,DEBIT_NOTE,ISSUED,2026-09-07,,3,288,,258.0,83,Hydraulic Gear Pump,1.0,IGST,18.0,581.0,2026-09-07 16:15:17,DN-2026-0018,DN-2026-0018,,27AABCN4587K1Z5,29AAGCB1286Q000,maharashtra,Karnataka,84136010.0,Debit note for order returned Order #288,2026-09-07 10:45:17.280517,ORDER_RETURNED,2026-09-07,2026-09-07,0,Nexora Industrial solution pvt. Ltd,AABCN4587K,"{""city"": ""Pune"", ""country"": ""India"", ""district"": ""Wakad"", ""postalCode"": ""441057"", ""addressLine1"": ""Wakad, Pune""}",Infoproys Commerce Private Limited,ABCDE1234F,"{""city"": ""Bengaluru"", ""country"": ""India"", ""district"": ""Industrial Area"", ""landmark"": ""Near City Mall"", ""postalCode"": ""560001"", ""addressLine1"": ""Office No 12, Tech Park Road"", ""addressLine2"": ""Phase 2, Business District""}",V0-HYDRAULICG-150W-POWDER-C-LED-WARM-BRO-ALUMINIU-ALUMINIU-250W-300MM-200W-01,Generic,,,-414900,,-414900,,-414900,,0,,0,,0,,0,,0,,0,,-414900,,-414900,,0,,0,,-74682,,0,,0,,-74682,,0,,0,,0,,0,,0,,0,,0,,0,,-489582,,0,,0,,0
262,/uploads/vendor_invoices/fc37e4e8-b6ee-40f9-9974-c35c8f0fae88.pdf,,,PURCHASE,ISSUED,2026-09-08,,3,299,,,16,Hydraulic pipe,1.0,IGST,18.0,595.0,2026-09-08 16:07:47,PINV-2026-0135,PINV-2026-0135,ACMC21,27AABCN4587K1Z5,29AAGCB1286Q000,maharashtra,Karnataka,400911.0,Purchase from Vendor #3 for Order #299,2026-09-08 10:36:22.693489,,,,0,Nexora Industrial solution pvt. Ltd,AABCN4587K,,Infoproys Commerce Private Limited,ABCDE1234F,"{""city"": ""Bengaluru"", ""country"": ""India"", ""district"": ""Industrial Area"", ""landmark"": ""Near City Mall"", ""postalCode"": ""560001"", ""addressLine1"": ""Office No 12, Tech Park Road"", ""addressLine2"": ""Phase 2, Business District""}",CELAEIC004BLCK0001,Steelpro,2026-09-08,,167500,,167500,,167500,,0,,0,,0,,0,,0,,0,,167500,,167500,,0,,0,,30150,,0,,0,,30150,,0,,0,,0,,0,,0,,0,,0,,0,,197650,,0,,0,,0
263,,,,SALES,ISSUED,2026-09-08,6.0,3,299,180.0,,16,Hydraulic pipe,1.0,IGST,18.0,597.0,2026-09-08 16:38:42,,SINV-2026-0088,,29AAGCB1286Q000,,Karnataka,Maharashtra,400911.0,Sales invoice for Order #299 to Customer #6,2026-09-08 11:08:42.228249,,,,0,Infoproys Commerce Private Limited,ABCDE1234F,"{""city"": ""Bengaluru"", ""country"": ""India"", ""district"": ""Industrial Area"", ""landmark"": ""Near City Mall"", ""postalCode"": ""560001"", ""addressLine1"": ""Office No 12, Tech Park Road"", ""addressLine2"": ""Phase 2, Business District""}",Smita,,"{""city"": ""Haveli"", ""country"": ""India"", ""district"": ""Wakad"", ""postalCode"": ""411057"", ""addressLine1"": ""Pune"", ""addressLine2"": ""Wakad""}",CELAEIC004BLCK0001,Steelpro,,,172500,,172500,,0,,0,,0,,0,,0,,0,,0,,172500,,172500,,0,,0,,32589,,0,,0,,31050,,8550,,0,,0,,1539,,0,,0,,0,,0,,213639,,0,,0,,0
264,/uploads/vendor_invoices/b7246027-599d-4520-b2dd-c96b7f9630e6.pdf,,,PURCHASE,ISSUED,2026-09-08,,3,306,,,83,Hydraulic Gear Pump,1.0,IGST,18.0,604.0,2026-09-08 22:59:17,PINV-2026-0136,PINV-2026-0136,ACMC-23,27AABCN4587K1Z5,29AAGCB1286Q000,maharashtra,Karnataka,84136010.0,Purchase from Vendor #3 for Order #306,2026-09-08 17:28:17.122907,,,,0,Nexora Industrial solution pvt. Ltd,AABCN4587K,,Infoproys Commerce Private Limited,ABCDE1234F,"{""city"": ""Bengaluru"", ""country"": ""India"", ""district"": ""Industrial Area"", ""landmark"": ""Near City Mall"", ""postalCode"": ""560001"", ""addressLine1"": ""Office No 12, Tech Park Road"", ""addressLine2"": ""Phase 2, Business District""}",V0-HYDRAULICG-150W-POWDER-C-LED-WARM-BRO-ALUMINIU-ALUMINIU-250W-300MM-200W-01,Generic,2026-09-08,,414900,,414900,,414900,,0,,0,,0,,0,,0,,0,,414900,,414900,,0,,0,,74682,,0,,0,,74682,,0,,0,,0,,0,,0,,0,,0,,0,,489582,,0,,0,,0
265,,,,SALES,ISSUED,2026-09-08,6.0,3,306,186.0,,83,Hydraulic Gear Pump,1.0,IGST,18.0,605.0,2026-09-08 23:01:31,,SINV-2026-0089,,29AAGCB1286Q000,,Karnataka,Maharashtra,84136010.0,Sales invoice for Order #306 to Customer #6,2026-09-08 17:31:30.490959,,,,0,Infoproys Commerce Private Limited,ABCDE1234F,"{""city"": ""Bengaluru"", ""country"": ""India"", ""district"": ""Industrial Area"", ""landmark"": ""Near City Mall"", ""postalCode"": ""560001"", ""addressLine1"": ""Office No 12, Tech Park Road"", ""addressLine2"": ""Phase 2, Business District""}",Smita,,"{""city"": ""Haveli"", ""country"": ""India"", ""district"": ""Wakad"", ""postalCode"": ""411057"", ""addressLine1"": ""Pune"", ""addressLine2"": ""Wakad""}",V0-HYDRAULICG-150W-POWDER-C-LED-WARM-BRO-ALUMINIU-ALUMINIU-250W-300MM-200W-01,Generic,,,427400,,427400,,0,,0,,0,,0,,0,,0,,0,,427400,,427400,,0,,0,,78471,,0,,0,,76932,,8550,,0,,0,,1539,,0,,0,,0,,0,,514421,,0,,0,,0
266,/uploads/vendor_invoices/da85529c-595a-4005-8045-0518334047a6.pdf,,,PURCHASE,ISSUED,2026-09-08,,3,308,,,83,Hydraulic Gear Pump,1.0,IGST,18.0,608.0,2026-09-08 23:21:47,PINV-2026-0137,PINV-2026-0137,ACMC-24,27AABCN4587K1Z5,29AAGCB1286Q000,maharashtra,Karnataka,84136010.0,Purchase from Vendor #3 for Order #308,2026-09-08 17:50:53.091664,,,,0,Nexora Industrial solution pvt. Ltd,AABCN4587K,,Infoproys Commerce Private Limited,ABCDE1234F,"{""city"": ""Bengaluru"", ""country"": ""India"", ""district"": ""Industrial Area"", ""landmark"": ""Near City Mall"", ""postalCode"": ""560001"", ""addressLine1"": ""Office No 12, Tech Park Road"", ""addressLine2"": ""Phase 2, Business District""}",V0-HYDRAULICG-150W-POWDER-C-LED-WARM-BRO-ALUMINIU-ALUMINIU-250W-300MM-200W-01,Generic,2026-09-08,,414900,,414900,,414900,,0,,0,,0,,0,,0,,0,,414900,,414900,,0,,0,,74682,,0,,0,,74682,,0,,0,,0,,0,,0,,0,,0,,0,,489582,,0,,0,,0
267,,,,SALES,ISSUED,2026-09-08,6.0,3,308,187.0,,83,Hydraulic Gear Pump,1.0,IGST,18.0,609.0,2026-09-08 23:23:11,,SINV-2026-0090,,29AAGCB1286Q000,,Karnataka,Maharashtra,84136010.0,Sales invoice for Order #308 to Customer #6,2026-09-08 17:53:11.299230,,,,0,Infoproys Commerce Private Limited,ABCDE1234F,"{""city"": ""Bengaluru"", ""country"": ""India"", ""district"": ""Industrial Area"", ""landmark"": ""Near City Mall"", ""postalCode"": ""560001"", ""addressLine1"": ""Office No 12, Tech Park Road"", ""addressLine2"": ""Phase 2, Business District""}",Smita,,"{""city"": ""Haveli"", ""country"": ""India"", ""district"": ""Wakad"", ""postalCode"": ""411057"", ""addressLine1"": ""Pune"", ""addressLine2"": ""Wakad""}",V0-HYDRAULICG-150W-POWDER-C-LED-WARM-BRO-ALUMINIU-ALUMINIU-250W-300MM-200W-01,Generic,,,427400,,427400,,0,,0,,0,,0,,0,,0,,0,,427400,,427400,,0,,0,,78471,,0,,0,,76932,,8550,,0,,0,,1539,,0,,0,,0,,0,,514421,,0,,0,,0
268,,,,PURCHASE,DRAFT,2026-09-09,,3,309,,,83,Hydraulic Gear Pump,1.0,IGST,18.0,,,,PINV-2026-0138,,27AABCN4587K1Z5,29AAGCB1286Q000,maharashtra,Karnataka,84136010.0,Purchase from Vendor #3 for Order #309,2026-09-09 05:14:43.536822,,,,0,Nexora Industrial solution pvt. Ltd,AABCN4587K,,Infoproys Commerce Private Limited,ABCDE1234F,"{""city"": ""Bengaluru"", ""country"": ""India"", ""district"": ""Industrial Area"", ""landmark"": ""Near City Mall"", ""postalCode"": ""560001"", ""addressLine1"": ""Office No 12, Tech Park Road"", ""addressLine2"": ""Phase 2, Business District""}",V0-HYDRAULICG-150W-POWDER-C-LED-WARM-BRO-ALUMINIU-ALUMINIU-250W-300MM-200W-01,Generic,,,414900,,414900,,414900,,0,,0,,0,,0,,0,,0,,414900,,414900,,0,,0,,74682,,0,,0,,74682,,0,,0,,0,,0,,0,,0,,0,,0,,489582,,0,,0,,0
269,/uploads/vendor_invoices/fc147070-ee46-42b0-b0ee-bbda97daea3c.pdf,,,PURCHASE,ISSUED,2026-09-09,,3,310,,,83,Hydraulic Gear Pump,1.0,IGST,18.0,613.0,2026-09-09 11:51:57,PINV-2026-0138,PINV-2026-0139,ACMC-34,27AABCN4587K1Z5,29AAGCB1286Q000,maharashtra,Karnataka,84136010.0,Purchase from Vendor #3 for Order #310,2026-09-09 06:20:42.615837,,,,0,Nexora Industrial solution pvt. Ltd,AABCN4587K,,Infoproys Commerce Private Limited,ABCDE1234F,"{""city"": ""Bengaluru"", ""country"": ""India"", ""district"": ""Industrial Area"", ""landmark"": ""Near City Mall"", ""postalCode"": ""560001"", ""addressLine1"": ""Office No 12, Tech Park Road"", ""addressLine2"": ""Phase 2, Business District""}",V0-HYDRAULICG-150W-POWDER-C-LED-WARM-BRO-ALUMINIU-ALUMINIU-250W-300MM-200W-01,Generic,2026-09-09,,414900,,414900,,414900,,0,,0,,0,,0,,0,,0,,414900,,414900,,0,,0,,74682,,0,,0,,74682,,0,,0,,0,,0,,0,,0,,0,,0,,489582,,0,,0,,0
270,,,,SALES,ISSUED,2026-09-09,6.0,3,310,189.0,,83,Hydraulic Gear Pump,1.0,IGST,18.0,614.0,2026-09-09 11:53:39,,SINV-2026-0091,,29AAGCB1286Q000,,Karnataka,Maharashtra,84136010.0,Sales invoice for Order #310 to Customer #6,2026-09-09 06:23:38.524273,,,,0,Infoproys Commerce Private Limited,ABCDE1234F,"{""city"": ""Bengaluru"", ""country"": ""India"", ""district"": ""Industrial Area"", ""landmark"": ""Near City Mall"", ""postalCode"": ""560001"", ""addressLine1"": ""Office No 12, Tech Park Road"", ""addressLine2"": ""Phase 2, Business District""}",Smita,,"{""city"": ""Haveli"", ""country"": ""India"", ""district"": ""Wakad"", ""postalCode"": ""411057"", ""addressLine1"": ""Pune"", ""addressLine2"": ""Wakad""}",V0-HYDRAULICG-150W-POWDER-C-LED-WARM-BRO-ALUMINIU-ALUMINIU-250W-300MM-200W-01,Generic,,,427400,,427400,,0,,0,,0,,0,,0,,0,,0,,427400,,427400,,0,,0,,78471,,0,,0,,76932,,8550,,0,,0,,1539,,0,,0,,0,,0,,514421,,0,,0,,0
271,,,,PURCHASE,DRAFT,2026-09-09,,6,313,,,82,High-Flow Stainless Steel Bag Filter Housing,1.0,CGST_SGST,18.0,,,,PINV-2026-0140,,29ABCDE1234F1Z5,29AAGCB1286Q000,karnataka,Karnataka,84184090.0,Purchase from Vendor #6 for Order #313,2026-09-09 06:59:50.367122,,,,0,Appears Industrial Technologies Pvt Ltd,ABCDE1234F,,Infoproys Commerce Private Limited,ABCDE1234F,"{""city"": ""Bengaluru"", ""country"": ""India"", ""district"": ""Industrial Area"", ""landmark"": ""Near City Mall"", ""postalCode"": ""560001"", ""addressLine1"": ""Office No 12, Tech Park Road"", ""addressLine2"": ""Phase 2, Business District""}",V0-HIGH-FLOWS-SILVER-SS-304-S-10-INCH-100-MM-01,,,,1850000,,1850000,,1850000,,0,,0,,0,,0,,0,,0,,1850000,,1850000,,166500,,166500,,0,,166500,,166500,,0,,0,,0,,0,,0,,0,,0,,0,,0,,2183000,,0,,0,,0
272,/uploads/vendor_invoices/37325336-2524-4cd5-94a8-b53f1d71c1e3.pdf,,,PURCHASE,ISSUED,2026-09-09,,3,314,,,83,Hydraulic Gear Pump,1.0,IGST,18.0,618.0,2026-09-09 13:01:23,PINV-2026-0139,PINV-2026-0141,ACMC-25,27AABCN4587K1Z5,29AAGCB1286Q000,maharashtra,Karnataka,84136010.0,Purchase from Vendor #3 for Order #314,2026-09-09 07:30:24.869402,,,,0,Nexora Industrial solution pvt. Ltd,AABCN4587K,,Infoproys Commerce Private Limited,ABCDE1234F,"{""city"": ""Bengaluru"", ""country"": ""India"", ""district"": ""Industrial Area"", ""landmark"": ""Near City Mall"", ""postalCode"": ""560001"", ""addressLine1"": ""Office No 12, Tech Park Road"", ""addressLine2"": ""Phase 2, Business District""}",V0-HYDRAULICG-150W-POWDER-C-LED-WARM-BRO-ALUMINIU-ALUMINIU-250W-300MM-200W-01,Generic,2026-09-09,,414900,,414900,,414900,,0,,0,,0,,0,,0,,0,,414900,,414900,,0,,0,,74682,,0,,0,,74682,,0,,0,,0,,0,,0,,0,,0,,0,,489582,,0,,0,,0
273,,,,SALES,ISSUED,2026-09-09,6.0,3,314,191.0,,83,Hydraulic Gear Pump,1.0,IGST,18.0,619.0,2026-09-09 13:02:40,,SINV-2026-0092,,29AAGCB1286Q000,,Karnataka,Maharashtra,84136010.0,Sales invoice for Order #314 to Customer #6,2026-09-09 07:32:39.781901,,,,0,Infoproys Commerce Private Limited,ABCDE1234F,"{""city"": ""Bengaluru"", ""country"": ""India"", ""district"": ""Industrial Area"", ""landmark"": ""Near City Mall"", ""postalCode"": ""560001"", ""addressLine1"": ""Office No 12, Tech Park Road"", ""addressLine2"": ""Phase 2, Business District""}",Smita,,"{""city"": ""Haveli"", ""country"": ""India"", ""district"": ""Wakad"", ""postalCode"": ""411057"", ""addressLine1"": ""Pune"", ""addressLine2"": ""Wakad""}",V0-HYDRAULICG-150W-POWDER-C-LED-WARM-BRO-ALUMINIU-ALUMINIU-250W-300MM-200W-01,Generic,,,427400,,427400,,0,,0,,0,,0,,0,,0,,0,,427400,,427400,,0,,0,,78471,,0,,0,,76932,,8550,,0,,0,,1539,,0,,0,,0,,0,,514421,,0,,0,,0
274,/uploads/vendor_invoices/77d077b7-b9c2-4bc2-8cc8-e71e4e01843d.pdf,,,PURCHASE,ISSUED,2026-09-09,,3,315,,,16,Hydraulic pipe,1.0,IGST,18.0,622.0,2026-09-09 13:20:35,PINV-2026-0140,PINV-2026-0142,ACMC-28,27AABCN4587K1Z5,29AAGCB1286Q000,maharashtra,Karnataka,400911.0,Purchase from Vendor #3 for Order #315,2026-09-09 07:49:50.612127,,,,0,Nexora Industrial solution pvt. Ltd,AABCN4587K,,Infoproys Commerce Private Limited,ABCDE1234F,"{""city"": ""Bengaluru"", ""country"": ""India"", ""district"": ""Industrial Area"", ""landmark"": ""Near City Mall"", ""postalCode"": ""560001"", ""addressLine1"": ""Office No 12, Tech Park Road"", ""addressLine2"": ""Phase 2, Business District""}",CELAEIC004BLCK0001,Steelpro,2026-09-09,,167500,,167500,,167500,,0,,0,,0,,0,,0,,0,,167500,,167500,,0,,0,,30150,,0,,0,,30150,,0,,0,,0,,0,,0,,0,,0,,0,,197650,,0,,0,,0
275,,,,SALES,ISSUED,2026-09-09,6.0,3,315,192.0,,16,Hydraulic pipe,1.0,IGST,18.0,623.0,2026-09-09 13:22:05,,SINV-2026-0093,,29AAGCB1286Q000,,Karnataka,Maharashtra,400911.0,Sales invoice for Order #315 to Customer #6,2026-09-09 07:52:04.525330,,,,0,Infoproys Commerce Private Limited,ABCDE1234F,"{""city"": ""Bengaluru"", ""country"": ""India"", ""district"": ""Industrial Area"", ""landmark"": ""Near City Mall"", ""postalCode"": ""560001"", ""addressLine1"": ""Office No 12, Tech Park Road"", ""addressLine2"": ""Phase 2, Business District""}",Smita,,"{""city"": ""Haveli"", ""country"": ""India"", ""district"": ""Wakad"", ""postalCode"": ""411057"", ""addressLine1"": ""Pune"", ""addressLine2"": ""Wakad""}",CELAEIC004BLCK0001,Steelpro,,,172500,,172500,,0,,0,,0,,0,,0,,0,,0,,172500,,172500,,0,,0,,32589,,0,,0,,31050,,8550,,0,,0,,1539,,0,,0,,0,,0,,213639,,0,,0,,0
276,/uploads/vendor_invoices/3aec7671-1a5c-4150-90d4-2c9001cf4eb5.pdf,,,PURCHASE,ISSUED,2026-09-09,,3,316,,,16,Hydraulic pipe,1.0,IGST,18.0,626.0,2026-09-09 14:31:24,PINV-2026-0141,PINV-2026-0143,ACMC-0001,27AABCN4587K1Z5,29AAGCB1286Q000,maharashtra,Karnataka,400911.0,Purchase from Vendor #3 for Order #316,2026-09-09 09:00:11.989113,,,,0,Nexora Industrial solution pvt. Ltd,AABCN4587K,,Infoproys Commerce Private Limited,ABCDE1234F,"{""city"": ""Bengaluru"", ""country"": ""India"", ""district"": ""Industrial Area"", ""landmark"": ""Near City Mall"", ""postalCode"": ""560001"", ""addressLine1"": ""Office No 12, Tech Park Road"", ""addressLine2"": ""Phase 2, Business District""}",CELAEIC004BLCK0001,Steelpro,2026-09-09,,167500,,167500,,167500,,0,,0,,0,,0,,0,,0,,167500,,167500,,0,,0,,30150,,0,,0,,30150,,0,,0,,0,,0,,0,,0,,0,,0,,197650,,0,,0,,0
277,,,,SALES,ISSUED,2026-09-09,6.0,3,316,193.0,,16,Hydraulic pipe,1.0,IGST,18.0,627.0,2026-09-09 14:32:57,,SINV-2026-0094,,29AAGCB1286Q000,,Karnataka,Maharashtra,400911.0,Sales invoice for Order #316 to Customer #6,2026-09-09 09:02:57.243581,,,,0,Infoproys Commerce Private Limited,ABCDE1234F,"{""city"": ""Bengaluru"", ""country"": ""India"", ""district"": ""Industrial Area"", ""landmark"": ""Near City Mall"", ""postalCode"": ""560001"", ""addressLine1"": ""Office No 12, Tech Park Road"", ""addressLine2"": ""Phase 2, Business District""}",Smita,,"{""city"": ""Haveli"", ""country"": ""India"", ""district"": ""Wakad"", ""postalCode"": ""411057"", ""addressLine1"": ""Pune"", ""addressLine2"": ""Wakad""}",CELAEIC004BLCK0001,Steelpro,,,172500,,172500,,0,,0,,0,,0,,0,,0,,0,,172500,,172500,,0,,0,,32589,,0,,0,,31050,,8550,,0,,0,,1539,,0,,0,,0,,0,,213639,,0,,0,,0
278,,,,PURCHASE,ISSUED,2026-09-09,,3,317,,,16,Hydraulic pipe,1.0,IGST,18.0,629.0,2026-09-09 14:46:58,PINV-2026-0142,PINV-2026-0144,,27AABCN4587K1Z5,29AAGCB1286Q000,maharashtra,Karnataka,400911.0,Purchase from Vendor #3 for Order #317,2026-09-09 09:16:58.024657,,,,0,Nexora Industrial solution pvt. Ltd,AABCN4587K,,Infoproys Commerce Private Limited,ABCDE1234F,"{""city"": ""Bengaluru"", ""country"": ""India"", ""district"": ""Industrial Area"", ""landmark"": ""Near City Mall"", ""postalCode"": ""560001"", ""addressLine1"": ""Office No 12, Tech Park Road"", ""addressLine2"": ""Phase 2, Business District""}",CELAEIC004BLCK0001,Steelpro,,,0,,0,,0,,0,,0,,0,,0,,0,,0,,0,,0,,0,,0,,0,,0,,0,,0,,0,,0,,0,,0,,0,,0,,0,,0,,0,,0,,0,,0
279,,,,SALES,DRAFT,2026-09-09,6.0,3,317,,,16,Hydraulic pipe,1.0,IGST,18.0,,,,SINV-2026-0095,,29AAGCB1286Q000,,Karnataka,Maharashtra,400911.0,Sales invoice for Order #317 to Customer #6,2026-09-09 09:16:58.303217,,,,0,Infoproys Commerce Private Limited,ABCDE1234F,"{""city"": ""Bengaluru"", ""country"": ""India"", ""district"": ""Industrial Area"", ""landmark"": ""Near City Mall"", ""postalCode"": ""560001"", ""addressLine1"": ""Office No 12, Tech Park Road"", ""addressLine2"": ""Phase 2, Business District""}",Smita,,"{""city"": ""Haveli"", ""country"": ""India"", ""district"": ""Wakad"", ""postalCode"": ""411057"", ""addressLine1"": ""Pune"", ""addressLine2"": ""Wakad""}",CELAEIC004BLCK0001,Steelpro,,,172500,,172500,,0,,0,,0,,0,,0,,0,,0,,172500,,172500,,0,,0,,31050,,0,,0,,31050,,0,,0,,0,,0,,0,,0,,0,,0,,203550,,0,,0,,0
280,/uploads/vendor_invoices/1ddd8cdd-fa0b-4568-bef0-d18bcac33d26.pdf,,,PURCHASE,ISSUED,2026-09-09,,7,318,,,86,Seamless Stainless Steel Pipe 304,1.0,IGST,12.0,631.0,2026-09-09 15:31:11,PINV-2026-0143,PINV-2026-0145,ACME-TEST-001,27AAACA0000A1Z5,29AAGCB1286Q000,maharashtra,Karnataka,73041110.0,Purchase from Vendor #7 for Order #318,2026-09-09 10:00:04.141710,,,,0,Acme Industrial Solutions Pvt Ltd,AAACA0000A,,Infoproys Commerce Private Limited,ABCDE1234F,"{""city"": ""Bengaluru"", ""country"": ""India"", ""district"": ""Industrial Area"", ""landmark"": ""Near City Mall"", ""postalCode"": ""560001"", ""addressLine1"": ""Office No 12, Tech Park Road"", ""addressLine2"": ""Phase 2, Business District""}",JSL-SS304-2IN-01,,2026-09-09,,2800000,,2800000,,2800000,,0,,0,,0,,0,,0,,0,,2800000,,2800000,,0,,0,,336000,,0,,0,,336000,,0,,0,,0,,0,,0,,0,,0,,0,,3136000,,0,,0,,0
281,/uploads/vendor_invoices/e102927e-7cf0-4eee-b536-3e78a9655df2.pdf,,,PURCHASE,ISSUED,2026-09-09,,3,319,,,83,Hydraulic Gear Pump,1.0,IGST,18.0,633.0,2026-09-09 15:50:41,PINV-2026-0144,PINV-2026-0146,ACMC-2222222222,27AABCN4587K1Z5,29AAGCB1286Q000,maharashtra,Karnataka,84136010.0,Purchase from Vendor #3 for Order #319,2026-09-09 10:19:49.830820,,,,0,Nexora Industrial solution pvt. Ltd,AABCN4587K,,Infoproys Commerce Private Limited,ABCDE1234F,"{""city"": ""Bengaluru"", ""country"": ""India"", ""district"": ""Industrial Area"", ""landmark"": ""Near City Mall"", ""postalCode"": ""560001"", ""addressLine1"": ""Office No 12, Tech Park Road"", ""addressLine2"": ""Phase 2, Business District""}",V0-HYDRAULICG-150W-POWDER-C-LED-WARM-BRO-ALUMINIU-ALUMINIU-250W-300MM-200W-01,Generic,2026-09-09,,414900,,414900,,414900,,0,,0,,0,,0,,0,,0,,414900,,414900,,0,,0,,74682,,0,,0,,74682,,0,,0,,0,,0,,0,,0,,0,,0,,489582,,0,,0,,0
282,,,,SALES,ISSUED,2026-09-09,6.0,3,319,195.0,,83,Hydraulic Gear Pump,1.0,IGST,18.0,634.0,2026-09-09 15:52:03,,SINV-2026-0096,,29AAGCB1286Q000,,Karnataka,Maharashtra,84136010.0,Sales invoice for Order #319 to Customer #6,2026-09-09 10:22:02.344381,,,,0,Infoproys Commerce Private Limited,ABCDE1234F,"{""city"": ""Bengaluru"", ""country"": ""India"", ""district"": ""Industrial Area"", ""landmark"": ""Near City Mall"", ""postalCode"": ""560001"", ""addressLine1"": ""Office No 12, Tech Park Road"", ""addressLine2"": ""Phase 2, Business District""}",Smita,,"{""city"": ""Haveli"", ""country"": ""India"", ""district"": ""Wakad"", ""postalCode"": ""411057"", ""addressLine1"": ""Pune"", ""addressLine2"": ""Wakad""}",V0-HYDRAULICG-150W-POWDER-C-LED-WARM-BRO-ALUMINIU-ALUMINIU-250W-300MM-200W-01,Generic,,,427400,,427400,,0,,0,,0,,0,,0,,0,,0,,427400,,427400,,0,,0,,78471,,0,,0,,76932,,8550,,0,,0,,1539,,0,,0,,0,,0,,514421,,0,,0,,0
283,,,,CREDIT_NOTE,ISSUED,2026-09-09,6.0,3,319,,282.0,83,Hydraulic Gear Pump,1.0,IGST,18.0,636.0,,,CN-2026-0022,,29AAGCB1286Q000,,Karnataka,Maharashtra,84136010.0,Credit note for returned Order #319,2026-09-09 10:29:33.307490,ORDER_RETURNED,2026-09-09,2026-09-09,0,Infoproys Commerce Private Limited,ABCDE1234F,"{""city"": ""Bengaluru"", ""country"": ""India"", ""district"": ""Industrial Area"", ""landmark"": ""Near City Mall"", ""postalCode"": ""560001"", ""addressLine1"": ""Office No 12, Tech Park Road"", ""addressLine2"": ""Phase 2, Business District""}",Smita,,"{""city"": ""Haveli"", ""country"": ""India"", ""district"": ""Wakad"", ""postalCode"": ""411057"", ""addressLine1"": ""Pune"", ""addressLine2"": ""Wakad""}",V0-HYDRAULICG-150W-POWDER-C-LED-WARM-BRO-ALUMINIU-ALUMINIU-250W-300MM-200W-01,Generic,,,-427400,,-427400,,0,,0,,0,,0,,0,,0,,0,,-427400,,-427400,,0,,0,,-76932,,0,,0,,-76932,,0,,0,,0,,0,,0,,0,,0,,0,,-504332,,0,,0,,0
284,,,,DEBIT_NOTE,ISSUED,2026-09-09,,3,319,,281.0,83,Hydraulic Gear Pump,1.0,IGST,18.0,637.0,2026-09-09 15:59:34,DN-2026-0019,DN-2026-0019,,27AABCN4587K1Z5,29AAGCB1286Q000,maharashtra,Karnataka,84136010.0,Debit note for order returned Order #319,2026-09-09 10:29:33.467962,ORDER_RETURNED,2026-09-09,2026-09-09,0,Nexora Industrial solution pvt. Ltd,AABCN4587K,"{""city"": ""Pune"", ""country"": ""India"", ""district"": ""Wakad"", ""postalCode"": ""441057"", ""addressLine1"": ""Wakad, Pune""}",Infoproys Commerce Private Limited,ABCDE1234F,"{""city"": ""Bengaluru"", ""country"": ""India"", ""district"": ""Industrial Area"", ""landmark"": ""Near City Mall"", ""postalCode"": ""560001"", ""addressLine1"": ""Office No 12, Tech Park Road"", ""addressLine2"": ""Phase 2, Business District""}",V0-HYDRAULICG-150W-POWDER-C-LED-WARM-BRO-ALUMINIU-ALUMINIU-250W-300MM-200W-01,Generic,,,-414900,,-414900,,-414900,,0,,0,,0,,0,,0,,0,,-414900,,-414900,,0,,0,,-74682,,0,,0,,-74682,,0,,0,,0,,0,,0,,0,,0,,0,,-489582,,0,,0,,0
285,/uploads/vendor_invoices/08b91d76-b16b-44c3-8f02-063cf91710bb.pdf,,,PURCHASE,ISSUED,2026-09-09,,3,320,,,83,Hydraulic Gear Pump,1.0,IGST,18.0,639.0,2026-09-09 16:26:53,PINV-2026-0145,PINV-2026-0147,ACMC-111,27AABCN4587K1Z5,29AAGCB1286Q000,maharashtra,Karnataka,84136010.0,Purchase from Vendor #3 for Order #320,2026-09-09 10:55:43.466439,,,,0,Nexora Industrial solution pvt. Ltd,AABCN4587K,,Infoproys Commerce Private Limited,ABCDE1234F,"{""city"": ""Bengaluru"", ""country"": ""India"", ""district"": ""Industrial Area"", ""landmark"": ""Near City Mall"", ""postalCode"": ""560001"", ""addressLine1"": ""Office No 12, Tech Park Road"", ""addressLine2"": ""Phase 2, Business District""}",V0-HYDRAULICG-150W-POWDER-C-LED-WARM-BRO-ALUMINIU-ALUMINIU-250W-300MM-200W-01,Generic,2026-09-09,,414900,,414900,,414900,,0,,0,,0,,0,,0,,0,,414900,,414900,,0,,0,,74682,,0,,0,,74682,,0,,0,,0,,0,,0,,0,,0,,0,,489582,,0,,0,,0
286,,,,SALES,ISSUED,2026-09-09,6.0,3,320,196.0,,83,Hydraulic Gear Pump,1.0,IGST,18.0,640.0,2026-09-09 16:28:25,,SINV-2026-0097,,29AAGCB1286Q000,,Karnataka,Maharashtra,84136010.0,Sales invoice for Order #320 to Customer #6,2026-09-09 10:58:25.316795,,,,0,Infoproys Commerce Private Limited,ABCDE1234F,"{""city"": ""Bengaluru"", ""country"": ""India"", ""district"": ""Industrial Area"", ""landmark"": ""Near City Mall"", ""postalCode"": ""560001"", ""addressLine1"": ""Office No 12, Tech Park Road"", ""addressLine2"": ""Phase 2, Business District""}",Smita,,"{""city"": ""Haveli"", ""country"": ""India"", ""district"": ""Wakad"", ""postalCode"": ""411057"", ""addressLine1"": ""Pune"", ""addressLine2"": ""Wakad""}",V0-HYDRAULICG-150W-POWDER-C-LED-WARM-BRO-ALUMINIU-ALUMINIU-250W-300MM-200W-01,Generic,,,427400,,427400,,0,,0,,0,,0,,0,,0,,0,,427400,,427400,,0,,0,,78471,,0,,0,,76932,,8550,,0,,0,,1539,,0,,0,,0,,0,,514421,,0,,0,,0
287,/uploads/vendor_invoices/a66b9323-cdc6-466d-bb4c-2e2a3eea25ff.pdf,,,PURCHASE,ISSUED,2026-09-09,,1,322,,,60,Ball Valve 2 Inch_251,1.0,IGST,12.0,643.0,2026-09-09 16:50:51,PINV-2026-0146,PINV-2026-0148,INV75466,27AAACA1234A1Z1,29AAGCB1286Q000,maharashtra,Karnataka,73069090.0,Purchase from Vendor #1 for Order #322,2026-09-09 11:20:08.354744,,,,0,Apex Industrial Technologies Pvt Ltd,AAACA1234A,,Infoproys Commerce Private Limited,ABCDE1234F,"{""city"": ""Bengaluru"", ""country"": ""India"", ""district"": ""Industrial Area"", ""landmark"": ""Near City Mall"", ""postalCode"": ""560001"", ""addressLine1"": ""Office No 12, Tech Park Road"", ""addressLine2"": ""Phase 2, Business District""}",SKU_251,Jindal,2026-09-09,,283500,,283500,,283500,,0,,0,,0,,0,,0,,0,,283500,,283500,,0,,0,,34020,,0,,0,,34020,,0,,0,,0,,0,,0,,0,,0,,0,,317520,,0,,0,,0
288,,,,PURCHASE,ISSUED,2026-09-09,,3,321,,,83,Hydraulic Gear Pump,1.0,IGST,18.0,644.0,2026-09-09 16:53:48,PINV-2026-0147,PINV-2026-0149,,27AABCN4587K1Z5,29AAGCB1286Q000,maharashtra,Karnataka,84136010.0,Purchase from Vendor #3 for Order #321,2026-09-09 11:23:48.080191,,,,0,Nexora Industrial solution pvt. Ltd,AABCN4587K,,Infoproys Commerce Private Limited,ABCDE1234F,"{""city"": ""Bengaluru"", ""country"": ""India"", ""district"": ""Industrial Area"", ""landmark"": ""Near City Mall"", ""postalCode"": ""560001"", ""addressLine1"": ""Office No 12, Tech Park Road"", ""addressLine2"": ""Phase 2, Business District""}",V0-HYDRAULICG-150W-POWDER-C-LED-WARM-BRO-ALUMINIU-ALUMINIU-250W-300MM-200W-01,Generic,,,0,,0,,0,,0,,0,,0,,0,,0,,0,,0,,0,,0,,0,,0,,0,,0,,0,,0,,0,,0,,0,,0,,0,,0,,0,,0,,0,,0,,0
289,,,,SALES,DRAFT,2026-09-09,6.0,3,321,,,83,Hydraulic Gear Pump,1.0,IGST,18.0,,,,SINV-2026-0098,,29AAGCB1286Q000,,Karnataka,Maharashtra,84136010.0,Sales invoice for Order #321 to Customer #6,2026-09-09 11:23:48.222603,,,,0,Infoproys Commerce Private Limited,ABCDE1234F,"{""city"": ""Bengaluru"", ""country"": ""India"", ""district"": ""Industrial Area"", ""landmark"": ""Near City Mall"", ""postalCode"": ""560001"", ""addressLine1"": ""Office No 12, Tech Park Road"", ""addressLine2"": ""Phase 2, Business District""}",Smita,,"{""city"": ""Haveli"", ""country"": ""India"", ""district"": ""Wakad"", ""postalCode"": ""411057"", ""addressLine1"": ""Pune"", ""addressLine2"": ""Wakad""}",V0-HYDRAULICG-150W-POWDER-C-LED-WARM-BRO-ALUMINIU-ALUMINIU-250W-300MM-200W-01,Generic,,,427400,,427400,,0,,0,,0,,0,,0,,0,,0,,427400,,427400,,0,,0,,76932,,0,,0,,76932,,0,,0,,0,,0,,0,,0,,0,,0,,504332,,0,,0,,0
290,,,,PURCHASE,DRAFT,2026-09-09,,3,324,,,83,Hydraulic Gear Pump,1.0,IGST,18.0,,,,PINV-2026-0150,,27AABCN4587K1Z5,29AAGCB1286Q000,maharashtra,Karnataka,84136010.0,Purchase from Vendor #3 for Order #324,2026-09-09 11:55:55.942364,,,,0,Nexora Industrial solution pvt. Ltd,AABCN4587K,,Infoproys Commerce Private Limited,ABCDE1234F,"{""city"": ""Bengaluru"", ""country"": ""India"", ""district"": ""Industrial Area"", ""landmark"": ""Near City Mall"", ""postalCode"": ""560001"", ""addressLine1"": ""Office No 12, Tech Park Road"", ""addressLine2"": ""Phase 2, Business District""}",V0-HYDRAULICG-150W-POWDER-C-LED-WARM-BRO-ALUMINIU-ALUMINIU-250W-300MM-200W-01,Generic,,,414900,,414900,,414900,,0,,0,,0,,0,,0,,0,,414900,,414900,,0,,0,,74682,,0,,0,,74682,,0,,0,,0,,0,,0,,0,,0,,0,,489582,,0,,0,,0
291,/uploads/vendor_invoices/88301276-f6d7-41ce-b878-ea0e50b55ed1.pdf,,,PURCHASE,ISSUED,2026-09-09,,3,325,,,83,Hydraulic Gear Pump,1.0,IGST,18.0,649.0,2026-09-09 17:54:24,PINV-2026-0148,PINV-2026-0151,ACMC-55,27AABCN4587K1Z5,29AAGCB1286Q000,maharashtra,Karnataka,84136010.0,Purchase from Vendor #3 for Order #325,2026-09-09 12:21:03.480121,,,,0,Nexora Industrial solution pvt. Ltd,AABCN4587K,,Infoproys Commerce Private Limited,ABCDE1234F,"{""city"": ""Bengaluru"", ""country"": ""India"", ""district"": ""Industrial Area"", ""landmark"": ""Near City Mall"", ""postalCode"": ""560001"", ""addressLine1"": ""Office No 12, Tech Park Road"", ""addressLine2"": ""Phase 2, Business District""}",V0-HYDRAULICG-150W-POWDER-C-LED-WARM-BRO-ALUMINIU-ALUMINIU-250W-300MM-200W-01,Generic,2026-09-09,,414900,,414900,,414900,,0,,0,,0,,0,,0,,0,,414900,,414900,,0,,0,,74682,,0,,0,,74682,,0,,0,,0,,0,,0,,0,,0,,0,,489582,,0,,0,,0
292,,,,SALES,ISSUED,2026-09-09,6.0,3,325,200.0,,83,Hydraulic Gear Pump,1.0,IGST,18.0,650.0,2026-09-09 17:55:57,,SINV-2026-0099,,29AAGCB1286Q000,,Karnataka,Maharashtra,84136010.0,Sales invoice for Order #325 to Customer #6,2026-09-09 12:25:57.291411,,,,0,Infoproys Commerce Private Limited,ABCDE1234F,"{""city"": ""Bengaluru"", ""country"": ""India"", ""district"": ""Industrial Area"", ""landmark"": ""Near City Mall"", ""postalCode"": ""560001"", ""addressLine1"": ""Office No 12, Tech Park Road"", ""addressLine2"": ""Phase 2, Business District""}",Smita,,"{""city"": ""Haveli"", ""country"": ""India"", ""district"": ""Wakad"", ""postalCode"": ""411057"", ""addressLine1"": ""Pune"", ""addressLine2"": ""Wakad""}",V0-HYDRAULICG-150W-POWDER-C-LED-WARM-BRO-ALUMINIU-ALUMINIU-250W-300MM-200W-01,Generic,,,427400,,427400,,0,,0,,0,,0,,0,,0,,0,,427400,,427400,,0,,0,,78471,,0,,0,,76932,,8550,,0,,0,,1539,,0,,0,,0,,0,,514421,,0,,0,,0
293,/uploads/vendor_invoices/4d305aa5-8f73-4f8b-9474-3e93e1bc2fa5.pdf,,,PURCHASE,ISSUED,2026-09-10,,3,333,,,83,Hydraulic Gear Pump,1.0,IGST,18.0,659.0,2026-09-10 11:19:04,PINV-2026-0149,PINV-2026-0152,ACMC-56,27AABCN4587K1Z5,29AAGCB1286Q000,maharashtra,Karnataka,84136010.0,Purchase from Vendor #3 for Order #333,2026-09-10 05:48:13.364986,,,,0,Nexora Industrial solution pvt. Ltd,AABCN4587K,,Infoproys Commerce Private Limited,ABCDE1234F,"{""city"": ""Bengaluru"", ""country"": ""India"", ""district"": ""Industrial Area"", ""landmark"": ""Near City Mall"", ""postalCode"": ""560001"", ""addressLine1"": ""Office No 12, Tech Park Road"", ""addressLine2"": ""Phase 2, Business District""}",V0-HYDRAULICG-150W-POWDER-C-LED-WARM-BRO-ALUMINIU-ALUMINIU-250W-300MM-200W-01,Generic,2026-09-10,,414900,,414900,,414900,,0,,0,,0,,0,,0,,0,,414900,,414900,,0,,0,,74682,,0,,0,,74682,,0,,0,,0,,0,,0,,0,,0,,0,,489582,,0,,0,,0
294,,,,SALES,ISSUED,2026-09-10,6.0,3,333,207.0,,83,Hydraulic Gear Pump,1.0,IGST,18.0,660.0,2026-09-10 11:22:41,,SINV-2026-0100,,29AAGCB1286Q000,,Karnataka,Maharashtra,84136010.0,Sales invoice for Order #333 to Customer #6,2026-09-10 05:52:41.209996,,,,0,Infoproys Commerce Private Limited,ABCDE1234F,"{""city"": ""Bengaluru"", ""country"": ""India"", ""district"": ""Industrial Area"", ""landmark"": ""Near City Mall"", ""postalCode"": ""560001"", ""addressLine1"": ""Office No 12, Tech Park Road"", ""addressLine2"": ""Phase 2, Business District""}",Smita,,"{""city"": ""Haveli"", ""country"": ""India"", ""district"": ""Wakad"", ""postalCode"": ""411057"", ""addressLine1"": ""Pune"", ""addressLine2"": ""Wakad""}",V0-HYDRAULICG-150W-POWDER-C-LED-WARM-BRO-ALUMINIU-ALUMINIU-250W-300MM-200W-01,Generic,,,427400,,427400,,0,,0,,0,,0,,0,,0,,0,,427400,,427400,,0,,0,,78471,,0,,0,,76932,,8550,,0,,0,,1539,,0,,0,,0,,0,,514421,,0,,0,,0
295,,,,PURCHASE,ISSUED,2026-09-10,,3,334,,,83,Hydraulic Gear Pump,1.0,IGST,18.0,662.0,2026-09-10 11:32:22,PINV-2026-0150,PINV-2026-0153,,27AABCN4587K1Z5,29AAGCB1286Q000,maharashtra,Karnataka,84136010.0,Purchase from Vendor #3 for Order #334,2026-09-10 06:02:21.858862,,,,0,Nexora Industrial solution pvt. Ltd,AABCN4587K,,Infoproys Commerce Private Limited,ABCDE1234F,"{""city"": ""Bengaluru"", ""country"": ""India"", ""district"": ""Industrial Area"", ""landmark"": ""Near City Mall"", ""postalCode"": ""560001"", ""addressLine1"": ""Office No 12, Tech Park Road"", ""addressLine2"": ""Phase 2, Business District""}",V0-HYDRAULICG-150W-POWDER-C-LED-WARM-BRO-ALUMINIU-ALUMINIU-250W-300MM-200W-01,Generic,,,0,,0,,0,,0,,0,,0,,0,,0,,0,,0,,0,,0,,0,,0,,0,,0,,0,,0,,0,,0,,0,,0,,0,,0,,0,,0,,0,,0,,0
296,,,,SALES,DRAFT,2026-09-10,6.0,3,334,,,83,Hydraulic Gear Pump,1.0,IGST,18.0,,,,SINV-2026-0101,,29AAGCB1286Q000,,Karnataka,Maharashtra,84136010.0,Sales invoice for Order #334 to Customer #6,2026-09-10 06:02:22.127895,,,,0,Infoproys Commerce Private Limited,ABCDE1234F,"{""city"": ""Bengaluru"", ""country"": ""India"", ""district"": ""Industrial Area"", ""landmark"": ""Near City Mall"", ""postalCode"": ""560001"", ""addressLine1"": ""Office No 12, Tech Park Road"", ""addressLine2"": ""Phase 2, Business District""}",Smita,,"{""city"": ""Haveli"", ""country"": ""India"", ""district"": ""Wakad"", ""postalCode"": ""411057"", ""addressLine1"": ""Pune"", ""addressLine2"": ""Wakad""}",V0-HYDRAULICG-150W-POWDER-C-LED-WARM-BRO-ALUMINIU-ALUMINIU-250W-300MM-200W-01,Generic,,,427400,,427400,,0,,0,,0,,0,,0,,0,,0,,427400,,427400,,0,,0,,76932,,0,,0,,76932,,0,,0,,0,,0,,0,,0,,0,,0,,504332,,0,,0,,0
297,/uploads/vendor_invoices/c095f831-4e06-4fbe-baea-793a95310eb7.pdf,,,PURCHASE,ISSUED,2026-09-10,,3,335,,,83,Hydraulic Gear Pump,1.0,IGST,18.0,664.0,2026-09-10 11:49:30,PINV-2026-0151,PINV-2026-0154,ACMC-4567,27AABCN4587K1Z5,29AAGCB1286Q000,maharashtra,Karnataka,84136010.0,Purchase from Vendor #3 for Order #335,2026-09-10 06:18:28.800466,,,,0,Nexora Industrial solution pvt. Ltd,AABCN4587K,,Infoproys Commerce Private Limited,ABCDE1234F,"{""city"": ""Bengaluru"", ""country"": ""India"", ""district"": ""Industrial Area"", ""landmark"": ""Near City Mall"", ""postalCode"": ""560001"", ""addressLine1"": ""Office No 12, Tech Park Road"", ""addressLine2"": ""Phase 2, Business District""}",V0-HYDRAULICG-150W-POWDER-C-LED-WARM-BRO-ALUMINIU-ALUMINIU-250W-300MM-200W-01,Generic,2026-09-10,,414900,,414900,,414900,,0,,0,,0,,0,,0,,0,,414900,,414900,,0,,0,,74682,,0,,0,,74682,,0,,0,,0,,0,,0,,0,,0,,0,,489582,,0,,0,,0
298,,,,SALES,ISSUED,2026-09-10,6.0,3,335,208.0,,83,Hydraulic Gear Pump,1.0,IGST,18.0,665.0,2026-09-10 11:50:54,,SINV-2026-0102,,29AAGCB1286Q000,,Karnataka,Maharashtra,84136010.0,Sales invoice for Order #335 to Customer #6,2026-09-10 06:20:54.196469,,,,0,Infoproys Commerce Private Limited,ABCDE1234F,"{""city"": ""Bengaluru"", ""country"": ""India"", ""district"": ""Industrial Area"", ""landmark"": ""Near City Mall"", ""postalCode"": ""560001"", ""addressLine1"": ""Office No 12, Tech Park Road"", ""addressLine2"": ""Phase 2, Business District""}",Smita,,"{""city"": ""Haveli"", ""country"": ""India"", ""district"": ""Wakad"", ""postalCode"": ""411057"", ""addressLine1"": ""Pune"", ""addressLine2"": ""Wakad""}",V0-HYDRAULICG-150W-POWDER-C-LED-WARM-BRO-ALUMINIU-ALUMINIU-250W-300MM-200W-01,Generic,,,439900,,439900,,0,,0,,0,,0,,0,,0,,0,,439900,,439900,,0,,0,,80721,,0,,0,,79182,,8550,,0,,0,,1539,,0,,0,,0,,0,,529171,,0,,0,,0
299,,,,PURCHASE,ISSUED,2026-09-10,,3,336,,,83,Hydraulic Gear Pump,1.0,IGST,18.0,667.0,2026-09-10 12:00:19,PINV-2026-0152,PINV-2026-0155,,27AABCN4587K1Z5,29AAGCB1286Q000,maharashtra,Karnataka,84136010.0,Purchase from Vendor #3 for Order #336,2026-09-10 06:30:19.218008,,,,0,Nexora Industrial solution pvt. Ltd,AABCN4587K,,Infoproys Commerce Private Limited,ABCDE1234F,"{""city"": ""Bengaluru"", ""country"": ""India"", ""district"": ""Industrial Area"", ""landmark"": ""Near City Mall"", ""postalCode"": ""560001"", ""addressLine1"": ""Office No 12, Tech Park Road"", ""addressLine2"": ""Phase 2, Business District""}",V0-HYDRAULICG-150W-POWDER-C-LED-WARM-BRO-ALUMINIU-ALUMINIU-250W-300MM-200W-01,Generic,,,0,,0,,0,,0,,0,,0,,0,,0,,0,,0,,0,,0,,0,,0,,0,,0,,0,,0,,0,,0,,0,,0,,0,,0,,0,,0,,0,,0,,0
300,,,,SALES,DRAFT,2026-09-10,6.0,3,336,,,83,Hydraulic Gear Pump,1.0,IGST,18.0,,,,SINV-2026-0103,,29AAGCB1286Q000,,Karnataka,Maharashtra,84136010.0,Sales invoice for Order #336 to Customer #6,2026-09-10 06:30:19.475069,,,,0,Infoproys Commerce Private Limited,ABCDE1234F,"{""city"": ""Bengaluru"", ""country"": ""India"", ""district"": ""Industrial Area"", ""landmark"": ""Near City Mall"", ""postalCode"": ""560001"", ""addressLine1"": ""Office No 12, Tech Park Road"", ""addressLine2"": ""Phase 2, Business District""}",Smita,,"{""city"": ""Haveli"", ""country"": ""India"", ""district"": ""Wakad"", ""postalCode"": ""411057"", ""addressLine1"": ""Pune"", ""addressLine2"": ""Wakad""}",V0-HYDRAULICG-150W-POWDER-C-LED-WARM-BRO-ALUMINIU-ALUMINIU-250W-300MM-200W-01,Generic,,,439900,,439900,,0,,0,,0,,0,,0,,0,,0,,439900,,439900,,0,,0,,79182,,0,,0,,79182,,0,,0,,0,,0,,0,,0,,0,,0,,519082,,0,,0,,0
301,/uploads/vendor_invoices/d258a6cd-b86b-415e-a651-06da606d58c3.pdf,,,PURCHASE,ISSUED,2026-09-10,,3,339,,,83,Hydraulic Gear Pump,1.0,IGST,18.0,670.0,2026-09-10 14:51:19,PINV-2026-0153,PINV-2026-0156,ACMC-445,27AABCN4587K1Z5,29AAGCB1286Q000,maharashtra,Karnataka,84136010.0,Purchase from Vendor #3 for Order #339,2026-09-10 09:20:23.906999,,,,0,Nexora Industrial solution pvt. Ltd,AABCN4587K,,Infoproys Commerce Private Limited,ABCDE1234F,"{""city"": ""Bengaluru"", ""country"": ""India"", ""district"": ""Industrial Area"", ""landmark"": ""Near City Mall"", ""postalCode"": ""560001"", ""addressLine1"": ""Office No 12, Tech Park Road"", ""addressLine2"": ""Phase 2, Business District""}",V0-HYDRAULICG-150W-POWDER-C-LED-WARM-BRO-ALUMINIU-ALUMINIU-250W-300MM-200W-01,Generic,2026-09-10,,414900,,414900,,414900,,0,,0,,0,,0,,0,,0,,414900,,414900,,0,,0,,74682,,0,,0,,74682,,0,,0,,0,,0,,0,,0,,0,,0,,489582,,0,,0,,0
302,,,,SALES,ISSUED,2026-09-10,6.0,3,339,210.0,,83,Hydraulic Gear Pump,1.0,IGST,18.0,671.0,2026-09-10 14:52:35,,SINV-2026-0104,,29AAGCB1286Q000,,Karnataka,Maharashtra,84136010.0,Sales invoice for Order #339 to Customer #6,2026-09-10 09:22:35.302353,,,,0,Infoproys Commerce Private Limited,ABCDE1234F,"{""city"": ""Bengaluru"", ""country"": ""India"", ""district"": ""Industrial Area"", ""landmark"": ""Near City Mall"", ""postalCode"": ""560001"", ""addressLine1"": ""Office No 12, Tech Park Road"", ""addressLine2"": ""Phase 2, Business District""}",Smita,,"{""city"": ""Haveli"", ""country"": ""India"", ""district"": ""Wakad"", ""postalCode"": ""411057"", ""addressLine1"": ""Pune"", ""addressLine2"": ""Wakad""}",V0-HYDRAULICG-150W-POWDER-C-LED-WARM-BRO-ALUMINIU-ALUMINIU-250W-300MM-200W-01,Generic,,,439900,,439900,,0,,0,,0,,0,,0,,0,,0,,439900,,439900,,0,,0,,80721,,0,,0,,79182,,8550,,0,,0,,1539,,0,,0,,0,,0,,529171,,0,,0,,0
303,/uploads/vendor_invoices/7c3c30ec-b83a-46b8-96fe-9dd32593bdfb.pdf,,,PURCHASE,ISSUED,2026-09-10,,3,341,,,83,Hydraulic Gear Pump,1.0,IGST,18.0,674.0,2026-09-10 14:57:16,PINV-2026-0154,PINV-2026-0157,ACMC-44,27AABCN4587K1Z5,29AAGCB1286Q000,maharashtra,Karnataka,84136010.0,Purchase from Vendor #3 for Order #341,2026-09-10 09:26:05.758493,,,,0,Nexora Industrial solution pvt. Ltd,AABCN4587K,,Infoproys Commerce Private Limited,ABCDE1234F,"{""city"": ""Bengaluru"", ""country"": ""India"", ""district"": ""Industrial Area"", ""landmark"": ""Near City Mall"", ""postalCode"": ""560001"", ""addressLine1"": ""Office No 12, Tech Park Road"", ""addressLine2"": ""Phase 2, Business District""}",V0-HYDRAULICG-150W-POWDER-C-LED-WARM-BRO-ALUMINIU-ALUMINIU-250W-300MM-200W-01,Generic,2026-09-10,,414900,,414900,,414900,,0,,0,,0,,0,,0,,0,,414900,,414900,,0,,0,,74682,,0,,0,,74682,,0,,0,,0,,0,,0,,0,,0,,0,,489582,,0,,0,,0
304,,,,SALES,ISSUED,2026-09-10,6.0,3,341,211.0,,83,Hydraulic Gear Pump,1.0,IGST,18.0,675.0,2026-09-10 14:58:29,,SINV-2026-0105,,29AAGCB1286Q000,,Karnataka,Maharashtra,84136010.0,Sales invoice for Order #341 to Customer #6,2026-09-10 09:28:29.285911,,,,0,Infoproys Commerce Private Limited,ABCDE1234F,"{""city"": ""Bengaluru"", ""country"": ""India"", ""district"": ""Industrial Area"", ""landmark"": ""Near City Mall"", ""postalCode"": ""560001"", ""addressLine1"": ""Office No 12, Tech Park Road"", ""addressLine2"": ""Phase 2, Business District""}",Smita,,"{""city"": ""Haveli"", ""country"": ""India"", ""district"": ""Wakad"", ""postalCode"": ""411057"", ""addressLine1"": ""Pune"", ""addressLine2"": ""Wakad""}",V0-HYDRAULICG-150W-POWDER-C-LED-WARM-BRO-ALUMINIU-ALUMINIU-250W-300MM-200W-01,Generic,,,439900,,439900,,0,,0,,0,,0,,0,,0,,0,,439900,,439900,,0,,0,,80721,,0,,0,,79182,,8550,,0,,0,,1539,,0,,0,,0,,0,,529171,,0,,0,,0
305,/uploads/vendor_invoices/5d1706a7-3fdf-4c84-9e1b-3933175bb4de.pdf,,,PURCHASE,ISSUED,2026-09-10,,3,342,,,83,Hydraulic Gear Pump,1.0,IGST,18.0,678.0,2026-09-10 15:47:33,PINV-2026-0155,PINV-2026-0158,ACMC-66,27AABCN4587K1Z5,29AAGCB1286Q000,maharashtra,Karnataka,84136010.0,Purchase from Vendor #3 for Order #342,2026-09-10 10:16:43.818437,,,,0,Nexora Industrial solution pvt. Ltd,AABCN4587K,,Infoproys Commerce Private Limited,ABCDE1234F,"{""city"": ""Bengaluru"", ""country"": ""India"", ""district"": ""Industrial Area"", ""landmark"": ""Near City Mall"", ""postalCode"": ""560001"", ""addressLine1"": ""Office No 12, Tech Park Road"", ""addressLine2"": ""Phase 2, Business District""}",V0-HYDRAULICG-150W-POWDER-C-LED-WARM-BRO-ALUMINIU-ALUMINIU-250W-300MM-200W-01,Generic,2026-09-10,,414900,,414900,,414900,,0,,0,,0,,0,,0,,0,,414900,,414900,,0,,0,,74682,,0,,0,,74682,,0,,0,,0,,0,,0,,0,,0,,0,,489582,,0,,0,,0
306,/uploads/vendor_invoices/12c94d3a-78e7-4e2f-aa69-9b94bd5673c7.pdf,,,PURCHASE,ISSUED,2026-09-10,,3,345,,,83,Hydraulic Gear Pump,1.0,IGST,18.0,682.0,2026-09-10 17:52:48,PINV-2026-0156,PINV-2026-0159,ACMC-555,27AABCN4587K1Z5,29AAGCB1286Q000,maharashtra,Karnataka,84136010.0,Purchase from Vendor #3 for Order #345,2026-09-10 12:21:57.749209,,,,0,Nexora Industrial solution pvt. Ltd,AABCN4587K,,Infoproys Commerce Private Limited,ABCDE1234F,"{""city"": ""Bengaluru"", ""country"": ""India"", ""district"": ""Industrial Area"", ""landmark"": ""Near City Mall"", ""postalCode"": ""560001"", ""addressLine1"": ""Office No 12, Tech Park Road"", ""addressLine2"": ""Phase 2, Business District""}",V0-HYDRAULICG-150W-POWDER-C-LED-WARM-BRO-ALUMINIU-ALUMINIU-250W-300MM-200W-01,Generic,2026-09-10,,414900,,414900,,414900,,0,,0,,0,,0,,0,,0,,414900,,414900,,0,,0,,74682,,0,,0,,74682,,0,,0,,0,,0,,0,,0,,0,,0,,489582,,0,,0,,0
307,,,,SALES,ISSUED,2026-09-10,6.0,3,345,214.0,,83,Hydraulic Gear Pump,1.0,IGST,18.0,683.0,2026-09-10 17:55:00,,SINV-2026-0106,,29AAGCB1286Q000,,Karnataka,Maharashtra,84136010.0,Sales invoice for Order #345 to Customer #6,2026-09-10 12:24:59.968415,,,,0,Infoproys Commerce Private Limited,ABCDE1234F,"{""city"": ""Bengaluru"", ""country"": ""India"", ""district"": ""Industrial Area"", ""landmark"": ""Near City Mall"", ""postalCode"": ""560001"", ""addressLine1"": ""Office No 12, Tech Park Road"", ""addressLine2"": ""Phase 2, Business District""}",Smita,,"{""city"": ""Haveli"", ""country"": ""India"", ""district"": ""Wakad"", ""postalCode"": ""411057"", ""addressLine1"": ""Pune"", ""addressLine2"": ""Wakad""}",V0-HYDRAULICG-150W-POWDER-C-LED-WARM-BRO-ALUMINIU-ALUMINIU-250W-300MM-200W-01,Generic,,,439900,,439900,,0,,0,,0,,0,,0,,0,,0,,439900,,439900,,0,,0,,80721,,0,,0,,79182,,8550,,0,,0,,1539,,0,,0,,0,,0,,529171,,0,,0,,0
308,/uploads/vendor_invoices/2f55ae57-9b1e-4346-993d-98d76ad22d35.pdf,,,PURCHASE,ISSUED,2026-09-11,,3,346,,,83,Hydraulic Gear Pump,1.0,IGST,18.0,686.0,2026-09-11 10:47:02,PINV-2026-0157,PINV-2026-0160,ACMC-12345,27AABCN4587K1Z5,29AAGCB1286Q000,maharashtra,Karnataka,84136010.0,Purchase from Vendor #3 for Order #346,2026-09-11 05:16:12.979414,,,,0,Nexora Industrial solution pvt. Ltd,AABCN4587K,,Infoproys Commerce Private Limited,ABCDE1234F,"{""city"": ""Bengaluru"", ""country"": ""India"", ""district"": ""Industrial Area"", ""landmark"": ""Near City Mall"", ""postalCode"": ""560001"", ""addressLine1"": ""Office No 12, Tech Park Road"", ""addressLine2"": ""Phase 2, Business District""}",V0-HYDRAULICG-150W-POWDER-C-LED-WARM-BRO-ALUMINIU-ALUMINIU-250W-300MM-200W-01,Generic,2026-09-11,,414900,,414900,,414900,,0,,0,,0,,0,,0,,0,,414900,,414900,,0,,0,,74682,,0,,0,,74682,,0,,0,,0,,0,,0,,0,,0,,0,,489582,,0,,0,,0
309,,,,SALES,ISSUED,2026-09-11,6.0,3,346,215.0,,83,Hydraulic Gear Pump,1.0,IGST,18.0,687.0,2026-09-11 10:49:05,,SINV-2026-0107,,29AAGCB1286Q000,,Karnataka,Maharashtra,84136010.0,Sales invoice for Order #346 to Customer #6,2026-09-11 05:19:04.774596,,,,0,Infoproys Commerce Private Limited,ABCDE1234F,"{""city"": ""Bengaluru"", ""country"": ""India"", ""district"": ""Industrial Area"", ""landmark"": ""Near City Mall"", ""postalCode"": ""560001"", ""addressLine1"": ""Office No 12, Tech Park Road"", ""addressLine2"": ""Phase 2, Business District""}",Smita,,"{""city"": ""Haveli"", ""country"": ""India"", ""district"": ""Wakad"", ""postalCode"": ""411057"", ""addressLine1"": ""Pune"", ""addressLine2"": ""Wakad""}",V0-HYDRAULICG-150W-POWDER-C-LED-WARM-BRO-ALUMINIU-ALUMINIU-250W-300MM-200W-01,Generic,,,439900,,439900,,0,,0,,0,,0,,0,,0,,0,,439900,,439900,,0,,0,,80721,,0,,0,,79182,,8550,,0,,0,,1539,,0,,0,,0,,0,,529171,,0,,0,,0
310,/uploads/vendor_invoices/6739452e-bb74-460d-936f-349dac42e449.pdf,,,PURCHASE,ISSUED,2026-09-11,,3,347,,,83,Hydraulic Gear Pump,1.0,IGST,18.0,690.0,2026-09-11 11:06:08,PINV-2026-0158,PINV-2026-0161,ACMC-77,27AABCN4587K1Z5,29AAGCB1286Q000,maharashtra,Karnataka,84136010.0,Purchase from Vendor #3 for Order #347,2026-09-11 05:35:28.163711,,,,0,Nexora Industrial solution pvt. Ltd,AABCN4587K,,Infoproys Commerce Private Limited,ABCDE1234F,"{""city"": ""Bengaluru"", ""country"": ""India"", ""district"": ""Industrial Area"", ""landmark"": ""Near City Mall"", ""postalCode"": ""560001"", ""addressLine1"": ""Office No 12, Tech Park Road"", ""addressLine2"": ""Phase 2, Business District""}",V0-HYDRAULICG-150W-POWDER-C-LED-WARM-BRO-ALUMINIU-ALUMINIU-250W-300MM-200W-01,Generic,2026-09-11,,414900,,414900,,414900,,0,,0,,0,,0,,0,,0,,414900,,414900,,0,,0,,74682,,0,,0,,74682,,0,,0,,0,,0,,0,,0,,0,,0,,489582,,0,,0,,0
311,,,,SALES,ISSUED,2026-09-11,6.0,3,347,216.0,,83,Hydraulic Gear Pump,1.0,IGST,18.0,691.0,2026-09-11 11:07:22,,SINV-2026-0108,,29AAGCB1286Q000,,Karnataka,Maharashtra,84136010.0,Sales invoice for Order #347 to Customer #6,2026-09-11 05:37:22.005412,,,,0,Infoproys Commerce Private Limited,ABCDE1234F,"{""city"": ""Bengaluru"", ""country"": ""India"", ""district"": ""Industrial Area"", ""landmark"": ""Near City Mall"", ""postalCode"": ""560001"", ""addressLine1"": ""Office No 12, Tech Park Road"", ""addressLine2"": ""Phase 2, Business District""}",Smita,,"{""city"": ""Haveli"", ""country"": ""India"", ""district"": ""Wakad"", ""postalCode"": ""411057"", ""addressLine1"": ""Pune"", ""addressLine2"": ""Wakad""}",V0-HYDRAULICG-150W-POWDER-C-LED-WARM-BRO-ALUMINIU-ALUMINIU-250W-300MM-200W-01,Generic,,,439900,,439900,,0,,0,,0,,0,,0,,0,,0,,439900,,439900,,0,,0,,80721,,0,,0,,79182,,8550,,0,,0,,1539,,0,,0,,0,,0,,529171,,0,,0,,0
312,,,,CREDIT_NOTE,ISSUED,2026-09-11,6.0,3,347,,311.0,83,Hydraulic Gear Pump,1.0,IGST,18.0,693.0,,,CN-2026-0023,,29AAGCB1286Q000,,Karnataka,Maharashtra,84136010.0,Credit note for returned Order #347,2026-09-11 08:47:28.032041,ORDER_RETURNED,2026-09-11,2026-09-11,0,Infoproys Commerce Private Limited,ABCDE1234F,"{""city"": ""Bengaluru"", ""country"": ""India"", ""district"": ""Industrial Area"", ""landmark"": ""Near City Mall"", ""postalCode"": ""560001"", ""addressLine1"": ""Office No 12, Tech Park Road"", ""addressLine2"": ""Phase 2, Business District""}",Smita,,"{""city"": ""Haveli"", ""country"": ""India"", ""district"": ""Wakad"", ""postalCode"": ""411057"", ""addressLine1"": ""Pune"", ""addressLine2"": ""Wakad""}",V0-HYDRAULICG-150W-POWDER-C-LED-WARM-BRO-ALUMINIU-ALUMINIU-250W-300MM-200W-01,Generic,,,-439900,,-439900,,0,,0,,0,,0,,0,,0,,0,,-439900,,-439900,,0,,0,,-79182,,0,,0,,-79182,,0,,0,,0,,0,,0,,0,,0,,0,,-519082,,0,,0,,0
313,,,,DEBIT_NOTE,ISSUED,2026-09-11,,3,347,,310.0,83,Hydraulic Gear Pump,1.0,IGST,18.0,694.0,2026-09-11 14:17:28,DN-2026-0020,DN-2026-0020,,27AABCN4587K1Z5,29AAGCB1286Q000,maharashtra,Karnataka,84136010.0,Debit note for order returned Order #347,2026-09-11 08:47:28.183924,ORDER_RETURNED,2026-09-11,2026-09-11,0,Nexora Industrial solution pvt. Ltd,AABCN4587K,"{""city"": ""Pune"", ""country"": ""India"", ""district"": ""Wakad"", ""postalCode"": ""441057"", ""addressLine1"": ""Wakad, Pune""}",Infoproys Commerce Private Limited,ABCDE1234F,"{""city"": ""Bengaluru"", ""country"": ""India"", ""district"": ""Industrial Area"", ""landmark"": ""Near City Mall"", ""postalCode"": ""560001"", ""addressLine1"": ""Office No 12, Tech Park Road"", ""addressLine2"": ""Phase 2, Business District""}",V0-HYDRAULICG-150W-POWDER-C-LED-WARM-BRO-ALUMINIU-ALUMINIU-250W-300MM-200W-01,Generic,,,-414900,,-414900,,-414900,,0,,0,,0,,0,,0,,0,,-414900,,-414900,,0,,0,,-74682,,0,,0,,-74682,,0,,0,,0,,0,,0,,0,,0,,0,,-489582,,0,,0,,0
314,/uploads/vendor_invoices/7a60d713-7d4f-420a-9390-a74c16575124.pdf,,,PURCHASE,ISSUED,2026-09-11,,3,348,,,83,Hydraulic Gear Pump,1.0,IGST,18.0,696.0,2026-09-11 14:22:05,PINV-2026-0159,PINV-2026-0162,ACMC-112,27AABCN4587K1Z5,29AAGCB1286Q000,maharashtra,Karnataka,84136010.0,Purchase from Vendor #3 for Order #348,2026-09-11 08:51:05.292848,,,,0,Nexora Industrial solution pvt. Ltd,AABCN4587K,,Infoproys Commerce Private Limited,ABCDE1234F,"{""city"": ""Bengaluru"", ""country"": ""India"", ""district"": ""Industrial Area"", ""landmark"": ""Near City Mall"", ""postalCode"": ""560001"", ""addressLine1"": ""Office No 12, Tech Park Road"", ""addressLine2"": ""Phase 2, Business District""}",V0-HYDRAULICG-150W-POWDER-C-LED-WARM-BRO-ALUMINIU-ALUMINIU-250W-300MM-200W-01,Generic,2026-09-11,,414900,,414900,,414900,,0,,0,,0,,0,,0,,0,,414900,,414900,,0,,0,,74682,,0,,0,,74682,,0,,0,,0,,0,,0,,0,,0,,0,,489582,,0,,0,,0
315,,,,SALES,ISSUED,2026-09-11,6.0,3,348,217.0,,83,Hydraulic Gear Pump,1.0,IGST,18.0,697.0,2026-09-11 14:23:23,,SINV-2026-0109,,29AAGCB1286Q000,,Karnataka,Maharashtra,84136010.0,Sales invoice for Order #348 to Customer #6,2026-09-11 08:53:23.312318,,,,0,Infoproys Commerce Private Limited,ABCDE1234F,"{""city"": ""Bengaluru"", ""country"": ""India"", ""district"": ""Industrial Area"", ""landmark"": ""Near City Mall"", ""postalCode"": ""560001"", ""addressLine1"": ""Office No 12, Tech Park Road"", ""addressLine2"": ""Phase 2, Business District""}",Smita,,"{""city"": ""Haveli"", ""country"": ""India"", ""district"": ""Wakad"", ""postalCode"": ""411057"", ""addressLine1"": ""Pune"", ""addressLine2"": ""Wakad""}",V0-HYDRAULICG-150W-POWDER-C-LED-WARM-BRO-ALUMINIU-ALUMINIU-250W-300MM-200W-01,Generic,,,439900,,439900,,0,,0,,0,,0,,0,,0,,0,,439900,,439900,,0,,0,,80721,,0,,0,,79182,,8550,,0,,0,,1539,,0,,0,,0,,0,,529171,,0,,0,,0
316,,,,CREDIT_NOTE,ISSUED,2026-09-11,6.0,3,348,,315.0,83,Hydraulic Gear Pump,1.0,IGST,18.0,699.0,,,CN-2026-0024,,29AAGCB1286Q000,,Karnataka,Maharashtra,84136010.0,Credit note for returned Order #348,2026-09-11 09:07:42.327210,ORDER_RETURNED,2026-09-11,2026-09-11,0,Infoproys Commerce Private Limited,ABCDE1234F,"{""city"": ""Bengaluru"", ""country"": ""India"", ""district"": ""Industrial Area"", ""landmark"": ""Near City Mall"", ""postalCode"": ""560001"", ""addressLine1"": ""Office No 12, Tech Park Road"", ""addressLine2"": ""Phase 2, Business District""}",Smita,,"{""city"": ""Haveli"", ""country"": ""India"", ""district"": ""Wakad"", ""postalCode"": ""411057"", ""addressLine1"": ""Pune"", ""addressLine2"": ""Wakad""}",V0-HYDRAULICG-150W-POWDER-C-LED-WARM-BRO-ALUMINIU-ALUMINIU-250W-300MM-200W-01,Generic,,,-439900,,-439900,,0,,0,,0,,0,,0,,0,,0,,-439900,,-439900,,0,,0,,-79182,,0,,0,,-79182,,0,,0,,0,,0,,0,,0,,0,,0,,-519082,,0,,0,,0
317,,,,DEBIT_NOTE,ISSUED,2026-09-11,,3,348,,314.0,83,Hydraulic Gear Pump,1.0,IGST,18.0,700.0,2026-09-11 14:37:43,DN-2026-0021,DN-2026-0021,,27AABCN4587K1Z5,29AAGCB1286Q000,maharashtra,Karnataka,84136010.0,Debit note for order returned Order #348,2026-09-11 09:07:42.513797,ORDER_RETURNED,2026-09-11,2026-09-11,0,Nexora Industrial solution pvt. Ltd,AABCN4587K,"{""city"": ""Pune"", ""country"": ""India"", ""district"": ""Wakad"", ""postalCode"": ""441057"", ""addressLine1"": ""Wakad, Pune""}",Infoproys Commerce Private Limited,ABCDE1234F,"{""city"": ""Bengaluru"", ""country"": ""India"", ""district"": ""Industrial Area"", ""landmark"": ""Near City Mall"", ""postalCode"": ""560001"", ""addressLine1"": ""Office No 12, Tech Park Road"", ""addressLine2"": ""Phase 2, Business District""}",V0-HYDRAULICG-150W-POWDER-C-LED-WARM-BRO-ALUMINIU-ALUMINIU-250W-300MM-200W-01,Generic,,,-414900,,-414900,,-414900,,0,,0,,0,,0,,0,,0,,-414900,,-414900,,0,,0,,-74682,,0,,0,,-74682,,0,,0,,0,,0,,0,,0,,0,,0,,-489582,,0,,0,,0
318,/uploads/vendor_invoices/241d03c9-fc79-4190-bff0-687d64b82b37.pdf,,,PURCHASE,ISSUED,2026-09-11,,3,349,,,83,Hydraulic Gear Pump,1.0,IGST,18.0,702.0,2026-09-11 15:08:54,PINV-2026-0160,PINV-2026-0163,ACMC-5555,27AABCN4587K1Z5,29AAGCB1286Q000,maharashtra,Karnataka,84136010.0,Purchase from Vendor #3 for Order #349,2026-09-11 09:38:05.693740,,,,0,Nexora Industrial solution pvt. Ltd,AABCN4587K,,Infoproys Commerce Private Limited,ABCDE1234F,"{""city"": ""Bengaluru"", ""country"": ""India"", ""district"": ""Industrial Area"", ""landmark"": ""Near City Mall"", ""postalCode"": ""560001"", ""addressLine1"": ""Office No 12, Tech Park Road"", ""addressLine2"": ""Phase 2, Business District""}",V0-HYDRAULICG-150W-POWDER-C-LED-WARM-BRO-ALUMINIU-ALUMINIU-250W-300MM-200W-01,Generic,2026-09-11,,414900,,414900,,414900,,0,,0,,0,,0,,0,,0,,414900,,414900,,0,,0,,74682,,0,,0,,74682,,0,,0,,0,,0,,0,,0,,0,,0,,489582,,0,,0,,0
319,,,,SALES,ISSUED,2026-09-11,6.0,3,349,218.0,,83,Hydraulic Gear Pump,1.0,IGST,18.0,703.0,2026-09-11 15:10:16,,SINV-2026-0110,,29AAGCB1286Q000,,Karnataka,Maharashtra,84136010.0,Sales invoice for Order #349 to Customer #6,2026-09-11 09:40:15.589918,,,,0,Infoproys Commerce Private Limited,ABCDE1234F,"{""city"": ""Bengaluru"", ""country"": ""India"", ""district"": ""Industrial Area"", ""landmark"": ""Near City Mall"", ""postalCode"": ""560001"", ""addressLine1"": ""Office No 12, Tech Park Road"", ""addressLine2"": ""Phase 2, Business District""}",Smita,,"{""city"": ""Haveli"", ""country"": ""India"", ""district"": ""Wakad"", ""postalCode"": ""411057"", ""addressLine1"": ""Pune"", ""addressLine2"": ""Wakad""}",V0-HYDRAULICG-150W-POWDER-C-LED-WARM-BRO-ALUMINIU-ALUMINIU-250W-300MM-200W-01,Generic,,,439900,,439900,,0,,0,,0,,0,,0,,0,,0,,439900,,439900,,0,,0,,80721,,0,,0,,79182,,8550,,0,,0,,1539,,0,,0,,0,,0,,529171,,0,,0,,0
320,/uploads/vendor_invoices/8a018e06-7c5e-4b1d-a92b-b92da5eeb394.pdf,,,PURCHASE,ISSUED,2026-09-11,,3,359,,,83,Hydraulic Gear Pump,1.0,IGST,18.0,713.0,2026-09-11 15:59:01,PINV-2026-0161,PINV-2026-0164,ACMC-001,27AABCN4587K1Z5,29AAGCB1286Q000,maharashtra,Karnataka,84136010.0,Purchase from Vendor #3 for Order #359,2026-09-11 10:28:12.874273,,,,0,Nexora Industrial solution pvt. Ltd,AABCN4587K,,Infoproys Commerce Private Limited,ABCDE1234F,"{""city"": ""Bengaluru"", ""country"": ""India"", ""district"": ""Industrial Area"", ""landmark"": ""Near City Mall"", ""postalCode"": ""560001"", ""addressLine1"": ""Office No 12, Tech Park Road"", ""addressLine2"": ""Phase 2, Business District""}",V0-HYDRAULICG-150W-POWDER-C-LED-WARM-BRO-ALUMINIU-ALUMINIU-250W-300MM-200W-01,Generic,2026-09-11,,414900,,414900,,414900,,0,,0,,0,,0,,0,,0,,414900,,414900,,0,,0,,74682,,0,,0,,74682,,0,,0,,0,,0,,0,,0,,0,,0,,489582,,0,,0,,0
321,,,,SALES,ISSUED,2026-09-11,6.0,3,359,226.0,,83,Hydraulic Gear Pump,1.0,IGST,18.0,715.0,2026-09-11 16:07:32,,SINV-2026-0111,,29AAGCB1286Q000,,Karnataka,Maharashtra,84136010.0,Sales invoice for Order #359 to Customer #6,2026-09-11 10:37:31.865921,,,,0,Infoproys Commerce Private Limited,ABCDE1234F,"{""city"": ""Bengaluru"", ""country"": ""India"", ""district"": ""Industrial Area"", ""landmark"": ""Near City Mall"", ""postalCode"": ""560001"", ""addressLine1"": ""Office No 12, Tech Park Road"", ""addressLine2"": ""Phase 2, Business District""}",Smita,,"{""city"": ""Haveli"", ""country"": ""India"", ""district"": ""Wakad"", ""postalCode"": ""411057"", ""addressLine1"": ""Pune"", ""addressLine2"": ""Wakad""}",V0-HYDRAULICG-150W-POWDER-C-LED-WARM-BRO-ALUMINIU-ALUMINIU-250W-300MM-200W-01,Generic,,,439900,,439900,,0,,0,,0,,0,,0,,0,,0,,439900,,439900,,0,,0,,80721,,0,,0,,79182,,8550,,0,,0,,1539,,0,,0,,0,,0,,529171,,0,,0,,0
