id,payment_id,gateway_name,merchant_transaction_id,gateway_order_id,gateway_payment_id,amount_paise,currency,status,attempts,last_error,idempotency_key,raw_request,raw_response,verified_at,created_at,updated_at
1,1,PHONEPE,MT58273413736IJ11,MT58273413736IJ11,DUMMY_GW_1785827343164,194759,INR,SUCCESS,1,,16761ea81d9223f87184e7cfbd4b8ba51c0c083467f8ded9fe1846447d98adea,"{""amount"": 1947.59, ""userId"": 6, ""gateway"": ""PHONEPE"", ""orderId"": 1}","{""mode"": ""DUMMY"", ""amount"": 194759, ""apiVersion"": ""v2"", ""merchantOrderId"": ""MT58273413736IJ11""}",2026-08-04 07:09:03,2026-08-04 07:09:01.416000,2026-08-04 07:09:03
2,2,PHONEPE,MT58292931596QWB3,MT58292931596QWB3,DUMMY_GW_1785829294714,194759,INR,SUCCESS,1,,52a7ff43b77997f12bfb80e965349248d14fea519178b846923fe696964b832e,"{""amount"": 1947.59, ""userId"": 6, ""gateway"": ""PHONEPE"", ""orderId"": 2}","{""mode"": ""DUMMY"", ""amount"": 194759, ""apiVersion"": ""v2"", ""merchantOrderId"": ""MT58292931596QWB3""}",2026-08-04 07:41:35,2026-08-04 07:41:33.221000,2026-08-04 07:41:34
3,3,PHONEPE,MT58309090796S55T,MT58309090796S55T,DUMMY_GW_1785830910705,194759,INR,SUCCESS,1,,56f072bf6853370974b2744f65c6a3c163e22cdda81e30d8be1d313445e91bcd,"{""amount"": 1947.59, ""userId"": 6, ""gateway"": ""PHONEPE"", ""orderId"": 3}","{""mode"": ""DUMMY"", ""amount"": 194759, ""apiVersion"": ""v2"", ""merchantOrderId"": ""MT58309090796S55T""}",2026-08-04 08:08:31,2026-08-04 08:08:29.108000,2026-08-04 08:08:30
4,4,PHONEPE,MT583267345461GZF,MT583267345461GZF,DUMMY_GW_1785832674536,194759,INR,SUCCESS,1,,2f74619900211a571c54a917026c628855d0ccc427e42b1e415785c85e18d8b4,"{""amount"": 1947.59, ""userId"": 6, ""gateway"": ""PHONEPE"", ""orderId"": 4}","{""mode"": ""DUMMY"", ""amount"": 194759, ""apiVersion"": ""v2"", ""merchantOrderId"": ""MT583267345461GZF""}",2026-08-04 08:37:55,2026-08-04 08:37:53.475000,2026-08-04 08:37:54
5,6,PHONEPE,MT58362912026A4DR,MT58362912026A4DR,DUMMY_GW_1785836292568,194759,INR,SUCCESS,1,,5c151ea42301c96752feafb7daeeb24357c0869e1cb822eb88a10bc6f8785729,"{""amount"": 1947.59, ""userId"": 6, ""gateway"": ""PHONEPE"", ""orderId"": 6}","{""mode"": ""DUMMY"", ""amount"": 194759, ""apiVersion"": ""v2"", ""merchantOrderId"": ""MT58362912026A4DR""}",2026-08-04 09:38:13,2026-08-04 09:38:11.257000,2026-08-04 09:38:12
6,7,PHONEPE,MT583724578564GER,MT583724578564GER,DUMMY_GW_1785837247025,564099,INR,SUCCESS,1,,0a6e7b42eedfaead458220a932d08627315c4bb12eb2443456614984b7f0cf78,"{""amount"": 5640.990000000001, ""userId"": 6, ""gateway"": ""PHONEPE"", ""orderId"": 7}","{""mode"": ""DUMMY"", ""amount"": 564099, ""apiVersion"": ""v2"", ""merchantOrderId"": ""MT583724578564GER""}",2026-08-04 09:54:07,2026-08-04 09:54:05.857000,2026-08-04 09:54:07
7,8,PHONEPE,MT58391453406MGF4,MT58391453406MGF4,DUMMY_GW_1785839146587,194759,INR,SUCCESS,1,,e41f60f8da384631e1f998618d5fd9a3334ac1e8bb08d9b141fc4591511342c9,"{""amount"": 1947.59, ""userId"": 6, ""gateway"": ""PHONEPE"", ""orderId"": 8}","{""mode"": ""DUMMY"", ""amount"": 194759, ""apiVersion"": ""v2"", ""merchantOrderId"": ""MT58391453406MGF4""}",2026-08-04 10:25:47,2026-08-04 10:25:45.379000,2026-08-04 10:25:46
8,9,PHONEPE,MT58404677834HWYH,MT58404677834HWYH,DUMMY_GW_1785840468947,142176,INR,SUCCESS,1,,21efd532a4afba7cb023397caefacce786e93ffa4ff220fe238aecfd1e955a88,"{""amount"": 1421.76, ""userId"": 4, ""gateway"": ""PHONEPE"", ""orderId"": 9}","{""mode"": ""DUMMY"", ""amount"": 142176, ""apiVersion"": ""v2"", ""merchantOrderId"": ""MT58404677834HWYH""}",2026-08-04 10:47:49,2026-08-04 10:47:47.826000,2026-08-04 10:47:48
9,10,PHONEPE,MT58416464664G3BQ,MT58416464664G3BQ,DUMMY_GW_1785841647533,139659,INR,SUCCESS,1,,44874daf9158a009e49ad931d7cc4e9a1929c153cf93188e0e083d946891b5a2,"{""amount"": 1396.59, ""userId"": 4, ""gateway"": ""PHONEPE"", ""orderId"": 10}","{""mode"": ""DUMMY"", ""amount"": 139659, ""apiVersion"": ""v2"", ""merchantOrderId"": ""MT58416464664G3BQ""}",2026-08-04 11:07:28,2026-08-04 11:07:26.525000,2026-08-04 11:07:27
10,11,PHONEPE,MT584246731263WOH,MT584246731263WOH,DUMMY_GW_1785842468548,194759,INR,SUCCESS,1,,23e1b147ceede9312fed19190b151d753b60598694ae6ab7bc78b8a8fcc88976,"{""amount"": 1947.59, ""userId"": 6, ""gateway"": ""PHONEPE"", ""orderId"": 11}","{""mode"": ""DUMMY"", ""amount"": 194759, ""apiVersion"": ""v2"", ""merchantOrderId"": ""MT584246731263WOH""}",2026-08-04 11:21:09,2026-08-04 11:21:07.329000,2026-08-04 11:21:08
11,12,PHONEPE,MT58441572816H0FN,MT58441572816H0FN,DUMMY_GW_1785844158439,194759,INR,SUCCESS,1,,fbf77ff25ceea3a11dd32996a1b86b5a4609e93bfd684e19964aef1778577b1b,"{""amount"": 1947.59, ""userId"": 6, ""gateway"": ""PHONEPE"", ""orderId"": 12}","{""mode"": ""DUMMY"", ""amount"": 194759, ""apiVersion"": ""v2"", ""merchantOrderId"": ""MT58441572816H0FN""}",2026-08-04 11:49:18,2026-08-04 11:49:17.330000,2026-08-04 11:49:18
12,13,PHONEPE,MT58458966406RL0B,MT58458966406RL0B,DUMMY_GW_1785845897620,194759,INR,SUCCESS,1,,58aecee303294fce8d6c1f64b534a3da03abd29ee45ee8d4b2bd6d1807d872ea,"{""amount"": 1947.59, ""userId"": 6, ""gateway"": ""PHONEPE"", ""orderId"": 13}","{""mode"": ""DUMMY"", ""amount"": 194759, ""apiVersion"": ""v2"", ""merchantOrderId"": ""MT58458966406RL0B""}",2026-08-04 12:18:18,2026-08-04 12:18:16.690000,2026-08-04 12:18:17
13,15,PHONEPE,MT591989850369E45,MT591989850369E45,DUMMY_GW_1785919899651,131950,INR,SUCCESS,1,,4f3ebf71ae60a1c1be653a395e4872c928759f40cc55935482233fd7dde446e5,"{""amount"": 1319.5, ""userId"": 6, ""gateway"": ""PHONEPE"", ""orderId"": 15}","{""mode"": ""DUMMY"", ""amount"": 131950, ""apiVersion"": ""v2"", ""merchantOrderId"": ""MT591989850369E45""}",2026-08-05 08:51:40,2026-08-05 08:51:38.542000,2026-08-05 08:51:39
14,16,PHONEPE,MT59297500506MUX0,MT59297500506MUX0,DUMMY_GW_1785929752115,194759,INR,SUCCESS,1,,c56b991f4087854fb9c0450fd7db75c1ccb1e26b7118ce5b767ac9ffd13d0a09,"{""amount"": 1947.59, ""userId"": 6, ""gateway"": ""PHONEPE"", ""orderId"": 16}","{""mode"": ""DUMMY"", ""amount"": 194759, ""apiVersion"": ""v2"", ""merchantOrderId"": ""MT59297500506MUX0""}",2026-08-05 11:35:52,2026-08-05 11:35:50.152000,2026-08-05 11:35:52
15,17,PHONEPE,MT59329200886270B,MT59329200886270B,DUMMY_GW_1785932922082,194759,INR,SUCCESS,1,,ee56855101c308541a0c85c36abd17875da16a95056c34fb260d64c7205c5246,"{""amount"": 1947.59, ""userId"": 6, ""gateway"": ""PHONEPE"", ""orderId"": 17}","{""mode"": ""DUMMY"", ""amount"": 194759, ""apiVersion"": ""v2"", ""merchantOrderId"": ""MT59329200886270B""}",2026-08-05 12:28:42,2026-08-05 12:28:40.125000,2026-08-05 12:28:42
16,18,PHONEPE,MT59954938828ERGR,MT59954938828ERGR,DUMMY_GW_1785995495702,142176,INR,SUCCESS,1,,60020a2cedc9cc72cf3ac232232153f7e19d4c4e379428957e830acd496625a1,"{""amount"": 1421.76, ""userId"": 8, ""gateway"": ""PHONEPE"", ""orderId"": 18}","{""mode"": ""DUMMY"", ""amount"": 142176, ""apiVersion"": ""v2"", ""merchantOrderId"": ""MT59954938828ERGR""}",2026-08-06 05:51:36,2026-08-06 05:51:33.914000,2026-08-06 05:51:35
17,19,PHONEPE,MT59971379848OVBM,MT59971379848OVBM,DUMMY_GW_1785997139461,198268,INR,SUCCESS,1,,52a357d095af71cba592466ba4c103755714fabd375363c11404ea96eaa0dfd7,"{""amount"": 1982.68, ""userId"": 8, ""gateway"": ""PHONEPE"", ""orderId"": 19}","{""mode"": ""DUMMY"", ""amount"": 198268, ""apiVersion"": ""v2"", ""merchantOrderId"": ""MT59971379848OVBM""}",2026-08-06 06:18:59,2026-08-06 06:18:58.015000,2026-08-06 06:18:59
18,20,PHONEPE,MT60024920899KQST,MT60024920899KQST,DUMMY_GW_1786002493449,142176,INR,SUCCESS,1,,655e2533e82a55c6db04493a4e02e04db08ec9ff1ac9494ef8094bd417ceef08,"{""amount"": 1421.76, ""userId"": 9, ""gateway"": ""PHONEPE"", ""orderId"": 20}","{""mode"": ""DUMMY"", ""amount"": 142176, ""apiVersion"": ""v2"", ""merchantOrderId"": ""MT60024920899KQST""}",2026-08-06 07:48:13,2026-08-06 07:48:12.145000,2026-08-06 07:48:13
19,21,PHONEPE,MT600461266998QNF,MT600461266998QNF,DUMMY_GW_1786004613838,142176,INR,SUCCESS,1,,6c5b81d3fa58e1da76b3c3cf10ac7f26568cb3ec54592e194756f1f46684a511,"{""amount"": 1421.76, ""userId"": 9, ""gateway"": ""PHONEPE"", ""orderId"": 21}","{""mode"": ""DUMMY"", ""amount"": 142176, ""apiVersion"": ""v2"", ""merchantOrderId"": ""MT600461266998QNF""}",2026-08-06 08:23:34,2026-08-06 08:23:32.710000,2026-08-06 08:23:33
20,22,PHONEPE,MT60333916046AERV,MT60333916046AERV,DUMMY_GW_1786033393730,194759,INR,SUCCESS,1,,0c7f07d9739e0c589b13f99c23469bafa618714f490ad8963258f3feb94c2b4c,"{""amount"": 1947.59, ""userId"": 6, ""gateway"": ""PHONEPE"", ""orderId"": 22}","{""mode"": ""DUMMY"", ""amount"": 194759, ""apiVersion"": ""v2"", ""merchantOrderId"": ""MT60333916046AERV""}",2026-08-06 16:23:14,2026-08-06 16:23:11.607000,2026-08-06 16:23:13
21,23,PHONEPE,MT60732789056DZL3,MT60732789056DZL3,DUMMY_GW_1786073279725,142176,INR,SUCCESS,1,,96f2881c77de6e7052dce712cd90041b0409928d3379e04aaa7241a601ce12ec,"{""amount"": 1421.76, ""userId"": 6, ""gateway"": ""PHONEPE"", ""orderId"": 23}","{""mode"": ""DUMMY"", ""amount"": 142176, ""apiVersion"": ""v2"", ""merchantOrderId"": ""MT60732789056DZL3""}",2026-08-07 03:28:00,2026-08-07 03:27:58.971000,2026-08-07 03:27:59
22,24,PHONEPE,MT607334732160MBF,MT607334732160MBF,DUMMY_GW_1786073348341,194759,INR,SUCCESS,1,,024de046ed0641f3a906eef192b9130d50bb9c3e9aa22c34ea3967322fac5e7d,"{""amount"": 1947.59, ""userId"": 6, ""gateway"": ""PHONEPE"", ""orderId"": 24}","{""mode"": ""DUMMY"", ""amount"": 194759, ""apiVersion"": ""v2"", ""merchantOrderId"": ""MT607334732160MBF""}",2026-08-07 03:29:08,2026-08-07 03:29:07.373000,2026-08-07 03:29:08
23,27,PHONEPE,MT60782281106XQLO,MT60782281106XQLO,DUMMY_GW_1786078229474,142176,INR,SUCCESS,1,,889c9f53b842bf06350fcb7d4016111920d8ef914a69e0fbf7230f99ab3dbd67,"{""amount"": 1421.76, ""userId"": 6, ""gateway"": ""PHONEPE"", ""orderId"": 27}","{""mode"": ""DUMMY"", ""amount"": 142176, ""apiVersion"": ""v2"", ""merchantOrderId"": ""MT60782281106XQLO""}",2026-08-07 04:50:29,2026-08-07 04:50:28.204000,2026-08-07 04:50:29
24,28,PHONEPE,MT6078844823487MD,MT6078844823487MD,DUMMY_GW_1786078846377,142176,INR,SUCCESS,1,,61526fcc924c67c151b050483b353ca733d56cfc38a54dd58f2deaa0814efec1,"{""amount"": 1421.76, ""userId"": 4, ""gateway"": ""PHONEPE"", ""orderId"": 28}","{""mode"": ""DUMMY"", ""amount"": 142176, ""apiVersion"": ""v2"", ""merchantOrderId"": ""MT6078844823487MD""}",2026-08-07 05:00:46,2026-08-07 05:00:44.861000,2026-08-07 05:00:46
25,30,PHONEPE,MT60804596716YV2H,MT60804596716YV2H,DUMMY_GW_1786080460825,194759,INR,SUCCESS,1,,f0cb8ec55a2a69fe97731a84d8bd4a3fcff15670cf9852da85093a9e313357db,"{""amount"": 1947.59, ""userId"": 6, ""gateway"": ""PHONEPE"", ""orderId"": 30}","{""mode"": ""DUMMY"", ""amount"": 194759, ""apiVersion"": ""v2"", ""merchantOrderId"": ""MT60804596716YV2H""}",2026-08-07 05:27:41,2026-08-07 05:27:39.738000,2026-08-07 05:27:40
26,31,PHONEPE,MT6082172044677WA,MT6082172044677WA,DUMMY_GW_1786082173042,194759,INR,SUCCESS,1,,be4b211630b673d744ea3bde1b89a9004c27137feb8ef8b45d2b28a61194a450,"{""amount"": 1947.59, ""userId"": 6, ""gateway"": ""PHONEPE"", ""orderId"": 31}","{""mode"": ""DUMMY"", ""amount"": 194759, ""apiVersion"": ""v2"", ""merchantOrderId"": ""MT6082172044677WA""}",2026-08-07 05:56:13,2026-08-07 05:56:12.092000,2026-08-07 05:56:13
27,33,PHONEPE,MT60921038606PDTL,MT60921038606PDTL,DUMMY_GW_1786092104728,142176,INR,SUCCESS,1,,468ed527482457c1ce03724b9ee170209f306134e48c4784b9d3bd357ad24a22,"{""amount"": 1421.76, ""userId"": 6, ""gateway"": ""PHONEPE"", ""orderId"": 33}","{""mode"": ""DUMMY"", ""amount"": 142176, ""apiVersion"": ""v2"", ""merchantOrderId"": ""MT60921038606PDTL""}",2026-08-07 08:41:45,2026-08-07 08:41:43.890000,2026-08-07 08:41:44
28,35,PHONEPE,MT60927308546MYZN,MT60927308546MYZN,DUMMY_GW_1786092732373,194759,INR,SUCCESS,1,,ee08ba449cd6ecb27c563b2d501f5894580130836abd25a2b12e61bc5a07f2d8,"{""amount"": 1947.59, ""userId"": 6, ""gateway"": ""PHONEPE"", ""orderId"": 35}","{""mode"": ""DUMMY"", ""amount"": 194759, ""apiVersion"": ""v2"", ""merchantOrderId"": ""MT60927308546MYZN""}",2026-08-07 08:52:12,2026-08-07 08:52:10.891000,2026-08-07 08:52:12
29,37,PHONEPE,MT610009433391P8X,MT610009433391P8X,DUMMY_GW_1786100096183,142176,INR,SUCCESS,1,,6adbb710760f2d557b413ea38e72c114b0b2b60936493c156e814de581eacceb,"{""amount"": 1421.76, ""userId"": 9, ""gateway"": ""PHONEPE"", ""orderId"": 37}","{""mode"": ""DUMMY"", ""amount"": 142176, ""apiVersion"": ""v2"", ""merchantOrderId"": ""MT610009433391P8X""}",2026-08-07 10:54:56,2026-08-07 10:54:54.372000,2026-08-07 10:54:56
30,38,PHONEPE,MT6100468902906RK,MT6100468902906RK,DUMMY_GW_1786100470577,142176,INR,SUCCESS,1,,dc9fa4acba177ebe67748b09f4c2be1870be0ca603314d43cbef74f743ff986a,"{""amount"": 1421.76, ""userId"": 9, ""gateway"": ""PHONEPE"", ""orderId"": 38}","{""mode"": ""DUMMY"", ""amount"": 142176, ""apiVersion"": ""v2"", ""merchantOrderId"": ""MT6100468902906RK""}",2026-08-07 11:01:11,2026-08-07 11:01:08.937000,2026-08-07 11:01:10
31,39,PHONEPE,MT61025882369ZBWD,MT61025882369ZBWD,DUMMY_GW_1786102590628,142176,INR,SUCCESS,1,,320f93f1c8aaa87e978a6b6166b93e1b478d135463b4e8e314f4b611c930188b,"{""amount"": 1421.76, ""userId"": 9, ""gateway"": ""PHONEPE"", ""orderId"": 39}","{""mode"": ""DUMMY"", ""amount"": 142176, ""apiVersion"": ""v2"", ""merchantOrderId"": ""MT61025882369ZBWD""}",2026-08-07 11:36:31,2026-08-07 11:36:28.264000,2026-08-07 11:36:30
32,40,PHONEPE,MT61119171329XAAN,MT61119171329XAAN,DUMMY_GW_1786111919116,139659,INR,SUCCESS,1,,b4e2a47d49283c9e314ede08a34a35d51a71a38c93e5e2a5998146f9355c145d,"{""amount"": 1396.59, ""userId"": 9, ""gateway"": ""PHONEPE"", ""orderId"": 40}","{""mode"": ""DUMMY"", ""amount"": 139659, ""apiVersion"": ""v2"", ""merchantOrderId"": ""MT61119171329XAAN""}",2026-08-07 14:11:59,2026-08-07 14:11:57.173000,2026-08-07 14:11:59
33,41,PHONEPE,MT61617725496F4UP,MT61617725496F4UP,DUMMY_GW_1786161773318,142176,INR,SUCCESS,1,,99c403e778810eeaa97bbd61f62207b1609cdf3d57ef1ce8a9c2d84884bf90b3,"{""amount"": 1421.76, ""userId"": 6, ""gateway"": ""PHONEPE"", ""orderId"": 41}","{""mode"": ""DUMMY"", ""amount"": 142176, ""apiVersion"": ""v2"", ""merchantOrderId"": ""MT61617725496F4UP""}",2026-08-08 04:02:53,2026-08-08 04:02:52.579000,2026-08-08 04:02:53
34,43,PHONEPE,MT61623218546F7E4,MT61623218546F7E4,DUMMY_GW_1786162322743,142176,INR,SUCCESS,1,,56dda9dcb99ed754debd0ed6c1a779218b63f29cb0f41751091dd79eb8d56186,"{""amount"": 1421.76, ""userId"": 6, ""gateway"": ""PHONEPE"", ""orderId"": 43}","{""mode"": ""DUMMY"", ""amount"": 142176, ""apiVersion"": ""v2"", ""merchantOrderId"": ""MT61623218546F7E4""}",2026-08-08 04:12:03,2026-08-08 04:12:01.909000,2026-08-08 04:12:02
35,45,PHONEPE,MT61670886389XYXT,MT61670886389XYXT,DUMMY_GW_1786167089894,142176,INR,SUCCESS,1,,b589b30139b35926426fb81c351b66daf953c627c0a94d836faa48aa4f5f36a1,"{""amount"": 1421.76, ""userId"": 9, ""gateway"": ""PHONEPE"", ""orderId"": 45}","{""mode"": ""DUMMY"", ""amount"": 142176, ""apiVersion"": ""v2"", ""merchantOrderId"": ""MT61670886389XYXT""}",2026-08-08 05:31:30,2026-08-08 05:31:28.669000,2026-08-08 05:31:29
36,46,PHONEPE,MT61735428956TGJ9,MT61735428956TGJ9,DUMMY_GW_1786173544482,506751,INR,SUCCESS,1,,3252785e3ab724e4a6b4ddb020efa003aa9bd431394cd8182bc2640735e052dd,"{""amount"": 5067.51, ""userId"": 6, ""gateway"": ""PHONEPE"", ""orderId"": 46}","{""mode"": ""DUMMY"", ""amount"": 506751, ""apiVersion"": ""v2"", ""merchantOrderId"": ""MT61735428956TGJ9""}",2026-08-08 07:19:04,2026-08-08 07:19:03.076000,2026-08-08 07:19:04
37,47,PHONEPE,MT61782106656WGF9,MT61782106656WGF9,DUMMY_GW_1786178211797,213639,INR,SUCCESS,1,,b8ebfff307e7b6d5d0be9885ee4a19e140dd57e5a35b883def62ed21c8fa2c4d,"{""amount"": 2136.39, ""userId"": 6, ""gateway"": ""PHONEPE"", ""orderId"": 49}","{""mode"": ""DUMMY"", ""amount"": 213639, ""apiVersion"": ""v2"", ""merchantOrderId"": ""MT61782106656WGF9""}",2026-08-08 08:36:52,2026-08-08 08:36:50.700000,2026-08-08 08:36:51
38,48,PHONEPE,MT61803056786L39F,MT61803056786L39F,DUMMY_GW_1786180306971,213639,INR,SUCCESS,1,,bc1da15a2dadea911de4d1c853966090ce5f878743b4e98c8e737b4b5888a8b1,"{""amount"": 2136.39, ""userId"": 6, ""gateway"": ""PHONEPE"", ""orderId"": 50}","{""mode"": ""DUMMY"", ""amount"": 213639, ""apiVersion"": ""v2"", ""merchantOrderId"": ""MT61803056786L39F""}",2026-08-08 09:11:47,2026-08-08 09:11:45.708000,2026-08-08 09:11:46
39,49,PHONEPE,MT61803732986X707,MT61803732986X707,DUMMY_GW_1786180374696,98353,INR,SUCCESS,1,,7fd921fdc0114f6a0d6ef81189389ca5c26ee57ec9fbd006132cb56c2ccb477f,"{""amount"": 983.53, ""userId"": 6, ""gateway"": ""PHONEPE"", ""orderId"": 51}","{""mode"": ""DUMMY"", ""amount"": 98353, ""apiVersion"": ""v2"", ""merchantOrderId"": ""MT61803732986X707""}",2026-08-08 09:12:55,2026-08-08 09:12:53.347000,2026-08-08 09:12:54
40,50,PHONEPE,MT61821765036YNVO,MT61821765036YNVO,DUMMY_GW_1786182177937,213639,INR,SUCCESS,1,,f897ec2df37077b95ca0d6173195afcbc8b5144d4d2c8282797b5d493dfbbd10,"{""amount"": 2136.39, ""userId"": 6, ""gateway"": ""PHONEPE"", ""orderId"": 52}","{""mode"": ""DUMMY"", ""amount"": 213639, ""apiVersion"": ""v2"", ""merchantOrderId"": ""MT61821765036YNVO""}",2026-08-08 09:42:58,2026-08-08 09:42:56.530000,2026-08-08 09:42:57
41,51,PHONEPE,MT6184890711681K1,MT6184890711681K1,DUMMY_GW_1786184892705,98353,INR,SUCCESS,1,,1c7cb9a6ab2970d5698c6360cbb6821fcde0752a59c14068066c47e879ce4d44,"{""amount"": 983.53, ""userId"": 6, ""gateway"": ""PHONEPE"", ""orderId"": 53}","{""mode"": ""DUMMY"", ""amount"": 98353, ""apiVersion"": ""v2"", ""merchantOrderId"": ""MT6184890711681K1""}",2026-08-08 10:28:13,2026-08-08 10:28:10.749000,2026-08-08 10:28:12
42,53,PHONEPE,MT61868949076LSVZ,MT61868949076LSVZ,DUMMY_GW_1786186896259,98353,INR,SUCCESS,1,,3a8e9b321b3a4cc15829c030a366f9a66ab893a058b05ad511310f86016a1d4d,"{""amount"": 983.53, ""userId"": 6, ""gateway"": ""PHONEPE"", ""orderId"": 55}","{""mode"": ""DUMMY"", ""amount"": 98353, ""apiVersion"": ""v2"", ""merchantOrderId"": ""MT61868949076LSVZ""}",2026-08-08 11:01:36,2026-08-08 11:01:34.929000,2026-08-08 11:01:36
43,54,PHONEPE,MT634254763041SR1,MT634254763041SR1,DUMMY_GW_1786342549445,139659,INR,SUCCESS,1,,2618b1106f3a2bf47468c4cd907afe6bdff449c9c1ae931b8a34773768485710,"{""amount"": 1396.59, ""userId"": 4, ""gateway"": ""PHONEPE"", ""orderId"": 56}","{""mode"": ""DUMMY"", ""amount"": 139659, ""apiVersion"": ""v2"", ""merchantOrderId"": ""MT634254763041SR1""}",2026-08-10 06:15:49,2026-08-10 06:15:47.781000,2026-08-10 06:15:49
44,55,PHONEPE,MT63506827446HJKR,MT63506827446HJKR,DUMMY_GW_1786350683931,194759,INR,SUCCESS,1,,d488cb154ba564a789b734f078cae5905dfdffc26ac1639b9892663e5099ee81,"{""amount"": 1947.59, ""userId"": 6, ""gateway"": ""PHONEPE"", ""orderId"": 57}","{""mode"": ""DUMMY"", ""amount"": 194759, ""apiVersion"": ""v2"", ""merchantOrderId"": ""MT63506827446HJKR""}",2026-08-10 08:31:24,2026-08-10 08:31:22.833000,2026-08-10 08:31:23
45,56,PHONEPE,MT635188291266INZ,MT635188291266INZ,DUMMY_GW_1786351884549,98353,INR,SUCCESS,1,,178a3d333f3d63d277e20b586a4e7fee9e8db31ae5fa5ce6dd39fcf3df517c6e,"{""amount"": 983.53, ""userId"": 6, ""gateway"": ""PHONEPE"", ""orderId"": 58}","{""mode"": ""DUMMY"", ""amount"": 98353, ""apiVersion"": ""v2"", ""merchantOrderId"": ""MT635188291266INZ""}",2026-08-10 08:51:25,2026-08-10 08:51:22.942000,2026-08-10 08:51:24
46,57,PHONEPE,MT63524105316YB6C,MT63524105316YB6C,DUMMY_GW_1786352411806,213639,INR,SUCCESS,1,,b1765e1dcf80807f80969a130b70cdfe88169aedc8bc4e45f26a8ecaa8319956,"{""amount"": 2136.39, ""userId"": 6, ""gateway"": ""PHONEPE"", ""orderId"": 59}","{""mode"": ""DUMMY"", ""amount"": 213639, ""apiVersion"": ""v2"", ""merchantOrderId"": ""MT63524105316YB6C""}",2026-08-10 09:00:12,2026-08-10 09:00:10.573000,2026-08-10 09:00:11
47,58,PHONEPE,MT63527832146DUXL,MT63527832146DUXL,DUMMY_GW_1786352784359,194759,INR,SUCCESS,1,,dfd0fcdce6ec8c62ced20a3a340d128ea385426563dd8dcc0b3cea3ff520fad7,"{""amount"": 1947.59, ""userId"": 6, ""gateway"": ""PHONEPE"", ""orderId"": 60}","{""mode"": ""DUMMY"", ""amount"": 194759, ""apiVersion"": ""v2"", ""merchantOrderId"": ""MT63527832146DUXL""}",2026-08-10 09:06:24,2026-08-10 09:06:23.249000,2026-08-10 09:06:24
48,59,PHONEPE,MT63530769456T585,MT63530769456T585,DUMMY_GW_1786353078637,213639,INR,SUCCESS,1,,5c934e7f60c15f4a299e9766d8a0ef516b0ecbec34db1f6729c0537251cbce08,"{""amount"": 2136.39, ""userId"": 6, ""gateway"": ""PHONEPE"", ""orderId"": 61}","{""mode"": ""DUMMY"", ""amount"": 213639, ""apiVersion"": ""v2"", ""merchantOrderId"": ""MT63530769456T585""}",2026-08-10 09:11:19,2026-08-10 09:11:17.016000,2026-08-10 09:11:18
49,60,PHONEPE,MT63535405216DTJM,MT63535405216DTJM,DUMMY_GW_1786353541628,213639,INR,SUCCESS,1,,f5ff3f52dbe02b25f0559ce58a96d322993464180618a1520cef85cd4566d8de,"{""amount"": 2136.39, ""userId"": 6, ""gateway"": ""PHONEPE"", ""orderId"": 62}","{""mode"": ""DUMMY"", ""amount"": 213639, ""apiVersion"": ""v2"", ""merchantOrderId"": ""MT63535405216DTJM""}",2026-08-10 09:19:02,2026-08-10 09:19:00.562000,2026-08-10 09:19:01
50,61,PHONEPE,MT63550819346CMH1,MT63550819346CMH1,DUMMY_GW_1786355083607,213639,INR,SUCCESS,1,,d29fcbdd1e409762a56188c5a854d4b84615c3b7130a3193ffbaefd6f8d112db,"{""amount"": 2136.39, ""userId"": 6, ""gateway"": ""PHONEPE"", ""orderId"": 63}","{""mode"": ""DUMMY"", ""amount"": 213639, ""apiVersion"": ""v2"", ""merchantOrderId"": ""MT63550819346CMH1""}",2026-08-10 09:44:44,2026-08-10 09:44:41.976000,2026-08-10 09:44:43
51,62,PHONEPE,MT6357099464664I4,MT6357099464664I4,DUMMY_GW_1786357100812,213639,INR,SUCCESS,1,,8130d077ebcee97de4449dce837dc1cb286111697d2b935cd8102ab9388a94bc,"{""amount"": 2136.39, ""userId"": 6, ""gateway"": ""PHONEPE"", ""orderId"": 64}","{""mode"": ""DUMMY"", ""amount"": 213639, ""apiVersion"": ""v2"", ""merchantOrderId"": ""MT6357099464664I4""}",2026-08-10 10:18:21,2026-08-10 10:18:19.498000,2026-08-10 10:18:20
52,63,PHONEPE,MT635933872266LAE,MT635933872266LAE,DUMMY_GW_1786359340732,213639,INR,SUCCESS,1,,5afef8833adc1369d662d938cae599ec3fbd38655493fce410ac9e08686f543c,"{""amount"": 2136.39, ""userId"": 6, ""gateway"": ""PHONEPE"", ""orderId"": 65}","{""mode"": ""DUMMY"", ""amount"": 213639, ""apiVersion"": ""v2"", ""merchantOrderId"": ""MT635933872266LAE""}",2026-08-10 10:55:41,2026-08-10 10:55:38.752000,2026-08-10 10:55:40
53,64,PHONEPE,MT63760457136YQN6,MT63760457136YQN6,DUMMY_GW_1786376047720,213639,INR,SUCCESS,1,,a952773430f13d9ce77690ce595eee53e03cc84f08c86282057c52694e1b8e12,"{""amount"": 2136.39, ""userId"": 6, ""gateway"": ""PHONEPE"", ""orderId"": 66}","{""mode"": ""DUMMY"", ""amount"": 213639, ""apiVersion"": ""v2"", ""merchantOrderId"": ""MT63760457136YQN6""}",2026-08-10 15:34:08,2026-08-10 15:34:05.748000,2026-08-10 15:34:07
54,65,PHONEPE,MT64230003104QLRM,MT64230003104QLRM,DUMMY_GW_1786423001449,46643,INR,SUCCESS,1,,600437f24f5009db1973f069f27d212a339f2d3dd246c52295bb827b3d511320,"{""amount"": 466.43, ""userId"": 4, ""gateway"": ""PHONEPE"", ""orderId"": 67}","{""mode"": ""DUMMY"", ""amount"": 46643, ""apiVersion"": ""v2"", ""merchantOrderId"": ""MT64230003104QLRM""}",2026-08-11 04:36:41,2026-08-11 04:36:40.357000,2026-08-11 04:36:41
55,66,PHONEPE,MT642350544746KR0,MT642350544746KR0,DUMMY_GW_1786423506747,46643,INR,SUCCESS,1,,703d2853570f5eb70f7733d9be4623f06c6dcaf1c4ca2d51f4c1c0b4be0a595f,"{""amount"": 466.43, ""userId"": 4, ""gateway"": ""PHONEPE"", ""orderId"": 68}","{""mode"": ""DUMMY"", ""amount"": 46643, ""apiVersion"": ""v2"", ""merchantOrderId"": ""MT642350544746KR0""}",2026-08-11 04:45:07,2026-08-11 04:45:05.473000,2026-08-11 04:45:06
56,67,PHONEPE,MT64249504874S7QK,MT64249504874S7QK,DUMMY_GW_1786424952789,46643,INR,SUCCESS,1,,956bbb41c091136134e6a7df7e81ebeeb099215bfbb1327f16a2db7dd0c4c0e0,"{""amount"": 466.43, ""userId"": 4, ""gateway"": ""PHONEPE"", ""orderId"": 69}","{""mode"": ""DUMMY"", ""amount"": 46643, ""apiVersion"": ""v2"", ""merchantOrderId"": ""MT64249504874S7QK""}",2026-08-11 05:09:13,2026-08-11 05:09:10.512000,2026-08-11 05:09:12
57,68,PHONEPE,MT64297575919GQEE,MT64297575919GQEE,DUMMY_GW_1786429758712,213639,INR,SUCCESS,1,,13d76a1ca4e1ea2bf3433a1341ff6d74321bd4145bdb223c73798b8b6a303913,"{""amount"": 2136.39, ""userId"": 9, ""gateway"": ""PHONEPE"", ""orderId"": 70}","{""mode"": ""DUMMY"", ""amount"": 213639, ""apiVersion"": ""v2"", ""merchantOrderId"": ""MT64297575919GQEE""}",2026-08-11 06:29:19,2026-08-11 06:29:17.701000,2026-08-11 06:29:18
58,69,PHONEPE,MT64576294009L7AF,MT64576294009L7AF,DUMMY_GW_1786457630605,1722859,INR,SUCCESS,1,,5af7d62c8dd65dcdfe01a7077d4466b3f463cc20a87a0b159b482ca7bae7e924,"{""amount"": 17228.59, ""userId"": 9, ""gateway"": ""PHONEPE"", ""orderId"": 71}","{""mode"": ""DUMMY"", ""amount"": 1722859, ""apiVersion"": ""v2"", ""merchantOrderId"": ""MT64576294009L7AF""}",2026-08-11 14:13:51,2026-08-11 14:13:49.450000,2026-08-11 14:13:50
59,70,PHONEPE,MT6459787100956VZ,MT6459787100956VZ,DUMMY_GW_1786459788362,217489,INR,SUCCESS,1,,2320fe0fcb5d29aa26efa53808a7e43f5b80ba34be1c3c4871c156172069d4d2,"{""amount"": 2174.89, ""userId"": 9, ""gateway"": ""PHONEPE"", ""orderId"": 72}","{""mode"": ""DUMMY"", ""amount"": 217489, ""apiVersion"": ""v2"", ""merchantOrderId"": ""MT6459787100956VZ""}",2026-08-11 14:49:48,2026-08-11 14:49:47.122000,2026-08-11 14:49:48
60,71,PHONEPE,MT66121625074LPR4,MT66121625074LPR4,DUMMY_GW_1786612163623,1214986,INR,SUCCESS,1,,baaced5aafc81f204293820d2b59d2774ec9444a9e5e48cbfe35fdbcff3f4051,"{""amount"": 12149.86, ""userId"": 4, ""gateway"": ""PHONEPE"", ""orderId"": 73}","{""mode"": ""DUMMY"", ""amount"": 1214986, ""apiVersion"": ""v2"", ""merchantOrderId"": ""MT66121625074LPR4""}",2026-08-13 09:09:24,2026-08-13 09:09:22.596000,2026-08-13 09:09:23
61,72,PHONEPE,MT66123082406AQGV,MT66123082406AQGV,DUMMY_GW_1786612309723,213639,INR,SUCCESS,1,,a7bedf9a921c83ebfb7d597d69373de12acc8cdc81851ce6696e16e9b47a1a78,"{""amount"": 2136.39, ""userId"": 6, ""gateway"": ""PHONEPE"", ""orderId"": 74}","{""mode"": ""DUMMY"", ""amount"": 213639, ""apiVersion"": ""v2"", ""merchantOrderId"": ""MT66123082406AQGV""}",2026-08-13 09:11:50,2026-08-13 09:11:48.266000,2026-08-13 09:11:49
62,73,PHONEPE,MT66133017196X4M7,MT66133017196X4M7,DUMMY_GW_1786613303039,213639,INR,SUCCESS,1,,ff18db03890b9cdbbfac2e3b8da5c9ba0c34def74509e0d3ca5ebd693aee68c1,"{""amount"": 2136.39, ""userId"": 6, ""gateway"": ""PHONEPE"", ""orderId"": 75}","{""mode"": ""DUMMY"", ""amount"": 213639, ""apiVersion"": ""v2"", ""merchantOrderId"": ""MT66133017196X4M7""}",2026-08-13 09:28:23,2026-08-13 09:28:21.765000,2026-08-13 09:28:23
63,74,PHONEPE,MT66173753996GAP3,MT66173753996GAP3,DUMMY_GW_1786617376608,136821,INR,SUCCESS,1,,fc9882424367617a4dcc34a40938fb751b0488157e71b69fea000bef8041ee3d,"{""amount"": 1368.21, ""userId"": 6, ""gateway"": ""PHONEPE"", ""orderId"": 76}","{""mode"": ""DUMMY"", ""amount"": 136821, ""apiVersion"": ""v2"", ""merchantOrderId"": ""MT66173753996GAP3""}",2026-08-13 10:36:17,2026-08-13 10:36:15.467000,2026-08-13 10:36:16
64,75,PHONEPE,MT661808685461L8E,MT661808685461L8E,DUMMY_GW_1786618087971,136821,INR,SUCCESS,1,,7e2f891f742a0bdebfb1de21e2d57b36c1f9c0b21b1628238313fe505e4047fa,"{""amount"": 1368.21, ""userId"": 6, ""gateway"": ""PHONEPE"", ""orderId"": 77}","{""mode"": ""DUMMY"", ""amount"": 136821, ""apiVersion"": ""v2"", ""merchantOrderId"": ""MT661808685461L8E""}",2026-08-13 10:48:08,2026-08-13 10:48:06.881000,2026-08-13 10:48:07
65,76,PHONEPE,MT66185701106MA8B,MT66185701106MA8B,DUMMY_GW_1786618571176,136821,INR,SUCCESS,1,,480747a91e6eb97949e03a5ccbf2e7b1ad90a0f4f4a7e63c559cb59f6bad9488,"{""amount"": 1368.21, ""userId"": 6, ""gateway"": ""PHONEPE"", ""orderId"": 78}","{""mode"": ""DUMMY"", ""amount"": 136821, ""apiVersion"": ""v2"", ""merchantOrderId"": ""MT66185701106MA8B""}",2026-08-13 10:56:11,2026-08-13 10:56:10.133000,2026-08-13 10:56:11
66,77,PHONEPE,MT66215785216ZL52,MT66215785216ZL52,DUMMY_GW_1786621579628,136821,INR,SUCCESS,1,,1a94d497aa6536e09fcbb2d10c557aa6dfea881c297b967d6c45a2b1b6977b7b,"{""amount"": 1368.21, ""userId"": 6, ""gateway"": ""PHONEPE"", ""orderId"": 79}","{""mode"": ""DUMMY"", ""amount"": 136821, ""apiVersion"": ""v2"", ""merchantOrderId"": ""MT66215785216ZL52""}",2026-08-13 11:46:20,2026-08-13 11:46:18.666000,2026-08-13 11:46:19
67,78,PHONEPE,MT66238973696GKGA,MT66238973696GKGA,DUMMY_GW_1786623898446,136821,INR,SUCCESS,1,,f93d43207dbfd7915a0740b31278f9e783df3856aa9eb5265c558ee82b82815d,"{""amount"": 1368.21, ""userId"": 6, ""gateway"": ""PHONEPE"", ""orderId"": 80}","{""mode"": ""DUMMY"", ""amount"": 136821, ""apiVersion"": ""v2"", ""merchantOrderId"": ""MT66238973696GKGA""}",2026-08-13 12:24:58,2026-08-13 12:24:57.410000,2026-08-13 12:24:58
68,79,PHONEPE,MT66889536914SEI8,MT66889536914SEI8,DUMMY_GW_1786688954965,1407344,INR,SUCCESS,1,,e39c1a1fe5dfccb16ac2c345ede01ffbd5c0b26ef6cef83e0fc85aab1e603050,"{""amount"": 14073.44, ""userId"": 4, ""gateway"": ""PHONEPE"", ""orderId"": 81}","{""mode"": ""DUMMY"", ""amount"": 1407344, ""apiVersion"": ""v2"", ""merchantOrderId"": ""MT66889536914SEI8""}",2026-08-14 06:29:15,2026-08-14 06:29:13.810000,2026-08-14 06:29:15
69,80,PHONEPE,MT66891532754I09K,MT66891532754I09K,DUMMY_GW_1786689155385,178790,INR,SUCCESS,1,,ef817d7d56ed7580afb4db74d07557bf95c4855872a43bc919613a95df933599,"{""amount"": 1787.9, ""userId"": 4, ""gateway"": ""PHONEPE"", ""orderId"": 83}","{""mode"": ""DUMMY"", ""amount"": 178790, ""apiVersion"": ""v2"", ""merchantOrderId"": ""MT66891532754I09K""}",2026-08-14 06:32:35,2026-08-14 06:32:33.293000,2026-08-14 06:32:35
70,81,PHONEPE,MT66900990454Q829,MT66900990454Q829,DUMMY_GW_1786690099931,100125,INR,SUCCESS,1,,3d09737825764a5a36ab3f041eb47cec7ad8edcc2d7a14b0e795a5fc9a1b94fb,"{""amount"": 1001.25, ""userId"": 4, ""gateway"": ""PHONEPE"", ""orderId"": 84}","{""mode"": ""DUMMY"", ""amount"": 100125, ""apiVersion"": ""v2"", ""merchantOrderId"": ""MT66900990454Q829""}",2026-08-14 06:48:20,2026-08-14 06:48:19.099000,2026-08-14 06:48:19
71,82,PHONEPE,MT669107854740ZB4,MT669107854740ZB4,DUMMY_GW_1786691079336,100125,INR,SUCCESS,1,,b0c8ca58f23d3c17f234472d3bfe59f3a1a16bfeea744ae5fd6c911795a9adba,"{""amount"": 1001.25, ""userId"": 4, ""gateway"": ""PHONEPE"", ""orderId"": 85}","{""mode"": ""DUMMY"", ""amount"": 100125, ""apiVersion"": ""v2"", ""merchantOrderId"": ""MT669107854740ZB4""}",2026-08-14 07:04:39,2026-08-14 07:04:38.565000,2026-08-14 07:04:39
72,83,PHONEPE,MT6691643203480JY,MT6691643203480JY,DUMMY_GW_1786691644096,142176,INR,SUCCESS,1,,993c88ac5b9ae70220def8bf3947dbc407afb72373f4db97be25005b968a0f2a,"{""amount"": 1421.76, ""userId"": 4, ""gateway"": ""PHONEPE"", ""orderId"": 86}","{""mode"": ""DUMMY"", ""amount"": 142176, ""apiVersion"": ""v2"", ""merchantOrderId"": ""MT6691643203480JY""}",2026-08-14 07:14:04,2026-08-14 07:14:03.238000,2026-08-14 07:14:04
73,84,PHONEPE,MT66981468656GN2N,MT66981468656GN2N,DUMMY_GW_1786698148844,136821,INR,SUCCESS,1,,18a44a4d7fa76f11ff275a4716c0675272070eb9754cb6da3e220d12b025aa28,"{""amount"": 1368.21, ""userId"": 6, ""gateway"": ""PHONEPE"", ""orderId"": 87}","{""mode"": ""DUMMY"", ""amount"": 136821, ""apiVersion"": ""v2"", ""merchantOrderId"": ""MT66981468656GN2N""}",2026-08-14 09:02:29,2026-08-14 09:02:26.817000,2026-08-14 09:02:28
74,85,PHONEPE,MT670507526147F7T,MT670507526147F7T,DUMMY_GW_1786705076827,100125,INR,SUCCESS,1,,12483f6aa2edf503539cb7efb5a0055ef1eac7e95dec533366ab6e50506532d1,"{""amount"": 1001.25, ""userId"": 4, ""gateway"": ""PHONEPE"", ""orderId"": 88}","{""mode"": ""DUMMY"", ""amount"": 100125, ""apiVersion"": ""v2"", ""merchantOrderId"": ""MT670507526147F7T""}",2026-08-14 10:57:57,2026-08-14 10:57:55.309000,2026-08-14 10:57:56
75,86,PHONEPE,MT67051218574RADC,MT67051218574RADC,DUMMY_GW_1786705123139,680469,INR,SUCCESS,1,,8bd85f59931fc41de29d1c14e9a829ab1686b7e7055591fadc1ce5b87233fcdf,"{""amount"": 6804.69, ""userId"": 4, ""gateway"": ""PHONEPE"", ""orderId"": 89}","{""mode"": ""DUMMY"", ""amount"": 680469, ""apiVersion"": ""v2"", ""merchantOrderId"": ""MT67051218574RADC""}",2026-08-14 10:58:43,2026-08-14 10:58:41.906000,2026-08-14 10:58:43
76,87,PHONEPE,MT670540423941BKQ,MT670540423941BKQ,DUMMY_GW_1786705405572,46643,INR,SUCCESS,1,,8a1f8afd10fd752790f4911142c7a8e6b5ef542f17aaca10566bc87f5e1cf195,"{""amount"": 466.43, ""userId"": 4, ""gateway"": ""PHONEPE"", ""orderId"": 90}","{""mode"": ""DUMMY"", ""amount"": 46643, ""apiVersion"": ""v2"", ""merchantOrderId"": ""MT670540423941BKQ""}",2026-08-14 11:03:26,2026-08-14 11:03:24.299000,2026-08-14 11:03:25
77,89,PHONEPE,MT694581580549EAP,MT694581580549EAP,DUMMY_GW_1786945816876,897958,INR,SUCCESS,1,,2d144f9b5d15816afb5e3448e2afe4b45e3b79a559021ac6e2ce2067299e90eb,"{""amount"": 8979.58, ""userId"": 4, ""gateway"": ""PHONEPE"", ""orderId"": 92}","{""mode"": ""DUMMY"", ""amount"": 897958, ""apiVersion"": ""v2"", ""merchantOrderId"": ""MT694581580549EAP""}",2026-08-17 05:50:17,2026-08-17 05:50:15.863000,2026-08-17 05:50:16
78,90,PHONEPE,MT694604472746ZO2,MT694604472746ZO2,DUMMY_GW_1786946045660,53484,INR,SUCCESS,1,,a4e4f50f4f7160c37c5b2ae9a3eaf938620f7d373c481ea0c8a54c3692d8e126,"{""amount"": 534.84, ""userId"": 4, ""gateway"": ""PHONEPE"", ""orderId"": 94}","{""mode"": ""DUMMY"", ""amount"": 53484, ""apiVersion"": ""v2"", ""merchantOrderId"": ""MT694604472746ZO2""}",2026-08-17 05:54:06,2026-08-17 05:54:04.855000,2026-08-17 05:54:05
79,91,PHONEPE,MT69467323054QLQ5,MT69467323054QLQ5,DUMMY_GW_1786946733553,196690,INR,SUCCESS,1,,1032588caf0027e1037027880e6cd917e5917f5c9564bc6fb5579a8a427f4e65,"{""amount"": 1966.9, ""userId"": 4, ""gateway"": ""PHONEPE"", ""orderId"": 95}","{""mode"": ""DUMMY"", ""amount"": 196690, ""apiVersion"": ""v2"", ""merchantOrderId"": ""MT69467323054QLQ5""}",2026-08-17 06:05:34,2026-08-17 06:05:32.436000,2026-08-17 06:05:33
80,92,PHONEPE,MT6948803153462V5,MT6948803153462V5,DUMMY_GW_1786948804428,375480,INR,SUCCESS,1,,060db1bd7d0bf4703d4a2719e81b250bf1c160b17d4fae0f02b80da35628f5ff,"{""amount"": 3754.8, ""userId"": 4, ""gateway"": ""PHONEPE"", ""orderId"": 96}","{""mode"": ""DUMMY"", ""amount"": 375480, ""apiVersion"": ""v2"", ""merchantOrderId"": ""MT6948803153462V5""}",2026-08-17 06:40:04,2026-08-17 06:40:03.259000,2026-08-17 06:40:04
81,93,PHONEPE,MT69500804964E9HJ,MT69500804964E9HJ,DUMMY_GW_1786950081342,100125,INR,SUCCESS,1,,2fd3365cff31962d8740ab61b2ca69db79a5c7f3fa7e7fd3b0ffb01396ffdee5,"{""amount"": 1001.25, ""userId"": 4, ""gateway"": ""PHONEPE"", ""orderId"": 98}","{""mode"": ""DUMMY"", ""amount"": 100125, ""apiVersion"": ""v2"", ""merchantOrderId"": ""MT69500804964E9HJ""}",2026-08-17 07:01:21,2026-08-17 07:01:20.580000,2026-08-17 07:01:21
82,94,PHONEPE,MT70486539294DIC0,MT70486539294DIC0,DUMMY_GW_1787048655552,510040,INR,SUCCESS,1,,6b7f80cad19b95eb81e2a0cc4b8af5a504afacc93539debd98e8199e7c2d9e77,"{""amount"": 5100.4, ""userId"": 4, ""gateway"": ""PHONEPE"", ""orderId"": 99}","{""mode"": ""DUMMY"", ""amount"": 510040, ""apiVersion"": ""v2"", ""merchantOrderId"": ""MT70486539294DIC0""}",2026-08-18 10:24:16,2026-08-18 10:24:14.071000,2026-08-18 10:24:15
83,95,PHONEPE,MT7052651221400KP,MT7052651221400KP,DUMMY_GW_1787052652842,153609,INR,SUCCESS,1,,0f12ab2fc7148a97d35f504dda4f2c692e36cebfc71ba79e35298ed12a25f949,"{""amount"": 1536.09, ""userId"": 4, ""gateway"": ""PHONEPE"", ""orderId"": 103}","{""mode"": ""DUMMY"", ""amount"": 153609, ""apiVersion"": ""v2"", ""merchantOrderId"": ""MT7052651221400KP""}",2026-08-18 11:30:53,2026-08-18 11:30:51.275000,2026-08-18 11:30:52
84,96,PHONEPE,MT71300857336CO0S,MT71300857336CO0S,DUMMY_GW_1787130087417,213639,INR,SUCCESS,1,,39862cbf9d0ddc979fe67c9d5791f44ee981a80bb4615c0f9716dc197f96488c,"{""amount"": 2136.39, ""userId"": 6, ""gateway"": ""PHONEPE"", ""orderId"": 105}","{""mode"": ""DUMMY"", ""amount"": 213639, ""apiVersion"": ""v2"", ""merchantOrderId"": ""MT71300857336CO0S""}",2026-08-19 09:01:27,2026-08-19 09:01:25.765000,2026-08-19 09:01:27
85,97,PHONEPE,MT71423226026E2YX,MT71423226026E2YX,DUMMY_GW_1787142324890,6007439,INR,SUCCESS,1,,61b2df7cc1e4fef07cbdf6d3a142e7c88b96b79add94660787fd14840a8c71a3,"{""amount"": 60074.39, ""userId"": 6, ""gateway"": ""PHONEPE"", ""orderId"": 106}","{""mode"": ""DUMMY"", ""amount"": 6007439, ""apiVersion"": ""v2"", ""merchantOrderId"": ""MT71423226026E2YX""}",2026-08-19 12:25:25,2026-08-19 12:25:22.644000,2026-08-19 12:25:24
86,98,PHONEPE,MT714293788640A4S,MT714293788640A4S,DUMMY_GW_1787142939029,151471,INR,SUCCESS,1,,3bfc1ce1448bc48b09a5331905a3f917c4d696b9696e567806269fc70a3361e4,"{""amount"": 1514.71, ""userId"": 4, ""gateway"": ""PHONEPE"", ""orderId"": 107}","{""mode"": ""DUMMY"", ""amount"": 151471, ""apiVersion"": ""v2"", ""merchantOrderId"": ""MT714293788640A4S""}",2026-08-19 12:35:39,2026-08-19 12:35:37.936000,2026-08-19 12:35:39
87,99,PHONEPE,MT72078862426K1GV,MT72078862426K1GV,DUMMY_GW_1787207887682,136821,INR,SUCCESS,1,,72eacea6a0c18c06d8f1be921cf33811c0e6b76297ae52ebe67109a62ebf53bc,"{""amount"": 1368.21, ""userId"": 6, ""gateway"": ""PHONEPE"", ""orderId"": 108}","{""mode"": ""DUMMY"", ""amount"": 136821, ""apiVersion"": ""v2"", ""merchantOrderId"": ""MT72078862426K1GV""}",2026-08-20 06:38:08,2026-08-20 06:38:06.380000,2026-08-20 06:38:07
88,100,PHONEPE,MT72308828636RZBC,MT72308828636RZBC,DUMMY_GW_1787230884366,6042839,INR,SUCCESS,1,,b8b37df66517d1df619131b2b53db69988ecaebbbbb63db773803017f1079206,"{""amount"": 60428.39, ""userId"": 6, ""gateway"": ""PHONEPE"", ""orderId"": 109}","{""mode"": ""DUMMY"", ""amount"": 6042839, ""apiVersion"": ""v2"", ""merchantOrderId"": ""MT72308828636RZBC""}",2026-08-20 13:01:24,2026-08-20 13:01:22.910000,2026-08-20 13:01:24
89,101,PHONEPE,MT723149684648SIX,MT723149684648SIX,DUMMY_GW_1787231498389,733602,INR,SUCCESS,1,,073e671465f1d543d4a2c1afe980b017f3ccb5fa5ae885ed8da763c6ad04cba3,"{""amount"": 7336.02, ""userId"": 4, ""gateway"": ""PHONEPE"", ""orderId"": 110}","{""mode"": ""DUMMY"", ""amount"": 733602, ""apiVersion"": ""v2"", ""merchantOrderId"": ""MT723149684648SIX""}",2026-08-20 13:11:38,2026-08-20 13:11:36.888000,2026-08-20 13:11:38
90,102,PHONEPE,MT723167364868261,MT723167364868261,DUMMY_GW_1787231675315,6042839,INR,SUCCESS,1,,2e3bc7847b0d78a1670320fbe4de88cc4b24161369dce17ce61bc4af3f7a4030,"{""amount"": 60428.39, ""userId"": 6, ""gateway"": ""PHONEPE"", ""orderId"": 111}","{""mode"": ""DUMMY"", ""amount"": 6042839, ""apiVersion"": ""v2"", ""merchantOrderId"": ""MT723167364868261""}",2026-08-20 13:14:35,2026-08-20 13:14:33.708000,2026-08-20 13:14:35
91,103,PHONEPE,MT72317856136U3HB,MT72317856136U3HB,DUMMY_GW_1787231786680,136821,INR,SUCCESS,1,,ac2813efdc4b6b4bf4a17c42c8fb7b13f1325a2d7844f8160a48bf863e823024,"{""amount"": 1368.21, ""userId"": 6, ""gateway"": ""PHONEPE"", ""orderId"": 112}","{""mode"": ""DUMMY"", ""amount"": 136821, ""apiVersion"": ""v2"", ""merchantOrderId"": ""MT72317856136U3HB""}",2026-08-20 13:16:27,2026-08-20 13:16:25.726000,2026-08-20 13:16:26
92,104,PHONEPE,MT72324306136M3BY,MT72324306136M3BY,DUMMY_GW_1787232431828,136821,INR,SUCCESS,1,,e77a35c3cb42c73e62ec88e5bfa39c92394bfd0170cd4ab847490e5acd9a8e7c,"{""amount"": 1368.21, ""userId"": 6, ""gateway"": ""PHONEPE"", ""orderId"": 113}","{""mode"": ""DUMMY"", ""amount"": 136821, ""apiVersion"": ""v2"", ""merchantOrderId"": ""MT72324306136M3BY""}",2026-08-20 13:27:12,2026-08-20 13:27:10.649000,2026-08-20 13:27:11
93,105,PHONEPE,MT72327150666S9QI,MT72327150666S9QI,DUMMY_GW_1787232716133,136821,INR,SUCCESS,1,,2c098b879eddf8b7f6efa4380322e2428d4cf7f388adef082e641522f9866ff5,"{""amount"": 1368.21, ""userId"": 6, ""gateway"": ""PHONEPE"", ""orderId"": 114}","{""mode"": ""DUMMY"", ""amount"": 136821, ""apiVersion"": ""v2"", ""merchantOrderId"": ""MT72327150666S9QI""}",2026-08-20 13:31:56,2026-08-20 13:31:55.140000,2026-08-20 13:31:56
94,106,PHONEPE,MT732571340762GFS,MT732571340762GFS,DUMMY_GW_1787325714200,259533,INR,SUCCESS,1,,389dd373b1c28d70c2a89e73b5ebb07a6c57e6da697b28959843ed5aaa604eb1,"{""amount"": 2595.33, ""userId"": 6, ""gateway"": ""PHONEPE"", ""orderId"": 115}","{""mode"": ""DUMMY"", ""amount"": 259533, ""apiVersion"": ""v2"", ""merchantOrderId"": ""MT732571340762GFS""}",2026-08-21 15:21:54,2026-08-21 15:21:53.447000,2026-08-21 15:21:54
95,107,PHONEPE,MT73259371546DSRY,MT73259371546DSRY,DUMMY_GW_1787325937912,259533,INR,SUCCESS,1,,d2815df18a5bddd88dd8b47d5156ae95211d0727915875acf47d7361ff83fc44,"{""amount"": 2595.33, ""userId"": 6, ""gateway"": ""PHONEPE"", ""orderId"": 116}","{""mode"": ""DUMMY"", ""amount"": 259533, ""apiVersion"": ""v2"", ""merchantOrderId"": ""MT73259371546DSRY""}",2026-08-21 15:25:38,2026-08-21 15:25:37.179000,2026-08-21 15:25:37
96,108,PHONEPE,MT73262979866IWW3,MT73262979866IWW3,DUMMY_GW_1787326298681,259533,INR,SUCCESS,1,,d002b14492f2ff96a317bd2925c4da83aa4fc5eeb57a279a0195874ee75e6720,"{""amount"": 2595.33, ""userId"": 6, ""gateway"": ""PHONEPE"", ""orderId"": 117}","{""mode"": ""DUMMY"", ""amount"": 259533, ""apiVersion"": ""v2"", ""merchantOrderId"": ""MT73262979866IWW3""}",2026-08-21 15:31:39,2026-08-21 15:31:38.015000,2026-08-21 15:31:38
97,109,PHONEPE,MT73804144316JRNV,MT73804144316JRNV,DUMMY_GW_1787380415567,259533,INR,SUCCESS,1,,8df3770159a560dee5f02e5b6eeddb4245948b809f12483b6eaf64a3b758e6dd,"{""amount"": 2595.33, ""userId"": 6, ""gateway"": ""PHONEPE"", ""orderId"": 118}","{""mode"": ""DUMMY"", ""amount"": 259533, ""apiVersion"": ""v2"", ""merchantOrderId"": ""MT73804144316JRNV""}",2026-08-22 06:33:36,2026-08-22 06:33:34.534000,2026-08-22 06:33:35
98,113,PHONEPE,MT73903904774SIVT,MT73903904774SIVT,DUMMY_GW_1787390391674,98589,INR,SUCCESS,1,,48ea49ce4a66098bddf0e89cf011a2089456309b57790975994627df816db2eb,"{""amount"": 985.89, ""userId"": 4, ""gateway"": ""PHONEPE"", ""orderId"": 122}","{""mode"": ""DUMMY"", ""amount"": 98589, ""apiVersion"": ""v2"", ""merchantOrderId"": ""MT73903904774SIVT""}",2026-08-22 09:19:52,2026-08-22 09:19:50.621000,2026-08-22 09:19:51
99,114,PHONEPE,MT73909309124WYW3,MT73909309124WYW3,DUMMY_GW_1787390932149,259533,INR,SUCCESS,1,,c738ee6f7c4ed2abc81dfc0016b9e7bee0036d2b4f09a8124175c560a54329d9,"{""amount"": 2595.33, ""userId"": 4, ""gateway"": ""PHONEPE"", ""orderId"": 123}","{""mode"": ""DUMMY"", ""amount"": 259533, ""apiVersion"": ""v2"", ""merchantOrderId"": ""MT73909309124WYW3""}",2026-08-22 09:28:52,2026-08-22 09:28:51.060000,2026-08-22 09:28:52
100,115,PHONEPE,MT73950264224XOYC,MT73950264224XOYC,DUMMY_GW_1787395027620,100365,INR,SUCCESS,1,,6bb23cac039ead9f59dd0162c4a620dddc6f455f5c093c554eabf0ebe3048068,"{""amount"": 1003.65, ""userId"": 4, ""gateway"": ""PHONEPE"", ""orderId"": 124}","{""mode"": ""DUMMY"", ""amount"": 100365, ""apiVersion"": ""v2"", ""merchantOrderId"": ""MT73950264224XOYC""}",2026-08-22 10:37:08,2026-08-22 10:37:06.563000,2026-08-22 10:37:07
101,116,PHONEPE,MT75626060314VC70,MT75626060314VC70,DUMMY_GW_1787562607152,259533,INR,SUCCESS,1,,6f2ab88f1b7b7c645517690c80c3b5c7929b22a615a64f2d9822969784d1f2df,"{""amount"": 2595.33, ""userId"": 4, ""gateway"": ""PHONEPE"", ""orderId"": 125}","{""mode"": ""DUMMY"", ""amount"": 259533, ""apiVersion"": ""v2"", ""merchantOrderId"": ""MT75626060314VC70""}",2026-08-24 09:10:07,2026-08-24 09:10:06.207000,2026-08-24 09:10:07
102,117,PHONEPE,MT756755187146SSG,MT756755187146SSG,DUMMY_GW_1787567552845,642045,INR,SUCCESS,1,,83b06c2ab9e0f6ceef7b5e2abee1f73e1aa99004e736d5b39027a3225d0b378f,"{""amount"": 6420.45, ""userId"": 4, ""gateway"": ""PHONEPE"", ""orderId"": 126}","{""mode"": ""DUMMY"", ""amount"": 642045, ""apiVersion"": ""v2"", ""merchantOrderId"": ""MT756755187146SSG""}",2026-08-24 10:32:33,2026-08-24 10:32:31.979000,2026-08-24 10:32:32
103,118,PHONEPE,MT75703439274LL63,MT75703439274LL63,DUMMY_GW_1787570345222,776718,INR,SUCCESS,1,,d4b4ff182125120bc0fed6ed76ee11d1f6e9e299c3c1f2b6e17efb22c0651b1a,"{""amount"": 7767.18, ""userId"": 4, ""gateway"": ""PHONEPE"", ""orderId"": 127}","{""mode"": ""DUMMY"", ""amount"": 776718, ""apiVersion"": ""v2"", ""merchantOrderId"": ""MT75703439274LL63""}",2026-08-24 11:19:05,2026-08-24 11:19:04.002000,2026-08-24 11:19:05
104,119,PHONEPE,MT75720183024GCZ4,MT75720183024GCZ4,DUMMY_GW_1787572019545,142176,INR,SUCCESS,1,,152a9eced34082ac6c404ee21ffe3c5ba7d1e6fe1290b16019d369aa05a37e2c,"{""amount"": 1421.76, ""userId"": 4, ""gateway"": ""PHONEPE"", ""orderId"": 129}","{""mode"": ""DUMMY"", ""amount"": 142176, ""apiVersion"": ""v2"", ""merchantOrderId"": ""MT75720183024GCZ4""}",2026-08-24 11:47:00,2026-08-24 11:46:58.339000,2026-08-24 11:46:59
105,120,PHONEPE,MT76351525394AZLY,MT76351525394AZLY,DUMMY_GW_1787635153923,863592,INR,SUCCESS,1,,b9b2ece3d11ad183b602db348bc7a486bdf93e0fcec3d4cbe2233eaafb30178b,"{""amount"": 8635.92, ""userId"": 4, ""gateway"": ""PHONEPE"", ""orderId"": 130}","{""mode"": ""DUMMY"", ""amount"": 863592, ""apiVersion"": ""v2"", ""merchantOrderId"": ""MT76351525394AZLY""}",2026-08-25 05:19:14,2026-08-25 05:19:12.661000,2026-08-25 05:19:13
106,121,PHONEPE,MT76354523374GNEX,MT76354523374GNEX,DUMMY_GW_1787635453436,383461,INR,SUCCESS,1,,3f376d336f41330b5acdad460663c54d39c18bd57dff17795a165bf66f6c5770,"{""amount"": 3834.61, ""userId"": 4, ""gateway"": ""PHONEPE"", ""orderId"": 132}","{""mode"": ""DUMMY"", ""amount"": 383461, ""apiVersion"": ""v2"", ""merchantOrderId"": ""MT76354523374GNEX""}",2026-08-25 05:24:13,2026-08-25 05:24:12.417000,2026-08-25 05:24:13
107,122,PHONEPE,MT76356919924LICO,MT76356919924LICO,DUMMY_GW_1787635693191,383461,INR,SUCCESS,1,,618ee5a65a372b4bc06f69d7bd23d3ea7d55bf155b25185e3cb9fbc724879581,"{""amount"": 3834.61, ""userId"": 4, ""gateway"": ""PHONEPE"", ""orderId"": 134}","{""mode"": ""DUMMY"", ""amount"": 383461, ""apiVersion"": ""v2"", ""merchantOrderId"": ""MT76356919924LICO""}",2026-08-25 05:28:13,2026-08-25 05:28:12.154000,2026-08-25 05:28:13
108,123,PHONEPE,MT764997745944OL1,MT764997745944OL1,DUMMY_GW_1787649978604,2172168,INR,SUCCESS,1,,b815f32d60af0e74be192ab830dc85d9d49535733a173b9b974f161017b1f57e,"{""amount"": 21721.68, ""userId"": 4, ""gateway"": ""PHONEPE"", ""orderId"": 136}","{""mode"": ""DUMMY"", ""amount"": 2172168, ""apiVersion"": ""v2"", ""merchantOrderId"": ""MT764997745944OL1""}",2026-08-25 09:26:19,2026-08-25 09:26:17.526000,2026-08-25 09:26:18
109,124,PHONEPE,MT7651020292413WR,MT7651020292413WR,DUMMY_GW_1787651021217,733602,INR,SUCCESS,1,,f9f932992c829237a9f565e290e88315a6d86304ea6374a2adec0dcef44411be,"{""amount"": 7336.02, ""userId"": 4, ""gateway"": ""PHONEPE"", ""orderId"": 142}","{""mode"": ""DUMMY"", ""amount"": 733602, ""apiVersion"": ""v2"", ""merchantOrderId"": ""MT7651020292413WR""}",2026-08-25 09:43:41,2026-08-25 09:43:40.409000,2026-08-25 09:43:41
110,125,PHONEPE,MT765399766544ZSD,MT765399766544ZSD,,942834,INR,INITIATED,1,,8bd00cb585008a019ac4f415b2e635a0ad849fa4077b7ce0eaeca5ac2894fb94,"{""amount"": 9428.34, ""userId"": 4, ""gateway"": ""PHONEPE"", ""orderId"": 143}","{""mode"": ""DUMMY"", ""amount"": 942834, ""apiVersion"": ""v2"", ""merchantOrderId"": ""MT765399766544ZSD""}",,2026-08-25 10:33:17.733000,2026-08-25 10:33:17.733000
111,126,PHONEPE,MT76565944574KDIE,MT76565944574KDIE,DUMMY_GW_1787656595363,142176,INR,SUCCESS,1,,c7ca0a3101426cd2917ab7abf174d27faf1d5c1c1f1259e99a835998e31c5dd6,"{""amount"": 1421.76, ""userId"": 4, ""gateway"": ""PHONEPE"", ""orderId"": 145}","{""mode"": ""DUMMY"", ""amount"": 142176, ""apiVersion"": ""v2"", ""merchantOrderId"": ""MT76565944574KDIE""}",2026-08-25 11:16:35,2026-08-25 11:16:34.555000,2026-08-25 11:16:35
112,127,PHONEPE,MT76595536704VWFI,MT76595536704VWFI,DUMMY_GW_1787659554367,43906,INR,SUCCESS,1,,f681c0b19d7c0ae69c697979fd9466aee90802c74a324536640c72576fadcffb,"{""amount"": 439.06, ""userId"": 4, ""gateway"": ""PHONEPE"", ""orderId"": 146}","{""mode"": ""DUMMY"", ""amount"": 43906, ""apiVersion"": ""v2"", ""merchantOrderId"": ""MT76595536704VWFI""}",2026-08-25 12:05:54,2026-08-25 12:05:53.763000,2026-08-25 12:05:54
113,128,PHONEPE,MT76641242196662R,MT76641242196662R,DUMMY_GW_1787664125117,259533,INR,SUCCESS,1,,f7cf342f49a79da7fd8e041443611c4de2c69e2b0241523b30634e5de52614af,"{""amount"": 2595.33, ""userId"": 6, ""gateway"": ""PHONEPE"", ""orderId"": 147}","{""mode"": ""DUMMY"", ""amount"": 259533, ""apiVersion"": ""v2"", ""merchantOrderId"": ""MT76641242196662R""}",2026-08-25 13:22:05,2026-08-25 13:22:04.273000,2026-08-25 13:22:05
114,130,PHONEPE,MT766496203665XV0,MT766496203665XV0,DUMMY_GW_1787664962775,259533,INR,SUCCESS,1,,6721f0dce385ff6f85f57d7cb04efcd25b80b3215a55aca3f23f14da44b1d482,"{""amount"": 2595.33, ""userId"": 6, ""gateway"": ""PHONEPE"", ""orderId"": 149}","{""mode"": ""DUMMY"", ""amount"": 259533, ""apiVersion"": ""v2"", ""merchantOrderId"": ""MT766496203665XV0""}",2026-08-25 13:36:03,2026-08-25 13:36:02.058000,2026-08-25 13:36:02
115,131,PHONEPE,MT772836465841G6K,OMO2608261242447682699373W,OM2608261242465462699518W,6885327,INR,FAILED,1,TXN_NOT_COMPLETED,e8d162d5fca94c2c279d0f1aa4814fd1bcff093dfd705849b7e8a76993afca48,"{""amount"": 68853.27, ""userId"": 4, ""gateway"": ""PHONEPE"", ""orderId"": 150}","{""type"": ""CHECKOUT_ORDER_FAILED"", ""event"": ""checkout.order.failed"", ""payload"": {""state"": ""FAILED"", ""amount"": 6885327, ""orderId"": ""OMO2608261242447682699373W"", ""currency"": ""INR"", ""expireAt"": 1787729564757, ""metaInfo"": {""udf1"": ""orderId:150"", ""udf2"": ""userId:4"", ""udf3"": ""idempotencyKey:e8d162d5fca94c2c279d0f1aa4814fd1bcff093dfd705849b7e8a76993afca48""}, ""errorCode"": ""TXN_NOT_COMPLETED"", ""merchantId"": ""M22DPMWORB0GT"", ""paymentDetails"": [{""state"": ""FAILED"", ""amount"": 6885327, ""currency"": ""INR"", ""errorCode"": ""TXN_NOT_COMPLETED"", ""feeAmount"": 0, ""timestamp"": 1787728366584, ""feeCurrency"": ""INR"", ""paymentMode"": ""UPI_QR"", ""payableAmount"": 6885327, ""transactionId"": ""OM2608261242465462699518W"", ""payableCurrency"": ""INR"", ""detailedErrorCode"": ""TXN_AUTO_FAILED""}], ""merchantOrderId"": ""MT772836465841G6K"", ""detailedErrorCode"": ""TXN_AUTO_FAILED""}}",2026-08-26 07:32:47,2026-08-26 07:12:44.964000,2026-08-26 07:32:46
116,132,PHONEPE,MT772847727444LZ6,OMO2608261244373228045416W,OM2608261244390582369574W,102169,INR,FAILED,1,TXN_NOT_COMPLETED,c2bb8ad3edb38fa60bc10835e327add64caf7822564eaa6f884b41a57981d389,"{""amount"": 1021.69, ""userId"": 4, ""gateway"": ""PHONEPE"", ""orderId"": 152}","{""type"": ""CHECKOUT_ORDER_FAILED"", ""event"": ""checkout.order.failed"", ""payload"": {""state"": ""FAILED"", ""amount"": 102169, ""orderId"": ""OMO2608261244373228045416W"", ""currency"": ""INR"", ""expireAt"": 1787729677311, ""metaInfo"": {""udf1"": ""orderId:152"", ""udf2"": ""userId:4"", ""udf3"": ""idempotencyKey:c2bb8ad3edb38fa60bc10835e327add64caf7822564eaa6f884b41a57981d389""}, ""errorCode"": ""TXN_NOT_COMPLETED"", ""merchantId"": ""M22DPMWORB0GT"", ""paymentDetails"": [{""state"": ""FAILED"", ""amount"": 102169, ""currency"": ""INR"", ""errorCode"": ""TXN_NOT_COMPLETED"", ""feeAmount"": 0, ""timestamp"": 1787728479097, ""feeCurrency"": ""INR"", ""paymentMode"": ""UPI_QR"", ""payableAmount"": 102169, ""transactionId"": ""OM2608261244390582369574W"", ""payableCurrency"": ""INR"", ""detailedErrorCode"": ""TXN_AUTO_FAILED""}], ""merchantOrderId"": ""MT772847727444LZ6"", ""detailedErrorCode"": ""TXN_AUTO_FAILED""}}",2026-08-26 07:34:38,2026-08-26 07:14:37.388000,2026-08-26 07:34:37
117,133,PHONEPE,MT77286656414MHY4,OMO2608261247457817283937W,OM2608261247471682407541W,102169,INR,FAILED,1,TXN_CANCELLED,5bf71dfbb21d81ae6a761a0846288c51e345956e3b6888a3896ebbd7728d8363,"{""amount"": 1021.69, ""userId"": 4, ""gateway"": ""PHONEPE"", ""orderId"": 153}","{""type"": ""CHECKOUT_ORDER_FAILED"", ""event"": ""checkout.order.failed"", ""payload"": {""state"": ""FAILED"", ""amount"": 102169, ""orderId"": ""OMO2608261247457817283937W"", ""currency"": ""INR"", ""expireAt"": 1787729865770, ""metaInfo"": {""udf1"": ""orderId:153"", ""udf2"": ""userId:4"", ""udf3"": ""idempotencyKey:5bf71dfbb21d81ae6a761a0846288c51e345956e3b6888a3896ebbd7728d8363""}, ""errorCode"": ""TXN_CANCELLED"", ""merchantId"": ""M22DPMWORB0GT"", ""paymentDetails"": [{""state"": ""FAILED"", ""amount"": 102169, ""currency"": ""INR"", ""errorCode"": ""TXN_CANCELLED"", ""feeAmount"": 0, ""timestamp"": 1787728667205, ""feeCurrency"": ""INR"", ""paymentMode"": ""UPI_QR"", ""payableAmount"": 102169, ""transactionId"": ""OM2608261247471682407541W"", ""payableCurrency"": ""INR"", ""detailedErrorCode"": ""REQUEST_CANCEL_BY_REQUESTEE""}], ""merchantOrderId"": ""MT77286656414MHY4"", ""detailedErrorCode"": ""REQUEST_CANCEL_BY_REQUESTEE""}}",2026-08-26 07:18:22,2026-08-26 07:17:45.840000,2026-08-26 07:18:22
118,134,PHONEPE,MT77297647159JU48,OMO2608261306048868522027W,,43906,INR,FAILED,1,TXN_CANCELLED,1feefb370099cf52be83ba6f08ec8002e356c2d1ae3d49ced0c65a292aa34928,"{""amount"": 439.06, ""userId"": 9, ""gateway"": ""PHONEPE"", ""orderId"": 154}","{""type"": ""CHECKOUT_ORDER_FAILED"", ""event"": ""checkout.order.failed"", ""payload"": {""state"": ""FAILED"", ""amount"": 43906, ""orderId"": ""OMO2608261306048868522027W"", ""currency"": ""INR"", ""expireAt"": 1787730964877, ""metaInfo"": {""udf1"": ""orderId:154"", ""udf2"": ""userId:9"", ""udf3"": ""idempotencyKey:1feefb370099cf52be83ba6f08ec8002e356c2d1ae3d49ced0c65a292aa34928""}, ""errorCode"": ""TXN_CANCELLED"", ""merchantId"": ""M22DPMWORB0GT"", ""paymentDetails"": [], ""merchantOrderId"": ""MT77297647159JU48"", ""detailedErrorCode"": ""ORDER_CANCELLED_BY_USER""}}",2026-08-26 07:37:06,2026-08-26 07:36:04.992000,2026-08-26 07:37:06
119,135,PHONEPE,MT77306668359Y86A,OMO2608261321069617283337W,OM2608261321080968045336W,10408,INR,FAILED,1,TXN_CANCELLED,72be48f28ce6f3046d4b03ad6ada0b7fe81e4f9bd6160701b7d2155c87d7cc5e,"{""amount"": 104.08, ""userId"": 9, ""gateway"": ""PHONEPE"", ""orderId"": 155}","{""type"": ""CHECKOUT_ORDER_FAILED"", ""event"": ""checkout.order.failed"", ""payload"": {""state"": ""FAILED"", ""amount"": 10408, ""orderId"": ""OMO2608261321069617283337W"", ""currency"": ""INR"", ""expireAt"": 1787731866952, ""metaInfo"": {""udf1"": ""orderId:155"", ""udf2"": ""userId:9"", ""udf3"": ""idempotencyKey:72be48f28ce6f3046d4b03ad6ada0b7fe81e4f9bd6160701b7d2155c87d7cc5e""}, ""errorCode"": ""TXN_CANCELLED"", ""merchantId"": ""M22DPMWORB0GT"", ""paymentDetails"": [{""state"": ""FAILED"", ""amount"": 10408, ""currency"": ""INR"", ""errorCode"": ""TXN_CANCELLED"", ""feeAmount"": 0, ""timestamp"": 1787730668130, ""feeCurrency"": ""INR"", ""paymentMode"": ""UPI_QR"", ""payableAmount"": 10408, ""transactionId"": ""OM2608261321080968045336W"", ""payableCurrency"": ""INR"", ""detailedErrorCode"": ""REQUEST_CANCEL_BY_REQUESTEE""}], ""merchantOrderId"": ""MT77306668359Y86A"", ""detailedErrorCode"": ""REQUEST_CANCEL_BY_REQUESTEE""}}",2026-08-26 07:51:32,2026-08-26 07:51:07.013000,2026-08-26 07:51:32
120,136,PHONEPE,MT77312558074204M,OMO2608261330560042369363W,OM2608261330578292699707W,186771,INR,FAILED,1,TXN_CANCELLED,107639030955f51feaab8bffbaa497efc62f077c4ebc15bb1387464d626d0c15,"{""amount"": 1867.71, ""userId"": 4, ""gateway"": ""PHONEPE"", ""orderId"": 156}","{""type"": ""CHECKOUT_ORDER_FAILED"", ""event"": ""checkout.order.failed"", ""payload"": {""state"": ""FAILED"", ""amount"": 186771, ""orderId"": ""OMO2608261330560042369363W"", ""currency"": ""INR"", ""expireAt"": 1787732455918, ""metaInfo"": {""udf1"": ""orderId:156"", ""udf2"": ""userId:4"", ""udf3"": ""idempotencyKey:107639030955f51feaab8bffbaa497efc62f077c4ebc15bb1387464d626d0c15""}, ""errorCode"": ""TXN_CANCELLED"", ""merchantId"": ""M22DPMWORB0GT"", ""paymentDetails"": [{""state"": ""FAILED"", ""amount"": 186771, ""currency"": ""INR"", ""errorCode"": ""TXN_CANCELLED"", ""feeAmount"": 0, ""timestamp"": 1787731257862, ""feeCurrency"": ""INR"", ""paymentMode"": ""UPI_QR"", ""payableAmount"": 186771, ""transactionId"": ""OM2608261330578292699707W"", ""payableCurrency"": ""INR"", ""detailedErrorCode"": ""REQUEST_CANCEL_BY_REQUESTEE""}], ""merchantOrderId"": ""MT77312558074204M"", ""detailedErrorCode"": ""REQUEST_CANCEL_BY_REQUESTEE""}}",2026-08-26 08:01:13,2026-08-26 08:00:56.102000,2026-08-26 08:01:12
121,137,PHONEPE,MT77367506959CL6N,OMO2608261502308888045367W,OM2608261502474479042055W,137,INR,SUCCESS,1,,725876c095aaed3b19b6d096d13878c29181c2748e57286b2ed546b7a0c1c05c,"{""amount"": 1.37, ""userId"": 9, ""gateway"": ""PHONEPE"", ""orderId"": 157}","{""type"": ""CHECKOUT_ORDER_COMPLETED"", ""event"": ""checkout.order.completed"", ""payload"": {""state"": ""COMPLETED"", ""amount"": 137, ""orderId"": ""OMO2608261502308888045367W"", ""currency"": ""INR"", ""expireAt"": 1787737950876, ""metaInfo"": {""udf1"": ""orderId:157"", ""udf2"": ""userId:9"", ""udf3"": ""idempotencyKey:725876c095aaed3b19b6d096d13878c29181c2748e57286b2ed546b7a0c1c05c""}, ""feeAmount"": 0, ""merchantId"": ""M22DPMWORB0GT"", ""feeCurrency"": ""INR"", ""payableAmount"": 137, ""paymentDetails"": [{""rail"": {""utr"": ""623882213878"", ""vpa"": ""paXXXXXXXXXXXXXXXX.m@okicici"", ""type"": ""UPI"", ""upiTransactionId"": ""ICI6d6ac7595d524ba3b83fb7f100ba1f39""}, ""state"": ""COMPLETED"", ""amount"": 137, ""currency"": ""INR"", ""feeAmount"": 0, ""timestamp"": 1787736767479, ""instrument"": {""ifsc"": ""BARB0HINGOL"", ""type"": ""ACCOUNT"", ""accountType"": ""SAVINGS""}, ""feeCurrency"": ""INR"", ""paymentMode"": ""UPI_QR"", ""payableAmount"": 137, ""transactionId"": ""OM2608261502474479042055W"", ""payableCurrency"": ""INR"", ""splitInstruments"": [{""rail"": {""utr"": ""623882213878"", ""vpa"": ""paXXXXXXXXXXXXXXXX.m@okicici"", ""type"": ""UPI"", ""upiTransactionId"": ""ICI6d6ac7595d524ba3b83fb7f100ba1f39""}, ""amount"": 137, ""currency"": ""INR"", ""instrument"": {""ifsc"": ""BARB0HINGOL"", ""type"": ""ACCOUNT"", ""accountType"": ""SAVINGS""}}]}], ""merchantOrderId"": ""MT77367506959CL6N"", ""payableCurrency"": ""INR""}}",2026-08-26 09:33:19,2026-08-26 09:32:31.069000,2026-08-26 09:33:18
122,138,PHONEPE,MT77373296989J0FQ,OMO2608261512099670727116W,OM2608261512109302407664W,134,INR,FAILED,1,TXN_CANCELLED,4a0c9e832cdc9cb7c9aef857f7646cb5e1f1ebd0bf9a3eb2dce5b050af98977e,"{""amount"": 1.344, ""userId"": 9, ""gateway"": ""PHONEPE"", ""orderId"": 158}","{""type"": ""CHECKOUT_ORDER_FAILED"", ""event"": ""checkout.order.failed"", ""payload"": {""state"": ""FAILED"", ""amount"": 134, ""orderId"": ""OMO2608261512099670727116W"", ""currency"": ""INR"", ""expireAt"": 1787738529955, ""metaInfo"": {""udf1"": ""orderId:158"", ""udf2"": ""userId:9"", ""udf3"": ""idempotencyKey:4a0c9e832cdc9cb7c9aef857f7646cb5e1f1ebd0bf9a3eb2dce5b050af98977e""}, ""errorCode"": ""TXN_CANCELLED"", ""merchantId"": ""M22DPMWORB0GT"", ""paymentDetails"": [{""state"": ""FAILED"", ""amount"": 134, ""currency"": ""INR"", ""errorCode"": ""TXN_CANCELLED"", ""feeAmount"": 0, ""timestamp"": 1787737330963, ""feeCurrency"": ""INR"", ""paymentMode"": ""UPI_QR"", ""payableAmount"": 134, ""transactionId"": ""OM2608261512109302407664W"", ""payableCurrency"": ""INR"", ""detailedErrorCode"": ""REQUEST_CANCEL_BY_REQUESTEE""}], ""merchantOrderId"": ""MT77373296989J0FQ"", ""detailedErrorCode"": ""REQUEST_CANCEL_BY_REQUESTEE""}}",2026-08-26 09:42:26,2026-08-26 09:42:10.035000,2026-08-26 09:42:26
123,139,PHONEPE,MT77441066196E9RW,OMO2608261705068201422169W,OM2608261705084041422640W,6032750,INR,FAILED,1,TXN_CANCELLED,cc2e0980021cab66298cc1db5f76d1e994d3b200ec995610b70fe40f6e0337f3,"{""amount"": 60327.5, ""userId"": 6, ""gateway"": ""PHONEPE"", ""orderId"": 159}","{""type"": ""CHECKOUT_ORDER_FAILED"", ""event"": ""checkout.order.failed"", ""payload"": {""state"": ""FAILED"", ""amount"": 6032750, ""orderId"": ""OMO2608261705068201422169W"", ""currency"": ""INR"", ""expireAt"": 1787745306808, ""metaInfo"": {""udf1"": ""orderId:159"", ""udf2"": ""userId:6"", ""udf3"": ""idempotencyKey:cc2e0980021cab66298cc1db5f76d1e994d3b200ec995610b70fe40f6e0337f3""}, ""errorCode"": ""TXN_CANCELLED"", ""merchantId"": ""M22DPMWORB0GT"", ""paymentDetails"": [{""state"": ""FAILED"", ""amount"": 6032750, ""currency"": ""INR"", ""errorCode"": ""TXN_CANCELLED"", ""feeAmount"": 0, ""timestamp"": 1787744108439, ""feeCurrency"": ""INR"", ""paymentMode"": ""UPI_QR"", ""payableAmount"": 6032750, ""transactionId"": ""OM2608261705084041422640W"", ""payableCurrency"": ""INR"", ""detailedErrorCode"": ""REQUEST_CANCEL_BY_REQUESTEE""}], ""merchantOrderId"": ""MT77441066196E9RW"", ""detailedErrorCode"": ""REQUEST_CANCEL_BY_REQUESTEE""}}",2026-08-26 11:35:45,2026-08-26 11:35:06.881000,2026-08-26 11:35:45
124,140,PHONEPE,MT7749871755892SO,OMO2608261841119032478343W,,134,INR,FAILED,1,TXN_NOT_COMPLETED,676ec0be3011ac9caff65a42d0161f3534a936c09f07dc3deec5b9fff2200cfc,"{""amount"": 1.344, ""userId"": 8, ""gateway"": ""PHONEPE"", ""orderId"": 160}","{""type"": ""CHECKOUT_ORDER_FAILED"", ""event"": ""checkout.order.failed"", ""payload"": {""state"": ""FAILED"", ""amount"": 134, ""orderId"": ""OMO2608261841119032478343W"", ""currency"": ""INR"", ""expireAt"": 1787751071886, ""metaInfo"": {""udf1"": ""orderId:160"", ""udf2"": ""userId:8"", ""udf3"": ""idempotencyKey:676ec0be3011ac9caff65a42d0161f3534a936c09f07dc3deec5b9fff2200cfc""}, ""errorCode"": ""TXN_NOT_COMPLETED"", ""merchantId"": ""M22DPMWORB0GT"", ""paymentDetails"": [], ""merchantOrderId"": ""MT7749871755892SO"", ""detailedErrorCode"": ""ORDER_EXPIRED""}}",2026-08-26 13:31:14,2026-08-26 13:11:11.985000,2026-08-26 13:31:13
125,141,PHONEPE,MT77519712068PU1P,OMO2608261916113305201652W,,134,INR,FAILED,1,TXN_NOT_COMPLETED,5a05d6188b575c361f7231a51333a69fa51c1bfc8d68d06db8bd868d708a9a67,"{""amount"": 1.344, ""userId"": 8, ""gateway"": ""PHONEPE"", ""orderId"": 161}","{""type"": ""CHECKOUT_ORDER_FAILED"", ""event"": ""checkout.order.failed"", ""payload"": {""state"": ""FAILED"", ""amount"": 134, ""orderId"": ""OMO2608261916113305201652W"", ""currency"": ""INR"", ""expireAt"": 1787753171319, ""metaInfo"": {""udf1"": ""orderId:161"", ""udf2"": ""userId:8"", ""udf3"": ""idempotencyKey:5a05d6188b575c361f7231a51333a69fa51c1bfc8d68d06db8bd868d708a9a67""}, ""errorCode"": ""TXN_NOT_COMPLETED"", ""merchantId"": ""M22DPMWORB0GT"", ""paymentDetails"": [], ""merchantOrderId"": ""MT77519712068PU1P"", ""detailedErrorCode"": ""ORDER_EXPIRED""}}",2026-08-26 14:06:12,2026-08-26 13:46:11.391000,2026-08-26 14:06:12
126,142,PHONEPE,MT77523562794QL27,OMO2608261922363260508105W,OM2608261922390709073185W,134,INR,FAILED,1,TXN_CANCELLED,282fcb9b935e4a13ee9a406d8c0c4fc3551fc9dbf97a8942d00f1115bcccc676,"{""amount"": 1.344, ""userId"": 4, ""gateway"": ""PHONEPE"", ""orderId"": 162}","{""type"": ""CHECKOUT_ORDER_FAILED"", ""event"": ""checkout.order.failed"", ""payload"": {""state"": ""FAILED"", ""amount"": 134, ""orderId"": ""OMO2608261922363260508105W"", ""currency"": ""INR"", ""expireAt"": 1787753556317, ""metaInfo"": {""udf1"": ""orderId:162"", ""udf2"": ""userId:4"", ""udf3"": ""idempotencyKey:282fcb9b935e4a13ee9a406d8c0c4fc3551fc9dbf97a8942d00f1115bcccc676""}, ""errorCode"": ""TXN_CANCELLED"", ""merchantId"": ""M22DPMWORB0GT"", ""paymentDetails"": [{""state"": ""FAILED"", ""amount"": 134, ""currency"": ""INR"", ""errorCode"": ""TXN_CANCELLED"", ""feeAmount"": 0, ""timestamp"": 1787752359114, ""feeCurrency"": ""INR"", ""paymentMode"": ""UPI_QR"", ""payableAmount"": 134, ""transactionId"": ""OM2608261922390709073185W"", ""payableCurrency"": ""INR"", ""detailedErrorCode"": ""REQUEST_CANCEL_BY_REQUESTEE""}], ""merchantOrderId"": ""MT77523562794QL27"", ""detailedErrorCode"": ""REQUEST_CANCEL_BY_REQUESTEE""}}",2026-08-26 13:52:59,2026-08-26 13:52:36.408000,2026-08-26 13:52:59
127,147,PHONEPE,MT78049940384TFQQ,OMO2608270959541603444855W,OM2608270959554401237844W,137,INR,FAILED,1,TXN_CANCELLED,05b4c9df1a4685677150107fbc8780e28c6cfaf33146e90587f78b739ae94184,"{""amount"": 1.37, ""userId"": 4, ""gateway"": ""PHONEPE"", ""orderId"": 167}","{""type"": ""CHECKOUT_ORDER_FAILED"", ""event"": ""checkout.order.failed"", ""payload"": {""state"": ""FAILED"", ""amount"": 137, ""orderId"": ""OMO2608270959541603444855W"", ""currency"": ""INR"", ""expireAt"": 1787806194148, ""metaInfo"": {""udf1"": ""orderId:167"", ""udf2"": ""userId:4"", ""udf3"": ""idempotencyKey:05b4c9df1a4685677150107fbc8780e28c6cfaf33146e90587f78b739ae94184""}, ""errorCode"": ""TXN_CANCELLED"", ""merchantId"": ""M22DPMWORB0GT"", ""paymentDetails"": [{""state"": ""FAILED"", ""amount"": 137, ""currency"": ""INR"", ""errorCode"": ""TXN_CANCELLED"", ""feeAmount"": 0, ""timestamp"": 1787804995472, ""feeCurrency"": ""INR"", ""paymentMode"": ""UPI_QR"", ""payableAmount"": 137, ""transactionId"": ""OM2608270959554401237844W"", ""payableCurrency"": ""INR"", ""detailedErrorCode"": ""REQUEST_CANCEL_BY_REQUESTEE""}], ""merchantOrderId"": ""MT78049940384TFQQ"", ""detailedErrorCode"": ""REQUEST_CANCEL_BY_REQUESTEE""}}",2026-08-27 04:30:02,2026-08-27 04:29:54.230000,2026-08-27 04:30:02
128,153,PHONEPE,MT78126765414B5NE,OMO2608271207567561877418W,OM2608271208005935732769W,134,INR,FAILED,1,TXN_NOT_COMPLETED,7a8ee55290940a2e8980a8ebc51b6e41278b1ba083d74dcb71655a256ac5dffe,"{""amount"": 1.344, ""userId"": 4, ""gateway"": ""PHONEPE"", ""orderId"": 173}","{""type"": ""CHECKOUT_ORDER_FAILED"", ""event"": ""checkout.order.failed"", ""payload"": {""state"": ""FAILED"", ""amount"": 134, ""orderId"": ""OMO2608271207567561877418W"", ""currency"": ""INR"", ""expireAt"": 1787813876744, ""metaInfo"": {""udf1"": ""orderId:173"", ""udf2"": ""userId:4"", ""udf3"": ""idempotencyKey:7a8ee55290940a2e8980a8ebc51b6e41278b1ba083d74dcb71655a256ac5dffe""}, ""errorCode"": ""TXN_NOT_COMPLETED"", ""merchantId"": ""M22DPMWORB0GT"", ""paymentDetails"": [{""state"": ""FAILED"", ""amount"": 134, ""currency"": ""INR"", ""errorCode"": ""TXN_NOT_COMPLETED"", ""feeAmount"": 0, ""timestamp"": 1787812680627, ""feeCurrency"": ""INR"", ""paymentMode"": ""UPI_QR"", ""payableAmount"": 134, ""transactionId"": ""OM2608271208005935732769W"", ""payableCurrency"": ""INR"", ""detailedErrorCode"": ""TXN_AUTO_FAILED""}], ""merchantOrderId"": ""MT78126765414B5NE"", ""detailedErrorCode"": ""TXN_AUTO_FAILED""}}",2026-08-27 06:57:59,2026-08-27 06:37:56.846000,2026-08-27 06:57:58
129,154,PHONEPE,MT78127167664SML5,OMO2608271208368980085332W,,138,INR,FAILED,1,TXN_NOT_COMPLETED,1b31863b02f76da26b946426d61a106fdf05908215e63d5a65b6af1a9f07001a,"{""amount"": 1.38, ""userId"": 4, ""gateway"": ""PHONEPE"", ""orderId"": 174}","{""type"": ""CHECKOUT_ORDER_FAILED"", ""event"": ""checkout.order.failed"", ""payload"": {""state"": ""FAILED"", ""amount"": 138, ""orderId"": ""OMO2608271208368980085332W"", ""currency"": ""INR"", ""expireAt"": 1787813916888, ""metaInfo"": {""udf1"": ""orderId:174"", ""udf2"": ""userId:4"", ""udf3"": ""idempotencyKey:1b31863b02f76da26b946426d61a106fdf05908215e63d5a65b6af1a9f07001a""}, ""errorCode"": ""TXN_NOT_COMPLETED"", ""merchantId"": ""M22DPMWORB0GT"", ""paymentDetails"": [], ""merchantOrderId"": ""MT78127167664SML5"", ""detailedErrorCode"": ""ORDER_EXPIRED""}}",2026-08-27 06:58:38,2026-08-27 06:38:37.067000,2026-08-27 06:58:38
130,158,PHONEPE,MT78197057094FFNU,OMO2608271405058785140098W,,627894,INR,FAILED,1,TXN_NOT_COMPLETED,b6281054d62c345461a95167332664d15a1429565be079ca8cfeb589b52fd394,"{""amount"": 6278.944, ""userId"": 4, ""gateway"": ""PHONEPE"", ""orderId"": 178}","{""type"": ""CHECKOUT_ORDER_FAILED"", ""event"": ""checkout.order.failed"", ""payload"": {""state"": ""FAILED"", ""amount"": 627894, ""orderId"": ""OMO2608271405058785140098W"", ""currency"": ""INR"", ""expireAt"": 1787820905867, ""metaInfo"": {""udf1"": ""orderId:178"", ""udf2"": ""userId:4"", ""udf3"": ""idempotencyKey:b6281054d62c345461a95167332664d15a1429565be079ca8cfeb589b52fd394""}, ""errorCode"": ""TXN_NOT_COMPLETED"", ""merchantId"": ""M22DPMWORB0GT"", ""paymentDetails"": [], ""merchantOrderId"": ""MT78197057094FFNU"", ""detailedErrorCode"": ""ORDER_EXPIRED""}}",2026-08-27 08:55:08,2026-08-27 08:35:05.961000,2026-08-27 08:55:07
131,159,PHONEPE,MT78200071309P4BE,OMO2608271410073495255962W,OM2608271410083311556502W,134,INR,SUCCESS,1,,458f19b8133ed11a29515fd16b1730ecdc8de3f0e49c8f55833afe21c9323aa2,"{""amount"": 1.344, ""userId"": 9, ""gateway"": ""PHONEPE"", ""orderId"": 180}","{""type"": ""CHECKOUT_ORDER_COMPLETED"", ""event"": ""checkout.order.completed"", ""payload"": {""state"": ""COMPLETED"", ""amount"": 134, ""orderId"": ""OMO2608271410073495255962W"", ""currency"": ""INR"", ""expireAt"": 1787821207338, ""metaInfo"": {""udf1"": ""orderId:180"", ""udf2"": ""userId:9"", ""udf3"": ""idempotencyKey:458f19b8133ed11a29515fd16b1730ecdc8de3f0e49c8f55833afe21c9323aa2""}, ""feeAmount"": 0, ""merchantId"": ""M22DPMWORB0GT"", ""feeCurrency"": ""INR"", ""payableAmount"": 134, ""paymentDetails"": [{""rail"": {""utr"": ""660572709832"", ""vpa"": ""paXXXXXXXXXXXXXXXX.m@okaxis"", ""type"": ""UPI"", ""upiTransactionId"": ""AXI02cdf8cbd5d947bb9d019cfcb1169df6""}, ""state"": ""COMPLETED"", ""amount"": 134, ""currency"": ""INR"", ""feeAmount"": 0, ""timestamp"": 1787820008507, ""instrument"": {""ifsc"": ""BARB0HINGOL"", ""type"": ""ACCOUNT"", ""accountType"": ""SAVINGS""}, ""feeCurrency"": ""INR"", ""paymentMode"": ""UPI_QR"", ""payableAmount"": 134, ""transactionId"": ""OM2608271410083311556502W"", ""payableCurrency"": ""INR"", ""splitInstruments"": [{""rail"": {""utr"": ""660572709832"", ""vpa"": ""paXXXXXXXXXXXXXXXX.m@okaxis"", ""type"": ""UPI"", ""upiTransactionId"": ""AXI02cdf8cbd5d947bb9d019cfcb1169df6""}, ""amount"": 134, ""currency"": ""INR"", ""instrument"": {""ifsc"": ""BARB0HINGOL"", ""type"": ""ACCOUNT"", ""accountType"": ""SAVINGS""}}]}], ""merchantOrderId"": ""MT78200071309P4BE"", ""payableCurrency"": ""INR""}}",2026-08-27 08:40:39,2026-08-27 08:40:07.432000,2026-08-27 08:40:39
132,160,PHONEPE,MT78200974249QISM,OMO2608271411375754677385W,OM2608271411383614677645W,137,INR,FAILED,1,TXN_CANCELLED,7dd271bc0f81cb5a3fe79957fb6ea04d791aa20d1595a295d681b979daf38c5c,"{""amount"": 1.37, ""userId"": 9, ""gateway"": ""PHONEPE"", ""orderId"": 181}","{""type"": ""CHECKOUT_ORDER_FAILED"", ""event"": ""checkout.order.failed"", ""payload"": {""state"": ""FAILED"", ""amount"": 137, ""orderId"": ""OMO2608271411375754677385W"", ""currency"": ""INR"", ""expireAt"": 1787821297563, ""metaInfo"": {""udf1"": ""orderId:181"", ""udf2"": ""userId:9"", ""udf3"": ""idempotencyKey:7dd271bc0f81cb5a3fe79957fb6ea04d791aa20d1595a295d681b979daf38c5c""}, ""errorCode"": ""TXN_CANCELLED"", ""merchantId"": ""M22DPMWORB0GT"", ""paymentDetails"": [{""state"": ""FAILED"", ""amount"": 137, ""currency"": ""INR"", ""errorCode"": ""TXN_CANCELLED"", ""feeAmount"": 0, ""timestamp"": 1787820098396, ""feeCurrency"": ""INR"", ""paymentMode"": ""UPI_QR"", ""payableAmount"": 137, ""transactionId"": ""OM2608271411383614677645W"", ""payableCurrency"": ""INR"", ""detailedErrorCode"": ""REQUEST_CANCEL_BY_REQUESTEE""}], ""merchantOrderId"": ""MT78200974249QISM"", ""detailedErrorCode"": ""REQUEST_CANCEL_BY_REQUESTEE""}}",2026-08-27 08:41:49,2026-08-27 08:41:37.652000,2026-08-27 08:41:49
133,161,PHONEPE,MT78214820094QH6M,OMO2608271434421257033814W,OM2608271434433226877551W,1743632,INR,FAILED,1,TXN_CANCELLED,d44d7333252214cd3a6bde61d58c99af5b92c9a84a812c05c62248c384396fcc,"{""amount"": 17436.32, ""userId"": 4, ""gateway"": ""PHONEPE"", ""orderId"": 182}","{""type"": ""CHECKOUT_ORDER_FAILED"", ""event"": ""checkout.order.failed"", ""payload"": {""state"": ""FAILED"", ""amount"": 1743632, ""orderId"": ""OMO2608271434421257033814W"", ""currency"": ""INR"", ""expireAt"": 1787822682113, ""metaInfo"": {""udf1"": ""orderId:182"", ""udf2"": ""userId:4"", ""udf3"": ""idempotencyKey:d44d7333252214cd3a6bde61d58c99af5b92c9a84a812c05c62248c384396fcc""}, ""errorCode"": ""TXN_CANCELLED"", ""merchantId"": ""M22DPMWORB0GT"", ""paymentDetails"": [{""state"": ""FAILED"", ""amount"": 1743632, ""currency"": ""INR"", ""errorCode"": ""TXN_CANCELLED"", ""feeAmount"": 0, ""timestamp"": 1787821483362, ""feeCurrency"": ""INR"", ""paymentMode"": ""UPI_QR"", ""payableAmount"": 1743632, ""transactionId"": ""OM2608271434433226877551W"", ""payableCurrency"": ""INR"", ""detailedErrorCode"": ""REQUEST_CANCEL_BY_REQUESTEE""}], ""merchantOrderId"": ""MT78214820094QH6M"", ""detailedErrorCode"": ""REQUEST_CANCEL_BY_REQUESTEE""}}",2026-08-27 09:04:49,2026-08-27 09:04:42.225000,2026-08-27 09:04:48
134,162,PHONEPE,MT78215123174L8KR,OMO2608271435124034799833W,OM2608271435377170085983W,1712770,INR,FAILED,1,TXN_BLOCKED,745222af7c343aba250816f3addf6831f1c5a1405443b6b6cb3227c5e650d62e,"{""amount"": 17127.7, ""userId"": 4, ""gateway"": ""PHONEPE"", ""orderId"": 183}","{""type"": ""CHECKOUT_ORDER_FAILED"", ""event"": ""checkout.order.failed"", ""payload"": {""state"": ""FAILED"", ""amount"": 1712770, ""orderId"": ""OMO2608271435124034799833W"", ""currency"": ""INR"", ""expireAt"": 1787822712391, ""metaInfo"": {""udf1"": ""orderId:183"", ""udf2"": ""userId:4"", ""udf3"": ""idempotencyKey:745222af7c343aba250816f3addf6831f1c5a1405443b6b6cb3227c5e650d62e""}, ""errorCode"": ""TXN_BLOCKED"", ""merchantId"": ""M22DPMWORB0GT"", ""paymentDetails"": [{""state"": ""FAILED"", ""amount"": 1712770, ""currency"": ""INR"", ""errorCode"": ""TXN_BLOCKED"", ""feeAmount"": 0, ""timestamp"": 1787821537752, ""feeCurrency"": ""INR"", ""paymentMode"": ""NET_BANKING"", ""payableAmount"": 1712770, ""transactionId"": ""OM2608271435377170085983W"", ""payableCurrency"": ""INR"", ""detailedErrorCode"": ""BLOCKED_FRAUD""}], ""merchantOrderId"": ""MT78215123174L8KR"", ""detailedErrorCode"": ""BLOCKED_FRAUD""}}",2026-08-27 09:25:14,2026-08-27 09:05:12.488000,2026-08-27 09:25:13
135,163,PHONEPE,MT78226103504XKK5,OMO2608271453304554799285W,OM2608271453399682617565W,547055,INR,FAILED,1,TXN_CANCELLED,2dab0fa2441e58e8c7a20f970393b14d951e0ad36106515eaf3b4ff5a80b702c,"{""amount"": 5470.55, ""userId"": 4, ""gateway"": ""PHONEPE"", ""orderId"": 184}","{""type"": ""CHECKOUT_ORDER_FAILED"", ""event"": ""checkout.order.failed"", ""payload"": {""state"": ""FAILED"", ""amount"": 547055, ""orderId"": ""OMO2608271453304554799285W"", ""currency"": ""INR"", ""expireAt"": 1787823810446, ""metaInfo"": {""udf1"": ""orderId:184"", ""udf2"": ""userId:4"", ""udf3"": ""idempotencyKey:2dab0fa2441e58e8c7a20f970393b14d951e0ad36106515eaf3b4ff5a80b702c""}, ""errorCode"": ""TXN_CANCELLED"", ""merchantId"": ""M22DPMWORB0GT"", ""paymentDetails"": [{""rail"": {""type"": ""PG""}, ""state"": ""FAILED"", ""amount"": 547055, ""currency"": ""INR"", ""errorCode"": ""TXN_CANCELLED"", ""feeAmount"": 0, ""timestamp"": 1787822620012, ""instrument"": {""type"": ""NET_BANKING"", ""bankId"": ""ICIC"", ""bankName"": ""ICICI Bank""}, ""feeCurrency"": ""INR"", ""paymentMode"": ""NET_BANKING"", ""payableAmount"": 547055, ""transactionId"": ""OM2608271453399682617565W"", ""payableCurrency"": ""INR"", ""splitInstruments"": [{""rail"": {""type"": ""PG""}, ""amount"": 547055, ""currency"": ""INR"", ""instrument"": {""type"": ""NET_BANKING"", ""bankId"": ""ICIC"", ""bankName"": ""ICICI Bank""}}], ""detailedErrorCode"": ""REQUEST_CANCEL_BY_REQUESTEE""}], ""merchantOrderId"": ""MT78226103504XKK5"", ""detailedErrorCode"": ""REQUEST_CANCEL_BY_REQUESTEE""}}",2026-08-27 09:23:59,2026-08-27 09:23:30.527000,2026-08-27 09:23:58
136,164,PHONEPE,MT78229468804RO11,OMO2608271459070363316705W,,627644,INR,FAILED,1,PhonePe v2 status check failed,fca8d68262f2fb8b4b5bb86810ee920126290100b141191311949ff10a89b708,"{""amount"": 6276.4400000000005, ""userId"": 4, ""gateway"": ""PHONEPE"", ""orderId"": 185}","{""state"": ""PENDING"", ""orderId"": ""OMO2608271459070363316705W"", ""expireAt"": 1787824147027, ""redirectUrl"": ""https://mercury-t2.phonepe.com/transact/pgv3?token=hq4wOGdzX31IuPyyh7/7AYOLiipO42P8QtgmusudZHta7zUAMbV5uMV5f6kF1hmvheryrLtNiVJFSUI5SOGeVRddzivwAOSX4TcjulEjmQMXD5aaK6VecRlu9cQChYYEJ9xiveZvqZLm32l9UU6MnAABr4iIPJ4f9zlenNKL7k0FJpI6sXEVfO+J7vZDPQBPq379BjXQItQaghUsLGGOaGdB+AVa2nRKuOCMRYaKxOzbZFWeiuVz3WM/VkfILPXPOlhETsQsyT0JtrvK/Be3P0XON2Qt14+uxuZYExSDCDJaePbrLZsKYbePo/BgfUuZ/1uyYCaZTeWmrEjY5GBvGQyTXWlLo6cjb6Sc2dFHsBnRAIV+gJsZsyzDtXWJbv2bBaMPXaiIK5FAS5c+o9v+ERofQKQO3ShdkpRgi0/4C+mpRKfe2CcPklbn7ubIrcUbH3IGf9//18ekF+7S9/2C+aFGXILnQrvY+arvjNF9zI/eqPtydwUn1HkbLKAqUwNSXKi6aolsmpzAfJIGuQg=&routingKey=W""}",2026-08-27 09:30:20,2026-08-27 09:29:07.184000,2026-08-27 09:30:19
137,165,PHONEPE,MT782296423742K9Z,OMO2608271459243205140004W,OM2608271459255807033272W,642815,INR,FAILED,1,TXN_CANCELLED,18dea34b6c2d7b4fa4ed2f5cf5efedbeb0e847d6bd718cb4a4726996f1e07d73,"{""amount"": 6428.15, ""userId"": 4, ""gateway"": ""PHONEPE"", ""orderId"": 187}","{""type"": ""CHECKOUT_ORDER_FAILED"", ""event"": ""checkout.order.failed"", ""payload"": {""state"": ""FAILED"", ""amount"": 642815, ""orderId"": ""OMO2608271459243205140004W"", ""currency"": ""INR"", ""expireAt"": 1787824164310, ""metaInfo"": {""udf1"": ""orderId:187"", ""udf2"": ""userId:4"", ""udf3"": ""idempotencyKey:18dea34b6c2d7b4fa4ed2f5cf5efedbeb0e847d6bd718cb4a4726996f1e07d73""}, ""errorCode"": ""TXN_CANCELLED"", ""merchantId"": ""M22DPMWORB0GT"", ""paymentDetails"": [{""state"": ""FAILED"", ""amount"": 642815, ""currency"": ""INR"", ""errorCode"": ""TXN_CANCELLED"", ""feeAmount"": 0, ""timestamp"": 1787822965613, ""feeCurrency"": ""INR"", ""paymentMode"": ""UPI_QR"", ""payableAmount"": 642815, ""transactionId"": ""OM2608271459255807033272W"", ""payableCurrency"": ""INR"", ""detailedErrorCode"": ""REQUEST_CANCEL_BY_REQUESTEE""}], ""merchantOrderId"": ""MT782296423742K9Z"", ""detailedErrorCode"": ""REQUEST_CANCEL_BY_REQUESTEE""}}",2026-08-27 09:29:32,2026-08-27 09:29:24.401000,2026-08-27 09:29:32
138,166,PHONEPE,MT782309071545K4B,OMO2608271501308114359388W,,638954,INR,FAILED,1,TXN_CANCELLED,67a3e12e66613b7cfed4684d6b16311452488d4316d262ecf96519b1349876b5,"{""amount"": 6389.54, ""userId"": 4, ""gateway"": ""PHONEPE"", ""orderId"": 189}","{""type"": ""CHECKOUT_ORDER_FAILED"", ""event"": ""checkout.order.failed"", ""payload"": {""state"": ""FAILED"", ""amount"": 638954, ""orderId"": ""OMO2608271501308114359388W"", ""currency"": ""INR"", ""expireAt"": 1787824290800, ""metaInfo"": {""udf1"": ""orderId:189"", ""udf2"": ""userId:4"", ""udf3"": ""idempotencyKey:67a3e12e66613b7cfed4684d6b16311452488d4316d262ecf96519b1349876b5""}, ""errorCode"": ""TXN_CANCELLED"", ""merchantId"": ""M22DPMWORB0GT"", ""paymentDetails"": [], ""merchantOrderId"": ""MT782309071545K4B"", ""detailedErrorCode"": ""ORDER_CANCELLED_BY_USER""}}",2026-08-27 09:32:14,2026-08-27 09:31:30.879000,2026-08-27 09:32:14
139,167,PHONEPE,MT78232357904OFTW,OMO2608271503558774708315W,OM2608271504512613720454W,137,INR,FAILED,1,TXN_NOT_COMPLETED,120c461a787e38de35c5f2dc0f2668553e71086744a3e574ca99bff198b28f90,"{""amount"": 1.37, ""userId"": 4, ""gateway"": ""PHONEPE"", ""orderId"": 191}","{""state"": ""FAILED"", ""amount"": 137, ""orderId"": ""OMO2608271503558774708315W"", ""currency"": ""INR"", ""expireAt"": 1787824435868, ""metaInfo"": {""udf1"": ""orderId:191"", ""udf2"": ""userId:4"", ""udf3"": ""idempotencyKey:120c461a787e38de35c5f2dc0f2668553e71086744a3e574ca99bff198b28f90""}, ""errorCode"": ""TXN_NOT_COMPLETED"", ""merchantId"": ""M22DPMWORB0GT"", ""paymentDetails"": [{""state"": ""FAILED"", ""amount"": 137, ""currency"": ""INR"", ""errorCode"": ""TXN_NOT_COMPLETED"", ""feeAmount"": 0, ""timestamp"": 1787823291443, ""feeCurrency"": ""INR"", ""paymentMode"": ""UPI_QR"", ""payableAmount"": 137, ""transactionId"": ""OM2608271504512613720454W"", ""payableCurrency"": ""INR"", ""detailedErrorCode"": ""TXN_AUTO_FAILED""}], ""merchantOrderId"": ""MT78232357904OFTW"", ""detailedErrorCode"": ""TXN_AUTO_FAILED""}",2026-08-27 10:35:00,2026-08-27 09:33:55.977000,2026-08-27 10:35:00
140,168,PHONEPE,MT78235551424N64Y,OMO2608271509153019766458W,OM2608271509343913720922W,642815,INR,FAILED,1,TXN_CANCELLED,37843219c1085e1ed21248834d8fdba1929029b9e30f8c47546d36fc67a7470f,"{""amount"": 6428.15, ""userId"": 4, ""gateway"": ""PHONEPE"", ""orderId"": 192}","{""type"": ""CHECKOUT_ORDER_FAILED"", ""event"": ""checkout.order.failed"", ""payload"": {""state"": ""FAILED"", ""amount"": 642815, ""orderId"": ""OMO2608271509153019766458W"", ""currency"": ""INR"", ""expireAt"": 1787824755292, ""metaInfo"": {""udf1"": ""orderId:192"", ""udf2"": ""userId:4"", ""udf3"": ""idempotencyKey:37843219c1085e1ed21248834d8fdba1929029b9e30f8c47546d36fc67a7470f""}, ""errorCode"": ""TXN_CANCELLED"", ""merchantId"": ""M22DPMWORB0GT"", ""paymentDetails"": [{""state"": ""FAILED"", ""amount"": 642815, ""currency"": ""INR"", ""errorCode"": ""TXN_CANCELLED"", ""feeAmount"": 0, ""timestamp"": 1787823574414, ""feeCurrency"": ""INR"", ""paymentMode"": ""UPI_INTENT"", ""payableAmount"": 642815, ""transactionId"": ""OM2608271509343913720922W"", ""payableCurrency"": ""INR"", ""detailedErrorCode"": ""REQUEST_CANCEL_BY_REQUESTEE""}], ""merchantOrderId"": ""MT78235551424N64Y"", ""detailedErrorCode"": ""REQUEST_CANCEL_BY_REQUESTEE""}}",2026-08-27 09:40:26,2026-08-27 09:39:15.371000,2026-08-27 09:40:26
141,169,PHONEPE,MT78236503854AAFI,OMO2608271510504803720120W,OM2608271510518284799470W,138,INR,FAILED,1,TXN_NOT_COMPLETED,c5d61426c4663f2bcdd0e1334203a659a34be71a8dbd2ab9e37dbc0456434515,"{""amount"": 1.38, ""userId"": 4, ""gateway"": ""PHONEPE"", ""orderId"": 194}","{""state"": ""FAILED"", ""amount"": 138, ""orderId"": ""OMO2608271510504803720120W"", ""currency"": ""INR"", ""expireAt"": 1787824850469, ""metaInfo"": {""udf1"": ""orderId:194"", ""udf2"": ""userId:4"", ""udf3"": ""idempotencyKey:c5d61426c4663f2bcdd0e1334203a659a34be71a8dbd2ab9e37dbc0456434515""}, ""errorCode"": ""TXN_NOT_COMPLETED"", ""merchantId"": ""M22DPMWORB0GT"", ""paymentDetails"": [{""state"": ""FAILED"", ""amount"": 138, ""currency"": ""INR"", ""errorCode"": ""TXN_NOT_COMPLETED"", ""feeAmount"": 0, ""timestamp"": 1787823651860, ""feeCurrency"": ""INR"", ""paymentMode"": ""UPI_QR"", ""payableAmount"": 138, ""transactionId"": ""OM2608271510518284799470W"", ""payableCurrency"": ""INR"", ""detailedErrorCode"": ""TXN_AUTO_FAILED""}], ""merchantOrderId"": ""MT78236503854AAFI"", ""detailedErrorCode"": ""TXN_AUTO_FAILED""}",2026-08-27 10:35:01,2026-08-27 09:40:50.547000,2026-08-27 10:35:00
142,170,PHONEPE,MT782688351792OQL,OMO2608271604437274708560W,OM2608271605427173743138W,10471,INR,FAILED,1,OTHERS,d344f7c7a2ca5c19d9f493206d3bbb27a596216418616125529ed7305574ad8e,"{""amount"": 104.71, ""userId"": 9, ""gateway"": ""PHONEPE"", ""orderId"": 195}","{""type"": ""CHECKOUT_ORDER_FAILED"", ""event"": ""checkout.order.failed"", ""payload"": {""state"": ""FAILED"", ""amount"": 10471, ""orderId"": ""OMO2608271604437274708560W"", ""currency"": ""INR"", ""expireAt"": 1787828083716, ""metaInfo"": {""udf1"": ""orderId:195"", ""udf2"": ""userId:9"", ""udf3"": ""idempotencyKey:d344f7c7a2ca5c19d9f493206d3bbb27a596216418616125529ed7305574ad8e""}, ""errorCode"": ""OTHERS"", ""merchantId"": ""M22DPMWORB0GT"", ""paymentDetails"": [{""rail"": {""type"": ""PG""}, ""state"": ""FAILED"", ""amount"": 10471, ""currency"": ""INR"", ""errorCode"": ""OTHERS"", ""feeAmount"": 0, ""timestamp"": 1787826942774, ""instrument"": {""type"": ""CREDIT_CARD"", ""bankId"": ""ICIC"", ""geoScope"": ""DOMESTIC"", ""cardNetwork"": ""VISA"", ""cardVariant"": ""DEFAULT"", ""maskedCardNumber"": ""XXXXXXXXXXXX0002""}, ""feeCurrency"": ""INR"", ""paymentMode"": ""CARD"", ""payableAmount"": 10471, ""transactionId"": ""OM2608271605427173743138W"", ""payableCurrency"": ""INR"", ""splitInstruments"": [{""rail"": {""type"": ""PG""}, ""amount"": 10471, ""currency"": ""INR"", ""instrument"": {""type"": ""CREDIT_CARD"", ""bankId"": ""ICIC"", ""geoScope"": ""DOMESTIC"", ""cardNetwork"": ""VISA"", ""cardVariant"": ""DEFAULT"", ""maskedCardNumber"": ""XXXXXXXXXXXX0002""}}], ""detailedErrorCode"": ""GCT_PROVISIONING_FAILED""}], ""merchantOrderId"": ""MT782688351792OQL"", ""detailedErrorCode"": ""GCT_PROVISIONING_FAILED""}}",2026-08-27 10:36:00,2026-08-27 10:34:43.803000,2026-08-27 10:36:00
143,171,PHONEPE,MT78269840679OXTN,OMO2608271606241571556914W,OM2608271606247863720634W,10223,INR,FAILED,1,TXN_CANCELLED,d342d54e28805166db6afb6a4a4fc276732aa3e44fafd583fa7d2b921a0f07f9,"{""amount"": 102.234, ""userId"": 9, ""gateway"": ""PHONEPE"", ""orderId"": 196}","{""type"": ""CHECKOUT_ORDER_FAILED"", ""event"": ""checkout.order.failed"", ""payload"": {""state"": ""FAILED"", ""amount"": 10223, ""orderId"": ""OMO2608271606241571556914W"", ""currency"": ""INR"", ""expireAt"": 1787828184148, ""metaInfo"": {""udf1"": ""orderId:196"", ""udf2"": ""userId:9"", ""udf3"": ""idempotencyKey:d342d54e28805166db6afb6a4a4fc276732aa3e44fafd583fa7d2b921a0f07f9""}, ""errorCode"": ""TXN_CANCELLED"", ""merchantId"": ""M22DPMWORB0GT"", ""paymentDetails"": [{""state"": ""FAILED"", ""amount"": 10223, ""currency"": ""INR"", ""errorCode"": ""TXN_CANCELLED"", ""feeAmount"": 0, ""timestamp"": 1787826984815, ""feeCurrency"": ""INR"", ""paymentMode"": ""UPI_QR"", ""payableAmount"": 10223, ""transactionId"": ""OM2608271606247863720634W"", ""payableCurrency"": ""INR"", ""detailedErrorCode"": ""REQUEST_CANCEL_BY_REQUESTEE""}], ""merchantOrderId"": ""MT78269840679OXTN"", ""detailedErrorCode"": ""REQUEST_CANCEL_BY_REQUESTEE""}}",2026-08-27 10:36:38,2026-08-27 10:36:24.234000,2026-08-27 10:36:37
144,172,PHONEPE,MT78273821786IVB2,OMO2608271613022836877558W,OM2608271613053583316555W,6042839,INR,FAILED,1,TXN_CANCELLED,d564b353e3898eb610d7d105f2341b2d02e5828aae5c047e9889db1fe2ccd682,"{""amount"": 60428.39, ""userId"": 6, ""gateway"": ""PHONEPE"", ""orderId"": 197}","{""type"": ""CHECKOUT_ORDER_FAILED"", ""event"": ""checkout.order.failed"", ""payload"": {""state"": ""FAILED"", ""amount"": 6042839, ""orderId"": ""OMO2608271613022836877558W"", ""currency"": ""INR"", ""expireAt"": 1787828582273, ""metaInfo"": {""udf1"": ""orderId:197"", ""udf2"": ""userId:6"", ""udf3"": ""idempotencyKey:d564b353e3898eb610d7d105f2341b2d02e5828aae5c047e9889db1fe2ccd682""}, ""errorCode"": ""TXN_CANCELLED"", ""merchantId"": ""M22DPMWORB0GT"", ""paymentDetails"": [{""state"": ""FAILED"", ""amount"": 6042839, ""currency"": ""INR"", ""errorCode"": ""TXN_CANCELLED"", ""feeAmount"": 0, ""timestamp"": 1787827385397, ""feeCurrency"": ""INR"", ""paymentMode"": ""UPI_QR"", ""payableAmount"": 6042839, ""transactionId"": ""OM2608271613053583316555W"", ""payableCurrency"": ""INR"", ""detailedErrorCode"": ""REQUEST_CANCEL_BY_REQUESTEE""}], ""merchantOrderId"": ""MT78273821786IVB2"", ""detailedErrorCode"": ""REQUEST_CANCEL_BY_REQUESTEE""}}",2026-08-27 10:46:57,2026-08-27 10:43:02.369000,2026-08-27 10:46:57
145,175,PHONEPE,MT790672521343AU9,OMO2608281415253175097303W,OM2608281415408005097021W,259533,INR,FAILED,1,TXN_CANCELLED,56b50b5df4f59f179af691fd0de14c3d856d69b70a1a9fa3e6230702db0e9c48,"{""amount"": 2595.33, ""userId"": 4, ""gateway"": ""PHONEPE"", ""orderId"": 200}","{""type"": ""CHECKOUT_ORDER_FAILED"", ""event"": ""checkout.order.failed"", ""payload"": {""state"": ""FAILED"", ""amount"": 259533, ""orderId"": ""OMO2608281415253175097303W"", ""currency"": ""INR"", ""expireAt"": 1787907925305, ""metaInfo"": {""udf1"": ""orderId:200"", ""udf2"": ""userId:4"", ""udf3"": ""idempotencyKey:56b50b5df4f59f179af691fd0de14c3d856d69b70a1a9fa3e6230702db0e9c48""}, ""errorCode"": ""TXN_CANCELLED"", ""merchantId"": ""M22DPMWORB0GT"", ""paymentDetails"": [{""state"": ""FAILED"", ""amount"": 259533, ""currency"": ""INR"", ""errorCode"": ""TXN_CANCELLED"", ""feeAmount"": 0, ""timestamp"": 1787906740831, ""feeCurrency"": ""INR"", ""paymentMode"": ""UPI_QR"", ""payableAmount"": 259533, ""transactionId"": ""OM2608281415408005097021W"", ""payableCurrency"": ""INR"", ""detailedErrorCode"": ""REQUEST_CANCEL_BY_REQUESTEE""}], ""merchantOrderId"": ""MT790672521343AU9"", ""detailedErrorCode"": ""REQUEST_CANCEL_BY_REQUESTEE""}}",2026-08-28 08:45:58,2026-08-28 08:45:25.418000,2026-08-28 08:45:58
146,177,PHONEPE,MT79874015006G8Q1,OMO2608291240015417033278W,OM2608291240055573743916W,333209,INR,FAILED,1,TXN_NOT_COMPLETED,d8c2aec29886ed30eb0aeef4f7021ebf39145ea58bbd2715478427d72ddc4720,"{""amount"": 3332.0899999999997, ""userId"": 6, ""gateway"": ""PHONEPE"", ""orderId"": 202}","{""type"": ""CHECKOUT_ORDER_FAILED"", ""event"": ""checkout.order.failed"", ""payload"": {""state"": ""FAILED"", ""amount"": 333209, ""orderId"": ""OMO2608291240015417033278W"", ""currency"": ""INR"", ""expireAt"": 1787988601529, ""metaInfo"": {""udf1"": ""orderId:202"", ""udf2"": ""userId:6"", ""udf3"": ""idempotencyKey:d8c2aec29886ed30eb0aeef4f7021ebf39145ea58bbd2715478427d72ddc4720""}, ""errorCode"": ""TXN_NOT_COMPLETED"", ""merchantId"": ""M22DPMWORB0GT"", ""paymentDetails"": [{""state"": ""FAILED"", ""amount"": 333209, ""currency"": ""INR"", ""errorCode"": ""TXN_NOT_COMPLETED"", ""feeAmount"": 0, ""timestamp"": 1787987405594, ""feeCurrency"": ""INR"", ""paymentMode"": ""UPI_QR"", ""payableAmount"": 333209, ""transactionId"": ""OM2608291240055573743916W"", ""payableCurrency"": ""INR"", ""detailedErrorCode"": ""TXN_AUTO_FAILED""}], ""merchantOrderId"": ""MT79874015006G8Q1"", ""detailedErrorCode"": ""TXN_AUTO_FAILED""}}",2026-08-29 07:30:04,2026-08-29 07:10:01.627000,2026-08-29 07:30:04
147,178,PHONEPE,MT79874646336G8U5,OMO2608291241047113316580W,OM2608291241070106576602W,10223,INR,FAILED,1,TXN_NOT_COMPLETED,dd4cf62828b28f12496e0e243e0c907d81e0c655a21fa7e3a86156474ca86860,"{""amount"": 102.234, ""userId"": 6, ""gateway"": ""PHONEPE"", ""orderId"": 203}","{""type"": ""CHECKOUT_ORDER_FAILED"", ""event"": ""checkout.order.failed"", ""payload"": {""state"": ""FAILED"", ""amount"": 10223, ""orderId"": ""OMO2608291241047113316580W"", ""currency"": ""INR"", ""expireAt"": 1787988664700, ""metaInfo"": {""udf1"": ""orderId:203"", ""udf2"": ""userId:6"", ""udf3"": ""idempotencyKey:dd4cf62828b28f12496e0e243e0c907d81e0c655a21fa7e3a86156474ca86860""}, ""errorCode"": ""TXN_NOT_COMPLETED"", ""merchantId"": ""M22DPMWORB0GT"", ""paymentDetails"": [{""state"": ""FAILED"", ""amount"": 10223, ""currency"": ""INR"", ""errorCode"": ""TXN_NOT_COMPLETED"", ""feeAmount"": 0, ""timestamp"": 1787987467050, ""feeCurrency"": ""INR"", ""paymentMode"": ""UPI_QR"", ""payableAmount"": 10223, ""transactionId"": ""OM2608291241070106576602W"", ""payableCurrency"": ""INR"", ""detailedErrorCode"": ""TXN_AUTO_FAILED""}], ""merchantOrderId"": ""MT79874646336G8U5"", ""detailedErrorCode"": ""TXN_AUTO_FAILED""}}",2026-08-29 07:31:08,2026-08-29 07:11:04.773000,2026-08-29 07:31:07
148,179,PHONEPE,MT79876138616C586,OMO2608291243339437033625W,OM2608291243362357033173W,10223,INR,SUCCESS,1,,6e28bcd5f8cd82b52122b28dff1da1c560283ec103740bcc40bd75f10146a058,"{""amount"": 102.234, ""userId"": 6, ""gateway"": ""PHONEPE"", ""orderId"": 204}","{""type"": ""CHECKOUT_ORDER_COMPLETED"", ""event"": ""checkout.order.completed"", ""payload"": {""state"": ""COMPLETED"", ""amount"": 10223, ""orderId"": ""OMO2608291243339437033625W"", ""currency"": ""INR"", ""expireAt"": 1787988813934, ""metaInfo"": {""udf1"": ""orderId:204"", ""udf2"": ""userId:6"", ""udf3"": ""idempotencyKey:6e28bcd5f8cd82b52122b28dff1da1c560283ec103740bcc40bd75f10146a058""}, ""feeAmount"": 0, ""merchantId"": ""M22DPMWORB0GT"", ""feeCurrency"": ""INR"", ""payableAmount"": 10223, ""paymentDetails"": [{""rail"": {""utr"": ""248942592661"", ""vpa"": ""98XXXXXX45@ybl"", ""type"": ""UPI"", ""upiTransactionId"": ""YBLed8d11fce18e411299734349557fadd3""}, ""state"": ""COMPLETED"", ""amount"": 10223, ""currency"": ""INR"", ""feeAmount"": 0, ""timestamp"": 1787987616270, ""instrument"": {""ifsc"": ""MAHB0000080"", ""type"": ""ACCOUNT"", ""bankId"": ""MAHB"", ""accountType"": ""SAVINGS"", ""maskedAccountNumber"": ""XXXXXXX3847""}, ""feeCurrency"": ""INR"", ""paymentMode"": ""UPI_QR"", ""payableAmount"": 10223, ""transactionId"": ""OM2608291243362357033173W"", ""payableCurrency"": ""INR"", ""splitInstruments"": [{""rail"": {""utr"": ""248942592661"", ""vpa"": ""98XXXXXX45@ybl"", ""type"": ""UPI"", ""upiTransactionId"": ""YBLed8d11fce18e411299734349557fadd3""}, ""amount"": 10223, ""currency"": ""INR"", ""instrument"": {""ifsc"": ""MAHB0000080"", ""type"": ""ACCOUNT"", ""bankId"": ""MAHB"", ""accountType"": ""SAVINGS"", ""maskedAccountNumber"": ""XXXXXXX3847""}}]}], ""merchantOrderId"": ""MT79876138616C586"", ""payableCurrency"": ""INR""}}",2026-08-29 07:13:57,2026-08-29 07:13:34.039000,2026-08-29 07:13:57
149,181,PHONEPE,MT81872689228W7DA,OMO2608312011090267033545W,OM2608312011126103720729W,254939,INR,FAILED,1,TXN_NOT_COMPLETED,04d24521c008398462bb057953fe01c6192155261e1cc8ff6538f11310b9422a,"{""amount"": 2549.39, ""userId"": 8, ""gateway"": ""PHONEPE"", ""orderId"": 206}","{""type"": ""CHECKOUT_ORDER_FAILED"", ""event"": ""checkout.order.failed"", ""payload"": {""state"": ""FAILED"", ""amount"": 254939, ""orderId"": ""OMO2608312011090267033545W"", ""currency"": ""INR"", ""expireAt"": 1788188469015, ""metaInfo"": {""udf1"": ""orderId:206"", ""udf2"": ""userId:8"", ""udf3"": ""idempotencyKey:04d24521c008398462bb057953fe01c6192155261e1cc8ff6538f11310b9422a""}, ""errorCode"": ""TXN_NOT_COMPLETED"", ""merchantId"": ""M22DPMWORB0GT"", ""paymentDetails"": [{""state"": ""FAILED"", ""amount"": 254939, ""currency"": ""INR"", ""errorCode"": ""TXN_NOT_COMPLETED"", ""feeAmount"": 0, ""timestamp"": 1788187272645, ""feeCurrency"": ""INR"", ""paymentMode"": ""UPI_QR"", ""payableAmount"": 254939, ""transactionId"": ""OM2608312011126103720729W"", ""payableCurrency"": ""INR"", ""detailedErrorCode"": ""TXN_AUTO_FAILED""}], ""merchantOrderId"": ""MT81872689228W7DA"", ""detailedErrorCode"": ""TXN_AUTO_FAILED""}}",2026-08-31 15:01:12,2026-08-31 14:41:09.118000,2026-08-31 15:01:11
150,182,PHONEPE,MT82370395604D764,OMO2609011000396534677884W,OM2609011000410922617109W,10223,INR,FAILED,1,TXN_NOT_COMPLETED,86895cc422b14f99b2973fa06604b30fdf2883899814003e08e49dae01a221da,"{""amount"": 102.234, ""userId"": 4, ""gateway"": ""PHONEPE"", ""orderId"": 207}","{""type"": ""CHECKOUT_ORDER_FAILED"", ""event"": ""checkout.order.failed"", ""payload"": {""state"": ""FAILED"", ""amount"": 10223, ""orderId"": ""OMO2609011000396534677884W"", ""currency"": ""INR"", ""expireAt"": 1788238239642, ""metaInfo"": {""udf1"": ""orderId:207"", ""udf2"": ""userId:4"", ""udf3"": ""idempotencyKey:86895cc422b14f99b2973fa06604b30fdf2883899814003e08e49dae01a221da""}, ""errorCode"": ""TXN_NOT_COMPLETED"", ""merchantId"": ""M22DPMWORB0GT"", ""paymentDetails"": [{""state"": ""FAILED"", ""amount"": 10223, ""currency"": ""INR"", ""errorCode"": ""TXN_NOT_COMPLETED"", ""feeAmount"": 0, ""timestamp"": 1788237041128, ""feeCurrency"": ""INR"", ""paymentMode"": ""UPI_QR"", ""payableAmount"": 10223, ""transactionId"": ""OM2609011000410922617109W"", ""payableCurrency"": ""INR"", ""detailedErrorCode"": ""TXN_AUTO_FAILED""}], ""merchantOrderId"": ""MT82370395604D764"", ""detailedErrorCode"": ""TXN_AUTO_FAILED""}}",2026-09-01 04:50:42,2026-09-01 04:30:39.745000,2026-09-01 04:50:42
151,183,PHONEPE,MT82404374424J5R3,OMO2609011057176305240992W,,265164,INR,CANCELLED,1,Payment abandoned by customer,1efef79b77b27e8a7189c56898da6565fc6387c7af1be90e70244adec31ed14c,"{""amount"": 2651.64, ""userId"": 4, ""gateway"": ""PHONEPE"", ""orderId"": 208}","{""state"": ""PENDING"", ""orderId"": ""OMO2609011057176305240992W"", ""expireAt"": 1788241637622, ""paymentUrl"": ""https://mercury-t2.phonepe.com/transact/pgv3?token=hq4wOGdzX31IuPyyh7/7AYOLiipO42P8QtgmusudZHta7zUAMbV5uMV5f6kF1hmvheryrLtNiVJFSUI5SOGeVRddzivwAOSX4TYdlBgjtzldD4asL6VwcQF02cgAhYYEJ9xiveZvqZLm32l9UU6MnAAAkabBPLAlvTlenNKL7k0FJpI6sXEVfO+J7vZDPQBPq379BjXQItQaghUsLGGOaGdB+AVa2nRKuOCMRYaKxOzbZFWeiuVz3WM/VkfILPXPOlhETsQsyT0JtrvK/Be3P0XON2Qt14+uxuZYExSDCDJaePbrLZsKYbePo/BgfUuZ/1uyYCaZTeWmrEjY5GBvGQyTXWlLo6cjb6Sc2dFHsBnRAIV+gJsZsyzDtXWObNODTaAfWaiIK5F9dINiv7GaF0V8QqM77DV7nrlTzx7gI8G0cuD33DZd8wr3zuTLlsM8HHkGNOvvksf5QfuF09KcwsI+Ro/ufLjUmZfcqMNp6aCT+c5/KWQZsFQNHKY1ZUaRjQajif0jT3smzlWw4bo=&routingKey=W"", ""redirectUrl"": ""https://mercury-t2.phonepe.com/transact/pgv3?token=hq4wOGdzX31IuPyyh7/7AYOLiipO42P8QtgmusudZHta7zUAMbV5uMV5f6kF1hmvheryrLtNiVJFSUI5SOGeVRddzivwAOSX4TYdlBgjtzldD4asL6VwcQF02cgAhYYEJ9xiveZvqZLm32l9UU6MnAAAkabBPLAlvTlenNKL7k0FJpI6sXEVfO+J7vZDPQBPq379BjXQItQaghUsLGGOaGdB+AVa2nRKuOCMRYaKxOzbZFWeiuVz3WM/VkfILPXPOlhETsQsyT0JtrvK/Be3P0XON2Qt14+uxuZYExSDCDJaePbrLZsKYbePo/BgfUuZ/1uyYCaZTeWmrEjY5GBvGQyTXWlLo6cjb6Sc2dFHsBnRAIV+gJsZsyzDtXWObNODTaAfWaiIK5F9dINiv7GaF0V8QqM77DV7nrlTzx7gI8G0cuD33DZd8wr3zuTLlsM8HHkGNOvvksf5QfuF09KcwsI+Ro/ufLjUmZfcqMNp6aCT+c5/KWQZsFQNHKY1ZUaRjQajif0jT3smzlWw4bo=&routingKey=W""}",2026-09-01 05:27:47,2026-09-01 05:27:17.723000,2026-09-01 05:27:46
152,183,PHONEPE,MT824047264747KGF,OMO2609011057527445255461W,OM2609011057537455097292W,265164,INR,FAILED,1,TXN_CANCELLED,06966a6db060ff513ee453e2b6fe32718d860d10837e015844e2bc4fb06c68b3,"{""amount"": 2651.64, ""userId"": 4, ""gateway"": ""PHONEPE"", ""orderId"": 208}","{""type"": ""CHECKOUT_ORDER_FAILED"", ""event"": ""checkout.order.failed"", ""payload"": {""state"": ""FAILED"", ""amount"": 265164, ""orderId"": ""OMO2609011057527445255461W"", ""currency"": ""INR"", ""expireAt"": 1788241672733, ""metaInfo"": {""udf1"": ""orderId:208"", ""udf2"": ""userId:4"", ""udf3"": ""idempotencyKey:06966a6db060ff513ee453e2b6fe32718d860d10837e015844e2bc4fb06c68b3""}, ""errorCode"": ""TXN_CANCELLED"", ""merchantId"": ""M22DPMWORB0GT"", ""paymentDetails"": [{""state"": ""FAILED"", ""amount"": 265164, ""currency"": ""INR"", ""errorCode"": ""TXN_CANCELLED"", ""feeAmount"": 0, ""timestamp"": 1788240473781, ""feeCurrency"": ""INR"", ""paymentMode"": ""UPI_QR"", ""payableAmount"": 265164, ""transactionId"": ""OM2609011057537455097292W"", ""payableCurrency"": ""INR"", ""detailedErrorCode"": ""REQUEST_CANCEL_BY_REQUESTEE""}], ""merchantOrderId"": ""MT824047264747KGF"", ""detailedErrorCode"": ""REQUEST_CANCEL_BY_REQUESTEE""}}",2026-09-01 05:28:00,2026-09-01 05:27:52.818000,2026-09-01 05:27:59
153,183,PHONEPE,MT82405360734VAFG,OMO2609011058561613316172W,,265164,INR,CANCELLED,1,Payment abandoned by customer,98f7db33925fb5803b760af5b9561cd73dae4d74bc7f2d4f49e21ea8521c0106,"{""amount"": 2651.64, ""userId"": 4, ""gateway"": ""PHONEPE"", ""orderId"": 208}","{""state"": ""PENDING"", ""orderId"": ""OMO2609011058561613316172W"", ""expireAt"": 1788241736153, ""paymentUrl"": ""https://mercury-t2.phonepe.com/transact/pgv3?token=hq4wOGdzX31IuPyyh7/7AYOLiipO42P8QtgmusudZHta7zUAMbV5uMV5f6kF1hmvheryrLtNiVJFSUI5SOGeVRddzivwAOSX4TYdlBgjtz1dD5a8LKVgcR1r2tsyhYYEJ9xiveZvqZLm32l9UU6MnAAAkabBPLAhvTlOnNKL7k0FJpI6sXEVfO+J7vZDPQBPq379BjXQItQaghUsLGGOaGdB+AVa2nRKuOCMRYaKxOzbZFWeiuVz3WM/VkfILPXPOlhETsQsyT0JtrvK/Be3P0XON2Qt14+uxuZYExSDCDJaePbrLZsKYbePo/BgfUuZ/1uyYCaZTeWmrEjY5GBvGQyTXWlLo6cjb6Sc2dFHsBnRAIV+gJsZsyzDtXWObNODTaAhWauIK5F4Cqhfkd6ZFRh6JLUFogRR3ZR6l3fQQ9GhDJPh2wBS5GCo/eTxm4xBXHonC+Xyj9O7MvOG89SXm5Z/bIv+eP7Zuqv2gukqyo7Kj91lNhkoznwBPol5QyMia+gSGXyvOvdBtjtN9dE=&routingKey=W"", ""redirectUrl"": ""https://mercury-t2.phonepe.com/transact/pgv3?token=hq4wOGdzX31IuPyyh7/7AYOLiipO42P8QtgmusudZHta7zUAMbV5uMV5f6kF1hmvheryrLtNiVJFSUI5SOGeVRddzivwAOSX4TYdlBgjtz1dD5a8LKVgcR1r2tsyhYYEJ9xiveZvqZLm32l9UU6MnAAAkabBPLAhvTlOnNKL7k0FJpI6sXEVfO+J7vZDPQBPq379BjXQItQaghUsLGGOaGdB+AVa2nRKuOCMRYaKxOzbZFWeiuVz3WM/VkfILPXPOlhETsQsyT0JtrvK/Be3P0XON2Qt14+uxuZYExSDCDJaePbrLZsKYbePo/BgfUuZ/1uyYCaZTeWmrEjY5GBvGQyTXWlLo6cjb6Sc2dFHsBnRAIV+gJsZsyzDtXWObNODTaAhWauIK5F4Cqhfkd6ZFRh6JLUFogRR3ZR6l3fQQ9GhDJPh2wBS5GCo/eTxm4xBXHonC+Xyj9O7MvOG89SXm5Z/bIv+eP7Zuqv2gukqyo7Kj91lNhkoznwBPol5QyMia+gSGXyvOvdBtjtN9dE=&routingKey=W""}",2026-09-01 05:29:36,2026-09-01 05:28:56.238000,2026-09-01 05:29:36
154,183,PHONEPE,MT82405888854JAGD,OMO2609011059489744677066W,OM2609011059500355471318W,265164,INR,FAILED,1,TXN_CANCELLED,490007a637a0803b5b9e1ae109d214e490644c276e8c67f35a002c37fd1d1b1f,"{""amount"": 2651.64, ""userId"": 4, ""gateway"": ""PHONEPE"", ""orderId"": 208}","{""type"": ""CHECKOUT_ORDER_FAILED"", ""event"": ""checkout.order.failed"", ""payload"": {""state"": ""FAILED"", ""amount"": 265164, ""orderId"": ""OMO2609011059489744677066W"", ""currency"": ""INR"", ""expireAt"": 1788241788964, ""metaInfo"": {""udf1"": ""orderId:208"", ""udf2"": ""userId:4"", ""udf3"": ""idempotencyKey:490007a637a0803b5b9e1ae109d214e490644c276e8c67f35a002c37fd1d1b1f""}, ""errorCode"": ""TXN_CANCELLED"", ""merchantId"": ""M22DPMWORB0GT"", ""paymentDetails"": [{""state"": ""FAILED"", ""amount"": 265164, ""currency"": ""INR"", ""errorCode"": ""TXN_CANCELLED"", ""feeAmount"": 0, ""timestamp"": 1788240590070, ""feeCurrency"": ""INR"", ""paymentMode"": ""UPI_QR"", ""payableAmount"": 265164, ""transactionId"": ""OM2609011059500355471318W"", ""payableCurrency"": ""INR"", ""detailedErrorCode"": ""REQUEST_CANCEL_BY_REQUESTEE""}], ""merchantOrderId"": ""MT82405888854JAGD"", ""detailedErrorCode"": ""REQUEST_CANCEL_BY_REQUESTEE""}}",2026-09-01 05:29:54,2026-09-01 05:29:49.060000,2026-09-01 05:29:54
155,184,PHONEPE,MT82420719334YKJQ,OMO2609011124320333316273W,OM2609011124331773316405W,254940,INR,FAILED,1,TXN_CANCELLED,85bb8bb93bd5eafcb63e5ade44b6dc12eb33836f1db81b12742be2726e625289,"{""amount"": 2549.4, ""userId"": 4, ""gateway"": ""PHONEPE"", ""orderId"": 210}","{""type"": ""CHECKOUT_ORDER_FAILED"", ""event"": ""checkout.order.failed"", ""payload"": {""state"": ""FAILED"", ""amount"": 254940, ""orderId"": ""OMO2609011124320333316273W"", ""currency"": ""INR"", ""expireAt"": 1788243272025, ""metaInfo"": {""udf1"": ""orderId:210"", ""udf2"": ""userId:4"", ""udf3"": ""idempotencyKey:85bb8bb93bd5eafcb63e5ade44b6dc12eb33836f1db81b12742be2726e625289""}, ""errorCode"": ""TXN_CANCELLED"", ""merchantId"": ""M22DPMWORB0GT"", ""paymentDetails"": [{""state"": ""FAILED"", ""amount"": 254940, ""currency"": ""INR"", ""errorCode"": ""TXN_CANCELLED"", ""feeAmount"": 0, ""timestamp"": 1788242073218, ""feeCurrency"": ""INR"", ""paymentMode"": ""UPI_QR"", ""payableAmount"": 254940, ""transactionId"": ""OM2609011124331773316405W"", ""payableCurrency"": ""INR"", ""detailedErrorCode"": ""REQUEST_CANCEL_BY_REQUESTEE""}], ""merchantOrderId"": ""MT82420719334YKJQ"", ""detailedErrorCode"": ""REQUEST_CANCEL_BY_REQUESTEE""}}",2026-09-01 05:54:38,2026-09-01 05:54:32.110000,2026-09-01 05:54:38
156,184,PHONEPE,MT824219525845UGU,OMO2609011126353551556433W,,254940,INR,CANCELLED,1,Payment abandoned by customer,e592ce011ed62422c531367baf62a6e37215273c2bac4b94fc47fb5f5b79b894,"{""amount"": 2549.4, ""userId"": 4, ""gateway"": ""PHONEPE"", ""orderId"": 210}","{""state"": ""PENDING"", ""orderId"": ""OMO2609011126353551556433W"", ""expireAt"": 1788243395344, ""paymentUrl"": ""https://mercury-t2.phonepe.com/transact/pgv3?token=hq4wOGdzX31IuPyyh7/7AYOLiipO42P8QtgmusudZHta7zUAMbV5uMV5f6kF1hmvheryrLtNiVJFSUI5SOGeVRddzivwAOSX4TYdlBgjmS0SD6i0Lqdecnts2uUshYYEJ9xiveZvqZLm32l9UU6MnAAAkabBPJ4x8jl0nNKL7k0FJpI6sXEVfO+J7vZDPQBPq379BjXQItQaghUsLGGOaGdB+AVa2nRKuOCMRYaKxOzbZFWeiuVz3WM/VkfILPXPOlhETsQsyT0JtrvK/Be3P0XON2Qt14+uxuZYExSDCDJaePbrLZsKYbePo/BgfUuZ/1uyYCaZTeWmrEjY5GBvGQyTXWlLo6cjb6Sc2dFHsBnRAIV+gJsZsyzDtXWObNODT6Mxd6qIK5E/bLV+gMvhF1wJXYMrrAIJ5LVhkF/NJ9y4E7XUtSt8wwTm7qTVjdQaXX82E9/Om+L9Msi28O/r4r0zfqLwV8HchavDm5VR66Dhs/h2AQM+6XY+B4UdZQ0/I2cLskwjM83WppCVE/s=&routingKey=W"", ""redirectUrl"": ""https://mercury-t2.phonepe.com/transact/pgv3?token=hq4wOGdzX31IuPyyh7/7AYOLiipO42P8QtgmusudZHta7zUAMbV5uMV5f6kF1hmvheryrLtNiVJFSUI5SOGeVRddzivwAOSX4TYdlBgjmS0SD6i0Lqdecnts2uUshYYEJ9xiveZvqZLm32l9UU6MnAAAkabBPJ4x8jl0nNKL7k0FJpI6sXEVfO+J7vZDPQBPq379BjXQItQaghUsLGGOaGdB+AVa2nRKuOCMRYaKxOzbZFWeiuVz3WM/VkfILPXPOlhETsQsyT0JtrvK/Be3P0XON2Qt14+uxuZYExSDCDJaePbrLZsKYbePo/BgfUuZ/1uyYCaZTeWmrEjY5GBvGQyTXWlLo6cjb6Sc2dFHsBnRAIV+gJsZsyzDtXWObNODT6Mxd6qIK5E/bLV+gMvhF1wJXYMrrAIJ5LVhkF/NJ9y4E7XUtSt8wwTm7qTVjdQaXX82E9/Om+L9Msi28O/r4r0zfqLwV8HchavDm5VR66Dhs/h2AQM+6XY+B4UdZQ0/I2cLskwjM83WppCVE/s=&routingKey=W""}",2026-09-01 05:56:54,2026-09-01 05:56:35.456000,2026-09-01 05:56:54
157,184,PHONEPE,MT82422506444DPLZ,OMO2609011127307544799808W,OM2609011127317739766587W,254940,INR,FAILED,1,TXN_NOT_COMPLETED,6f256edb402bd6d750a6fe59b9a0a4475535612d92440d2622a8139bdc0a0c0a,"{""amount"": 2549.4, ""userId"": 4, ""gateway"": ""PHONEPE"", ""orderId"": 210}","{""type"": ""CHECKOUT_ORDER_FAILED"", ""event"": ""checkout.order.failed"", ""payload"": {""state"": ""FAILED"", ""amount"": 254940, ""orderId"": ""OMO2609011127307544799808W"", ""currency"": ""INR"", ""expireAt"": 1788243450745, ""metaInfo"": {""udf1"": ""orderId:210"", ""udf2"": ""userId:4"", ""udf3"": ""idempotencyKey:6f256edb402bd6d750a6fe59b9a0a4475535612d92440d2622a8139bdc0a0c0a""}, ""errorCode"": ""TXN_NOT_COMPLETED"", ""merchantId"": ""M22DPMWORB0GT"", ""paymentDetails"": [{""state"": ""FAILED"", ""amount"": 254940, ""currency"": ""INR"", ""errorCode"": ""TXN_NOT_COMPLETED"", ""feeAmount"": 0, ""timestamp"": 1788242251808, ""feeCurrency"": ""INR"", ""paymentMode"": ""UPI_QR"", ""payableAmount"": 254940, ""transactionId"": ""OM2609011127317739766587W"", ""payableCurrency"": ""INR"", ""detailedErrorCode"": ""TXN_AUTO_FAILED""}], ""merchantOrderId"": ""MT82422506444DPLZ"", ""detailedErrorCode"": ""TXN_AUTO_FAILED""}}",2026-09-01 06:17:34,2026-09-01 05:57:30.837000,2026-09-01 06:17:33
158,184,PHONEPE,MT82422924344KVRX,OMO2609011128125423720878W,,254940,INR,CANCELLED,1,Payment abandoned by customer,2008efb9577e92d418db184838de120bf06525cc5fac9d741fcb2fa14efa411b,"{""amount"": 2549.4, ""userId"": 4, ""gateway"": ""PHONEPE"", ""orderId"": 210}","{""state"": ""PENDING"", ""orderId"": ""OMO2609011128125423720878W"", ""expireAt"": 1788243492533, ""paymentUrl"": ""https://mercury-t2.phonepe.com/transact/pgv3?token=hq4wOGdzX31IuPyyh7/7AYOLiipO42P8QtgmusudZHta7zUAMbV5uMV5f6kF1hmvheryrLtNiVJFSUI5SOGeVRddzivwAOSX4TYdlBgjmSESDJasZaZecQZs48sjhYYEJ9xiveZvqZLm32l9UU6MnAAAkabBPJ498jpOnNKL7k0FJpI6sXEVfO+J7vZDPQBPq379BjXQItQaghUsLGGOaGdB+AVa2nRKuOCMRYaKxOzbZFWeiuVz3WM/VkfILPXPOlhETsQsyT0JtrvK/Be3P0XON2Qt14+uxuZYExSDCDJaePbrLZsKYbePo/BgfUuZ/1uyYCaZTeWmrEjY5GBvGQyTXWlLo6cjb6Sc2dFHsBnRAIV+gJsZsyzDtXWObNODT6APd+KIK5FDc7Jtk+T9fRwuV5Im/St+z44zslf6MfaKDJn3/SxJ9GfBo8v5toIbCC0Jf72kyemQGuic1Mqg57dFQrbmQfnkspvxuZAsuIPfnP9ncwF7x1gGNpskZVzbLBPD8nhuZnnkgrwuV64=&routingKey=W"", ""redirectUrl"": ""https://mercury-t2.phonepe.com/transact/pgv3?token=hq4wOGdzX31IuPyyh7/7AYOLiipO42P8QtgmusudZHta7zUAMbV5uMV5f6kF1hmvheryrLtNiVJFSUI5SOGeVRddzivwAOSX4TYdlBgjmSESDJasZaZecQZs48sjhYYEJ9xiveZvqZLm32l9UU6MnAAAkabBPJ498jpOnNKL7k0FJpI6sXEVfO+J7vZDPQBPq379BjXQItQaghUsLGGOaGdB+AVa2nRKuOCMRYaKxOzbZFWeiuVz3WM/VkfILPXPOlhETsQsyT0JtrvK/Be3P0XON2Qt14+uxuZYExSDCDJaePbrLZsKYbePo/BgfUuZ/1uyYCaZTeWmrEjY5GBvGQyTXWlLo6cjb6Sc2dFHsBnRAIV+gJsZsyzDtXWObNODT6APd+KIK5FDc7Jtk+T9fRwuV5Im/St+z44zslf6MfaKDJn3/SxJ9GfBo8v5toIbCC0Jf72kyemQGuic1Mqg57dFQrbmQfnkspvxuZAsuIPfnP9ncwF7x1gGNpskZVzbLBPD8nhuZnnkgrwuV64=&routingKey=W""}",2026-09-01 05:58:21,2026-09-01 05:58:12.617000,2026-09-01 05:58:20
159,184,PHONEPE,MT82423176644CRWX,OMO2609011128377650085962W,OM2609011128387590085116W,254940,INR,FAILED,1,TXN_CANCELLED,9d7dad1aeb6ed794ab4a0f22d0940c959cd846bad24f929fb252b3502de852e9,"{""amount"": 2549.4, ""userId"": 4, ""gateway"": ""PHONEPE"", ""orderId"": 210}","{""type"": ""CHECKOUT_ORDER_FAILED"", ""event"": ""checkout.order.failed"", ""payload"": {""state"": ""FAILED"", ""amount"": 254940, ""orderId"": ""OMO2609011128377650085962W"", ""currency"": ""INR"", ""expireAt"": 1788243517755, ""metaInfo"": {""udf1"": ""orderId:210"", ""udf2"": ""userId:4"", ""udf3"": ""idempotencyKey:9d7dad1aeb6ed794ab4a0f22d0940c959cd846bad24f929fb252b3502de852e9""}, ""errorCode"": ""TXN_CANCELLED"", ""merchantId"": ""M22DPMWORB0GT"", ""paymentDetails"": [{""state"": ""FAILED"", ""amount"": 254940, ""currency"": ""INR"", ""errorCode"": ""TXN_CANCELLED"", ""feeAmount"": 0, ""timestamp"": 1788242318856, ""feeCurrency"": ""INR"", ""paymentMode"": ""UPI_QR"", ""payableAmount"": 254940, ""transactionId"": ""OM2609011128387590085116W"", ""payableCurrency"": ""INR"", ""detailedErrorCode"": ""REQUEST_CANCEL_BY_REQUESTEE""}], ""merchantOrderId"": ""MT82423176644CRWX"", ""detailedErrorCode"": ""REQUEST_CANCEL_BY_REQUESTEE""}}",2026-09-01 05:58:51,2026-09-01 05:58:37.849000,2026-09-01 05:58:51
160,184,PHONEPE,MT82449536334RYR5,OMO2609011212338314359718W,OM2609011212351274468511W,254940,INR,FAILED,1,TXN_CANCELLED,e29b018c188b9688c338c94eaae1f3fa3a9fb4459af5f11cf30d070af17785ff,"{""amount"": 2549.4, ""userId"": 4, ""gateway"": ""PHONEPE"", ""orderId"": 210}","{""type"": ""CHECKOUT_ORDER_FAILED"", ""event"": ""checkout.order.failed"", ""payload"": {""state"": ""FAILED"", ""amount"": 254940, ""orderId"": ""OMO2609011212338314359718W"", ""currency"": ""INR"", ""expireAt"": 1788246153820, ""metaInfo"": {""udf1"": ""orderId:210"", ""udf2"": ""userId:4"", ""udf3"": ""idempotencyKey:e29b018c188b9688c338c94eaae1f3fa3a9fb4459af5f11cf30d070af17785ff""}, ""errorCode"": ""TXN_CANCELLED"", ""merchantId"": ""M22DPMWORB0GT"", ""paymentDetails"": [{""state"": ""FAILED"", ""amount"": 254940, ""currency"": ""INR"", ""errorCode"": ""TXN_CANCELLED"", ""feeAmount"": 0, ""timestamp"": 1788244955171, ""feeCurrency"": ""INR"", ""paymentMode"": ""UPI_QR"", ""payableAmount"": 254940, ""transactionId"": ""OM2609011212351274468511W"", ""payableCurrency"": ""INR"", ""detailedErrorCode"": ""REQUEST_CANCEL_BY_REQUESTEE""}], ""merchantOrderId"": ""MT82449536334RYR5"", ""detailedErrorCode"": ""REQUEST_CANCEL_BY_REQUESTEE""}}",2026-09-01 06:42:42,2026-09-01 06:42:33.904000,2026-09-01 06:42:41
161,184,PHONEPE,MT82450001034L56H,OMO2609011213202095140317W,OM2609011213212293743577W,254940,INR,FAILED,1,TXN_NOT_COMPLETED,041f1121e35e000bf5d4480bb4bf16fb6ffa84edc6e1ce28f5463288eb6b4f26,"{""amount"": 2549.4, ""userId"": 4, ""gateway"": ""PHONEPE"", ""orderId"": 210}","{""type"": ""CHECKOUT_ORDER_FAILED"", ""event"": ""checkout.order.failed"", ""payload"": {""state"": ""FAILED"", ""amount"": 254940, ""orderId"": ""OMO2609011213202095140317W"", ""currency"": ""INR"", ""expireAt"": 1788246200200, ""metaInfo"": {""udf1"": ""orderId:210"", ""udf2"": ""userId:4"", ""udf3"": ""idempotencyKey:041f1121e35e000bf5d4480bb4bf16fb6ffa84edc6e1ce28f5463288eb6b4f26""}, ""errorCode"": ""TXN_NOT_COMPLETED"", ""merchantId"": ""M22DPMWORB0GT"", ""paymentDetails"": [{""state"": ""FAILED"", ""amount"": 254940, ""currency"": ""INR"", ""errorCode"": ""TXN_NOT_COMPLETED"", ""feeAmount"": 0, ""timestamp"": 1788245001256, ""feeCurrency"": ""INR"", ""paymentMode"": ""UPI_QR"", ""payableAmount"": 254940, ""transactionId"": ""OM2609011213212293743577W"", ""payableCurrency"": ""INR"", ""detailedErrorCode"": ""TXN_AUTO_FAILED""}], ""merchantOrderId"": ""MT82450001034L56H"", ""detailedErrorCode"": ""TXN_AUTO_FAILED""}}",2026-09-01 07:03:21,2026-09-01 06:43:20.295000,2026-09-01 07:03:21
162,184,PHONEPE,MT82450137294VCUM,OMO2609011213338449766852W,,254940,INR,CANCELLED,1,Payment abandoned by customer,fc923fc5543a81dc80a302407f661809abc9d358cd957f863a53e8ab1ac755e9,"{""amount"": 2549.4, ""userId"": 4, ""gateway"": ""PHONEPE"", ""orderId"": 210}","{""state"": ""PENDING"", ""orderId"": ""OMO2609011213338449766852W"", ""expireAt"": 1788246213836, ""paymentUrl"": ""https://mercury-t2.phonepe.com/transact/pgv3?token=hq4wOGdzX31IuPyyh7/7AYOLiipO42P8QtgmusudZHta7zUAMbV5uMV5f6kF1hmvheryrLtNiVJFSUI5SOGeVRddzivwAOSX4TYdlBggpylfDIaeZqdOcR1rvtc0hYYEJ9xiveZvqZLm32l9UU6MnAAAkabBP6A1vzpenNKL7k0FJpI6sXEVfO+J7vZDPQBPq379BjXQItQaghUsLGGOaGdB+AVa2nRKuOCMRYaKxOzbZFWeiuVz3WM/VkfILPXPOlhETsQsyT0JtrvK/Be3P0XON2Qt14+uxuZYExSDCDJaePbrLZsKYbePo/BgfUuZ/1uyYCaZTeWmrEjY5GBvGQyTXWlLo6cjb6Sc2dFHsBnRAIV+gJsZsyzDtXWObNODB6Mfb+OIK5FOWvFPnd3nTxt9UoYm4jZT+rhJuGPaOdqSfqDPujRayXzE/dXQq9QDX1xZHsPf49yeRoSKw+aq2Lc3FLjcH7TXhcnelJ1X2Y3s+O9BJyQWymoENoUBQ//Vz0r5byKK5OsXDb8JQo4=&routingKey=W"", ""redirectUrl"": ""https://mercury-t2.phonepe.com/transact/pgv3?token=hq4wOGdzX31IuPyyh7/7AYOLiipO42P8QtgmusudZHta7zUAMbV5uMV5f6kF1hmvheryrLtNiVJFSUI5SOGeVRddzivwAOSX4TYdlBggpylfDIaeZqdOcR1rvtc0hYYEJ9xiveZvqZLm32l9UU6MnAAAkabBP6A1vzpenNKL7k0FJpI6sXEVfO+J7vZDPQBPq379BjXQItQaghUsLGGOaGdB+AVa2nRKuOCMRYaKxOzbZFWeiuVz3WM/VkfILPXPOlhETsQsyT0JtrvK/Be3P0XON2Qt14+uxuZYExSDCDJaePbrLZsKYbePo/BgfUuZ/1uyYCaZTeWmrEjY5GBvGQyTXWlLo6cjb6Sc2dFHsBnRAIV+gJsZsyzDtXWObNODB6Mfb+OIK5FOWvFPnd3nTxt9UoYm4jZT+rhJuGPaOdqSfqDPujRayXzE/dXQq9QDX1xZHsPf49yeRoSKw+aq2Lc3FLjcH7TXhcnelJ1X2Y3s+O9BJyQWymoENoUBQ//Vz0r5byKK5OsXDb8JQo4=&routingKey=W""}",2026-09-01 06:43:54,2026-09-01 06:43:33.929000,2026-09-01 06:43:53
163,184,PHONEPE,MT82450389234LWQX,OMO2609011213590265240330W,OM2609011214000985255969W,254940,INR,FAILED,1,TXN_CANCELLED,ecc5869859053da6f3f1bdf74e0f3ee6cb23eb620729dd68041242f104ce0304,"{""amount"": 2549.4, ""userId"": 4, ""gateway"": ""PHONEPE"", ""orderId"": 210}","{""type"": ""CHECKOUT_ORDER_FAILED"", ""event"": ""checkout.order.failed"", ""payload"": {""state"": ""FAILED"", ""amount"": 254940, ""orderId"": ""OMO2609011213590265240330W"", ""currency"": ""INR"", ""expireAt"": 1788246239013, ""metaInfo"": {""udf1"": ""orderId:210"", ""udf2"": ""userId:4"", ""udf3"": ""idempotencyKey:ecc5869859053da6f3f1bdf74e0f3ee6cb23eb620729dd68041242f104ce0304""}, ""errorCode"": ""TXN_CANCELLED"", ""merchantId"": ""M22DPMWORB0GT"", ""paymentDetails"": [{""state"": ""FAILED"", ""amount"": 254940, ""currency"": ""INR"", ""errorCode"": ""TXN_CANCELLED"", ""feeAmount"": 0, ""timestamp"": 1788245040176, ""feeCurrency"": ""INR"", ""paymentMode"": ""UPI_QR"", ""payableAmount"": 254940, ""transactionId"": ""OM2609011214000985255969W"", ""payableCurrency"": ""INR"", ""detailedErrorCode"": ""REQUEST_CANCEL_BY_REQUESTEE""}], ""merchantOrderId"": ""MT82450389234LWQX"", ""detailedErrorCode"": ""REQUEST_CANCEL_BY_REQUESTEE""}}",2026-09-01 06:44:04,2026-09-01 06:43:59.091000,2026-09-01 06:44:04
164,185,PHONEPE,MT82475782674Z4TW,OMO2609011256183655255751W,OM2609011256195297033411W,10408,INR,FAILED,1,TXN_CANCELLED,8eb7165e3d77bc11ac4dd0e8b18a1c4c5615ba13e483bd6c05023f246fcb0057,"{""amount"": 104.08, ""userId"": 4, ""gateway"": ""PHONEPE"", ""orderId"": 211}","{""type"": ""CHECKOUT_ORDER_FAILED"", ""event"": ""checkout.order.failed"", ""payload"": {""state"": ""FAILED"", ""amount"": 10408, ""orderId"": ""OMO2609011256183655255751W"", ""currency"": ""INR"", ""expireAt"": 1788248778355, ""metaInfo"": {""udf1"": ""orderId:211"", ""udf2"": ""userId:4"", ""udf3"": ""idempotencyKey:8eb7165e3d77bc11ac4dd0e8b18a1c4c5615ba13e483bd6c05023f246fcb0057""}, ""errorCode"": ""TXN_CANCELLED"", ""merchantId"": ""M22DPMWORB0GT"", ""paymentDetails"": [{""state"": ""FAILED"", ""amount"": 10408, ""currency"": ""INR"", ""errorCode"": ""TXN_CANCELLED"", ""feeAmount"": 0, ""timestamp"": 1788247579564, ""feeCurrency"": ""INR"", ""paymentMode"": ""UPI_QR"", ""payableAmount"": 10408, ""transactionId"": ""OM2609011256195297033411W"", ""payableCurrency"": ""INR"", ""detailedErrorCode"": ""REQUEST_CANCEL_BY_REQUESTEE""}], ""merchantOrderId"": ""MT82475782674Z4TW"", ""detailedErrorCode"": ""REQUEST_CANCEL_BY_REQUESTEE""}}",2026-09-01 07:26:25,2026-09-01 07:26:18.439000,2026-09-01 07:26:24
165,187,PHONEPE,MT82620247136EHBW,OMO2609011657048324277130W,OM2609011706140943524935W,199466,INR,FAILED,1,TXN_NOT_COMPLETED,dce74ff50220d72af5e29e504df213b8ac2afb934a2641f5e153e6dca1730bd5,"{""amount"": 1994.66, ""userId"": 6, ""gateway"": ""PHONEPE"", ""orderId"": 213}","{""type"": ""CHECKOUT_ORDER_FAILED"", ""event"": ""checkout.order.failed"", ""payload"": {""state"": ""FAILED"", ""amount"": 199466, ""orderId"": ""OMO2609011657048324277130W"", ""currency"": ""INR"", ""expireAt"": 1788263224821, ""metaInfo"": {""udf1"": ""orderId:213"", ""udf2"": ""userId:6"", ""udf3"": ""idempotencyKey:dce74ff50220d72af5e29e504df213b8ac2afb934a2641f5e153e6dca1730bd5""}, ""errorCode"": ""TXN_NOT_COMPLETED"", ""merchantId"": ""M22DPMWORB0GT"", ""paymentDetails"": [{""rail"": {""type"": ""PG""}, ""state"": ""FAILED"", ""amount"": 199466, ""currency"": ""INR"", ""errorCode"": ""TXN_NOT_COMPLETED"", ""feeAmount"": 0, ""timestamp"": 1788262574130, ""instrument"": {""type"": ""NET_BANKING"", ""bankId"": ""UTIB"", ""bankName"": ""Axis Bank""}, ""feeCurrency"": ""INR"", ""paymentMode"": ""NET_BANKING"", ""payableAmount"": 199466, ""transactionId"": ""OM2609011706140943524935W"", ""payableCurrency"": ""INR"", ""splitInstruments"": [{""rail"": {""type"": ""PG""}, ""amount"": 199466, ""currency"": ""INR"", ""instrument"": {""type"": ""NET_BANKING"", ""bankId"": ""UTIB"", ""bankName"": ""Axis Bank""}}], ""detailedErrorCode"": ""TXN_AUTO_FAILED""}], ""merchantOrderId"": ""MT82620247136EHBW"", ""detailedErrorCode"": ""TXN_AUTO_FAILED""}}",2026-09-01 11:47:08,2026-09-01 11:27:04.908000,2026-09-01 11:47:08
166,187,PHONEPE,MT826266110361BRI,OMO2609011707412070863748W,OM2609011717404490157471W,199466,INR,FAILED,1,TXN_NOT_COMPLETED,0294d2c0133898b53c2c75d9aa13b5ae6576ff7634afaceea343c3e1c6bb8501,"{""amount"": 1994.66, ""userId"": 6, ""gateway"": ""PHONEPE"", ""orderId"": 213}","{""type"": ""CHECKOUT_ORDER_FAILED"", ""event"": ""checkout.order.failed"", ""payload"": {""state"": ""FAILED"", ""amount"": 199466, ""orderId"": ""OMO2609011707412070863748W"", ""currency"": ""INR"", ""expireAt"": 1788263861195, ""metaInfo"": {""udf1"": ""orderId:213"", ""udf2"": ""userId:6"", ""udf3"": ""idempotencyKey:0294d2c0133898b53c2c75d9aa13b5ae6576ff7634afaceea343c3e1c6bb8501""}, ""errorCode"": ""TXN_NOT_COMPLETED"", ""merchantId"": ""M22DPMWORB0GT"", ""paymentDetails"": [{""rail"": {""type"": ""PG""}, ""state"": ""FAILED"", ""amount"": 199466, ""currency"": ""INR"", ""errorCode"": ""TXN_NOT_COMPLETED"", ""feeAmount"": 0, ""timestamp"": 1788263260494, ""instrument"": {""type"": ""NET_BANKING"", ""bankId"": ""KKBK"", ""bankName"": ""Kotak Mahindra Bank""}, ""feeCurrency"": ""INR"", ""paymentMode"": ""NET_BANKING"", ""payableAmount"": 199466, ""transactionId"": ""OM2609011717404490157471W"", ""payableCurrency"": ""INR"", ""splitInstruments"": [{""rail"": {""type"": ""PG""}, ""amount"": 199466, ""currency"": ""INR"", ""instrument"": {""type"": ""NET_BANKING"", ""bankId"": ""KKBK"", ""bankName"": ""Kotak Mahindra Bank""}}], ""detailedErrorCode"": ""TXN_AUTO_FAILED""}], ""merchantOrderId"": ""MT826266110361BRI"", ""detailedErrorCode"": ""TXN_AUTO_FAILED""}}",2026-09-01 11:57:43,2026-09-01 11:37:41.287000,2026-09-01 11:57:43
167,187,PHONEPE,MT83417325936US9C,OMO2609021505326748133969W,OM2609021505442622894837W,199466,INR,FAILED,1,TXN_NOT_COMPLETED,b9abec3f2dcb9ff15832acce9ea0c5956f630be53072cfca6b1308ad64cb789f,"{""amount"": 1994.66, ""userId"": 6, ""gateway"": ""PHONEPE"", ""orderId"": 213}","{""type"": ""CHECKOUT_ORDER_FAILED"", ""event"": ""checkout.order.failed"", ""payload"": {""state"": ""FAILED"", ""amount"": 199466, ""orderId"": ""OMO2609021505326748133969W"", ""currency"": ""INR"", ""expireAt"": 1788342932664, ""metaInfo"": {""udf1"": ""orderId:213"", ""udf2"": ""userId:6"", ""udf3"": ""idempotencyKey:b9abec3f2dcb9ff15832acce9ea0c5956f630be53072cfca6b1308ad64cb789f""}, ""errorCode"": ""TXN_NOT_COMPLETED"", ""merchantId"": ""M22DPMWORB0GT"", ""paymentDetails"": [{""rail"": {""type"": ""PG""}, ""state"": ""FAILED"", ""amount"": 199466, ""currency"": ""INR"", ""errorCode"": ""TXN_NOT_COMPLETED"", ""feeAmount"": 0, ""timestamp"": 1788341744300, ""instrument"": {""type"": ""NET_BANKING"", ""bankId"": ""ICIC"", ""bankName"": ""ICICI Bank""}, ""feeCurrency"": ""INR"", ""paymentMode"": ""NET_BANKING"", ""payableAmount"": 199466, ""transactionId"": ""OM2609021505442622894837W"", ""payableCurrency"": ""INR"", ""splitInstruments"": [{""rail"": {""type"": ""PG""}, ""amount"": 199466, ""currency"": ""INR"", ""instrument"": {""type"": ""NET_BANKING"", ""bankId"": ""ICIC"", ""bankName"": ""ICICI Bank""}}], ""detailedErrorCode"": ""TXN_AUTO_FAILED""}], ""merchantOrderId"": ""MT83417325936US9C"", ""detailedErrorCode"": ""TXN_AUTO_FAILED""}}",2026-09-02 09:55:35,2026-09-02 09:35:32.755000,2026-09-02 09:55:34
168,194,PHONEPE,MT83536256471400GI,OMO2609021823457392478534W,OM2609021824066959525320W,10223,INR,FAILED,1,TXN_CANCELLED,228a57b76c00edda6bf936d3169695ece9d30e300b1fcb9d08a271880bb8a2c4,"{""amount"": 102.23, ""userId"": 14, ""gateway"": ""PHONEPE"", ""orderId"": 221}","{""type"": ""CHECKOUT_ORDER_FAILED"", ""event"": ""checkout.order.failed"", ""eventId"": null, ""payload"": {""state"": ""FAILED"", ""amount"": 10223, ""orderId"": ""OMO2609021823457392478534W"", ""currency"": ""INR"", ""expireAt"": 1788354825727, ""metaInfo"": {""udf1"": ""orderId:221"", ""udf2"": ""userId:14"", ""udf3"": ""idempotencyKey:228a57b76c00edda6bf936d3169695ece9d30e300b1fcb9d08a271880bb8a2c4""}, ""errorCode"": ""TXN_CANCELLED"", ""merchantId"": ""M22DPMWORB0GT"", ""paymentDetails"": [{""state"": ""FAILED"", ""amount"": 10223, ""currency"": ""INR"", ""errorCode"": ""TXN_CANCELLED"", ""feeAmount"": 0, ""timestamp"": 1788353646730, ""feeCurrency"": ""INR"", ""paymentMode"": ""UPI_INTENT"", ""payableAmount"": 10223, ""transactionId"": ""OM2609021824066959525320W"", ""payableCurrency"": ""INR"", ""detailedErrorCode"": ""REQUEST_CANCEL_BY_REQUESTEE""}], ""merchantOrderId"": ""MT83536256471400GI"", ""detailedErrorCode"": ""REQUEST_CANCEL_BY_REQUESTEE""}, ""timestamp"": 0}",2026-09-02 12:54:31,2026-09-02 12:53:45.804000,2026-09-02 12:54:31
169,195,PHONEPE,MT83575088176PJP4,OMO2609021928289329525950W,OM2609021928304474900352W,218803,INR,FAILED,1,TXN_NOT_COMPLETED,cc89a93d326eaa30e1c635052d59a7ed69c9f784e9e108896ce32a0fa6915ab6,"{""amount"": 2188.03, ""userId"": 6, ""gateway"": ""PHONEPE"", ""orderId"": 222}","{""type"": ""CHECKOUT_ORDER_FAILED"", ""event"": ""checkout.order.failed"", ""eventId"": null, ""payload"": {""state"": ""FAILED"", ""amount"": 218803, ""orderId"": ""OMO2609021928289329525950W"", ""currency"": ""INR"", ""expireAt"": 1788358708920, ""metaInfo"": {""udf1"": ""orderId:222"", ""udf2"": ""userId:6"", ""udf3"": ""idempotencyKey:cc89a93d326eaa30e1c635052d59a7ed69c9f784e9e108896ce32a0fa6915ab6""}, ""errorCode"": ""TXN_NOT_COMPLETED"", ""merchantId"": ""M22DPMWORB0GT"", ""paymentDetails"": [{""state"": ""FAILED"", ""amount"": 218803, ""currency"": ""INR"", ""errorCode"": ""TXN_NOT_COMPLETED"", ""feeAmount"": 0, ""timestamp"": 1788357510481, ""feeCurrency"": ""INR"", ""paymentMode"": ""UPI_QR"", ""payableAmount"": 218803, ""transactionId"": ""OM2609021928304474900352W"", ""payableCurrency"": ""INR"", ""detailedErrorCode"": ""TXN_AUTO_FAILED""}], ""merchantOrderId"": ""MT83575088176PJP4"", ""detailedErrorCode"": ""TXN_AUTO_FAILED""}, ""timestamp"": 0}",2026-09-02 14:18:31,2026-09-02 13:58:29.006000,2026-09-02 14:18:31
170,198,PHONEPE,MT83587000244U4J8,OMO2609021948201703602005W,OM2609021948365715570332W,100731,INR,FAILED,1,TXN_NOT_COMPLETED,c22d8690f0ca6241b839327ec566fe0af049fd7bc06077031e565144046168ba,"{""amount"": 1007.31, ""userId"": 4, ""gateway"": ""PHONEPE"", ""orderId"": 229}","{""type"": ""CHECKOUT_ORDER_FAILED"", ""event"": ""checkout.order.failed"", ""eventId"": null, ""payload"": {""state"": ""FAILED"", ""amount"": 100731, ""orderId"": ""OMO2609021948201703602005W"", ""currency"": ""INR"", ""expireAt"": 1788359900159, ""metaInfo"": {""udf1"": ""orderId:229"", ""udf2"": ""userId:4"", ""udf3"": ""idempotencyKey:c22d8690f0ca6241b839327ec566fe0af049fd7bc06077031e565144046168ba""}, ""errorCode"": ""TXN_NOT_COMPLETED"", ""merchantId"": ""M22DPMWORB0GT"", ""paymentDetails"": [{""rail"": {""type"": ""PG""}, ""state"": ""FAILED"", ""amount"": 100731, ""currency"": ""INR"", ""errorCode"": ""TXN_NOT_COMPLETED"", ""feeAmount"": 0, ""timestamp"": 1788358716619, ""instrument"": {""type"": ""NET_BANKING"", ""bankId"": ""ICIC"", ""bankName"": ""ICICI Bank""}, ""feeCurrency"": ""INR"", ""paymentMode"": ""NET_BANKING"", ""payableAmount"": 100731, ""transactionId"": ""OM2609021948365715570332W"", ""payableCurrency"": ""INR"", ""splitInstruments"": [{""rail"": {""type"": ""PG""}, ""amount"": 100731, ""currency"": ""INR"", ""instrument"": {""type"": ""NET_BANKING"", ""bankId"": ""ICIC"", ""bankName"": ""ICICI Bank""}}], ""detailedErrorCode"": ""TXN_AUTO_FAILED""}], ""merchantOrderId"": ""MT83587000244U4J8"", ""detailedErrorCode"": ""TXN_AUTO_FAILED""}, ""timestamp"": 0}",2026-09-02 14:38:22,2026-09-02 14:18:20.257000,2026-09-02 14:38:22
171,199,PHONEPE,MT841077674643XBS,OMO2609031016168430958066W,OM2609031016233781462467W,110534,INR,FAILED,1,TXN_CANCELLED,1597f07a5b76ee83f847d68b73b938b975d65f43f0481c97a0efeb9fd5b07156,"{""amount"": 1105.34, ""userId"": 4, ""gateway"": ""PHONEPE"", ""orderId"": 230}","{""type"": ""CHECKOUT_ORDER_FAILED"", ""event"": ""checkout.order.failed"", ""eventId"": null, ""payload"": {""state"": ""FAILED"", ""amount"": 110534, ""orderId"": ""OMO2609031016168430958066W"", ""currency"": ""INR"", ""expireAt"": 1788411976832, ""metaInfo"": {""udf1"": ""orderId:230"", ""udf2"": ""userId:4"", ""udf3"": ""idempotencyKey:1597f07a5b76ee83f847d68b73b938b975d65f43f0481c97a0efeb9fd5b07156""}, ""errorCode"": ""TXN_CANCELLED"", ""merchantId"": ""M22DPMWORB0GT"", ""paymentDetails"": [{""rail"": {""type"": ""PG""}, ""state"": ""FAILED"", ""amount"": 110534, ""currency"": ""INR"", ""errorCode"": ""TXN_CANCELLED"", ""feeAmount"": 0, ""timestamp"": 1788410783528, ""instrument"": {""type"": ""NET_BANKING"", ""bankId"": ""UTIB"", ""bankName"": ""Axis Bank""}, ""feeCurrency"": ""INR"", ""paymentMode"": ""NET_BANKING"", ""payableAmount"": 110534, ""transactionId"": ""OM2609031016233781462467W"", ""payableCurrency"": ""INR"", ""splitInstruments"": [{""rail"": {""type"": ""PG""}, ""amount"": 110534, ""currency"": ""INR"", ""instrument"": {""type"": ""NET_BANKING"", ""bankId"": ""UTIB"", ""bankName"": ""Axis Bank""}}], ""detailedErrorCode"": ""REQUEST_CANCEL_BY_REQUESTEE""}], ""merchantOrderId"": ""MT841077674643XBS"", ""detailedErrorCode"": ""REQUEST_CANCEL_BY_REQUESTEE""}, ""timestamp"": 0}",2026-09-03 04:47:05,2026-09-03 04:46:16.906000,2026-09-03 04:47:04
172,202,PHONEPE,MT84117838936YDS4,OMO2609031033039999661559W,OM2609031033053143602640W,10470,INR,FAILED,1,TXN_NOT_COMPLETED,c2712980b0bb8e5375b39e8225b6e8488d2cb202c735763f96fee746930a382d,"{""amount"": 104.7, ""userId"": 6, ""gateway"": ""PHONEPE"", ""orderId"": 236}","{""type"": ""CHECKOUT_ORDER_FAILED"", ""event"": ""checkout.order.failed"", ""eventId"": null, ""payload"": {""state"": ""FAILED"", ""amount"": 10470, ""orderId"": ""OMO2609031033039999661559W"", ""currency"": ""INR"", ""expireAt"": 1788412983987, ""metaInfo"": {""udf1"": ""orderId:236"", ""udf2"": ""userId:6"", ""udf3"": ""idempotencyKey:c2712980b0bb8e5375b39e8225b6e8488d2cb202c735763f96fee746930a382d""}, ""errorCode"": ""TXN_NOT_COMPLETED"", ""merchantId"": ""M22DPMWORB0GT"", ""paymentDetails"": [{""state"": ""FAILED"", ""amount"": 10470, ""currency"": ""INR"", ""errorCode"": ""TXN_NOT_COMPLETED"", ""feeAmount"": 0, ""timestamp"": 1788411785347, ""feeCurrency"": ""INR"", ""paymentMode"": ""UPI_QR"", ""payableAmount"": 10470, ""transactionId"": ""OM2609031033053143602640W"", ""payableCurrency"": ""INR"", ""detailedErrorCode"": ""TXN_AUTO_FAILED""}], ""merchantOrderId"": ""MT84117838936YDS4"", ""detailedErrorCode"": ""TXN_AUTO_FAILED""}, ""timestamp"": 0}",2026-09-03 05:23:05,2026-09-03 05:03:04.085000,2026-09-03 05:23:04
173,202,PHONEPE,MT84117933066JJ1T,OMO2609031033134174900287W,OM2609031033142423064689W,10470,INR,FAILED,1,TXN_NOT_COMPLETED,dc4a71b9829961a4808dd15d4e9160cc4fb410297873a8074ff64463d5ca5595,"{""amount"": 104.7, ""userId"": 6, ""gateway"": ""PHONEPE"", ""orderId"": 236}","{""type"": ""CHECKOUT_ORDER_FAILED"", ""event"": ""checkout.order.failed"", ""eventId"": null, ""payload"": {""state"": ""FAILED"", ""amount"": 10470, ""orderId"": ""OMO2609031033134174900287W"", ""currency"": ""INR"", ""expireAt"": 1788412993404, ""metaInfo"": {""udf1"": ""orderId:236"", ""udf2"": ""userId:6"", ""udf3"": ""idempotencyKey:dc4a71b9829961a4808dd15d4e9160cc4fb410297873a8074ff64463d5ca5595""}, ""errorCode"": ""TXN_NOT_COMPLETED"", ""merchantId"": ""M22DPMWORB0GT"", ""paymentDetails"": [{""state"": ""FAILED"", ""amount"": 10470, ""currency"": ""INR"", ""errorCode"": ""TXN_NOT_COMPLETED"", ""feeAmount"": 0, ""timestamp"": 1788411794279, ""feeCurrency"": ""INR"", ""paymentMode"": ""UPI_QR"", ""payableAmount"": 10470, ""transactionId"": ""OM2609031033142423064689W"", ""payableCurrency"": ""INR"", ""detailedErrorCode"": ""TXN_AUTO_FAILED""}], ""merchantOrderId"": ""MT84117933066JJ1T"", ""detailedErrorCode"": ""TXN_AUTO_FAILED""}, ""timestamp"": 0}",2026-09-03 05:23:14,2026-09-03 05:03:13.497000,2026-09-03 05:23:13
174,202,PHONEPE,MT841179918362CRV,OMO2609031033192834251268W,OM2609031033200584620032W,10470,INR,FAILED,1,TXN_NOT_COMPLETED,962fc58c1af3ca6a5dc339eaeb857245cbc51fa16d6b58b41184994663eb755e,"{""amount"": 104.7, ""userId"": 6, ""gateway"": ""PHONEPE"", ""orderId"": 236}","{""type"": ""CHECKOUT_ORDER_FAILED"", ""event"": ""checkout.order.failed"", ""eventId"": null, ""payload"": {""state"": ""FAILED"", ""amount"": 10470, ""orderId"": ""OMO2609031033192834251268W"", ""currency"": ""INR"", ""expireAt"": 1788412999272, ""metaInfo"": {""udf1"": ""orderId:236"", ""udf2"": ""userId:6"", ""udf3"": ""idempotencyKey:962fc58c1af3ca6a5dc339eaeb857245cbc51fa16d6b58b41184994663eb755e""}, ""errorCode"": ""TXN_NOT_COMPLETED"", ""merchantId"": ""M22DPMWORB0GT"", ""paymentDetails"": [{""state"": ""FAILED"", ""amount"": 10470, ""currency"": ""INR"", ""errorCode"": ""TXN_NOT_COMPLETED"", ""feeAmount"": 0, ""timestamp"": 1788411800094, ""feeCurrency"": ""INR"", ""paymentMode"": ""UPI_QR"", ""payableAmount"": 10470, ""transactionId"": ""OM2609031033200584620032W"", ""payableCurrency"": ""INR"", ""detailedErrorCode"": ""TXN_AUTO_FAILED""}], ""merchantOrderId"": ""MT841179918362CRV"", ""detailedErrorCode"": ""TXN_AUTO_FAILED""}, ""timestamp"": 0}",2026-09-03 05:23:20,2026-09-03 05:03:19.358000,2026-09-03 05:23:19
175,222,PHONEPE,MT843401812514XFYA,OMO2609031643382077343867W,,333209,INR,CANCELLED,1,Payment abandoned by customer,8973b44e7cda1e4d414990fc335952b91652c9432a3ddeb35855f1f57c8a3377,"{""amount"": 3332.09, ""userId"": 14, ""gateway"": ""PHONEPE"", ""orderId"": 257}","{""state"": ""PENDING"", ""orderId"": ""OMO2609031643382077343867W"", ""expireAt"": 1788435218196, ""paymentUrl"": ""https://mercury-t2.phonepe.com/transact/pgv3?token=hq4wOGdzX31IuPyyh7/7AYOLiipO42P8QtgmusudZHta7zUAMbV5uMV5f6kF1hmvheryrLtNiVJFSUI5SOGeVRddzivwAOSX4TYdjFIgtylfDri4ZqZOZnptytsgm7lBK9pNk/xqh7T+4nJlDkyyugcAkYjBPI4lsDpzjMij228FDIEc7ms5QvqI1JFVFxBxsVT+dTDoNshFhBAkNWuPH2pA6B1S3XUlu+77KoSNovPhYX+jiOVs0SEHM1/CFZDyOF5Ha+go2loJtb7o5hKaIw73XXgy7uqTxOBbNjiHG1Vae/PJN54kHqq0o5Rle0i801+hByaaSMe8qWXA4WZwDgmVXkxJnLh6cp+chMtXoCfLE7BAw7EwlWLAm3GObv2DT6Aff6ugSY8jTpdjtsrYZ1QAaYEv91MI74Q6ym/jFMi/Vq79wwVY9gHR2v73zI1DOSc8Ktr7yIX4Gf+Ir8WW4otLXrbDA/37+NXQlNRq0oTN86hYfAF52EUJF64YAjR5uMJNJ/Gbp3c8B0yfio+f&routingKey=W"", ""redirectUrl"": ""https://mercury-t2.phonepe.com/transact/pgv3?token=hq4wOGdzX31IuPyyh7/7AYOLiipO42P8QtgmusudZHta7zUAMbV5uMV5f6kF1hmvheryrLtNiVJFSUI5SOGeVRddzivwAOSX4TYdjFIgtylfDri4ZqZOZnptytsgm7lBK9pNk/xqh7T+4nJlDkyyugcAkYjBPI4lsDpzjMij228FDIEc7ms5QvqI1JFVFxBxsVT+dTDoNshFhBAkNWuPH2pA6B1S3XUlu+77KoSNovPhYX+jiOVs0SEHM1/CFZDyOF5Ha+go2loJtb7o5hKaIw73XXgy7uqTxOBbNjiHG1Vae/PJN54kHqq0o5Rle0i801+hByaaSMe8qWXA4WZwDgmVXkxJnLh6cp+chMtXoCfLE7BAw7EwlWLAm3GObv2DT6Aff6ugSY8jTpdjtsrYZ1QAaYEv91MI74Q6ym/jFMi/Vq79wwVY9gHR2v73zI1DOSc8Ktr7yIX4Gf+Ir8WW4otLXrbDA/37+NXQlNRq0oTN86hYfAF52EUJF64YAjR5uMJNJ/Gbp3c8B0yfio+f&routingKey=W""}",2026-09-03 11:13:57,2026-09-03 11:13:38.299000,2026-09-03 11:13:56
176,225,PHONEPE,MT84358850474F0JD,OMO2609031714451431121517W,OM2609031720228533581347W,44362,INR,FAILED,1,OTHERS,a1c7b950af221845f5be08040d758470858408c867f640c0e552fdc0dabb330d,"{""amount"": 443.62, ""userId"": 4, ""gateway"": ""PHONEPE"", ""orderId"": 260}","{""type"": ""CHECKOUT_ORDER_FAILED"", ""event"": ""checkout.order.failed"", ""eventId"": null, ""payload"": {""state"": ""FAILED"", ""amount"": 44362, ""orderId"": ""OMO2609031714451431121517W"", ""currency"": ""INR"", ""expireAt"": 1788437085132, ""metaInfo"": {""udf1"": ""orderId:260"", ""udf2"": ""userId:4"", ""udf3"": ""idempotencyKey:a1c7b950af221845f5be08040d758470858408c867f640c0e552fdc0dabb330d""}, ""errorCode"": ""OTHERS"", ""merchantId"": ""M22DPMWORB0GT"", ""paymentDetails"": [{""rail"": {""type"": ""PG""}, ""state"": ""FAILED"", ""amount"": 44362, ""currency"": ""INR"", ""errorCode"": ""OTHERS"", ""feeAmount"": 0, ""timestamp"": 1788436223051, ""instrument"": {""type"": ""CREDIT_CARD"", ""bankId"": ""ICIC"", ""geoScope"": ""DOMESTIC"", ""cardNetwork"": ""VISA"", ""cardVariant"": ""DEFAULT"", ""maskedCardNumber"": ""XXXXXXXXXXXX0002""}, ""feeCurrency"": ""INR"", ""paymentMode"": ""CARD"", ""payableAmount"": 44362, ""transactionId"": ""OM2609031720228533581347W"", ""payableCurrency"": ""INR"", ""splitInstruments"": [{""rail"": {""type"": ""PG""}, ""amount"": 44362, ""currency"": ""INR"", ""instrument"": {""type"": ""CREDIT_CARD"", ""bankId"": ""ICIC"", ""geoScope"": ""DOMESTIC"", ""cardNetwork"": ""VISA"", ""cardVariant"": ""DEFAULT"", ""maskedCardNumber"": ""XXXXXXXXXXXX0002""}}], ""detailedErrorCode"": ""INTERNAL_SERVER_ERROR""}], ""merchantOrderId"": ""MT84358850474F0JD"", ""detailedErrorCode"": ""INTERNAL_SERVER_ERROR""}, ""timestamp"": 0}",2026-09-03 11:51:44,2026-09-03 11:44:45.218000,2026-09-03 11:51:43
177,241,PHONEPE,MT85966475589KZLH,OMO2609051354076481664116W,OM2609051354178331121989W,526855,INR,FAILED,1,TXN_CANCELLED,48ab5493d06443cbbb4ca0e2dae0399d754f2d42ae6eb7dcb3f9791560d5a79e,"{""amount"": 5268.55, ""userId"": 9, ""gateway"": ""PHONEPE"", ""orderId"": 276}","{""type"": ""CHECKOUT_ORDER_FAILED"", ""event"": ""checkout.order.failed"", ""eventId"": null, ""payload"": {""state"": ""FAILED"", ""amount"": 526855, ""orderId"": ""OMO2609051354076481664116W"", ""currency"": ""INR"", ""expireAt"": 1788597847636, ""metaInfo"": {""udf1"": ""orderId:276"", ""udf2"": ""userId:9"", ""udf3"": ""idempotencyKey:48ab5493d06443cbbb4ca0e2dae0399d754f2d42ae6eb7dcb3f9791560d5a79e""}, ""errorCode"": ""TXN_CANCELLED"", ""merchantId"": ""M22DPMWORB0GT"", ""paymentDetails"": [{""state"": ""FAILED"", ""amount"": 526855, ""currency"": ""INR"", ""errorCode"": ""TXN_CANCELLED"", ""feeAmount"": 0, ""timestamp"": 1788596657869, ""feeCurrency"": ""INR"", ""paymentMode"": ""UPI_QR"", ""payableAmount"": 526855, ""transactionId"": ""OM2609051354178331121989W"", ""payableCurrency"": ""INR"", ""detailedErrorCode"": ""REQUEST_CANCEL_BY_REQUESTEE""}], ""merchantOrderId"": ""MT85966475589KZLH"", ""detailedErrorCode"": ""REQUEST_CANCEL_BY_REQUESTEE""}, ""timestamp"": 0}",2026-09-05 08:24:37,2026-09-05 08:24:07.726000,2026-09-05 08:24:37
178,242,PHONEPE,MT85987133459282G,OMO2609051428334303662146W,OM2609051428359626552362W,514422,INR,FAILED,1,TXN_NOT_COMPLETED,badb7621e722bde59f9ff86ce3c2a87d6403712261ee489346c538b679e61cbd,"{""userId"": 9, ""gateway"": ""PHONEPE"", ""orderId"": 277, ""amountPaise"": 514422}","{""type"": ""CHECKOUT_ORDER_FAILED"", ""event"": ""checkout.order.failed"", ""eventId"": null, ""payload"": {""state"": ""FAILED"", ""amount"": 514422, ""orderId"": ""OMO2609051428334303662146W"", ""currency"": ""INR"", ""expireAt"": 1788599913418, ""metaInfo"": {""udf1"": ""orderId:277"", ""udf2"": ""userId:9"", ""udf3"": ""idempotencyKey:badb7621e722bde59f9ff86ce3c2a87d6403712261ee489346c538b679e61cbd""}, ""errorCode"": ""TXN_NOT_COMPLETED"", ""merchantId"": ""M22DPMWORB0GT"", ""paymentDetails"": [{""state"": ""FAILED"", ""amount"": 514422, ""currency"": ""INR"", ""errorCode"": ""TXN_NOT_COMPLETED"", ""feeAmount"": 0, ""timestamp"": 1788598715996, ""feeCurrency"": ""INR"", ""paymentMode"": ""UPI_QR"", ""payableAmount"": 514422, ""transactionId"": ""OM2609051428359626552362W"", ""payableCurrency"": ""INR"", ""detailedErrorCode"": ""TXN_AUTO_FAILED""}], ""merchantOrderId"": ""MT85987133459282G"", ""detailedErrorCode"": ""TXN_AUTO_FAILED""}, ""timestamp"": 0}",2026-09-05 09:18:34,2026-09-05 08:58:33.509000,2026-09-05 09:18:34
179,242,PHONEPE,MT85987250699NTZY,OMO2609051428451554568447W,,514422,INR,CANCELLED,1,Payment abandoned by customer,6d2ec0e1a115d65deeb784c560a099343306d9ac9d6e8e14bf7c091b8b8ca040,"{""userId"": 9, ""gateway"": ""PHONEPE"", ""orderId"": 277, ""amountPaise"": 514422}","{""state"": ""PENDING"", ""orderId"": ""OMO2609051428451554568447W"", ""expireAt"": 1788599925145, ""paymentUrl"": ""https://mercury-t2.phonepe.com/transact/pgv3?token=hq4wOGdzX31IuPyyh7/7AYOLiipO42P8QtgmusudZHta7zUAMbV5uMV5f6kF1hmvheryrLtNiVJFSUI5SOGeVRddzivwAOSX4TYdiB0htwteD6i8LadOTwVsyfEghYYEJ9xiveZvqZLm32l9UU6MnAAAkbrEPrAXvjl0nNKL7k0FJpI6sXEVfO+J7vZDPQBPq379BjXQItQaghUsLGGOaGdB+AVa2nRKuOCMRYaKxOzbZFWeiuVz3WM/VkfILPXPOlhETsQsyT0JtrvK/Be3P0XON2Qt14+uxuZYExSDCDJaePbrLZsKYbePo/BgfUuZ/1uyYCaZTeWmrEjY5GBvGQyTXWlLo6cjb6Sc2dFHsBnRAIV+gJsZsyzDtXWOb+25AKEPY6qIK5FZfL9AkLr5T0oMdYUp91lqmq1KmE/6ReO5TJDR+ihI1Avi/OmMjvg4L3ImLMLH7u6MHcqb4vap/5AxS5TUQ9vX9oyTguBc5rSW+vVVLTkG61kbPoovQ78NZ1gkuyU28Vt5Y/+ER9c=&routingKey=W"", ""redirectUrl"": ""https://mercury-t2.phonepe.com/transact/pgv3?token=hq4wOGdzX31IuPyyh7/7AYOLiipO42P8QtgmusudZHta7zUAMbV5uMV5f6kF1hmvheryrLtNiVJFSUI5SOGeVRddzivwAOSX4TYdiB0htwteD6i8LadOTwVsyfEghYYEJ9xiveZvqZLm32l9UU6MnAAAkbrEPrAXvjl0nNKL7k0FJpI6sXEVfO+J7vZDPQBPq379BjXQItQaghUsLGGOaGdB+AVa2nRKuOCMRYaKxOzbZFWeiuVz3WM/VkfILPXPOlhETsQsyT0JtrvK/Be3P0XON2Qt14+uxuZYExSDCDJaePbrLZsKYbePo/BgfUuZ/1uyYCaZTeWmrEjY5GBvGQyTXWlLo6cjb6Sc2dFHsBnRAIV+gJsZsyzDtXWOb+25AKEPY6qIK5FZfL9AkLr5T0oMdYUp91lqmq1KmE/6ReO5TJDR+ihI1Avi/OmMjvg4L3ImLMLH7u6MHcqb4vap/5AxS5TUQ9vX9oyTguBc5rSW+vVVLTkG61kbPoovQ78NZ1gkuyU28Vt5Y/+ER9c=&routingKey=W""}",2026-09-05 08:58:55,2026-09-05 08:58:45.228000,2026-09-05 08:58:54
180,243,PHONEPE,MT86014995294S1T7,OMO2609051514596184568707W,,612776,INR,CANCELLED,1,Payment abandoned by customer,24f306e12dfd402bcaff524ce279c081e7710f285cf849411d61b023a68dd14a,"{""userId"": 4, ""gateway"": ""PHONEPE"", ""orderId"": 278, ""amountPaise"": 612776}","{""state"": ""PENDING"", ""orderId"": ""OMO2609051514596184568707W"", ""expireAt"": 1788602699610, ""paymentUrl"": ""https://mercury-t2.phonepe.com/transact/pgv3?token=hq4wOGdzX31IuPyyh7/7AYOLiipO42P8QtgmusudZHta7zUAMbV5uMV5f6kF1hmvheryrLtNiVJFSUI5SOGeVRddzivwAOSX4TYdhF8jpzkSDqioZqdOcR532dBJhYYEJ9xiveZvqZLm32l9UU6MnAAAkbaGPKAl8jh0nNKL7k0FJpI6sXEVfO+J7vZDPQBPq379BjXQItQaghUsLGGOaGdB+AVa2nRKuOCMRYaKxOzbZFWeiuVz3WM/VkfILPXPOlhETsQsyT0JtrvK/Be3P0XON2Qt14+uxuZYExSDCDJaePbrLZsKYbePo/BgfUuZ/1uyYCaZTeWmrEjY5GBvGQyTXWlLo6cjb6Sc2dFHsBnRAIV+gJsZsyzDtXWOb9OTTKAhd66IK5FPaLBb6eSTSkApe/xQ0Qd3yshmyEThO+u+EebXuXFV+GXN6uzEidMLPW4wFcjXlIW/Dv+r956Cy7VkV5/CQNfImKn0uecs65P1nf9ZBisXxEoLHYMVQ+uu774tFFMuRBIth7rRSGw=&routingKey=W"", ""redirectUrl"": ""https://mercury-t2.phonepe.com/transact/pgv3?token=hq4wOGdzX31IuPyyh7/7AYOLiipO42P8QtgmusudZHta7zUAMbV5uMV5f6kF1hmvheryrLtNiVJFSUI5SOGeVRddzivwAOSX4TYdhF8jpzkSDqioZqdOcR532dBJhYYEJ9xiveZvqZLm32l9UU6MnAAAkbaGPKAl8jh0nNKL7k0FJpI6sXEVfO+J7vZDPQBPq379BjXQItQaghUsLGGOaGdB+AVa2nRKuOCMRYaKxOzbZFWeiuVz3WM/VkfILPXPOlhETsQsyT0JtrvK/Be3P0XON2Qt14+uxuZYExSDCDJaePbrLZsKYbePo/BgfUuZ/1uyYCaZTeWmrEjY5GBvGQyTXWlLo6cjb6Sc2dFHsBnRAIV+gJsZsyzDtXWOb9OTTKAhd66IK5FPaLBb6eSTSkApe/xQ0Qd3yshmyEThO+u+EebXuXFV+GXN6uzEidMLPW4wFcjXlIW/Dv+r956Cy7VkV5/CQNfImKn0uecs65P1nf9ZBisXxEoLHYMVQ+uu774tFFMuRBIth7rRSGw=&routingKey=W""}",2026-09-05 09:56:09,2026-09-05 09:44:59.762000,2026-09-05 09:56:09
181,244,PHONEPE,MT86021762634T21S,OMO2609051526163606552146W,OM2609051526179017762376W,623817,INR,FAILED,1,TXN_NOT_COMPLETED,86c8bc12006fa6d9bd1bb3c44c99a082cf8e91b56af2d5520512b75c32290975,"{""userId"": 4, ""gateway"": ""PHONEPE"", ""orderId"": 280, ""amountPaise"": 623817}","{""type"": ""CHECKOUT_ORDER_FAILED"", ""event"": ""checkout.order.failed"", ""eventId"": null, ""payload"": {""state"": ""FAILED"", ""amount"": 623817, ""orderId"": ""OMO2609051526163606552146W"", ""currency"": ""INR"", ""expireAt"": 1788603376346, ""metaInfo"": {""udf1"": ""orderId:280"", ""udf2"": ""userId:4"", ""udf3"": ""idempotencyKey:86c8bc12006fa6d9bd1bb3c44c99a082cf8e91b56af2d5520512b75c32290975""}, ""errorCode"": ""TXN_NOT_COMPLETED"", ""merchantId"": ""M22DPMWORB0GT"", ""paymentDetails"": [{""state"": ""FAILED"", ""amount"": 623817, ""currency"": ""INR"", ""errorCode"": ""TXN_NOT_COMPLETED"", ""feeAmount"": 0, ""timestamp"": 1788602177937, ""feeCurrency"": ""INR"", ""paymentMode"": ""UPI_QR"", ""payableAmount"": 623817, ""transactionId"": ""OM2609051526179017762376W"", ""payableCurrency"": ""INR"", ""detailedErrorCode"": ""TXN_AUTO_FAILED""}], ""merchantOrderId"": ""MT86021762634T21S"", ""detailedErrorCode"": ""TXN_AUTO_FAILED""}, ""timestamp"": 0}",2026-09-05 10:16:17,2026-09-05 09:56:16.426000,2026-09-05 10:16:17
182,244,PHONEPE,MT86021818804VO0T,OMO2609051526219513105088W,,623817,INR,CANCELLED,1,Payment abandoned by customer,4d0016dbfcc9868c904fd609bcb23c0c58245c4e5a782be012387630f4846787,"{""userId"": 4, ""gateway"": ""PHONEPE"", ""orderId"": 280, ""amountPaise"": 623817}","{""state"": ""PENDING"", ""orderId"": ""OMO2609051526219513105088W"", ""expireAt"": 1788603381943, ""paymentUrl"": ""https://mercury-t2.phonepe.com/transact/pgv3?token=hq4wOGdzX31IuPyyh7/7AYOLiipO42P8QtgmusudZHta7zUAMbV5uMV5f6kF1hmvheryrLtNiVJFSUI5SOGeVRddzivwAOSX4TYdhF8jmS0TDKiaK6VecR1u9cMvhYYEJ9xiveZvqZLm32l9UU6MnAAAkbaGPJ4x8zp0nNKL7k0FJpI6sXEVfO+J7vZDPQBPq379BjXQItQaghUsLGGOaGdB+AVa2nRKuOCMRYaKxOzbZFWeiuVz3WM/VkfILPXPOlhETsQsyT0JtrvK/Be3P0XON2Qt14+uxuZYExSDCDJaePbrLZsKYbePo/BgfUuZ/1uyYCaZTeWmrEjY5GBvGQyTXWlLo6cjb6Sc2dFHsBnRAIV+gJsZsyzDtXWOb9OTT6Mxc+2IK5FSTK5Dv9j/F2crZboC0Ahr5cpqnkuZS8GIa5H26wtpllTiou+Fys0UIHZbd7fT+PCpO87M9vO/45ViV7HkQu76hcCJss000Ynmvvd6JCIMu1wiJLg0Q6AmxXkNDQsaY3cjcNfKWd0=&routingKey=W"", ""redirectUrl"": ""https://mercury-t2.phonepe.com/transact/pgv3?token=hq4wOGdzX31IuPyyh7/7AYOLiipO42P8QtgmusudZHta7zUAMbV5uMV5f6kF1hmvheryrLtNiVJFSUI5SOGeVRddzivwAOSX4TYdhF8jmS0TDKiaK6VecR1u9cMvhYYEJ9xiveZvqZLm32l9UU6MnAAAkbaGPJ4x8zp0nNKL7k0FJpI6sXEVfO+J7vZDPQBPq379BjXQItQaghUsLGGOaGdB+AVa2nRKuOCMRYaKxOzbZFWeiuVz3WM/VkfILPXPOlhETsQsyT0JtrvK/Be3P0XON2Qt14+uxuZYExSDCDJaePbrLZsKYbePo/BgfUuZ/1uyYCaZTeWmrEjY5GBvGQyTXWlLo6cjb6Sc2dFHsBnRAIV+gJsZsyzDtXWOb9OTT6Mxc+2IK5FSTK5Dv9j/F2crZboC0Ahr5cpqnkuZS8GIa5H26wtpllTiou+Fys0UIHZbd7fT+PCpO87M9vO/45ViV7HkQu76hcCJss000Ynmvvd6JCIMu1wiJLg0Q6AmxXkNDQsaY3cjcNfKWd0=&routingKey=W""}",2026-09-05 09:56:52,2026-09-05 09:56:22.013000,2026-09-05 09:56:51
183,254,PHONEPE,MT87881822174TV0Z,OMO2609071906223274959363W,,98354,INR,CANCELLED,1,Payment abandoned by customer,b2270fc999d5937d93b2051d7ffa854b73c5b7e3f0b52322ca51c8aee8b26027,"{""userId"": 4, ""gateway"": ""PHONEPE"", ""orderId"": 291, ""amountPaise"": 98354}","{""state"": ""PENDING"", ""orderId"": ""OMO2609071906223274959363W"", ""expireAt"": 1788789382316, ""paymentUrl"": ""https://mercury-t2.phonepe.com/transact/pgv3?token=hq4wOGdzX31IuPyyh7/7AYOLiipO42P8QtgmusudZHta7zUAMbV5uMV5f6kF1hmvheryrLtNiVJFSUI5SOGeVRddzivwAOSX4TYdvhwhty0TDJa0Z6ZgcR9s5cMbhYYEJ9xiveZvqZLm32l9UU6MnAAAkYzFPrAx8zpOnNKL7k0FJpI6sXEVfO+J7vZDPQBPq379BjXQItQaghUsLGGOaGdB+AVa2nRKuOCMRYaKxOzbZFWeiuVz3WM/VkfILPXPOlhETsQsyT0JtrvK/Be3P0XON2Qt14+uxuZYExSDCDJaePbrLZsKYbePo/BgfUuZ/1uyYCaZTeWmrEjY5GBvGQyTXWlLo6cjb6Sc2dFHsBnRAIV+gJsZsyzDtXWOb8O1AKMxc+KIK5FVS4E/n+raQU06SeYJ3xRm8ppAtmHfPvyoab3V5wNYxGrPr9PFj9ABOychK96p4MeWDfON9dOO4Ld2a5LzVMr47ZzJr/BL+PDqstNnPQo21UgbMLsNZeDFeeGMqST+nuntzGE/vjI=&routingKey=W"", ""redirectUrl"": ""https://mercury-t2.phonepe.com/transact/pgv3?token=hq4wOGdzX31IuPyyh7/7AYOLiipO42P8QtgmusudZHta7zUAMbV5uMV5f6kF1hmvheryrLtNiVJFSUI5SOGeVRddzivwAOSX4TYdvhwhty0TDJa0Z6ZgcR9s5cMbhYYEJ9xiveZvqZLm32l9UU6MnAAAkYzFPrAx8zpOnNKL7k0FJpI6sXEVfO+J7vZDPQBPq379BjXQItQaghUsLGGOaGdB+AVa2nRKuOCMRYaKxOzbZFWeiuVz3WM/VkfILPXPOlhETsQsyT0JtrvK/Be3P0XON2Qt14+uxuZYExSDCDJaePbrLZsKYbePo/BgfUuZ/1uyYCaZTeWmrEjY5GBvGQyTXWlLo6cjb6Sc2dFHsBnRAIV+gJsZsyzDtXWOb8O1AKMxc+KIK5FVS4E/n+raQU06SeYJ3xRm8ppAtmHfPvyoab3V5wNYxGrPr9PFj9ABOychK96p4MeWDfON9dOO4Ld2a5LzVMr47ZzJr/BL+PDqstNnPQo21UgbMLsNZeDFeeGMqST+nuntzGE/vjI=&routingKey=W""}",2026-09-07 13:36:53,2026-09-07 13:36:22.410000,2026-09-07 13:36:53
184,263,PHONEPE,MT88643918229SGZ3,OMO2609081616319196920607W,,2370090,INR,CANCELLED,1,Payment abandoned by customer,35036b4f5a3ef87df0780b5ebb06dc0628f651e35c2dc96b9deb8d637d95bb89,"{""userId"": 9, ""gateway"": ""PHONEPE"", ""orderId"": 300, ""amountPaise"": 2370090}","{""state"": ""PENDING"", ""orderId"": ""OMO2609081616319196920607W"", ""expireAt"": 1788865591908, ""paymentUrl"": ""https://mercury-t2.phonepe.com/transact/pgv3?token=hq4wOGdzX31IuPyyh7/7AYOLiipO42P8QtgmusudZHta7zUAMbV5uMV5f6kF1hmvheryrLtNiVJFSUI5SOGeVRddzivwAOSX4TYduhogtyUSDKiaZqVwTx5ovu4AhYYEJ9xiveZvqZLm32l9UU6MnAAAkYjDP7A58jp0nNKL7k0FJpI6sXEVfO+J7vZDPQBPq379BjXQItQaghUsLGGOaGdB+AVa2nRKuOCMRYaKxOzbZFWeiuVz3WM/VkfILPXPOlhETsQsyT0JtrvK/Be3P0XON2Qt14+uxuZYExSDCDJaePbrLZsKYbePo/BgfUuZ/1uyYCaZTeWmrEjY5GBvGQyTXWlLo6cjb6Sc2dFHsBnRAIV+gJsZsyzDtXWObv2LBKAfd+2IK5FjDo1Nqt3FD30DYeMuwjgSzbZtqhHAKdTWRLiq1XAKxHzR7v7upOI4WSokEtDs2/v6Gdyu8vGI57FiQZXXQOj3gs/jgPcsy4nrmtVKPTk52xQ/M9cJU681bgsVnCF4OyGQIRv6cqY=&routingKey=W"", ""redirectUrl"": ""https://mercury-t2.phonepe.com/transact/pgv3?token=hq4wOGdzX31IuPyyh7/7AYOLiipO42P8QtgmusudZHta7zUAMbV5uMV5f6kF1hmvheryrLtNiVJFSUI5SOGeVRddzivwAOSX4TYduhogtyUSDKiaZqVwTx5ovu4AhYYEJ9xiveZvqZLm32l9UU6MnAAAkYjDP7A58jp0nNKL7k0FJpI6sXEVfO+J7vZDPQBPq379BjXQItQaghUsLGGOaGdB+AVa2nRKuOCMRYaKxOzbZFWeiuVz3WM/VkfILPXPOlhETsQsyT0JtrvK/Be3P0XON2Qt14+uxuZYExSDCDJaePbrLZsKYbePo/BgfUuZ/1uyYCaZTeWmrEjY5GBvGQyTXWlLo6cjb6Sc2dFHsBnRAIV+gJsZsyzDtXWObv2LBKAfd+2IK5FjDo1Nqt3FD30DYeMuwjgSzbZtqhHAKdTWRLiq1XAKxHzR7v7upOI4WSokEtDs2/v6Gdyu8vGI57FiQZXXQOj3gs/jgPcsy4nrmtVKPTk52xQ/M9cJU681bgsVnCF4OyGQIRv6cqY=&routingKey=W""}",2026-09-08 10:46:50,2026-09-08 10:46:32.017000,2026-09-08 10:46:49
185,270,PHONEPE,MT88898060276D9D0,OMO2609082320060700705578W,OM2609082320086667775054W,514421,INR,FAILED,1,TXN_NOT_COMPLETED,53577e55d2ecb09de03bca81a38d01e7cfde8eb26c4baaf1c82a289c4e60e76e,"{""userId"": 6, ""gateway"": ""PHONEPE"", ""orderId"": 307, ""amountPaise"": 514421}","{""type"": ""CHECKOUT_ORDER_FAILED"", ""event"": ""checkout.order.failed"", ""eventId"": null, ""payload"": {""state"": ""FAILED"", ""amount"": 514421, ""orderId"": ""OMO2609082320060700705578W"", ""currency"": ""INR"", ""expireAt"": 1788891006060, ""metaInfo"": {""udf1"": ""orderId:307"", ""udf2"": ""userId:6"", ""udf3"": ""idempotencyKey:53577e55d2ecb09de03bca81a38d01e7cfde8eb26c4baaf1c82a289c4e60e76e""}, ""errorCode"": ""TXN_NOT_COMPLETED"", ""merchantId"": ""M22DPMWORB0GT"", ""paymentDetails"": [{""state"": ""FAILED"", ""amount"": 514421, ""currency"": ""INR"", ""errorCode"": ""TXN_NOT_COMPLETED"", ""feeAmount"": 0, ""timestamp"": 1788889808700, ""feeCurrency"": ""INR"", ""paymentMode"": ""UPI_QR"", ""payableAmount"": 514421, ""transactionId"": ""OM2609082320086667775054W"", ""payableCurrency"": ""INR"", ""detailedErrorCode"": ""TXN_AUTO_FAILED""}], ""merchantOrderId"": ""MT88898060276D9D0"", ""detailedErrorCode"": ""TXN_AUTO_FAILED""}, ""timestamp"": 0}",2026-09-08 18:10:09,2026-09-08 17:50:06.180000,2026-09-08 18:10:08
186,275,PHONEPE,MT89370148924PWGI,OMO2609091226549937670126W,OM2609091226577670635937W,2370090,INR,FAILED,1,TXN_CANCELLED,85093b31235f0f83ffabb1a595c4414baf822d84f382822553c9f9b44b15455e,"{""userId"": 4, ""gateway"": ""PHONEPE"", ""orderId"": 312, ""amountPaise"": 2370090}","{""type"": ""CHECKOUT_ORDER_FAILED"", ""event"": ""checkout.order.failed"", ""eventId"": null, ""payload"": {""state"": ""FAILED"", ""amount"": 2370090, ""orderId"": ""OMO2609091226549937670126W"", ""currency"": ""INR"", ""expireAt"": 1788938214982, ""metaInfo"": {""udf1"": ""orderId:312"", ""udf2"": ""userId:4"", ""udf3"": ""idempotencyKey:85093b31235f0f83ffabb1a595c4414baf822d84f382822553c9f9b44b15455e""}, ""errorCode"": ""TXN_CANCELLED"", ""merchantId"": ""M22DPMWORB0GT"", ""paymentDetails"": [{""state"": ""FAILED"", ""amount"": 2370090, ""currency"": ""INR"", ""errorCode"": ""TXN_CANCELLED"", ""feeAmount"": 0, ""timestamp"": 1788937017870, ""feeCurrency"": ""INR"", ""paymentMode"": ""UPI_QR"", ""payableAmount"": 2370090, ""transactionId"": ""OM2609091226577670635937W"", ""payableCurrency"": ""INR"", ""detailedErrorCode"": ""REQUEST_CANCEL_BY_REQUESTEE""}], ""merchantOrderId"": ""MT89370148924PWGI"", ""detailedErrorCode"": ""REQUEST_CANCEL_BY_REQUESTEE""}, ""timestamp"": 0}",2026-09-09 06:57:02,2026-09-09 06:56:55.079000,2026-09-09 06:57:02
187,290,PHONEPE,MT89621230806HCPW,OMO2609091925231692877657W,,3155049,INR,CANCELLED,1,Payment abandoned by customer,eb234f57a3dfb110e3e52a38fa029da677382250bae9e621aa3491fdf0d89b4c,"{""userId"": 6, ""gateway"": ""PHONEPE"", ""orderId"": 327, ""amountPaise"": 3155049}","{""state"": ""PENDING"", ""orderId"": ""OMO2609091925231692877657W"", ""expireAt"": 1788963323158, ""paymentUrl"": ""https://mercury-t2.phonepe.com/transact/pgv3?token=hq4wOGdzX31IuPyyh7/7AYOLiipO42P8QtgmusudZHta7zUAMbV5uMV5f6kF1hmvheryrLtNiVJFSUI5SOGeVRddzivwAOSX4TYdthojmS1eDIa8K6VeeQNrvsMihYYEJ9xiveZvqZLm32l9UU6MnAAAkYTDPJ4xvjpenNKL7k0FJpI6sXEVfO+J7vZDPQBPq379BjXQItQaghUsLGGOaGdB+AVa2nRKuOCMRYaKxOzbZFWeiuVz3WM/VkfILPXPOlhETsQsyT0JtrvK/Be3P0XON2Qt14+uxuZYExSDCDJaePbrLZsKYbePo/BgfUuZ/1uyYCaZTeWmrEjY5GBvGQyTXWlLo6cjb6Sc2dFHsBnRAIV+gJsZsyzDtXWObu2LT6MhY+OIK5F1XPddlsnzUng8K6VF1ycP+sg2hUPRQOHObKDR9AEN2gbR16mPqMBCNVEjM7yolOT5H8eWxMCs275pV4LaA9vTr5PGis125KPLm6hzAAMDukM9FbEIZZhUvV7JPRjEfuF43SAVwDw=&routingKey=W"", ""redirectUrl"": ""https://mercury-t2.phonepe.com/transact/pgv3?token=hq4wOGdzX31IuPyyh7/7AYOLiipO42P8QtgmusudZHta7zUAMbV5uMV5f6kF1hmvheryrLtNiVJFSUI5SOGeVRddzivwAOSX4TYdthojmS1eDIa8K6VeeQNrvsMihYYEJ9xiveZvqZLm32l9UU6MnAAAkYTDPJ4xvjpenNKL7k0FJpI6sXEVfO+J7vZDPQBPq379BjXQItQaghUsLGGOaGdB+AVa2nRKuOCMRYaKxOzbZFWeiuVz3WM/VkfILPXPOlhETsQsyT0JtrvK/Be3P0XON2Qt14+uxuZYExSDCDJaePbrLZsKYbePo/BgfUuZ/1uyYCaZTeWmrEjY5GBvGQyTXWlLo6cjb6Sc2dFHsBnRAIV+gJsZsyzDtXWObu2LT6MhY+OIK5F1XPddlsnzUng8K6VF1ycP+sg2hUPRQOHObKDR9AEN2gbR16mPqMBCNVEjM7yolOT5H8eWxMCs275pV4LaA9vTr5PGis125KPLm6hzAAMDukM9FbEIZZhUvV7JPRjEfuF43SAVwDw=&routingKey=W""}",2026-09-09 13:55:44,2026-09-09 13:55:23.254000,2026-09-09 13:55:43
188,270,PHONEPE,MT89621907516FL6B,OMO2609091926308737260206W,OM2609091926319715097366W,514421,INR,FAILED,1,TXN_CANCELLED,e14ee9cb619f8b265a97112f6e3e968867481fb8f465dbd30f87b137b220e56b,"{""userId"": 6, ""gateway"": ""PHONEPE"", ""orderId"": 307, ""amountPaise"": 514421}","{""type"": ""CHECKOUT_ORDER_FAILED"", ""event"": ""checkout.order.failed"", ""eventId"": null, ""payload"": {""state"": ""FAILED"", ""amount"": 514421, ""orderId"": ""OMO2609091926308737260206W"", ""currency"": ""INR"", ""expireAt"": 1788963390860, ""metaInfo"": {""udf1"": ""orderId:307"", ""udf2"": ""userId:6"", ""udf3"": ""idempotencyKey:e14ee9cb619f8b265a97112f6e3e968867481fb8f465dbd30f87b137b220e56b""}, ""errorCode"": ""TXN_CANCELLED"", ""merchantId"": ""M22DPMWORB0GT"", ""paymentDetails"": [{""state"": ""FAILED"", ""amount"": 514421, ""currency"": ""INR"", ""errorCode"": ""TXN_CANCELLED"", ""feeAmount"": 0, ""timestamp"": 1788962192005, ""feeCurrency"": ""INR"", ""paymentMode"": ""UPI_QR"", ""payableAmount"": 514421, ""transactionId"": ""OM2609091926319715097366W"", ""payableCurrency"": ""INR"", ""detailedErrorCode"": ""REQUEST_CANCEL_BY_REQUESTEE""}], ""merchantOrderId"": ""MT89621907516FL6B"", ""detailedErrorCode"": ""REQUEST_CANCEL_BY_REQUESTEE""}, ""timestamp"": 0}",2026-09-09 13:56:38,2026-09-09 13:56:30.997000,2026-09-09 13:56:38
189,300,PHONEPE,MT90307926174LKER,OMO2609101429527130271678W,OM2609101429542101266440W,10774,INR,FAILED,1,TXN_NOT_COMPLETED,0203d5ea2a11422598304c17db0ff2a52c3e5aded6dde7e86aabd22c3fcc1eb8,"{""userId"": 4, ""gateway"": ""PHONEPE"", ""orderId"": 337, ""amountPaise"": 10774}","{""type"": ""CHECKOUT_ORDER_FAILED"", ""event"": ""checkout.order.failed"", ""eventId"": null, ""payload"": {""state"": ""FAILED"", ""amount"": 10774, ""orderId"": ""OMO2609101429527130271678W"", ""currency"": ""INR"", ""expireAt"": 1789031992701, ""metaInfo"": {""udf1"": ""orderId:337"", ""udf2"": ""userId:4"", ""udf3"": ""idempotencyKey:0203d5ea2a11422598304c17db0ff2a52c3e5aded6dde7e86aabd22c3fcc1eb8""}, ""errorCode"": ""TXN_NOT_COMPLETED"", ""merchantId"": ""M22DPMWORB0GT"", ""paymentDetails"": [{""state"": ""FAILED"", ""amount"": 10774, ""currency"": ""INR"", ""errorCode"": ""TXN_NOT_COMPLETED"", ""feeAmount"": 0, ""timestamp"": 1789030794248, ""feeCurrency"": ""INR"", ""paymentMode"": ""UPI_QR"", ""payableAmount"": 10774, ""transactionId"": ""OM2609101429542101266440W"", ""payableCurrency"": ""INR"", ""detailedErrorCode"": ""TXN_AUTO_FAILED""}], ""merchantOrderId"": ""MT90307926174LKER"", ""detailedErrorCode"": ""TXN_AUTO_FAILED""}, ""timestamp"": 0}",2026-09-10 09:19:53,2026-09-10 08:59:52.789000,2026-09-10 09:19:53
190,306,PHONEPE,MT903806706220EFBH,OMO2609101631071603321050W,OM2609101631083173321477W,3155049,INR,FAILED,1,TXN_CANCELLED,51b5d5c2525bc8e73cfd8f683f3d4457bb04503cdb6b0b3dcf96eea82e470f34,"{""userId"": 20, ""gateway"": ""PHONEPE"", ""orderId"": 343, ""amountPaise"": 3155049}","{""state"": ""FAILED"", ""amount"": 3155049, ""orderId"": ""OMO2609101631071603321050W"", ""currency"": ""INR"", ""expireAt"": 1789039267149, ""metaInfo"": {""udf1"": ""orderId:343"", ""udf2"": ""userId:20"", ""udf3"": ""idempotencyKey:51b5d5c2525bc8e73cfd8f683f3d4457bb04503cdb6b0b3dcf96eea82e470f34""}, ""errorCode"": ""TXN_CANCELLED"", ""merchantId"": ""M22DPMWORB0GT"", ""paymentDetails"": [{""state"": ""FAILED"", ""amount"": 3155049, ""currency"": ""INR"", ""errorCode"": ""TXN_CANCELLED"", ""feeAmount"": 0, ""timestamp"": 1789038068353, ""feeCurrency"": ""INR"", ""paymentMode"": ""UPI_QR"", ""payableAmount"": 3155049, ""transactionId"": ""OM2609101631083173321477W"", ""payableCurrency"": ""INR"", ""detailedErrorCode"": ""REQUEST_CANCEL_BY_REQUESTEE""}], ""merchantOrderId"": ""MT903806706220EFBH"", ""detailedErrorCode"": ""REQUEST_CANCEL_BY_REQUESTEE""}",2026-09-10 11:01:21,2026-09-10 11:01:07.242000,2026-09-10 11:01:21
191,316,PHONEPE,MT91212335806Q9DA,OMO2609111537136622654366W,,541961,INR,CANCELLED,1,Payment abandoned by customer,4079a7d038cf45cedf37bc179d5224d9d167ed82a45c46c0917d28890d0a0f8f,"{""userId"": 6, ""gateway"": ""PHONEPE"", ""orderId"": 353, ""amountPaise"": 541961}","{""state"": ""PENDING"", ""orderId"": ""OMO2609111537136622654366W"", ""expireAt"": 1789122433650, ""paymentUrl"": ""https://mercury-t2.phonepe.com/transact/pgv3?token=hq4wOGdzX31IuPyyh7/7AYOLiipO42P8QtgmusudZHta7zUAMbV5uMV5f6kF1hmvheryrLtNiVJFSUI5SOGeVRddzivwAOSX4TYNmFEjpyFdDIaoK6VeeRh12tM4hYYEJ9xiveZvqZLm32l9UU6MnAAAgaqIPKA9vTpenNKL7k0FJpI6sXEVfO+J7vZDPQBPq379BjXQItQaghUsLGGOaGdB+AVa2nRKuOCMRYaKxOzbZFWeiuVz3WM/VkfILPXPOlhETsQsyT0JtrvK/Be3P0XON2Qt14+uxuZYExSDCDJaePbrLZsKYbePo/BgfUuZ/1uyYCaZTeWmrEjY5GBvGQyTXWlLo6cjb6Sc2dFHsBnRAIV+gJsZsyzDtXWPbO2bTKMxWeOIK5FvZZB66sPjVkY/Ib4H/hMJ5pE3sRfwQdrKGIXTywxk7EPN8MvrjtsmXiYWBt/q9t6JQsqn0+mM3plXfLzfAOnskpDsnMde3obxp8AAdT8I4x48Ms84Q2ViP3thwiDnc+CyrPaiZYY=&routingKey=W"", ""redirectUrl"": ""https://mercury-t2.phonepe.com/transact/pgv3?token=hq4wOGdzX31IuPyyh7/7AYOLiipO42P8QtgmusudZHta7zUAMbV5uMV5f6kF1hmvheryrLtNiVJFSUI5SOGeVRddzivwAOSX4TYNmFEjpyFdDIaoK6VeeRh12tM4hYYEJ9xiveZvqZLm32l9UU6MnAAAgaqIPKA9vTpenNKL7k0FJpI6sXEVfO+J7vZDPQBPq379BjXQItQaghUsLGGOaGdB+AVa2nRKuOCMRYaKxOzbZFWeiuVz3WM/VkfILPXPOlhETsQsyT0JtrvK/Be3P0XON2Qt14+uxuZYExSDCDJaePbrLZsKYbePo/BgfUuZ/1uyYCaZTeWmrEjY5GBvGQyTXWlLo6cjb6Sc2dFHsBnRAIV+gJsZsyzDtXWPbO2bTKMxWeOIK5FvZZB66sPjVkY/Ib4H/hMJ5pE3sRfwQdrKGIXTywxk7EPN8MvrjtsmXiYWBt/q9t6JQsqn0+mM3plXfLzfAOnskpDsnMde3obxp8AAdT8I4x48Ms84Q2ViP3thwiDnc+CyrPaiZYY=&routingKey=W""}",2026-09-11 10:18:15,2026-09-11 10:07:13.745000,2026-09-11 10:18:15
