order_id,fulfillmentStatus,cancelledByUserId,cancellationReason,created_at,updated_at,isRefunded,userId,shippingAddressId,billingAddressId,vendor_id,shippingSpeed,refundMethod,refundedAt,estimated_delivery_days,estimated_delivery_date,shipping_breakdown,paymentStatus,orderStatus,workflowStatus,vendorRecoveryNeeded,vendorRecoveryRecovered,vendorRecoveryRecoveredAt,tax_breakdown,vendorRecoveryPaymentMethod,vendorRecoveryBankAccountId,vendorRecoveryReferenceNo,vendorRecoveryNotes,vendorRecoveryProofPath,awaitingRefundMethod,refund_breakdown,display_code,return_shipping_charge_source,return_shipping_charge_locked_at,customer_type,subtotal_legacy,subtotal,totalOfferDiscount_legacy,totalOfferDiscount,total_bulk_discount_legacy,total_bulk_discount,totalAmount_legacy,totalAmount,shipping_amount_legacy,shipping_amount,shipping_cost_legacy,shipping_cost,return_shipping_charge_base_legacy,return_shipping_charge_base,return_shipping_charge_gst_legacy,return_shipping_charge_gst,return_shipping_charge_total_legacy,return_shipping_charge_total,pg_fee_amount_legacy,pg_fee_amount,taxAmount_legacy,taxAmount,product_gst_amount_legacy,product_gst_amount,shipping_gst_amount_legacy,shipping_gst_amount,pg_fee_gst_amount_legacy,pg_fee_gst_amount,total_gst_amount_legacy,total_gst_amount,cart_coupon_share_legacy,cart_coupon_share,product_coupon_discount_legacy,product_coupon_discount,coupon_discount_legacy,coupon_discount,refundAmount_legacy,refundAmount,checkout_display_code
1,fulfilled,,,2026-08-04 07:09:00.598849,2026-09-15 06:52:52.953807,0,6,4,4,3,standard,,,7.0,2026-08-11,"{""inboundCost"": 0, ""inboundDays"": 0, ""inbound_tat"": 0, ""inbound_cost"": 0, ""outboundCost"": 85.5, ""outboundDays"": 7, ""outbound_tat"": 7, ""qcBufferDays"": 0, ""qc_packaging"": 0, ""outbound_cost"": 8550}",paid,delivered,HUB_RECEIVED,0,0,,"{""cgstAmount"": 0, ""igstAmount"": 29709, ""sgstAmount"": 0, ""isInterState"": true, ""pgFeeGstAmount"": 0, ""totalGstAmount"": 29709, ""productGstAmount"": 28170, ""shippingGstAmount"": 1539}",,,,,,0,,ORD-20260804-0001,,,B2C,1565.0,156500,0.0,0,0.0,0,1947.59,194759,85.5,8550,85.5,8550.0,,0.0,,0.0,,0.0,0.0,0,297.09,29709,281.7,28170,15.39,1539,0.0,0,297.09,29709,0.0,0,0.0,0,0.0,0.0,,0.0,ORD-20260804-0001
2,fulfilled,,,2026-08-04 07:41:32.575065,2026-09-15 06:52:52.953807,0,6,4,4,3,standard,,,7.0,2026-08-11,"{""inboundCost"": 0, ""inboundDays"": 0, ""inbound_tat"": 0, ""inbound_cost"": 0, ""outboundCost"": 85.5, ""outboundDays"": 7, ""outbound_tat"": 7, ""qcBufferDays"": 0, ""qc_packaging"": 0, ""outbound_cost"": 8550}",refund_pending,returned,HUB_RECEIVED,0,0,,"{""cgstAmount"": 0, ""igstAmount"": 29709, ""sgstAmount"": 0, ""isInterState"": true, ""pgFeeGstAmount"": 0, ""totalGstAmount"": 29709, ""productGstAmount"": 28170, ""shippingGstAmount"": 1539}",,,,,,0,"{""scenario"": ""RETURNED_BY_CUSTOMER"", ""taxRefunded"": 297.09, ""isInterState"": true, ""refundAmount"": 194759, ""totalWithheld"": 0, ""shippingRefunded"": 8550, ""shippingWithheld"": 0, ""calculationSource"": ""CREDIT_NOTE"", ""pgChargesWithheld"": 0, ""productBaseRefunded"": 1565}",ORD-20260804-0002,,,B2C,1565.0,156500,0.0,0,0.0,0,1947.59,194759,85.5,8550,85.5,8550.0,,0.0,,0.0,,0.0,0.0,0,297.09,29709,281.7,28170,15.39,1539,0.0,0,297.09,29709,0.0,0,0.0,0,0.0,0.0,1947.59,194759.0,ORD-20260804-0002
3,fulfilled,,,2026-08-04 08:08:28.556032,2026-09-15 06:52:52.953807,0,6,4,4,3,standard,,,7.0,2026-08-11,"{""inboundCost"": 0, ""inboundDays"": 0, ""inbound_tat"": 0, ""inbound_cost"": 0, ""outboundCost"": 85.5, ""outboundDays"": 7, ""outbound_tat"": 7, ""qcBufferDays"": 0, ""qc_packaging"": 0, ""outbound_cost"": 8550}",paid,delivered,DELIVERED,0,0,,"{""cgstAmount"": 0, ""igstAmount"": 29709, ""sgstAmount"": 0, ""isInterState"": true, ""pgFeeGstAmount"": 0, ""totalGstAmount"": 29709, ""productGstAmount"": 28170, ""shippingGstAmount"": 1539}",,,,,,0,,ORD-20260804-0003,,,B2C,1565.0,156500,0.0,0,0.0,0,1947.59,194759,85.5,8550,85.5,8550.0,,0.0,,0.0,,0.0,0.0,0,297.09,29709,281.7,28170,15.39,1539,0.0,0,297.09,29709,0.0,0,0.0,0,0.0,0.0,,0.0,ORD-20260804-0003
4,fulfilled,,,2026-08-04 08:37:53.111823,2026-09-15 06:52:52.953807,0,6,4,4,3,standard,,,7.0,2026-08-11,"{""inboundCost"": 0, ""inboundDays"": 0, ""inbound_tat"": 0, ""inbound_cost"": 0, ""outboundCost"": 85.5, ""outboundDays"": 7, ""outbound_tat"": 7, ""qcBufferDays"": 0, ""qc_packaging"": 0, ""outbound_cost"": 8550}",paid,delivered,DELIVERED,0,0,,"{""cgstAmount"": 0, ""igstAmount"": 29709, ""sgstAmount"": 0, ""isInterState"": true, ""pgFeeGstAmount"": 0, ""totalGstAmount"": 29709, ""productGstAmount"": 28170, ""shippingGstAmount"": 1539}",,,,,,0,,ORD-20260804-0004,,,B2C,1565.0,156500,0.0,0,0.0,0,1947.59,194759,85.5,8550,85.5,8550.0,,0.0,,0.0,,0.0,0.0,0,297.09,29709,281.7,28170,15.39,1539,0.0,0,297.09,29709,0.0,0,0.0,0,0.0,0.0,,0.0,ORD-20260804-0004
5,fulfilled,,,2026-08-04 08:47:20.709109,2026-09-05 08:50:24.950709,0,6,4,4,3,standard,,,,,,pending,delivered,DELIVERED,0,0,,,,,,,,0,,,,,B2C,1565.0,156500,0.0,0,0.0,0,1947.59,194759,0.0,0,0.0,0.0,,0.0,,0.0,,0.0,0.0,0,0.0,0,0.0,0,0.0,0,0.0,0,0.0,0,0.0,0,0.0,0,,0.0,,0.0,
6,fulfilled,,,2026-08-04 09:38:10.865413,2026-09-15 06:52:52.953807,0,6,4,4,3,standard,,,7.0,2026-08-11,"{""inboundCost"": 0, ""inboundDays"": 0, ""inbound_tat"": 0, ""inbound_cost"": 0, ""outboundCost"": 85.5, ""outboundDays"": 7, ""outbound_tat"": 7, ""qcBufferDays"": 0, ""qc_packaging"": 0, ""outbound_cost"": 8550}",refund_pending,returned,HUB_RECEIVED,0,0,,"{""cgstAmount"": 0, ""igstAmount"": 29709, ""sgstAmount"": 0, ""isInterState"": true, ""pgFeeGstAmount"": 0, ""totalGstAmount"": 29709, ""productGstAmount"": 28170, ""shippingGstAmount"": 1539}",,,,,,0,"{""scenario"": ""RETURNED_BY_CUSTOMER"", ""taxRefunded"": 281.7, ""isInterState"": true, ""refundAmount"": 184670, ""totalWithheld"": 100.89, ""shippingRefunded"": 0, ""shippingWithheld"": 10089, ""calculationSource"": ""CREDIT_NOTE"", ""pgChargesWithheld"": 0, ""productBaseRefunded"": 1565}",ORD-20260804-0005,,,B2C,1565.0,156500,0.0,0,0.0,0,1947.59,194759,85.5,8550,85.5,8550.0,,0.0,,0.0,,0.0,0.0,0,297.09,29709,281.7,28170,15.39,1539,0.0,0,297.09,29709,0.0,0,0.0,0,0.0,0.0,1846.7,184670.0,ORD-20260804-0005
7,fulfilled,,,2026-08-04 09:54:05.439034,2026-09-15 06:52:52.953807,1,6,4,4,3,standard,BANK_TRANSFER,2026-08-04 15:51:46,7.0,2026-08-11,"{""inboundCost"": 0, ""inboundDays"": 0, ""inbound_tat"": 0, ""inbound_cost"": 0, ""outboundCost"": 85.5, ""outboundDays"": 7, ""outbound_tat"": 7, ""qcBufferDays"": 0, ""qc_packaging"": 0, ""outbound_cost"": 8550}",refunded,returned,HUB_RECEIVED,0,0,,"{""cgstAmount"": 0, ""igstAmount"": 86049, ""sgstAmount"": 0, ""isInterState"": true, ""pgFeeGstAmount"": 0, ""totalGstAmount"": 86049, ""productGstAmount"": 84510, ""shippingGstAmount"": 1539}",,,,,,0,"{""scenario"": ""RETURNED_BY_CUSTOMER"", ""taxRefunded"": 860.49, ""isInterState"": true, ""refundAmount"": 564099, ""totalWithheld"": 0, ""shippingRefunded"": 8550, ""shippingWithheld"": 0, ""calculationSource"": ""CREDIT_NOTE"", ""pgChargesWithheld"": 0, ""productBaseRefunded"": 4695}",ORD-20260804-0006,,,B2C,4695.0,469500,0.0,0,0.0,0,5640.99,564099,85.5,8550,85.5,8550.0,,0.0,,0.0,,0.0,0.0,0,860.49,86049,845.1,84510,15.39,1539,0.0,0,860.49,86049,0.0,0,0.0,0,0.0,0.0,5640.99,564099.0,ORD-20260804-0006
8,fulfilled,,,2026-08-04 10:25:44.718686,2026-09-15 06:52:52.953807,1,6,4,4,3,standard,BANK_TRANSFER,2026-08-04 16:07:15,7.0,2026-08-11,"{""inboundCost"": 0, ""inboundDays"": 0, ""inbound_tat"": 0, ""inbound_cost"": 0, ""outboundCost"": 85.5, ""outboundDays"": 7, ""outbound_tat"": 7, ""qcBufferDays"": 0, ""qc_packaging"": 0, ""outbound_cost"": 8550}",refunded,returned,HUB_RECEIVED,0,0,,"{""cgstAmount"": 0, ""igstAmount"": 29709, ""sgstAmount"": 0, ""isInterState"": true, ""pgFeeGstAmount"": 0, ""totalGstAmount"": 29709, ""productGstAmount"": 28170, ""shippingGstAmount"": 1539}",,,,,,0,"{""scenario"": ""RETURNED_BY_CUSTOMER"", ""taxRefunded"": 297.09, ""isInterState"": true, ""refundAmount"": 194759, ""totalWithheld"": 0, ""shippingRefunded"": 8550, ""shippingWithheld"": 0, ""calculationSource"": ""CREDIT_NOTE"", ""pgChargesWithheld"": 0, ""productBaseRefunded"": 1565}",ORD-20260804-0007,,,B2C,1565.0,156500,0.0,0,0.0,0,1947.59,194759,85.5,8550,85.5,8550.0,,0.0,,0.0,,0.0,0.0,0,297.09,29709,281.7,28170,15.39,1539,0.0,0,297.09,29709,0.0,0,0.0,0,0.0,0.0,1947.59,194759.0,ORD-20260804-0007
9,fulfilled,,,2026-08-04 10:47:47.457614,2026-09-15 06:52:52.953807,0,4,5,5,1,standard,,,7.0,2026-08-11,"{""inboundCost"": 0, ""inboundDays"": 0, ""inbound_tat"": 0, ""inbound_cost"": 0, ""outboundCost"": 85.5, ""outboundDays"": 7, ""outbound_tat"": 7, ""qcBufferDays"": 0, ""qc_packaging"": 0, ""outbound_cost"": 8550}",refund_pending,returned,HUB_RECEIVED,0,0,,"{""cgstAmount"": 4047, ""igstAmount"": 0, ""sgstAmount"": 4047, ""isInterState"": false, ""pgFeeGstAmount"": 384, ""totalGstAmount"": 8094, ""productGstAmount"": 6170, ""shippingGstAmount"": 1539}",,,,,,0,"{""scenario"": ""RETURNED_BY_CUSTOMER"", ""taxRefunded"": 61.7, ""isInterState"": false, ""refundAmount"": 129570, ""totalWithheld"": 126.07, ""shippingRefunded"": 0, ""shippingWithheld"": 10090, ""calculationSource"": ""CREDIT_NOTE"", ""pgChargesWithheld"": 2517, ""productBaseRefunded"": 1234}",ORD-20260804-0008,,,B2B,1234.0,123400,0.0,0,0.0,0,1421.77,142177,85.5,8550,85.5,8550.0,,0.0,,0.0,,0.0,21.33,2133,80.94,8094,61.7,6170,15.39,1539,3.84,384,80.94,8094,0.0,0,0.0,0,0.0,0.0,1295.7,129570.0,ORD-20260804-0008
10,pending,,Vendor did not accept within 72 hours.,2026-08-04 11:07:26.103905,2026-09-15 06:52:52.953807,0,4,5,5,1,standard,UPI,,7.0,2026-08-11,"{""inboundCost"": 0, ""inboundDays"": 0, ""inbound_tat"": 0, ""inbound_cost"": 0, ""outboundCost"": 85.5, ""outboundDays"": 7, ""outbound_tat"": 7, ""qcBufferDays"": 0, ""qc_packaging"": 0, ""outbound_cost"": 8550}",refund_pending,cancelled,CANCELLED,0,0,,"{""cgstAmount"": 3855, ""igstAmount"": 0, ""sgstAmount"": 3855, ""isInterState"": false, ""pgFeeGstAmount"": 0, ""totalGstAmount"": 7710, ""productGstAmount"": 6170, ""shippingGstAmount"": 1539}",,,,,,0,,ORD-20260804-0009,,,B2B,1234.0,123400,0.0,0,0.0,0,1396.6,139660,85.5,8550,85.5,8550.0,,0.0,,0.0,,0.0,0.0,0,77.1,7710,61.7,6170,15.39,1539,0.0,0,77.1,7710,0.0,0,0.0,0,0.0,0.0,,0.0,ORD-20260804-0009
11,fulfilled,,,2026-08-04 11:21:06.942384,2026-09-15 06:52:52.953807,1,6,4,4,3,standard,BANK_TRANSFER,2026-08-04 17:00:03,7.0,2026-08-11,"{""inboundCost"": 0, ""inboundDays"": 0, ""inbound_tat"": 0, ""inbound_cost"": 0, ""outboundCost"": 85.5, ""outboundDays"": 7, ""outbound_tat"": 7, ""qcBufferDays"": 0, ""qc_packaging"": 0, ""outbound_cost"": 8550}",refunded,returned,HUB_RECEIVED,0,0,,"{""cgstAmount"": 0, ""igstAmount"": 29709, ""sgstAmount"": 0, ""isInterState"": true, ""pgFeeGstAmount"": 0, ""totalGstAmount"": 29709, ""productGstAmount"": 28170, ""shippingGstAmount"": 1539}",,,,,,0,"{""scenario"": ""RETURNED_BY_CUSTOMER"", ""taxRefunded"": 281.7, ""isInterState"": true, ""refundAmount"": 184670, ""totalWithheld"": 100.89, ""shippingRefunded"": 0, ""shippingWithheld"": 10089, ""calculationSource"": ""CREDIT_NOTE"", ""pgChargesWithheld"": 0, ""productBaseRefunded"": 1565}",ORD-20260804-0010,,,B2C,1565.0,156500,0.0,0,0.0,0,1947.59,194759,85.5,8550,85.5,8550.0,,0.0,,0.0,,0.0,0.0,0,297.09,29709,281.7,28170,15.39,1539,0.0,0,297.09,29709,0.0,0,0.0,0,0.0,0.0,1846.7,184670.0,ORD-20260804-0010
12,fulfilled,,,2026-08-04 11:49:17.003831,2026-09-15 06:52:52.953807,0,6,4,4,3,standard,,,7.0,2026-08-11,"{""inboundCost"": 0, ""inboundDays"": 0, ""inbound_tat"": 0, ""inbound_cost"": 0, ""outboundCost"": 85.5, ""outboundDays"": 7, ""outbound_tat"": 7, ""qcBufferDays"": 0, ""qc_packaging"": 0, ""outbound_cost"": 8550}",refund_pending,returned,HUB_RECEIVED,0,0,,"{""cgstAmount"": 0, ""igstAmount"": 29709, ""sgstAmount"": 0, ""isInterState"": true, ""pgFeeGstAmount"": 0, ""totalGstAmount"": 29709, ""productGstAmount"": 28170, ""shippingGstAmount"": 1539}",,,,,,0,"{""scenario"": ""RETURNED_BY_CUSTOMER"", ""taxRefunded"": 297.09, ""isInterState"": true, ""refundAmount"": 194759, ""totalWithheld"": 0, ""shippingRefunded"": 8550, ""shippingWithheld"": 0, ""calculationSource"": ""CREDIT_NOTE"", ""pgChargesWithheld"": 0, ""productBaseRefunded"": 1565}",ORD-20260804-0011,,,B2C,1565.0,156500,0.0,0,0.0,0,1947.59,194759,85.5,8550,85.5,8550.0,,0.0,,0.0,,0.0,0.0,0,297.09,29709,281.7,28170,15.39,1539,0.0,0,297.09,29709,0.0,0,0.0,0,0.0,0.0,1947.59,194759.0,ORD-20260804-0011
13,fulfilled,,,2026-08-04 12:18:16.308796,2026-09-15 06:52:52.953807,0,6,4,4,3,standard,,,7.0,2026-08-11,"{""inboundCost"": 0, ""inboundDays"": 0, ""inbound_tat"": 0, ""inbound_cost"": 0, ""outboundCost"": 85.5, ""outboundDays"": 7, ""outbound_tat"": 7, ""qcBufferDays"": 0, ""qc_packaging"": 0, ""outbound_cost"": 8550}",paid,delivered,HUB_RECEIVED,0,0,,"{""cgstAmount"": 0, ""igstAmount"": 29709, ""sgstAmount"": 0, ""isInterState"": true, ""pgFeeGstAmount"": 0, ""totalGstAmount"": 29709, ""productGstAmount"": 28170, ""shippingGstAmount"": 1539}",,,,,,0,,ORD-20260804-0012,,,B2C,1565.0,156500,0.0,0,0.0,0,1947.59,194759,85.5,8550,85.5,8550.0,,0.0,,0.0,,0.0,0.0,0,297.09,29709,281.7,28170,15.39,1539,0.0,0,297.09,29709,0.0,0,0.0,0,0.0,0.0,,0.0,ORD-20260804-0012
14,fulfilled,,,2026-08-04 12:24:21.647227,2026-09-05 08:50:24.950709,0,6,4,4,3,standard,,,,,,pending,delivered,DELIVERED,0,0,,,,,,,,0,,,,,B2C,1565.0,156500,0.0,0,0.0,0,1947.59,194759,0.0,0,0.0,0.0,,0.0,,0.0,,0.0,0.0,0,0.0,0,0.0,0,0.0,0,0.0,0,0.0,0,0.0,0,0.0,0,,0.0,,0.0,
15,fulfilled,,,2026-08-05 08:51:38.073561,2026-09-15 06:52:52.953807,1,6,4,4,1,standard,BANK_TRANSFER,2026-08-05 14:41:25,7.0,2026-08-12,"{""inboundCost"": 0, ""inboundDays"": 0, ""inbound_tat"": 0, ""inbound_cost"": 0, ""outboundCost"": 85.5, ""outboundDays"": 7, ""outbound_tat"": 7, ""qcBufferDays"": 0, ""qc_packaging"": 0, ""outbound_cost"": 8550}",refunded,returned,HUB_RECEIVED,0,0,,"{""cgstAmount"": 0, ""igstAmount"": 8093, ""sgstAmount"": 0, ""isInterState"": true, ""pgFeeGstAmount"": 384, ""totalGstAmount"": 8093, ""productGstAmount"": 6170, ""shippingGstAmount"": 1539}",,,,,,0,"{""scenario"": ""RETURNED_BY_CUSTOMER"", ""taxRefunded"": 80.93, ""isInterState"": true, ""refundAmount"": 142176, ""totalWithheld"": 0, ""shippingRefunded"": 8550, ""shippingWithheld"": 0, ""calculationSource"": ""CREDIT_NOTE"", ""pgChargesWithheld"": 0, ""productBaseRefunded"": 1234}",ORD-20260805-0001,,,B2C,1234.0,123400,0.0,0,0.0,0,1421.76,142176,85.5,8550,85.5,8550.0,,0.0,,0.0,,0.0,21.33,2133,80.93,8093,61.7,6170,15.39,1539,3.84,384,80.93,8093,0.0,0,0.0,0,0.0,0.0,1421.76,142176.0,ORD-20260805-0001
16,fulfilled,,,2026-08-05 11:35:49.646222,2026-09-15 06:52:52.953807,0,6,4,4,3,standard,,,7.0,2026-08-12,"{""inboundCost"": 0, ""inboundDays"": 0, ""inbound_tat"": 0, ""inbound_cost"": 0, ""outboundCost"": 85.5, ""outboundDays"": 7, ""outbound_tat"": 7, ""qcBufferDays"": 0, ""qc_packaging"": 0, ""outbound_cost"": 8550}",paid,delivered,HUB_RECEIVED,0,0,,"{""cgstAmount"": 0, ""igstAmount"": 29709, ""sgstAmount"": 0, ""isInterState"": true, ""pgFeeGstAmount"": 0, ""totalGstAmount"": 29709, ""productGstAmount"": 28170, ""shippingGstAmount"": 1539}",,,,,,0,,ORD-20260805-0002,,,B2C,1565.0,156500,0.0,0,0.0,0,1947.59,194759,85.5,8550,85.5,8550.0,,0.0,,0.0,,0.0,0.0,0,297.09,29709,281.7,28170,15.39,1539,0.0,0,297.09,29709,0.0,0,0.0,0,0.0,0.0,,0.0,ORD-20260805-0002
17,fulfilled,,,2026-08-05 12:28:39.540095,2026-09-15 06:52:52.953807,0,6,4,4,3,standard,,,7.0,2026-08-12,"{""inboundCost"": 0, ""inboundDays"": 0, ""inbound_tat"": 0, ""inbound_cost"": 0, ""outboundCost"": 85.5, ""outboundDays"": 7, ""outbound_tat"": 7, ""qcBufferDays"": 0, ""qc_packaging"": 0, ""outbound_cost"": 8550}",paid,delivered,DELIVERED,0,0,,"{""cgstAmount"": 0, ""igstAmount"": 29709, ""sgstAmount"": 0, ""isInterState"": true, ""pgFeeGstAmount"": 0, ""totalGstAmount"": 29709, ""productGstAmount"": 28170, ""shippingGstAmount"": 1539}",,,,,,0,,ORD-20260805-0003,,,B2C,1565.0,156500,0.0,0,0.0,0,1947.59,194759,85.5,8550,85.5,8550.0,,0.0,,0.0,,0.0,0.0,0,297.09,29709,281.7,28170,15.39,1539,0.0,0,297.09,29709,0.0,0,0.0,0,0.0,0.0,,0.0,ORD-20260805-0003
18,pending,,Vendor did not accept within 72 hours.,2026-08-06 05:51:33.217575,2026-09-15 06:52:52.953807,0,8,6,6,1,standard,,,7.0,2026-08-13,"{""inboundCost"": 0, ""inboundDays"": 0, ""inbound_tat"": 0, ""inbound_cost"": 0, ""outboundCost"": 85.5, ""outboundDays"": 7, ""outbound_tat"": 7, ""qcBufferDays"": 0, ""qc_packaging"": 0, ""outbound_cost"": 8550}",paid,cancelled,CANCELLED,0,0,,"{""cgstAmount"": 0, ""igstAmount"": 8093, ""sgstAmount"": 0, ""isInterState"": true, ""pgFeeGstAmount"": 384, ""totalGstAmount"": 8093, ""productGstAmount"": 6170, ""shippingGstAmount"": 1539}",,,,,,1,,ORD-20260806-0001,,,B2C,1234.0,123400,0.0,0,0.0,0,1421.76,142176,85.5,8550,85.5,8550.0,,0.0,,0.0,,0.0,21.33,2133,80.93,8093,61.7,6170,15.39,1539,3.84,384,80.93,8093,0.0,0,0.0,0,0.0,0.0,,0.0,ORD-20260806-0001
19,fulfilled,,,2026-08-06 06:18:57.568864,2026-09-15 06:52:52.953807,0,8,6,6,3,standard,,,7.0,2026-08-13,"{""inboundCost"": 0, ""inboundDays"": 0, ""inbound_tat"": 0, ""inbound_cost"": 0, ""outboundCost"": 85.5, ""outboundDays"": 7, ""outbound_tat"": 7, ""qcBufferDays"": 0, ""qc_packaging"": 0, ""outbound_cost"": 8550}",paid,delivered,DELIVERED,0,0,,"{""cgstAmount"": 0, ""igstAmount"": 30244, ""sgstAmount"": 0, ""isInterState"": true, ""pgFeeGstAmount"": 535, ""totalGstAmount"": 30244, ""productGstAmount"": 28170, ""shippingGstAmount"": 1539}",,,,,,0,,ORD-20260806-0002,,,B2C,1565.0,156500,0.0,0,0.0,0,1982.68,198268,85.5,8550,85.5,8550.0,,0.0,,0.0,,0.0,29.74,2974,302.44,30244,281.7,28170,15.39,1539,5.35,535,302.44,30244,0.0,0,0.0,0,0.0,0.0,,0.0,ORD-20260806-0002
20,fulfilled,,,2026-08-06 07:48:11.626765,2026-09-15 06:52:52.953807,0,9,7,7,1,standard,,,7.0,2026-08-13,"{""inboundCost"": 0, ""inboundDays"": 0, ""inbound_tat"": 0, ""inbound_cost"": 0, ""outboundCost"": 85.5, ""outboundDays"": 7, ""outbound_tat"": 7, ""qcBufferDays"": 0, ""qc_packaging"": 0, ""outbound_cost"": 8550}",paid,delivered,DELIVERED,0,0,,"{""cgstAmount"": 4047, ""igstAmount"": 0, ""sgstAmount"": 4047, ""isInterState"": false, ""pgFeeGstAmount"": 384, ""totalGstAmount"": 8094, ""productGstAmount"": 6170, ""shippingGstAmount"": 1539}",,,,,,0,,ORD-20260806-0003,,,B2B,1234.0,123400,0.0,0,0.0,0,1421.77,142177,85.5,8550,85.5,8550.0,,0.0,,0.0,,0.0,21.33,2133,80.94,8094,61.7,6170,15.39,1539,3.84,384,80.94,8094,0.0,0,0.0,0,0.0,0.0,,0.0,ORD-20260806-0003
21,fulfilled,,,2026-08-06 08:23:32.178563,2026-09-15 06:52:52.953807,0,9,7,7,1,standard,,,7.0,2026-08-13,"{""inboundCost"": 0, ""inboundDays"": 0, ""inbound_tat"": 0, ""inbound_cost"": 0, ""outboundCost"": 85.5, ""outboundDays"": 7, ""outbound_tat"": 7, ""qcBufferDays"": 0, ""qc_packaging"": 0, ""outbound_cost"": 8550}",paid,delivered,DELIVERED,0,0,,"{""cgstAmount"": 4047, ""igstAmount"": 0, ""sgstAmount"": 4047, ""isInterState"": false, ""pgFeeGstAmount"": 384, ""totalGstAmount"": 8094, ""productGstAmount"": 6170, ""shippingGstAmount"": 1539}",,,,,,0,,ORD-20260806-0004,,,B2B,1234.0,123400,0.0,0,0.0,0,1421.77,142177,85.5,8550,85.5,8550.0,,0.0,,0.0,,0.0,21.33,2133,80.94,8094,61.7,6170,15.39,1539,3.84,384,80.94,8094,0.0,0,0.0,0,0.0,0.0,,0.0,ORD-20260806-0004
22,fulfilled,,,2026-08-06 16:23:10.161608,2026-09-15 06:52:52.953807,1,6,4,4,3,standard,BANK_TRANSFER,2026-08-06 22:10:50,7.0,2026-08-13,"{""inboundCost"": 0, ""inboundDays"": 0, ""inbound_tat"": 0, ""inbound_cost"": 0, ""outboundCost"": 85.5, ""outboundDays"": 7, ""outbound_tat"": 7, ""qcBufferDays"": 0, ""qc_packaging"": 0, ""outbound_cost"": 8550}",refunded,returned,HUB_RECEIVED,0,0,,"{""cgstAmount"": 0, ""igstAmount"": 29709, ""sgstAmount"": 0, ""isInterState"": true, ""pgFeeGstAmount"": 0, ""totalGstAmount"": 29709, ""productGstAmount"": 28170, ""shippingGstAmount"": 1539}",,,,,,0,"{""scenario"": ""RETURNED_BY_CUSTOMER"", ""taxRefunded"": 297.09, ""isInterState"": true, ""refundAmount"": 194759, ""totalWithheld"": 0, ""shippingRefunded"": 8550, ""shippingWithheld"": 0, ""calculationSource"": ""CREDIT_NOTE"", ""pgChargesRefunded"": 0, ""pgChargesWithheld"": 0, ""productBaseRefunded"": 1565}",ORD-20260806-0005,,,B2C,1565.0,156500,0.0,0,0.0,0,1947.59,194759,85.5,8550,85.5,8550.0,,0.0,,0.0,,0.0,0.0,0,297.09,29709,281.7,28170,15.39,1539,0.0,0,297.09,29709,0.0,0,0.0,0,0.0,0.0,1947.59,194759.0,ORD-20260806-0005
23,pending,,Vendor did not accept within 72 hours.,2026-08-07 03:27:58.575791,2026-09-15 06:52:52.953807,1,6,4,4,1,standard,WALLET,2026-09-04 16:18:50,7.0,2026-08-14,"{""inboundCost"": 0, ""inboundDays"": 0, ""inbound_tat"": 0, ""inbound_cost"": 0, ""outboundCost"": 85.5, ""outboundDays"": 7, ""outbound_tat"": 7, ""qcBufferDays"": 0, ""qc_packaging"": 0, ""outbound_cost"": 8550}",refunded,cancelled,CANCELLED,0,0,,"{""cgstAmount"": 0, ""igstAmount"": 8093, ""sgstAmount"": 0, ""isInterState"": true, ""pgFeeGstAmount"": 384, ""totalGstAmount"": 8093, ""productGstAmount"": 6170, ""shippingGstAmount"": 1539}",,,,,,0,,ORD-20260807-0001,,,B2C,1234.0,123400,0.0,0,0.0,0,1421.76,142176,85.5,8550,85.5,8550.0,,0.0,,0.0,,0.0,21.33,2133,80.93,8093,61.7,6170,15.39,1539,3.84,384,80.93,8093,0.0,0,0.0,0,0.0,0.0,,0.0,ORD-20260807-0001
24,pending,,Vendor did not accept within 72 hours.,2026-08-07 03:29:07.052735,2026-09-15 06:52:52.953807,1,6,4,4,3,standard,WALLET,2026-09-04 16:19:37,7.0,2026-08-14,"{""inboundCost"": 0, ""inboundDays"": 0, ""inbound_tat"": 0, ""inbound_cost"": 0, ""outboundCost"": 85.5, ""outboundDays"": 7, ""outbound_tat"": 7, ""qcBufferDays"": 0, ""qc_packaging"": 0, ""outbound_cost"": 8550}",refunded,cancelled,CANCELLED,0,0,,"{""cgstAmount"": 0, ""igstAmount"": 29709, ""sgstAmount"": 0, ""isInterState"": true, ""pgFeeGstAmount"": 0, ""totalGstAmount"": 29709, ""productGstAmount"": 28170, ""shippingGstAmount"": 1539}",,,,,,0,,ORD-20260807-0002,,,B2C,1565.0,156500,0.0,0,0.0,0,1947.59,194759,85.5,8550,85.5,8550.0,,0.0,,0.0,,0.0,0.0,0,297.09,29709,281.7,28170,15.39,1539,0.0,0,297.09,29709,0.0,0,0.0,0,0.0,0.0,,0.0,ORD-20260807-0002
25,fulfilled,,,2026-08-07 04:34:00.093778,2026-09-05 08:50:24.950709,0,6,4,4,3,standard,,,,,,pending,delivered,DELIVERED,0,0,,,,,,,,0,,,,,B2C,1565.0,156500,0.0,0,0.0,0,1947.59,194759,0.0,0,0.0,0.0,,0.0,,0.0,,0.0,0.0,0,0.0,0,0.0,0,0.0,0,0.0,0,0.0,0,0.0,0,0.0,0,,0.0,,0.0,
26,fulfilled,,Vendor did not accept within 72 hours.,2026-08-07 04:39:29.927143,2026-09-05 08:50:24.950709,0,6,4,4,3,standard,,,,,,pending,cancelled,CANCELLED,0,0,,,,,,,,1,,,,,B2C,1565.0,156500,0.0,0,0.0,0,1947.59,194759,0.0,0,0.0,0.0,,0.0,,0.0,,0.0,0.0,0,0.0,0,0.0,0,0.0,0,0.0,0,0.0,0,0.0,0,0.0,0,,0.0,,0.0,
27,fulfilled,,,2026-08-07 04:50:27.758376,2026-09-15 06:52:52.953807,0,6,4,4,1,standard,,,7.0,2026-08-14,"{""inboundCost"": 0, ""inboundDays"": 0, ""inbound_tat"": 0, ""inbound_cost"": 0, ""outboundCost"": 85.5, ""outboundDays"": 7, ""outbound_tat"": 7, ""qcBufferDays"": 0, ""qc_packaging"": 0, ""outbound_cost"": 8550}",paid,delivered,HUB_RECEIVED,0,0,,"{""cgstAmount"": 0, ""igstAmount"": 8093, ""sgstAmount"": 0, ""isInterState"": true, ""pgFeeGstAmount"": 384, ""totalGstAmount"": 8093, ""productGstAmount"": 6170, ""shippingGstAmount"": 1539}",,,,,,0,,ORD-20260807-0003,,,B2C,1234.0,123400,0.0,0,0.0,0,1421.76,142176,85.5,8550,85.5,8550.0,,0.0,,0.0,,0.0,21.33,2133,80.93,8093,61.7,6170,15.39,1539,3.84,384,80.93,8093,0.0,0,0.0,0,0.0,0.0,,0.0,ORD-20260807-0003
28,fulfilled,,,2026-08-07 05:00:44.420203,2026-09-15 06:52:52.953807,1,4,5,5,1,standard,WALLET,2026-08-08 18:21:22,7.0,2026-08-14,"{""inboundCost"": 0, ""inboundDays"": 0, ""inbound_tat"": 0, ""inbound_cost"": 0, ""outboundCost"": 85.5, ""outboundDays"": 7, ""outbound_tat"": 7, ""qcBufferDays"": 0, ""qc_packaging"": 0, ""outbound_cost"": 8550}",refunded,returned,HUB_RECEIVED,0,0,,"{""cgstAmount"": 4047, ""igstAmount"": 0, ""sgstAmount"": 4047, ""isInterState"": false, ""pgFeeGstAmount"": 384, ""totalGstAmount"": 8094, ""productGstAmount"": 6170, ""shippingGstAmount"": 1539}",,,,,,0,"{""scenario"": ""RETURNED_BY_CUSTOMER"", ""taxRefunded"": 80.94, ""isInterState"": false, ""refundAmount"": 142177, ""totalWithheld"": 0, ""shippingRefunded"": 8550, ""shippingWithheld"": 0, ""calculationSource"": ""CREDIT_NOTE"", ""pgChargesRefunded"": 2133, ""pgChargesWithheld"": 0, ""productBaseRefunded"": 1234}",ORD-20260807-0004,,,B2B,1234.0,123400,0.0,0,0.0,0,1421.77,142177,85.5,8550,85.5,8550.0,,0.0,,0.0,,0.0,21.33,2133,80.94,8094,61.7,6170,15.39,1539,3.84,384,80.94,8094,0.0,0,0.0,0,0.0,0.0,1421.77,142177.0,ORD-20260807-0004
29,fulfilled,,,2026-08-07 05:09:45.350318,2026-09-05 08:50:24.950709,0,6,4,4,1,standard,,,,,,pending,delivered,DELIVERED,0,0,,,,,,,,0,,,,,B2C,1234.0,123400,0.0,0,0.0,0,1421.76,142176,0.0,0,0.0,0.0,,0.0,,0.0,,0.0,0.0,0,0.0,0,0.0,0,0.0,0,0.0,0,0.0,0,0.0,0,0.0,0,,0.0,,0.0,
30,fulfilled,,,2026-08-07 05:27:39.190593,2026-09-15 06:52:52.953807,0,6,4,4,3,standard,,,7.0,2026-08-14,"{""inboundCost"": 0, ""inboundDays"": 0, ""inbound_tat"": 0, ""inbound_cost"": 0, ""outboundCost"": 85.5, ""outboundDays"": 7, ""outbound_tat"": 7, ""qcBufferDays"": 0, ""qc_packaging"": 0, ""outbound_cost"": 8550}",paid,delivered,HUB_RECEIVED,0,0,,"{""cgstAmount"": 0, ""igstAmount"": 29709, ""sgstAmount"": 0, ""isInterState"": true, ""pgFeeGstAmount"": 0, ""totalGstAmount"": 29709, ""productGstAmount"": 28170, ""shippingGstAmount"": 1539}",,,,,,0,,ORD-20260807-0005,,,B2C,1565.0,156500,0.0,0,0.0,0,1947.59,194759,85.5,8550,85.5,8550.0,,0.0,,0.0,,0.0,0.0,0,297.09,29709,281.7,28170,15.39,1539,0.0,0,297.09,29709,0.0,0,0.0,0,0.0,0.0,,0.0,ORD-20260807-0005
31,fulfilled,,,2026-08-07 05:56:11.712677,2026-09-15 06:52:52.953807,0,6,4,4,3,standard,,,7.0,2026-08-14,"{""inboundCost"": 0, ""inboundDays"": 0, ""inbound_tat"": 0, ""inbound_cost"": 0, ""outboundCost"": 85.5, ""outboundDays"": 7, ""outbound_tat"": 7, ""qcBufferDays"": 0, ""qc_packaging"": 0, ""outbound_cost"": 8550}",paid,delivered,HUB_RECEIVED,0,0,,"{""cgstAmount"": 0, ""igstAmount"": 29709, ""sgstAmount"": 0, ""isInterState"": true, ""pgFeeGstAmount"": 0, ""totalGstAmount"": 29709, ""productGstAmount"": 28170, ""shippingGstAmount"": 1539}",,,,,,0,,ORD-20260807-0006,,,B2C,1565.0,156500,0.0,0,0.0,0,1947.59,194759,85.5,8550,85.5,8550.0,,0.0,,0.0,,0.0,0.0,0,297.09,29709,281.7,28170,15.39,1539,0.0,0,297.09,29709,0.0,0,0.0,0,0.0,0.0,,0.0,ORD-20260807-0006
32,fulfilled,,Vendor did not accept within 72 hours.,2026-08-07 06:10:40.435398,2026-09-05 08:50:24.950709,0,6,4,4,3,standard,,,,,,pending,cancelled,CANCELLED,0,0,,,,,,,,1,,,,,B2C,1565.0,156500,0.0,0,0.0,0,1947.59,194759,0.0,0,0.0,0.0,,0.0,,0.0,,0.0,0.0,0,0.0,0,0.0,0,0.0,0,0.0,0,0.0,0,0.0,0,0.0,0,,0.0,,0.0,
33,fulfilled,,,2026-08-07 08:41:43.351122,2026-09-15 06:52:52.953807,0,6,4,4,1,standard,,,7.0,2026-08-14,"{""inboundCost"": 0, ""inboundDays"": 0, ""inbound_tat"": 0, ""inbound_cost"": 0, ""outboundCost"": 85.5, ""outboundDays"": 7, ""outbound_tat"": 7, ""qcBufferDays"": 0, ""qc_packaging"": 0, ""outbound_cost"": 8550}",paid,delivered,HUB_RECEIVED,0,0,,"{""cgstAmount"": 0, ""igstAmount"": 8093, ""sgstAmount"": 0, ""isInterState"": true, ""pgFeeGstAmount"": 384, ""totalGstAmount"": 8093, ""productGstAmount"": 6170, ""shippingGstAmount"": 1539}",,,,,,0,,ORD-20260807-0007,,,B2C,1234.0,123400,0.0,0,0.0,0,1421.76,142176,85.5,8550,85.5,8550.0,,0.0,,0.0,,0.0,21.33,2133,80.93,8093,61.7,6170,15.39,1539,3.84,384,80.93,8093,0.0,0,0.0,0,0.0,0.0,,0.0,ORD-20260807-0007
34,fulfilled,,Vendor did not accept within 72 hours.,2026-08-07 08:46:28.411052,2026-09-05 08:50:24.950709,0,6,4,4,1,standard,,,,,,pending,cancelled,CANCELLED,0,0,,,,,,,,1,,,,,B2C,1234.0,123400,0.0,0,0.0,0,1421.76,142176,0.0,0,0.0,0.0,,0.0,,0.0,,0.0,0.0,0,0.0,0,0.0,0,0.0,0,0.0,0,0.0,0,0.0,0,0.0,0,,0.0,,0.0,
35,fulfilled,,,2026-08-07 08:52:10.458127,2026-09-15 06:52:52.953807,0,6,4,4,3,standard,,,7.0,2026-08-14,"{""inboundCost"": 0, ""inboundDays"": 0, ""inbound_tat"": 0, ""inbound_cost"": 0, ""outboundCost"": 85.5, ""outboundDays"": 7, ""outbound_tat"": 7, ""qcBufferDays"": 0, ""qc_packaging"": 0, ""outbound_cost"": 8550}",paid,delivered,DELIVERED,0,0,,"{""cgstAmount"": 0, ""igstAmount"": 29709, ""sgstAmount"": 0, ""isInterState"": true, ""pgFeeGstAmount"": 0, ""totalGstAmount"": 29709, ""productGstAmount"": 28170, ""shippingGstAmount"": 1539}",,,,,,0,,ORD-20260807-0008,,,B2C,1565.0,156500,0.0,0,0.0,0,1947.59,194759,85.5,8550,85.5,8550.0,,0.0,,0.0,,0.0,0.0,0,297.09,29709,281.7,28170,15.39,1539,0.0,0,297.09,29709,0.0,0,0.0,0,0.0,0.0,,0.0,ORD-20260807-0008
36,fulfilled,,Vendor did not accept within 72 hours.,2026-08-07 09:02:30.968103,2026-09-05 08:50:24.950709,0,6,4,4,3,standard,,,,,,pending,cancelled,CANCELLED,0,0,,,,,,,,1,,,,,B2C,1565.0,156500,0.0,0,0.0,0,1947.59,194759,0.0,0,0.0,0.0,,0.0,,0.0,,0.0,0.0,0,0.0,0,0.0,0,0.0,0,0.0,0,0.0,0,0.0,0,0.0,0,,0.0,,0.0,
37,fulfilled,,,2026-08-07 10:54:53.996190,2026-09-15 06:52:52.953807,0,9,7,7,1,standard,,,7.0,2026-08-14,"{""inboundCost"": 0, ""inboundDays"": 0, ""inbound_tat"": 0, ""inbound_cost"": 0, ""outboundCost"": 85.5, ""outboundDays"": 7, ""outbound_tat"": 7, ""qcBufferDays"": 0, ""qc_packaging"": 0, ""outbound_cost"": 8550}",paid,shipped,AWB_BOOKED,0,0,,"{""cgstAmount"": 4047, ""igstAmount"": 0, ""sgstAmount"": 4047, ""isInterState"": false, ""pgFeeGstAmount"": 384, ""totalGstAmount"": 8094, ""productGstAmount"": 6170, ""shippingGstAmount"": 1539}",,,,,,0,,ORD-20260807-0009,,,B2B,1234.0,123400,0.0,0,0.0,0,1421.77,142177,85.5,8550,85.5,8550.0,,0.0,,0.0,,0.0,21.33,2133,80.94,8094,61.7,6170,15.39,1539,3.84,384,80.94,8094,0.0,0,0.0,0,0.0,0.0,,0.0,ORD-20260807-0009
38,fulfilled,,,2026-08-07 11:01:08.557464,2026-09-15 06:52:52.953807,0,9,7,7,1,standard,,,7.0,2026-08-14,"{""inboundCost"": 0, ""inboundDays"": 0, ""inbound_tat"": 0, ""inbound_cost"": 0, ""outboundCost"": 85.5, ""outboundDays"": 7, ""outbound_tat"": 7, ""qcBufferDays"": 0, ""qc_packaging"": 0, ""outbound_cost"": 8550}",paid,delivered,DELIVERED,0,0,,"{""cgstAmount"": 4047, ""igstAmount"": 0, ""sgstAmount"": 4047, ""isInterState"": false, ""pgFeeGstAmount"": 384, ""totalGstAmount"": 8094, ""productGstAmount"": 6170, ""shippingGstAmount"": 1539}",,,,,,0,,ORD-20260807-0010,,,B2B,1234.0,123400,0.0,0,0.0,0,1421.77,142177,85.5,8550,85.5,8550.0,,0.0,,0.0,,0.0,21.33,2133,80.94,8094,61.7,6170,15.39,1539,3.84,384,80.94,8094,0.0,0,0.0,0,0.0,0.0,,0.0,ORD-20260807-0010
39,pending,,Vendor did not accept within 72 hours.,2026-08-07 11:36:27.915305,2026-09-15 06:52:52.953807,0,9,7,7,1,standard,,,7.0,2026-08-14,"{""inboundCost"": 0, ""inboundDays"": 0, ""inbound_tat"": 0, ""inbound_cost"": 0, ""outboundCost"": 85.5, ""outboundDays"": 7, ""outbound_tat"": 7, ""qcBufferDays"": 0, ""qc_packaging"": 0, ""outbound_cost"": 8550}",paid,cancelled,CANCELLED,0,0,,"{""cgstAmount"": 4047, ""igstAmount"": 0, ""sgstAmount"": 4047, ""isInterState"": false, ""pgFeeGstAmount"": 384, ""totalGstAmount"": 8094, ""productGstAmount"": 6170, ""shippingGstAmount"": 1539}",,,,,,1,,ORD-20260807-0011,,,B2B,1234.0,123400,0.0,0,0.0,0,1421.77,142177,85.5,8550,85.5,8550.0,,0.0,,0.0,,0.0,21.33,2133,80.94,8094,61.7,6170,15.39,1539,3.84,384,80.94,8094,0.0,0,0.0,0,0.0,0.0,,0.0,ORD-20260807-0011
40,pending,,Vendor did not accept within 72 hours.,2026-08-07 14:11:56.651810,2026-09-15 06:52:52.953807,0,9,7,7,1,standard,,,7.0,2026-08-14,"{""inboundCost"": 0, ""inboundDays"": 0, ""inbound_tat"": 0, ""inbound_cost"": 0, ""outboundCost"": 85.5, ""outboundDays"": 7, ""outbound_tat"": 7, ""qcBufferDays"": 0, ""qc_packaging"": 0, ""outbound_cost"": 8550}",paid,cancelled,CANCELLED,0,0,,"{""cgstAmount"": 3855, ""igstAmount"": 0, ""sgstAmount"": 3855, ""isInterState"": false, ""pgFeeGstAmount"": 0, ""totalGstAmount"": 7710, ""productGstAmount"": 6170, ""shippingGstAmount"": 1539}",,,,,,1,,ORD-20260807-0012,,,B2B,1234.0,123400,0.0,0,0.0,0,1396.6,139660,85.5,8550,85.5,8550.0,,0.0,,0.0,,0.0,0.0,0,77.1,7710,61.7,6170,15.39,1539,0.0,0,77.1,7710,0.0,0,0.0,0,0.0,0.0,,0.0,ORD-20260807-0012
41,fulfilled,,,2026-08-08 04:02:52.207393,2026-09-15 06:52:52.953807,0,6,4,4,1,standard,,,7.0,2026-08-15,"{""inboundCost"": 0, ""inboundDays"": 0, ""inbound_tat"": 0, ""inbound_cost"": 0, ""outboundCost"": 85.5, ""outboundDays"": 7, ""outbound_tat"": 7, ""qcBufferDays"": 0, ""qc_packaging"": 0, ""outbound_cost"": 8550}",paid,delivered,DELIVERED,0,0,,"{""cgstAmount"": 0, ""igstAmount"": 8093, ""sgstAmount"": 0, ""isInterState"": true, ""pgFeeGstAmount"": 384, ""totalGstAmount"": 8093, ""productGstAmount"": 6170, ""shippingGstAmount"": 1539}",,,,,,0,,ORD-20260808-0001,,,B2C,1234.0,123400,0.0,0,0.0,0,1421.76,142176,85.5,8550,85.5,8550.0,,0.0,,0.0,,0.0,21.33,2133,80.93,8093,61.7,6170,15.39,1539,3.84,384,80.93,8093,0.0,0,0.0,0,0.0,0.0,,0.0,ORD-20260808-0001
42,fulfilled,,,2026-08-08 04:08:51.470359,2026-09-05 10:31:11,0,6,4,4,1,standard,,,,,,pending,delivered,DELIVERED,0,0,,,,,,,,0,,,,,B2C,1234.0,123400,0.0,0,0.0,0,1421.76,142176,0.0,0,0.0,0.0,,0.0,,0.0,,0.0,0.0,0,0.0,0,0.0,0,0.0,0,0.0,0,0.0,0,0.0,0,0.0,0,,0.0,,0.0,
43,fulfilled,,,2026-08-08 04:12:01.505737,2026-09-15 06:52:52.953807,0,6,4,4,1,standard,,,7.0,2026-08-15,"{""inboundCost"": 0, ""inboundDays"": 0, ""inbound_tat"": 0, ""inbound_cost"": 0, ""outboundCost"": 85.5, ""outboundDays"": 7, ""outbound_tat"": 7, ""qcBufferDays"": 0, ""qc_packaging"": 0, ""outbound_cost"": 8550}",paid,delivered,HUB_RECEIVED,0,0,,"{""cgstAmount"": 0, ""igstAmount"": 8093, ""sgstAmount"": 0, ""isInterState"": true, ""pgFeeGstAmount"": 384, ""totalGstAmount"": 8093, ""productGstAmount"": 6170, ""shippingGstAmount"": 1539}",,,,,,0,,ORD-20260808-0002,,,B2C,1234.0,123400,0.0,0,0.0,0,1421.76,142176,85.5,8550,85.5,8550.0,,0.0,,0.0,,0.0,21.33,2133,80.93,8093,61.7,6170,15.39,1539,3.84,384,80.93,8093,0.0,0,0.0,0,0.0,0.0,,0.0,ORD-20260808-0002
44,fulfilled,,,2026-08-08 04:16:22.930348,2026-09-05 08:50:24.950709,0,6,4,4,1,standard,,,,,,pending,delivered,DELIVERED,0,0,,,,,,,,0,,,,,B2C,1234.0,123400,0.0,0,0.0,0,1421.76,142176,0.0,0,0.0,0.0,,0.0,,0.0,,0.0,0.0,0,0.0,0,0.0,0,0.0,0,0.0,0,0.0,0,0.0,0,0.0,0,,0.0,,0.0,
45,fulfilled,,,2026-08-08 05:31:28.373828,2026-09-15 06:52:52.953807,0,9,7,7,1,standard,,,7.0,2026-08-15,"{""inboundCost"": 0, ""inboundDays"": 0, ""inbound_tat"": 0, ""inbound_cost"": 0, ""outboundCost"": 85.5, ""outboundDays"": 7, ""outbound_tat"": 7, ""qcBufferDays"": 0, ""qc_packaging"": 0, ""outbound_cost"": 8550}",paid,delivered,DELIVERED,0,0,,"{""cgstAmount"": 4047, ""igstAmount"": 0, ""sgstAmount"": 4047, ""isInterState"": false, ""pgFeeGstAmount"": 384, ""totalGstAmount"": 8094, ""productGstAmount"": 6170, ""shippingGstAmount"": 1539}",,,,,,0,,ORD-20260808-0003,,,B2B,1234.0,123400,0.0,0,0.0,0,1421.77,142177,85.5,8550,85.5,8550.0,,0.0,,0.0,,0.0,21.33,2133,80.94,8094,61.7,6170,15.39,1539,3.84,384,80.94,8094,0.0,0,0.0,0,0.0,0.0,,0.0,ORD-20260808-0003
46,fulfilled,,,2026-08-08 07:19:02.322342,2026-09-15 06:52:52.953807,0,6,4,4,3,standard,,,7.0,2026-08-15,"{""inboundCost"": 0, ""inboundDays"": 0, ""inbound_tat"": 0, ""inbound_cost"": 0, ""outboundCost"": 85.5, ""outboundDays"": 7, ""outbound_tat"": 7, ""qcBufferDays"": 0, ""qc_packaging"": 0, ""outbound_cost"": 8550}",paid,delivered,DELIVERED,0,0,,"{""cgstAmount"": 0, ""igstAmount"": 29709, ""sgstAmount"": 0, ""isInterState"": true, ""pgFeeGstAmount"": 0, ""totalGstAmount"": 29709, ""productGstAmount"": 28170, ""shippingGstAmount"": 1539}",,,,,,0,,ORD-20260808-0004,,,B2C,1565.0,156500,0.0,0,0.0,0,1947.59,194759,85.5,8550,85.5,8550.0,,0.0,,0.0,,0.0,0.0,0,297.09,29709,281.7,28170,15.39,1539,0.0,0,297.09,29709,0.0,0,0.0,0,0.0,0.0,,0.0,ORD-20260808-0004
47,fulfilled,,,2026-08-08 07:19:02.399470,2026-09-15 06:52:52.953807,0,6,4,4,3,standard,,,7.0,2026-08-15,"{""inboundCost"": 0, ""inboundDays"": 0, ""inbound_tat"": 0, ""inbound_cost"": 0, ""outboundCost"": 85.5, ""outboundDays"": 7, ""outbound_tat"": 7, ""qcBufferDays"": 0, ""qc_packaging"": 0, ""outbound_cost"": 8550}",paid,delivered,DELIVERED,0,0,,"{""cgstAmount"": 0, ""igstAmount"": 32589, ""sgstAmount"": 0, ""isInterState"": true, ""pgFeeGstAmount"": 0, ""totalGstAmount"": 32589, ""productGstAmount"": 31050, ""shippingGstAmount"": 1539}",,,,,,0,,ORD-20260808-0005,,,B2C,1725.0,172500,0.0,0,0.0,0,2136.39,213639,85.5,8550,85.5,8550.0,,0.0,,0.0,,0.0,0.0,0,325.89,32589,310.5,31050,15.39,1539,0.0,0,325.89,32589,0.0,0,0.0,0,0.0,0.0,,0.0,ORD-20260808-0005
48,fulfilled,,,2026-08-08 07:19:02.447566,2026-09-15 06:52:52.953807,0,6,4,4,3,standard,,,7.0,2026-08-15,"{""inboundCost"": 0, ""inboundDays"": 0, ""inbound_tat"": 0, ""inbound_cost"": 0, ""outboundCost"": 85.5, ""outboundDays"": 7, ""outbound_tat"": 7, ""qcBufferDays"": 0, ""qc_packaging"": 0, ""outbound_cost"": 8550}",paid,delivered,DELIVERED,0,0,,"{""cgstAmount"": 0, ""igstAmount"": 15003, ""sgstAmount"": 0, ""isInterState"": true, ""pgFeeGstAmount"": 0, ""totalGstAmount"": 15003, ""productGstAmount"": 13464, ""shippingGstAmount"": 1539}",,,,,,0,,ORD-20260808-0006,,,B2C,748.0,74800,0.0,0,0.0,0,983.53,98353,85.5,8550,85.5,8550.0,,0.0,,0.0,,0.0,0.0,0,150.03,15003,134.64,13464,15.39,1539,0.0,0,150.03,15003,0.0,0,0.0,0,0.0,0.0,,0.0,ORD-20260808-0006
49,fulfilled,1.0,don't want,2026-08-08 08:36:50.254742,2026-09-15 06:52:52.953807,1,6,4,4,3,standard,BANK_TRANSFER,2026-08-08 14:28:39,7.0,2026-08-15,"{""inboundCost"": 0, ""inboundDays"": 0, ""inbound_tat"": 0, ""inbound_cost"": 0, ""outboundCost"": 85.5, ""outboundDays"": 7, ""outbound_tat"": 7, ""qcBufferDays"": 0, ""qc_packaging"": 0, ""outbound_cost"": 8550}",refunded,cancelled,CANCELLED,0,0,,"{""cgstAmount"": 0, ""igstAmount"": 32589, ""sgstAmount"": 0, ""isInterState"": true, ""pgFeeGstAmount"": 0, ""totalGstAmount"": 32589, ""productGstAmount"": 31050, ""shippingGstAmount"": 1539}",,,,,,0,"{""scenario"": ""BEFORE_SHIP_TO_CUSTOMER"", ""taxRefunded"": 325.89, ""isInterState"": true, ""pgGstWithheld"": 0, ""totalWithheld"": 0, ""shippingRefunded"": 8550, ""totalTaxRefunded"": 325.89, ""calculationSource"": ""PRE_DISPATCH_ORDER"", ""pgChargesRefunded"": 0, ""pgChargesWithheld"": 0, ""productGstRefunded"": 310.5, ""productBaseRefunded"": 1725, ""shippingGstRefunded"": 15.39, ""shippingBaseRefunded"": 85.5}",ORD-20260808-0007,,,B2C,1725.0,172500,0.0,0,0.0,0,2136.39,213639,85.5,8550,85.5,8550.0,,0.0,,0.0,,0.0,0.0,0,325.89,32589,310.5,31050,15.39,1539,0.0,0,325.89,32589,0.0,0,0.0,0,0.0,0.0,2136.39,213639.0,ORD-20260808-0007
50,pending,,Vendor did not accept within 72 hours.,2026-08-08 09:11:45.198690,2026-09-15 06:52:52.953807,0,6,4,4,3,standard,,,7.0,2026-08-15,"{""inboundCost"": 0, ""inboundDays"": 0, ""inbound_tat"": 0, ""inbound_cost"": 0, ""outboundCost"": 85.5, ""outboundDays"": 7, ""outbound_tat"": 7, ""qcBufferDays"": 0, ""qc_packaging"": 0, ""outbound_cost"": 8550}",paid,cancelled,CANCELLED,0,0,,"{""cgstAmount"": 0, ""igstAmount"": 32589, ""sgstAmount"": 0, ""isInterState"": true, ""pgFeeGstAmount"": 0, ""totalGstAmount"": 32589, ""productGstAmount"": 31050, ""shippingGstAmount"": 1539}",,,,,,1,,ORD-20260808-0008,,,B2C,1725.0,172500,0.0,0,0.0,0,2136.39,213639,85.5,8550,85.5,8550.0,,0.0,,0.0,,0.0,0.0,0,325.89,32589,310.5,31050,15.39,1539,0.0,0,325.89,32589,0.0,0,0.0,0,0.0,0.0,,0.0,ORD-20260808-0008
51,fulfilled,1.0,Don't want,2026-08-08 09:12:53.014916,2026-09-15 06:52:52.953807,1,6,4,4,3,standard,BANK_TRANSFER,2026-08-08 15:01:14,7.0,2026-08-15,"{""inboundCost"": 0, ""inboundDays"": 0, ""inbound_tat"": 0, ""inbound_cost"": 0, ""outboundCost"": 85.5, ""outboundDays"": 7, ""outbound_tat"": 7, ""qcBufferDays"": 0, ""qc_packaging"": 0, ""outbound_cost"": 8550}",refunded,cancelled,CANCELLED,0,0,,"{""cgstAmount"": 0, ""igstAmount"": 15003, ""sgstAmount"": 0, ""isInterState"": true, ""pgFeeGstAmount"": 0, ""totalGstAmount"": 15003, ""productGstAmount"": 13464, ""shippingGstAmount"": 1539}",,,,,,0,"{""scenario"": ""AFTER_SHIP_TO_CUSTOMER"", ""taxRefunded"": 134.64, ""productRefunded"": 748, ""shippingRefunded"": 0, ""shippingWithheld"": 10089, ""calculationSource"": ""CREDIT_NOTE"", ""pgChargesRefunded"": 0, ""pgChargesWithheld"": 0, ""productBaseRefunded"": 748}",ORD-20260808-0009,,,B2C,748.0,74800,0.0,0,0.0,0,983.53,98353,85.5,8550,85.5,8550.0,,0.0,,0.0,,0.0,0.0,0,150.03,15003,134.64,13464,15.39,1539,0.0,0,150.03,15003,0.0,0,0.0,0,0.0,0.0,882.64,88264.0,ORD-20260808-0009
52,fulfilled,,,2026-08-08 09:42:56.242457,2026-09-15 06:52:52.953807,0,6,4,4,3,standard,,,7.0,2026-08-15,"{""inboundCost"": 0, ""inboundDays"": 0, ""inbound_tat"": 0, ""inbound_cost"": 0, ""outboundCost"": 85.5, ""outboundDays"": 7, ""outbound_tat"": 7, ""qcBufferDays"": 0, ""qc_packaging"": 0, ""outbound_cost"": 8550}",paid,processing,HUB_RECEIVED,0,0,,"{""cgstAmount"": 0, ""igstAmount"": 32589, ""sgstAmount"": 0, ""isInterState"": true, ""pgFeeGstAmount"": 0, ""totalGstAmount"": 32589, ""productGstAmount"": 31050, ""shippingGstAmount"": 1539}",,,,,,0,,ORD-20260808-0010,,,B2C,1725.0,172500,0.0,0,0.0,0,2136.39,213639,85.5,8550,85.5,8550.0,,0.0,,0.0,,0.0,0.0,0,325.89,32589,310.5,31050,15.39,1539,0.0,0,325.89,32589,0.0,0,0.0,0,0.0,0.0,,0.0,ORD-20260808-0010
53,fulfilled,,,2026-08-08 10:28:09.963169,2026-09-15 06:52:52.953807,0,6,4,4,3,standard,,,7.0,2026-08-15,"{""inboundCost"": 0, ""inboundDays"": 0, ""inbound_tat"": 0, ""inbound_cost"": 0, ""outboundCost"": 85.5, ""outboundDays"": 7, ""outbound_tat"": 7, ""qcBufferDays"": 0, ""qc_packaging"": 0, ""outbound_cost"": 8550}",paid,delivered,DELIVERED,0,0,,"{""cgstAmount"": 0, ""igstAmount"": 15003, ""sgstAmount"": 0, ""isInterState"": true, ""pgFeeGstAmount"": 0, ""totalGstAmount"": 15003, ""productGstAmount"": 13464, ""shippingGstAmount"": 1539}",,,,,,0,,ORD-20260808-0011,,,B2C,748.0,74800,0.0,0,0.0,0,983.53,98353,85.5,8550,85.5,8550.0,,0.0,,0.0,,0.0,0.0,0,150.03,15003,134.64,13464,15.39,1539,0.0,0,150.03,15003,0.0,0,0.0,0,0.0,0.0,,0.0,ORD-20260808-0011
54,fulfilled,,,2026-08-08 10:32:45.190399,2026-09-05 08:50:24.950709,0,6,4,4,3,standard,,,,,,pending,delivered,DELIVERED,0,0,,,,,,,,0,,,,,B2C,748.0,74800,0.0,0,0.0,0,983.53,98353,0.0,0,0.0,0.0,,0.0,,0.0,,0.0,0.0,0,0.0,0,0.0,0,0.0,0,0.0,0,0.0,0,0.0,0,0.0,0,,0.0,,0.0,
55,fulfilled,,,2026-08-08 11:01:34.175439,2026-09-15 06:52:52.953807,0,6,4,4,3,standard,,,7.0,2026-08-15,"{""inboundCost"": 0, ""inboundDays"": 0, ""inbound_tat"": 0, ""inbound_cost"": 0, ""outboundCost"": 85.5, ""outboundDays"": 7, ""outbound_tat"": 7, ""qcBufferDays"": 0, ""qc_packaging"": 0, ""outbound_cost"": 8550}",paid,delivered,DELIVERED,0,0,,"{""cgstAmount"": 0, ""igstAmount"": 15003, ""sgstAmount"": 0, ""isInterState"": true, ""pgFeeGstAmount"": 0, ""totalGstAmount"": 15003, ""productGstAmount"": 13464, ""shippingGstAmount"": 1539}",,,,,,0,,ORD-20260808-0012,,,B2C,748.0,74800,0.0,0,0.0,0,983.53,98353,85.5,8550,85.5,8550.0,,0.0,,0.0,,0.0,0.0,0,150.03,15003,134.64,13464,15.39,1539,0.0,0,150.03,15003,0.0,0,0.0,0,0.0,0.0,,0.0,ORD-20260808-0012
56,fulfilled,,,2026-08-10 06:15:47.223883,2026-09-15 06:52:52.953807,0,4,5,5,1,standard,,,7.0,2026-08-17,"{""inboundCost"": 0, ""inboundDays"": 0, ""inbound_tat"": 0, ""inbound_cost"": 0, ""outboundCost"": 85.5, ""outboundDays"": 7, ""outbound_tat"": 7, ""qcBufferDays"": 0, ""qc_packaging"": 0, ""outbound_cost"": 8550}",refund_pending,returned,HUB_RECEIVED,0,0,,"{""cgstAmount"": 3855, ""igstAmount"": 0, ""sgstAmount"": 3855, ""isInterState"": false, ""pgFeeGstAmount"": 0, ""totalGstAmount"": 7710, ""productGstAmount"": 6170, ""shippingGstAmount"": 1539}",,,,,,0,"{""scenario"": ""RETURNED_BY_CUSTOMER"", ""taxRefunded"": 77.1, ""isInterState"": false, ""refundAmount"": 139660, ""totalWithheld"": 0, ""shippingRefunded"": 8550, ""shippingWithheld"": 0, ""calculationSource"": ""CREDIT_NOTE"", ""pgChargesRefunded"": 0, ""pgChargesWithheld"": 0, ""productBaseRefunded"": 1234}",ORD-20260810-0001,,,B2B,1234.0,123400,0.0,0,0.0,0,1396.6,139660,85.5,8550,85.5,8550.0,,0.0,,0.0,,0.0,0.0,0,77.1,7710,61.7,6170,15.39,1539,0.0,0,77.1,7710,0.0,0,0.0,0,0.0,0.0,1396.6,139660.0,ORD-20260810-0001
57,fulfilled,,,2026-08-10 08:31:21.994661,2026-09-15 06:52:52.953807,0,6,4,4,3,standard,,,7.0,2026-08-17,"{""inboundCost"": 0, ""inboundDays"": 0, ""inbound_tat"": 0, ""inbound_cost"": 0, ""outboundCost"": 85.5, ""outboundDays"": 7, ""outbound_tat"": 7, ""qcBufferDays"": 0, ""qc_packaging"": 0, ""outbound_cost"": 8550}",paid,processing,HUB_RECEIVED,0,0,,"{""cgstAmount"": 0, ""igstAmount"": 29709, ""sgstAmount"": 0, ""isInterState"": true, ""pgFeeGstAmount"": 0, ""totalGstAmount"": 29709, ""productGstAmount"": 28170, ""shippingGstAmount"": 1539}",,,,,,0,,ORD-20260810-0002,,,B2C,1565.0,156500,0.0,0,0.0,0,1947.59,194759,85.5,8550,85.5,8550.0,,0.0,,0.0,,0.0,0.0,0,297.09,29709,281.7,28170,15.39,1539,0.0,0,297.09,29709,0.0,0,0.0,0,0.0,0.0,,0.0,ORD-20260810-0002
58,fulfilled,,,2026-08-10 08:51:22.509906,2026-09-15 06:52:52.953807,0,6,4,4,3,standard,,,7.0,2026-08-17,"{""inboundCost"": 0, ""inboundDays"": 0, ""inbound_tat"": 0, ""inbound_cost"": 0, ""outboundCost"": 85.5, ""outboundDays"": 7, ""outbound_tat"": 7, ""qcBufferDays"": 0, ""qc_packaging"": 0, ""outbound_cost"": 8550}",paid,delivered,DELIVERED,0,0,,"{""cgstAmount"": 0, ""igstAmount"": 15003, ""sgstAmount"": 0, ""isInterState"": true, ""pgFeeGstAmount"": 0, ""totalGstAmount"": 15003, ""productGstAmount"": 13464, ""shippingGstAmount"": 1539}",,,,,,0,,ORD-20260810-0003,,,B2C,748.0,74800,0.0,0,0.0,0,983.53,98353,85.5,8550,85.5,8550.0,,0.0,,0.0,,0.0,0.0,0,150.03,15003,134.64,13464,15.39,1539,0.0,0,150.03,15003,0.0,0,0.0,0,0.0,0.0,,0.0,ORD-20260810-0003
59,fulfilled,,,2026-08-10 09:00:10.144171,2026-09-15 06:52:52.953807,0,6,4,4,3,standard,,,7.0,2026-08-17,"{""inboundCost"": 0, ""inboundDays"": 0, ""inbound_tat"": 0, ""inbound_cost"": 0, ""outboundCost"": 85.5, ""outboundDays"": 7, ""outbound_tat"": 7, ""qcBufferDays"": 0, ""qc_packaging"": 0, ""outbound_cost"": 8550}",paid,delivered,DELIVERED,0,0,,"{""cgstAmount"": 0, ""igstAmount"": 32589, ""sgstAmount"": 0, ""isInterState"": true, ""pgFeeGstAmount"": 0, ""totalGstAmount"": 32589, ""productGstAmount"": 31050, ""shippingGstAmount"": 1539}",,,,,,0,,ORD-20260810-0004,,,B2C,1725.0,172500,0.0,0,0.0,0,2136.39,213639,85.5,8550,85.5,8550.0,,0.0,,0.0,,0.0,0.0,0,325.89,32589,310.5,31050,15.39,1539,0.0,0,325.89,32589,0.0,0,0.0,0,0.0,0.0,,0.0,ORD-20260810-0004
60,fulfilled,,,2026-08-10 09:06:22.894876,2026-09-15 06:52:52.953807,0,6,4,4,3,standard,,,7.0,2026-08-17,"{""inboundCost"": 0, ""inboundDays"": 0, ""inbound_tat"": 0, ""inbound_cost"": 0, ""outboundCost"": 85.5, ""outboundDays"": 7, ""outbound_tat"": 7, ""qcBufferDays"": 0, ""qc_packaging"": 0, ""outbound_cost"": 8550}",paid,processing,HUB_RECEIVED,0,0,,"{""cgstAmount"": 0, ""igstAmount"": 29709, ""sgstAmount"": 0, ""isInterState"": true, ""pgFeeGstAmount"": 0, ""totalGstAmount"": 29709, ""productGstAmount"": 28170, ""shippingGstAmount"": 1539}",,,,,,0,,ORD-20260810-0005,,,B2C,1565.0,156500,0.0,0,0.0,0,1947.59,194759,85.5,8550,85.5,8550.0,,0.0,,0.0,,0.0,0.0,0,297.09,29709,281.7,28170,15.39,1539,0.0,0,297.09,29709,0.0,0,0.0,0,0.0,0.0,,0.0,ORD-20260810-0005
61,fulfilled,,,2026-08-10 09:11:16.579882,2026-09-15 06:52:52.953807,0,6,4,4,3,standard,,,7.0,2026-08-17,"{""inboundCost"": 0, ""inboundDays"": 0, ""inbound_tat"": 0, ""inbound_cost"": 0, ""outboundCost"": 85.5, ""outboundDays"": 7, ""outbound_tat"": 7, ""qcBufferDays"": 0, ""qc_packaging"": 0, ""outbound_cost"": 8550}",paid,shipped,AWB_BOOKED,0,0,,"{""cgstAmount"": 0, ""igstAmount"": 32589, ""sgstAmount"": 0, ""isInterState"": true, ""pgFeeGstAmount"": 0, ""totalGstAmount"": 32589, ""productGstAmount"": 31050, ""shippingGstAmount"": 1539}",,,,,,0,,ORD-20260810-0006,,,B2C,1725.0,172500,0.0,0,0.0,0,2136.39,213639,85.5,8550,85.5,8550.0,,0.0,,0.0,,0.0,0.0,0,325.89,32589,310.5,31050,15.39,1539,0.0,0,325.89,32589,0.0,0,0.0,0,0.0,0.0,,0.0,ORD-20260810-0006
62,pending,1.0,Not required.,2026-08-10 09:18:59.867091,2026-09-15 06:52:52.953807,1,6,4,4,3,standard,BANK_TRANSFER,2026-08-10 16:04:12,7.0,2026-08-17,"{""inboundCost"": 0, ""inboundDays"": 0, ""inbound_tat"": 0, ""inbound_cost"": 0, ""outboundCost"": 85.5, ""outboundDays"": 7, ""outbound_tat"": 7, ""qcBufferDays"": 0, ""qc_packaging"": 0, ""outbound_cost"": 8550}",refunded,cancelled,CANCELLED,0,0,,"{""cgstAmount"": 0, ""igstAmount"": 32589, ""sgstAmount"": 0, ""isInterState"": true, ""pgFeeGstAmount"": 0, ""totalGstAmount"": 32589, ""productGstAmount"": 31050, ""shippingGstAmount"": 1539}",,,,,,0,"{""scenario"": ""BEFORE_SHIP_TO_CUSTOMER"", ""taxRefunded"": 325.89, ""isInterState"": true, ""pgGstWithheld"": 0, ""totalWithheld"": 0, ""shippingRefunded"": 8550, ""totalTaxRefunded"": 325.89, ""calculationSource"": ""PRE_DISPATCH_ORDER"", ""pgChargesRefunded"": 0, ""pgChargesWithheld"": 0, ""productGstRefunded"": 310.5, ""productBaseRefunded"": 1725, ""shippingGstRefunded"": 15.39, ""shippingBaseRefunded"": 85.5}",ORD-20260810-0007,,,B2C,1725.0,172500,0.0,0,0.0,0,2136.39,213639,85.5,8550,85.5,8550.0,,0.0,,0.0,,0.0,0.0,0,325.89,32589,310.5,31050,15.39,1539,0.0,0,325.89,32589,0.0,0,0.0,0,0.0,0.0,2136.39,213639.0,ORD-20260810-0007
63,fulfilled,,,2026-08-10 09:44:41.623436,2026-09-15 06:52:52.953807,0,6,4,4,3,standard,,,7.0,2026-08-17,"{""inboundCost"": 0, ""inboundDays"": 0, ""inbound_tat"": 0, ""inbound_cost"": 0, ""outboundCost"": 85.5, ""outboundDays"": 7, ""outbound_tat"": 7, ""qcBufferDays"": 0, ""qc_packaging"": 0, ""outbound_cost"": 8550}",paid,processing,HUB_RECEIVED,0,0,,"{""cgstAmount"": 0, ""igstAmount"": 32589, ""sgstAmount"": 0, ""isInterState"": true, ""pgFeeGstAmount"": 0, ""totalGstAmount"": 32589, ""productGstAmount"": 31050, ""shippingGstAmount"": 1539}",,,,,,0,,ORD-20260810-0008,,,B2C,1725.0,172500,0.0,0,0.0,0,2136.39,213639,85.5,8550,85.5,8550.0,,0.0,,0.0,,0.0,0.0,0,325.89,32589,310.5,31050,15.39,1539,0.0,0,325.89,32589,0.0,0,0.0,0,0.0,0.0,,0.0,ORD-20260810-0008
64,fulfilled,1.0,Not required.,2026-08-10 10:18:19.086879,2026-09-15 06:52:52.953807,0,6,4,4,3,standard,,,7.0,2026-08-17,"{""inboundCost"": 0, ""inboundDays"": 0, ""inbound_tat"": 0, ""inbound_cost"": 0, ""outboundCost"": 85.5, ""outboundDays"": 7, ""outbound_tat"": 7, ""qcBufferDays"": 0, ""qc_packaging"": 0, ""outbound_cost"": 8550}",paid,cancelled,CANCELLED,0,0,,"{""cgstAmount"": 0, ""igstAmount"": 32589, ""sgstAmount"": 0, ""isInterState"": true, ""pgFeeGstAmount"": 0, ""totalGstAmount"": 32589, ""productGstAmount"": 31050, ""shippingGstAmount"": 1539}",,,,,,0,"{""scenario"": ""BEFORE_SHIP_TO_CUSTOMER"", ""taxRefunded"": 325.89, ""isInterState"": true, ""pgGstWithheld"": 0, ""totalWithheld"": 0, ""shippingRefunded"": 8550, ""totalTaxRefunded"": 325.89, ""calculationSource"": ""PRE_DISPATCH_ORDER"", ""pgChargesRefunded"": 0, ""pgChargesWithheld"": 0, ""productGstRefunded"": 310.5, ""productBaseRefunded"": 1725, ""shippingGstRefunded"": 15.39, ""shippingBaseRefunded"": 85.5}",ORD-20260810-0009,,,B2C,1725.0,172500,0.0,0,0.0,0,2136.39,213639,85.5,8550,85.5,8550.0,,0.0,,0.0,,0.0,0.0,0,325.89,32589,310.5,31050,15.39,1539,0.0,0,325.89,32589,0.0,0,0.0,0,0.0,0.0,2136.39,213639.0,ORD-20260810-0009
65,fulfilled,1.0,Wrong product,2026-08-10 10:55:37.883074,2026-09-15 06:52:52.953807,0,6,4,4,3,standard,,,7.0,2026-08-17,"{""inboundCost"": 0, ""inboundDays"": 0, ""inbound_tat"": 0, ""inbound_cost"": 0, ""outboundCost"": 85.5, ""outboundDays"": 7, ""outbound_tat"": 7, ""qcBufferDays"": 0, ""qc_packaging"": 0, ""outbound_cost"": 8550}",paid,cancelled,CANCELLED,0,0,,"{""cgstAmount"": 0, ""igstAmount"": 32589, ""sgstAmount"": 0, ""isInterState"": true, ""pgFeeGstAmount"": 0, ""totalGstAmount"": 32589, ""productGstAmount"": 31050, ""shippingGstAmount"": 1539}",,,,,,0,"{""scenario"": ""BEFORE_SHIP_TO_CUSTOMER"", ""taxRefunded"": 325.89, ""isInterState"": true, ""pgGstWithheld"": 0, ""totalWithheld"": 0, ""shippingRefunded"": 8550, ""totalTaxRefunded"": 325.89, ""calculationSource"": ""PRE_DISPATCH_ORDER"", ""pgChargesRefunded"": 0, ""pgChargesWithheld"": 0, ""productGstRefunded"": 310.5, ""productBaseRefunded"": 1725, ""shippingGstRefunded"": 15.39, ""shippingBaseRefunded"": 85.5}",ORD-20260810-0010,,,B2C,1725.0,172500,0.0,0,0.0,0,2136.39,213639,85.5,8550,85.5,8550.0,,0.0,,0.0,,0.0,0.0,0,325.89,32589,310.5,31050,15.39,1539,0.0,0,325.89,32589,0.0,0,0.0,0,0.0,0.0,2136.39,213639.0,ORD-20260810-0010
66,fulfilled,,,2026-08-10 15:34:05.069977,2026-09-15 06:52:52.953807,0,6,4,4,3,standard,,,7.0,2026-08-17,"{""inboundCost"": 0, ""inboundDays"": 0, ""inbound_tat"": 0, ""inbound_cost"": 0, ""outboundCost"": 85.5, ""outboundDays"": 7, ""outbound_tat"": 7, ""qcBufferDays"": 0, ""qc_packaging"": 0, ""outbound_cost"": 8550}",paid,shipped,AWB_BOOKED,0,0,,"{""cgstAmount"": 0, ""igstAmount"": 32589, ""sgstAmount"": 0, ""isInterState"": true, ""pgFeeGstAmount"": 0, ""totalGstAmount"": 32589, ""productGstAmount"": 31050, ""shippingGstAmount"": 1539}",,,,,,0,,ORD-20260810-0011,,,B2C,1725.0,172500,0.0,0,0.0,0,2136.39,213639,85.5,8550,85.5,8550.0,,0.0,,0.0,,0.0,0.0,0,325.89,32589,310.5,31050,15.39,1539,0.0,0,325.89,32589,0.0,0,0.0,0,0.0,0.0,,0.0,ORD-20260810-0011
67,fulfilled,,,2026-08-11 04:36:39.831560,2026-09-15 06:52:52.953807,0,4,5,5,1,standard,,,7.0,2026-08-18,"{""inboundCost"": 0, ""inboundDays"": 0, ""inbound_tat"": 0, ""inbound_cost"": 0, ""outboundCost"": 85.5, ""outboundDays"": 7, ""outbound_tat"": 7, ""qcBufferDays"": 0, ""qc_packaging"": 0, ""outbound_cost"": 8550}",paid,delivered,DELIVERED,0,0,,"{""cgstAmount"": 2747, ""igstAmount"": 0, ""sgstAmount"": 2747, ""isInterState"": false, ""pgFeeGstAmount"": 126, ""totalGstAmount"": 5494, ""productGstAmount"": 3828, ""shippingGstAmount"": 1539}",,,,,,0,,ORD-20260811-0001,,,B2B,319.0,31900,0.0,0,0.0,0,466.44,46644,85.5,8550,85.5,8550.0,,0.0,,0.0,,0.0,7.0,700,54.94,5494,38.28,3828,15.39,1539,1.26,126,54.94,5494,0.0,0,0.0,0,0.0,0.0,,0.0,ORD-20260811-0001
68,fulfilled,,,2026-08-11 04:45:04.979318,2026-09-15 06:52:52.953807,0,4,5,5,1,standard,,,7.0,2026-08-18,"{""inboundCost"": 0, ""inboundDays"": 0, ""inbound_tat"": 0, ""inbound_cost"": 0, ""outboundCost"": 85.5, ""outboundDays"": 7, ""outbound_tat"": 7, ""qcBufferDays"": 0, ""qc_packaging"": 0, ""outbound_cost"": 8550}",paid,shipped,AWB_BOOKED,0,0,,"{""cgstAmount"": 2747, ""igstAmount"": 0, ""sgstAmount"": 2747, ""isInterState"": false, ""pgFeeGstAmount"": 126, ""totalGstAmount"": 5494, ""productGstAmount"": 3828, ""shippingGstAmount"": 1539}",,,,,,0,,ORD-20260811-0002,,,B2B,319.0,31900,0.0,0,0.0,0,466.44,46644,85.5,8550,85.5,8550.0,,0.0,,0.0,,0.0,7.0,700,54.94,5494,38.28,3828,15.39,1539,1.26,126,54.94,5494,0.0,0,0.0,0,0.0,0.0,,0.0,ORD-20260811-0002
69,fulfilled,,,2026-08-11 05:09:10.093494,2026-09-15 06:52:52.953807,0,4,5,5,1,standard,,,7.0,2026-08-18,"{""inboundCost"": 0, ""inboundDays"": 0, ""inbound_tat"": 0, ""inbound_cost"": 0, ""outboundCost"": 85.5, ""outboundDays"": 7, ""outbound_tat"": 7, ""qcBufferDays"": 0, ""qc_packaging"": 0, ""outbound_cost"": 8550}",paid,shipped,AWB_BOOKED,0,0,,"{""cgstAmount"": 2747, ""igstAmount"": 0, ""sgstAmount"": 2747, ""isInterState"": false, ""pgFeeGstAmount"": 126, ""totalGstAmount"": 5494, ""productGstAmount"": 3828, ""shippingGstAmount"": 1539}",,,,,,0,,ORD-20260811-0003,,,B2B,319.0,31900,0.0,0,0.0,0,466.44,46644,85.5,8550,85.5,8550.0,,0.0,,0.0,,0.0,7.0,700,54.94,5494,38.28,3828,15.39,1539,1.26,126,54.94,5494,0.0,0,0.0,0,0.0,0.0,,0.0,ORD-20260811-0003
70,pending,,Vendor did not accept within 72 hours.,2026-08-11 06:29:17.193408,2026-09-15 06:52:52.953807,0,9,7,7,3,standard,,,7.0,2026-08-18,"{""inboundCost"": 0, ""inboundDays"": 0, ""inbound_tat"": 0, ""inbound_cost"": 0, ""outboundCost"": 85.5, ""outboundDays"": 7, ""outbound_tat"": 7, ""qcBufferDays"": 0, ""qc_packaging"": 0, ""outbound_cost"": 8550}",paid,cancelled,CANCELLED,0,0,,"{""cgstAmount"": 16295, ""igstAmount"": 0, ""sgstAmount"": 16295, ""isInterState"": false, ""pgFeeGstAmount"": 0, ""totalGstAmount"": 32590, ""productGstAmount"": 31050, ""shippingGstAmount"": 1539}",,,,,,1,,ORD-20260811-0004,,,B2B,1725.0,172500,0.0,0,0.0,0,2136.4,213640,85.5,8550,85.5,8550.0,,0.0,,0.0,,0.0,0.0,0,325.9,32590,310.5,31050,15.39,1539,0.0,0,325.9,32590,0.0,0,0.0,0,0.0,0.0,,0.0,ORD-20260811-0004
71,fulfilled,,,2026-08-11 14:13:48.390795,2026-09-15 06:52:52.953807,0,9,7,7,4,standard,,,7.0,2026-08-18,"{""inboundCost"": 0, ""inboundDays"": 0, ""inbound_tat"": 0, ""inbound_cost"": 0, ""outboundCost"": 85.5, ""outboundDays"": 7, ""outbound_tat"": 7, ""qcBufferDays"": 0, ""qc_packaging"": 0, ""outbound_cost"": 8550}",refund_pending,returned,HUB_RECEIVED,0,0,,"{""cgstAmount"": 131404, ""igstAmount"": 0, ""sgstAmount"": 131404, ""isInterState"": false, ""pgFeeGstAmount"": 0, ""totalGstAmount"": 262808, ""productGstAmount"": 261270, ""shippingGstAmount"": 1539}",,,,,,0,"{""scenario"": ""RETURNED_BY_CUSTOMER"", ""taxRefunded"": 2628.1, ""isInterState"": false, ""refundAmount"": 1722860, ""totalWithheld"": 0, ""shippingRefunded"": 8550, ""shippingWithheld"": 0, ""calculationSource"": ""CREDIT_NOTE"", ""pgChargesRefunded"": 0, ""pgChargesWithheld"": 0, ""productBaseRefunded"": 14515}",ORD-20260811-0005,,,B2B,14515.0,1451500,0.0,0,0.0,0,17228.58,1722858,85.5,8550,85.5,8550.0,,0.0,,0.0,,0.0,0.0,0,2628.08,262808,2612.7,261270,15.39,1539,0.0,0,2628.08,262808,0.0,0,0.0,0,0.0,0.0,17228.6,1722860.0,ORD-20260811-0005
72,pending,1.0,can cel this order,2026-08-11 14:49:46.517448,2026-09-15 06:52:52.953807,1,9,7,7,3,standard,BANK_TRANSFER,2026-08-11 20:25:55,7.0,2026-08-18,"{""inboundCost"": 0, ""inboundDays"": 0, ""inbound_tat"": 0, ""inbound_cost"": 0, ""outboundCost"": 85.5, ""outboundDays"": 7, ""outbound_tat"": 7, ""qcBufferDays"": 0, ""qc_packaging"": 0, ""outbound_cost"": 8550}",refunded,cancelled,CANCELLED,0,0,,"{""cgstAmount"": 16588, ""igstAmount"": 0, ""sgstAmount"": 16588, ""isInterState"": false, ""pgFeeGstAmount"": 587, ""totalGstAmount"": 33176, ""productGstAmount"": 31050, ""shippingGstAmount"": 1539}",,,,,,0,"{""scenario"": ""BEFORE_SHIP_TO_CUSTOMER"", ""taxRefunded"": 325.89, ""isInterState"": false, ""pgGstWithheld"": 5.87, ""totalWithheld"": 38.49, ""shippingRefunded"": 8550, ""totalTaxRefunded"": 325.89, ""calculationSource"": ""PRE_DISPATCH_ORDER"", ""pgChargesRefunded"": 0, ""pgChargesWithheld"": 3262, ""productGstRefunded"": 310.5, ""productBaseRefunded"": 1725, ""shippingGstRefunded"": 15.39, ""shippingBaseRefunded"": 85.5}",ORD-20260811-0006,,,B2B,1725.0,172500,0.0,0,0.0,0,2174.88,217488,85.5,8550,85.5,8550.0,,0.0,,0.0,,0.0,32.62,3262,331.76,33176,310.5,31050,15.39,1539,5.87,587,331.76,33176,0.0,0,0.0,0,0.0,0.0,2136.39,213639.0,ORD-20260811-0006
73,pending,,Vendor did not accept within 72 hours.,2026-08-13 09:09:22.152649,2026-09-15 06:52:52.953807,1,4,5,5,1,standard,WALLET,2026-09-04 17:19:32,7.0,2026-08-20,"{""inboundCost"": 0, ""inboundDays"": 0, ""inbound_tat"": 0, ""inbound_cost"": 0, ""outboundCost"": 85.5, ""outboundDays"": 7, ""outbound_tat"": 7, ""qcBufferDays"": 0, ""qc_packaging"": 0, ""outbound_cost"": 8550}",refunded,cancelled,CANCELLED,0,0,,"{""cgstAmount"": 65806, ""igstAmount"": 0, ""sgstAmount"": 65806, ""isInterState"": false, ""pgFeeGstAmount"": 3280, ""totalGstAmount"": 131612, ""productGstAmount"": 126792, ""shippingGstAmount"": 1539}",,,,,,0,,ORD-20260813-0001,,,B2B,10566.0,1056600,0.0,0,0.0,0,12149.87,1214987,85.5,8550,85.5,8550.0,,0.0,,0.0,,0.0,182.25,18225,1316.12,131612,1267.92,126792,15.39,1539,32.8,3280,1316.12,131612,0.0,0,0.0,0,0.0,0.0,,0.0,ORD-20260813-0001
74,fulfilled,,,2026-08-13 09:11:47.921244,2026-09-15 06:52:52.953807,0,6,4,4,3,standard,,,7.0,2026-08-20,"{""inboundCost"": 0, ""inboundDays"": 0, ""inbound_tat"": 0, ""inbound_cost"": 0, ""outboundCost"": 85.5, ""outboundDays"": 7, ""outbound_tat"": 7, ""qcBufferDays"": 0, ""qc_packaging"": 0, ""outbound_cost"": 8550}",paid,shipped,AWB_BOOKED,0,0,,"{""cgstAmount"": 0, ""igstAmount"": 32589, ""sgstAmount"": 0, ""isInterState"": true, ""pgFeeGstAmount"": 0, ""totalGstAmount"": 32589, ""productGstAmount"": 31050, ""shippingGstAmount"": 1539}",,,,,,0,,ORD-20260813-0002,,,B2C,1725.0,172500,0.0,0,0.0,0,2136.39,213639,85.5,8550,85.5,8550.0,,0.0,,0.0,,0.0,0.0,0,325.89,32589,310.5,31050,15.39,1539,0.0,0,325.89,32589,0.0,0,0.0,0,0.0,0.0,,0.0,ORD-20260813-0002
75,fulfilled,,,2026-08-13 09:28:20.958429,2026-09-15 06:52:52.953807,0,6,4,4,3,standard,,,7.0,2026-08-20,"{""inboundCost"": 0, ""inboundDays"": 0, ""inbound_tat"": 0, ""inbound_cost"": 0, ""outboundCost"": 85.5, ""outboundDays"": 7, ""outbound_tat"": 7, ""qcBufferDays"": 0, ""qc_packaging"": 0, ""outbound_cost"": 8550}",paid,shipped,AWB_BOOKED,0,0,,"{""cgstAmount"": 0, ""igstAmount"": 32589, ""sgstAmount"": 0, ""isInterState"": true, ""pgFeeGstAmount"": 0, ""totalGstAmount"": 32589, ""productGstAmount"": 31050, ""shippingGstAmount"": 1539}",,,,,,0,,ORD-20260813-0003,,,B2C,1725.0,172500,0.0,0,0.0,0,2136.39,213639,85.5,8550,85.5,8550.0,,0.0,,0.0,,0.0,0.0,0,325.89,32589,310.5,31050,15.39,1539,0.0,0,325.89,32589,0.0,0,0.0,0,0.0,0.0,,0.0,ORD-20260813-0003
76,fulfilled,,,2026-08-13 10:36:14.967658,2026-09-15 06:52:52.953807,0,6,4,4,3,standard,,,7.0,2026-08-20,"{""inboundCost"": 0, ""inboundDays"": 0, ""inbound_tat"": 0, ""inbound_cost"": 0, ""outboundCost"": 85.5, ""outboundDays"": 7, ""outbound_tat"": 7, ""qcBufferDays"": 0, ""qc_packaging"": 0, ""outbound_cost"": 8550}",paid,processing,HUB_RECEIVED,0,0,,"{""cgstAmount"": 0, ""igstAmount"": 20871, ""sgstAmount"": 0, ""isInterState"": true, ""pgFeeGstAmount"": 0, ""totalGstAmount"": 20871, ""productGstAmount"": 19332, ""shippingGstAmount"": 1539}",,,,,,0,,ORD-20260813-0004,,,B2C,1074.0,107400,0.0,0,0.0,0,1368.21,136821,85.5,8550,85.5,8550.0,,0.0,,0.0,,0.0,0.0,0,208.71,20871,193.32,19332,15.39,1539,0.0,0,208.71,20871,0.0,0,0.0,0,0.0,0.0,,0.0,ORD-20260813-0004
77,fulfilled,,,2026-08-13 10:48:06.553659,2026-09-15 06:52:52.953807,0,6,4,4,3,standard,,,7.0,2026-08-20,"{""inboundCost"": 0, ""inboundDays"": 0, ""inbound_tat"": 0, ""inbound_cost"": 0, ""outboundCost"": 85.5, ""outboundDays"": 7, ""outbound_tat"": 7, ""qcBufferDays"": 0, ""qc_packaging"": 0, ""outbound_cost"": 8550}",paid,shipped,AWB_BOOKED,0,0,,"{""cgstAmount"": 0, ""igstAmount"": 20871, ""sgstAmount"": 0, ""isInterState"": true, ""pgFeeGstAmount"": 0, ""totalGstAmount"": 20871, ""productGstAmount"": 19332, ""shippingGstAmount"": 1539}",,,,,,0,,ORD-20260813-0005,,,B2C,1074.0,107400,0.0,0,0.0,0,1368.21,136821,85.5,8550,85.5,8550.0,,0.0,,0.0,,0.0,0.0,0,208.71,20871,193.32,19332,15.39,1539,0.0,0,208.71,20871,0.0,0,0.0,0,0.0,0.0,,0.0,ORD-20260813-0005
78,fulfilled,,,2026-08-13 10:56:09.803462,2026-09-15 06:52:52.953807,0,6,4,4,3,standard,,,7.0,2026-08-20,"{""inboundCost"": 0, ""inboundDays"": 0, ""inbound_tat"": 0, ""inbound_cost"": 0, ""outboundCost"": 85.5, ""outboundDays"": 7, ""outbound_tat"": 7, ""qcBufferDays"": 0, ""qc_packaging"": 0, ""outbound_cost"": 8550}",paid,processing,VENDOR_READY_TO_SHIP,0,0,,"{""cgstAmount"": 0, ""igstAmount"": 20871, ""sgstAmount"": 0, ""isInterState"": true, ""pgFeeGstAmount"": 0, ""totalGstAmount"": 20871, ""productGstAmount"": 19332, ""shippingGstAmount"": 1539}",,,,,,0,,ORD-20260813-0006,,,B2C,1074.0,107400,0.0,0,0.0,0,1368.21,136821,85.5,8550,85.5,8550.0,,0.0,,0.0,,0.0,0.0,0,208.71,20871,193.32,19332,15.39,1539,0.0,0,208.71,20871,0.0,0,0.0,0,0.0,0.0,,0.0,ORD-20260813-0006
79,fulfilled,1.0,Not required.,2026-08-13 11:46:18.195871,2026-09-15 06:52:52.953807,0,6,4,4,3,standard,,,7.0,2026-08-20,"{""inboundCost"": 0, ""inboundDays"": 0, ""inbound_tat"": 0, ""inbound_cost"": 0, ""outboundCost"": 85.5, ""outboundDays"": 7, ""outbound_tat"": 7, ""qcBufferDays"": 0, ""qc_packaging"": 0, ""outbound_cost"": 8550}",paid,cancelled,CANCELLED,0,0,,"{""cgstAmount"": 0, ""igstAmount"": 20871, ""sgstAmount"": 0, ""isInterState"": true, ""pgFeeGstAmount"": 0, ""totalGstAmount"": 20871, ""productGstAmount"": 19332, ""shippingGstAmount"": 1539}",,,,,,0,"{""scenario"": ""BEFORE_SHIP_TO_CUSTOMER"", ""taxRefunded"": 208.71, ""isInterState"": true, ""pgGstWithheld"": 0, ""totalWithheld"": 0, ""shippingRefunded"": 8550, ""totalTaxRefunded"": 208.71, ""calculationSource"": ""PRE_DISPATCH_ORDER"", ""pgChargesRefunded"": 0, ""pgChargesWithheld"": 0, ""productGstRefunded"": 193.32, ""productBaseRefunded"": 1074, ""shippingGstRefunded"": 15.39, ""shippingBaseRefunded"": 85.5}",ORD-20260813-0007,,,B2C,1074.0,107400,0.0,0,0.0,0,1368.21,136821,85.5,8550,85.5,8550.0,,0.0,,0.0,,0.0,0.0,0,208.71,20871,193.32,19332,15.39,1539,0.0,0,208.71,20871,0.0,0,0.0,0,0.0,0.0,1368.21,136821.0,ORD-20260813-0007
80,fulfilled,,,2026-08-13 12:24:57.054050,2026-09-15 06:52:52.953807,0,6,4,4,3,standard,,,7.0,2026-08-20,"{""inboundCost"": 0, ""inboundDays"": 0, ""inbound_tat"": 0, ""inbound_cost"": 0, ""outboundCost"": 85.5, ""outboundDays"": 7, ""outbound_tat"": 7, ""qcBufferDays"": 0, ""qc_packaging"": 0, ""outbound_cost"": 8550}",paid,processing,HUB_RECEIVED,0,0,,"{""cgstAmount"": 0, ""igstAmount"": 20871, ""sgstAmount"": 0, ""isInterState"": true, ""pgFeeGstAmount"": 0, ""totalGstAmount"": 20871, ""productGstAmount"": 19332, ""shippingGstAmount"": 1539}",,,,,,0,,ORD-20260813-0008,,,B2C,1074.0,107400,0.0,0,0.0,0,1368.21,136821,85.5,8550,85.5,8550.0,,0.0,,0.0,,0.0,0.0,0,208.71,20871,193.32,19332,15.39,1539,0.0,0,208.71,20871,0.0,0,0.0,0,0.0,0.0,,0.0,ORD-20260813-0008
81,pending,,Vendor did not accept within 72 hours.,2026-08-14 06:29:13.340387,2026-09-15 06:52:52.953807,1,4,5,5,1,standard,WALLET,2026-09-04 17:50:55,7.0,2026-08-21,"{""inboundCost"": 0, ""inboundDays"": 0, ""inbound_tat"": 0, ""inbound_cost"": 0, ""outboundCost"": 85.5, ""outboundDays"": 7, ""outbound_tat"": 7, ""qcBufferDays"": 0, ""qc_packaging"": 0, ""outbound_cost"": 8550}",refunded,cancelled,CANCELLED,0,0,,"{""cgstAmount"": 39461, ""igstAmount"": 0, ""sgstAmount"": 39461, ""isInterState"": false, ""pgFeeGstAmount"": 1963, ""totalGstAmount"": 78922, ""productGstAmount"": 75420, ""shippingGstAmount"": 1539}",,,,,,0,,ORD-20260814-0001,,,B2B,6285.0,628500,0.0,0,0.0,0,7268.75,726875,85.5,8550,85.5,8550.0,,0.0,,0.0,,0.0,109.03,10903,789.22,78922,754.2,75420,15.39,1539,19.63,1963,789.22,78922,0.0,0,0.0,0,0.0,0.0,,0.0,ORD-20260814-0001
82,pending,,Vendor did not accept within 72 hours.,2026-08-14 06:29:13.391263,2026-09-15 06:52:52.953807,0,4,5,5,1,standard,,,7.0,2026-08-21,"{""inboundCost"": 0, ""inboundDays"": 0, ""inbound_tat"": 0, ""inbound_cost"": 0, ""outboundCost"": 85.5, ""outboundDays"": 7, ""outbound_tat"": 7, ""qcBufferDays"": 0, ""qc_packaging"": 0, ""outbound_cost"": 8550}",paid,cancelled,CANCELLED,0,0,,"{""cgstAmount"": 36956, ""igstAmount"": 0, ""sgstAmount"": 36956, ""isInterState"": false, ""pgFeeGstAmount"": 1837, ""totalGstAmount"": 73912, ""productGstAmount"": 70536, ""shippingGstAmount"": 1539}",,,,,,1,,ORD-20260814-0002,,,B2B,5878.0,587800,0.0,0,0.0,0,6804.69,680469,85.5,8550,85.5,8550.0,,0.0,,0.0,,0.0,102.07,10207,739.12,73912,705.36,70536,15.39,1539,18.37,1837,739.12,73912,0.0,0,0.0,0,0.0,0.0,,0.0,ORD-20260814-0002
83,pending,,Vendor did not accept within 72 hours.,2026-08-14 06:32:32.405825,2026-09-15 06:52:52.953807,0,4,5,5,1,standard,,,7.0,2026-08-21,"{""inboundCost"": 0, ""inboundDays"": 0, ""inbound_tat"": 0, ""inbound_cost"": 0, ""outboundCost"": 85.5, ""outboundDays"": 7, ""outbound_tat"": 7, ""qcBufferDays"": 0, ""qc_packaging"": 0, ""outbound_cost"": 8550}",paid,cancelled,CANCELLED,0,0,,"{""cgstAmount"": 9879, ""igstAmount"": 0, ""sgstAmount"": 9879, ""isInterState"": false, ""pgFeeGstAmount"": 483, ""totalGstAmount"": 19758, ""productGstAmount"": 17736, ""shippingGstAmount"": 1539}",,,,,,1,,ORD-20260814-0003,,,B2B,1478.0,147800,0.0,0,0.0,0,1787.9,178790,85.5,8550,85.5,8550.0,,0.0,,0.0,,0.0,26.82,2682,197.58,19758,177.36,17736,15.39,1539,4.83,483,197.58,19758,0.0,0,0.0,0,0.0,0.0,,0.0,ORD-20260814-0003
84,pending,,Vendor did not accept within 72 hours.,2026-08-14 06:48:18.709308,2026-09-15 06:52:52.953807,0,4,5,5,3,standard,,,7.0,2026-08-21,"{""inboundCost"": 0, ""inboundDays"": 0, ""inbound_tat"": 0, ""inbound_cost"": 0, ""outboundCost"": 85.5, ""outboundDays"": 7, ""outbound_tat"": 7, ""qcBufferDays"": 0, ""qc_packaging"": 0, ""outbound_cost"": 8550}",paid,cancelled,CANCELLED,0,0,,"{""cgstAmount"": 7636, ""igstAmount"": 0, ""sgstAmount"": 7636, ""isInterState"": false, ""pgFeeGstAmount"": 270, ""totalGstAmount"": 15272, ""productGstAmount"": 13464, ""shippingGstAmount"": 1539}",,,,,,1,,ORD-20260814-0004,,,B2B,748.0,74800,0.0,0,0.0,0,1001.24,100124,85.5,8550,85.5,8550.0,,0.0,,0.0,,0.0,15.02,1502,152.72,15272,134.64,13464,15.39,1539,2.7,270,152.72,15272,0.0,0,0.0,0,0.0,0.0,,0.0,ORD-20260814-0004
85,pending,,Vendor did not accept within 72 hours.,2026-08-14 07:04:38.288352,2026-09-15 06:52:52.953807,0,4,5,5,3,standard,,,7.0,2026-08-21,"{""inboundCost"": 0, ""inboundDays"": 0, ""inbound_tat"": 0, ""inbound_cost"": 0, ""outboundCost"": 85.5, ""outboundDays"": 7, ""outbound_tat"": 7, ""qcBufferDays"": 0, ""qc_packaging"": 0, ""outbound_cost"": 8550}",paid,cancelled,CANCELLED,0,0,,"{""cgstAmount"": 7636, ""igstAmount"": 0, ""sgstAmount"": 7636, ""isInterState"": false, ""pgFeeGstAmount"": 270, ""totalGstAmount"": 15272, ""productGstAmount"": 13464, ""shippingGstAmount"": 1539}",,,,,,1,,ORD-20260814-0005,,,B2B,748.0,74800,0.0,0,0.0,0,1001.24,100124,85.5,8550,85.5,8550.0,,0.0,,0.0,,0.0,15.02,1502,152.72,15272,134.64,13464,15.39,1539,2.7,270,152.72,15272,0.0,0,0.0,0,0.0,0.0,,0.0,ORD-20260814-0005
86,pending,,Vendor did not accept within 72 hours.,2026-08-14 07:14:02.737859,2026-09-15 06:52:52.953807,0,4,5,5,1,standard,,,7.0,2026-08-21,"{""inboundCost"": 0, ""inboundDays"": 0, ""inbound_tat"": 0, ""inbound_cost"": 0, ""outboundCost"": 85.5, ""outboundDays"": 7, ""outbound_tat"": 7, ""qcBufferDays"": 0, ""qc_packaging"": 0, ""outbound_cost"": 8550}",paid,cancelled,CANCELLED,0,0,,"{""cgstAmount"": 4047, ""igstAmount"": 0, ""sgstAmount"": 4047, ""isInterState"": false, ""pgFeeGstAmount"": 384, ""totalGstAmount"": 8094, ""productGstAmount"": 6170, ""shippingGstAmount"": 1539}",,,,,,1,,ORD-20260814-0006,,,B2B,1234.0,123400,0.0,0,0.0,0,1421.77,142177,85.5,8550,85.5,8550.0,,0.0,,0.0,,0.0,21.33,2133,80.94,8094,61.7,6170,15.39,1539,3.84,384,80.94,8094,0.0,0,0.0,0,0.0,0.0,,0.0,ORD-20260814-0006
87,pending,,Vendor did not accept within 72 hours.,2026-08-14 09:02:26.149524,2026-09-15 06:52:52.953807,0,6,4,4,3,standard,,,7.0,2026-08-21,"{""inboundCost"": 0, ""inboundDays"": 0, ""inbound_tat"": 0, ""inbound_cost"": 0, ""outboundCost"": 85.5, ""outboundDays"": 7, ""outbound_tat"": 7, ""qcBufferDays"": 0, ""qc_packaging"": 0, ""outbound_cost"": 8550}",paid,cancelled,CANCELLED,0,0,,"{""cgstAmount"": 0, ""igstAmount"": 20871, ""sgstAmount"": 0, ""isInterState"": true, ""pgFeeGstAmount"": 0, ""totalGstAmount"": 20871, ""productGstAmount"": 19332, ""shippingGstAmount"": 1539}",,,,,,1,,ORD-20260814-0007,,,B2C,1074.0,107400,0.0,0,0.0,0,1368.21,136821,85.5,8550,85.5,8550.0,,0.0,,0.0,,0.0,0.0,0,208.71,20871,193.32,19332,15.39,1539,0.0,0,208.71,20871,0.0,0,0.0,0,0.0,0.0,,0.0,ORD-20260814-0007
88,pending,,Vendor did not accept within 72 hours.,2026-08-14 10:57:54.667729,2026-09-15 06:52:52.953807,0,4,5,5,3,standard,,,7.0,2026-08-21,"{""inboundCost"": 0, ""inboundDays"": 0, ""inbound_tat"": 0, ""inbound_cost"": 0, ""outboundCost"": 85.5, ""outboundDays"": 7, ""outbound_tat"": 7, ""qcBufferDays"": 0, ""qc_packaging"": 0, ""outbound_cost"": 8550}",paid,cancelled,CANCELLED,0,0,,"{""cgstAmount"": 7637, ""igstAmount"": 0, ""sgstAmount"": 7637, ""isInterState"": false, ""pgFeeGstAmount"": 270, ""totalGstAmount"": 15274, ""productGstAmount"": 13464, ""shippingGstAmount"": 1540}",,,,,,1,,ORD-20260814-0008,,,B2B,748.0,74800,0.0,0,0.0,0,1001.26,100126,85.5,8550,85.5,8550.0,,0.0,,0.0,,0.0,15.02,1502,152.74,15274,134.64,13464,15.4,1540,2.7,270,152.74,15274,0.0,0,0.0,0,0.0,0.0,,0.0,ORD-20260814-0008
89,pending,,Vendor did not accept within 72 hours.,2026-08-14 10:58:41.463482,2026-09-15 06:52:52.953807,0,4,5,5,1,standard,,,7.0,2026-08-21,"{""inboundCost"": 0, ""inboundDays"": 0, ""inbound_tat"": 0, ""inbound_cost"": 0, ""outboundCost"": 85.5, ""outboundDays"": 7, ""outbound_tat"": 7, ""qcBufferDays"": 0, ""qc_packaging"": 0, ""outbound_cost"": 8550}",paid,cancelled,CANCELLED,0,0,,"{""cgstAmount"": 36957, ""igstAmount"": 0, ""sgstAmount"": 36957, ""isInterState"": false, ""pgFeeGstAmount"": 1838, ""totalGstAmount"": 73914, ""productGstAmount"": 70536, ""shippingGstAmount"": 1540}",,,,,,1,,ORD-20260814-0009,,,B2B,5878.0,587800,0.0,0,0.0,0,6804.71,680471,85.5,8550,85.5,8550.0,,0.0,,0.0,,0.0,102.07,10207,739.14,73914,705.36,70536,15.4,1540,18.38,1838,739.14,73914,0.0,0,0.0,0,0.0,0.0,,0.0,ORD-20260814-0009
90,pending,,Vendor did not accept within 72 hours.,2026-08-14 11:03:23.841218,2026-09-15 06:52:52.953807,0,4,5,5,1,standard,,,7.0,2026-08-21,"{""inboundCost"": 0, ""inboundDays"": 0, ""inbound_tat"": 0, ""inbound_cost"": 0, ""outboundCost"": 85.5, ""outboundDays"": 7, ""outbound_tat"": 7, ""qcBufferDays"": 0, ""qc_packaging"": 0, ""outbound_cost"": 8550}",paid,cancelled,CANCELLED,0,0,,"{""cgstAmount"": 2747, ""igstAmount"": 0, ""sgstAmount"": 2747, ""isInterState"": false, ""pgFeeGstAmount"": 126, ""totalGstAmount"": 5494, ""productGstAmount"": 3828, ""shippingGstAmount"": 1540}",,,,,,1,,ORD-20260814-0010,,,B2B,319.0,31900,0.0,0,0.0,0,466.44,46644,85.5,8550,85.5,8550.0,,0.0,,0.0,,0.0,7.0,700,54.94,5494,38.28,3828,15.4,1540,1.26,126,54.94,5494,0.0,0,0.0,0,0.0,0.0,,0.0,ORD-20260814-0010
91,pending,,Vendor did not accept within 72 hours.,2026-08-14 12:14:54.544629,2026-09-15 06:52:52.953807,0,6,4,4,3,standard,,,7.0,2026-08-21,"{""inboundCost"": 0, ""inboundDays"": 0, ""inbound_tat"": 0, ""inbound_cost"": 0, ""outboundCost"": 85.5, ""outboundDays"": 7, ""outbound_tat"": 7, ""qcBufferDays"": 0, ""qc_packaging"": 0, ""outbound_cost"": 8550}",paid,cancelled,CANCELLED,0,0,,"{""cgstAmount"": 0, ""igstAmount"": 29484, ""sgstAmount"": 0, ""isInterState"": true, ""pgFeeGstAmount"": 0, ""totalGstAmount"": 29484, ""productGstAmount"": 27945, ""shippingGstAmount"": 1539}",,,,,,1,,ORD-20260814-0011,,,B2C,1725.0,172500,0.0,0,172.5,17250,1932.84,193284,85.5,8550,85.5,8550.0,,0.0,,0.0,,0.0,0.0,0,294.84,29484,279.45,27945,15.39,1539,0.0,0,294.84,29484,0.0,0,0.0,0,0.0,0.0,,0.0,ORD-20260814-0011
92,pending,,Vendor did not accept within 72 hours.,2026-08-17 05:50:15.202611,2026-09-15 06:52:52.953807,0,4,5,5,3,standard,,,7.0,2026-08-24,"{""inboundCost"": 0, ""inboundDays"": 0, ""inbound_tat"": 0, ""inbound_cost"": 0, ""outboundCost"": 85.5, ""outboundDays"": 7, ""outbound_tat"": 7, ""qcBufferDays"": 0, ""qc_packaging"": 0, ""outbound_cost"": 8550}",paid,cancelled,CANCELLED,0,0,,"{""cgstAmount"": 16589, ""igstAmount"": 0, ""sgstAmount"": 16589, ""isInterState"": false, ""pgFeeGstAmount"": 588, ""totalGstAmount"": 33178, ""productGstAmount"": 31050, ""shippingGstAmount"": 1540}",,,,,,1,,ORD-20260817-0001,,,B2B,1725.0,172500,0.0,0,0.0,0,2174.9,217490,85.5,8550,85.5,8550.0,,0.0,,0.0,,0.0,32.62,3262,331.78,33178,310.5,31050,15.4,1540,5.88,588,331.78,33178,0.0,0,0.0,0,0.0,0.0,,0.0,ORD-20260817-0001
93,pending,,Vendor did not accept within 72 hours.,2026-08-17 05:50:15.267026,2026-09-15 06:52:52.953807,0,4,5,5,1,standard,,,7.0,2026-08-24,"{""inboundCost"": 0, ""inboundDays"": 0, ""inbound_tat"": 0, ""inbound_cost"": 0, ""outboundCost"": 85.5, ""outboundDays"": 7, ""outbound_tat"": 7, ""qcBufferDays"": 0, ""qc_packaging"": 0, ""outbound_cost"": 8550}",paid,cancelled,CANCELLED,0,0,,"{""cgstAmount"": 36957, ""igstAmount"": 0, ""sgstAmount"": 36957, ""isInterState"": false, ""pgFeeGstAmount"": 1838, ""totalGstAmount"": 73914, ""productGstAmount"": 70536, ""shippingGstAmount"": 1540}",,,,,,1,,ORD-20260817-0002,,,B2B,5878.0,587800,0.0,0,0.0,0,6804.71,680471,85.5,8550,85.5,8550.0,,0.0,,0.0,,0.0,102.07,10207,739.14,73914,705.36,70536,15.4,1540,18.38,1838,739.14,73914,0.0,0,0.0,0,0.0,0.0,,0.0,ORD-20260817-0002
94,pending,,Vendor did not accept within 72 hours.,2026-08-17 05:54:04.389202,2026-09-15 06:52:52.953807,0,4,5,5,1,standard,,,7.0,2026-08-24,"{""inboundCost"": 0, ""inboundDays"": 0, ""inbound_tat"": 0, ""inbound_cost"": 0, ""outboundCost"": 85.5, ""outboundDays"": 7, ""outbound_tat"": 7, ""qcBufferDays"": 0, ""qc_packaging"": 0, ""outbound_cost"": 8550}",paid,cancelled,CANCELLED,0,0,,"{""cgstAmount"": 3116, ""igstAmount"": 0, ""sgstAmount"": 3116, ""isInterState"": false, ""pgFeeGstAmount"": 144, ""totalGstAmount"": 6232, ""productGstAmount"": 4548, ""shippingGstAmount"": 1540}",,,,,,1,,ORD-20260817-0003,,,B2B,379.0,37900,0.0,0,0.0,0,534.84,53484,85.5,8550,85.5,8550.0,,0.0,,0.0,,0.0,8.02,802,62.32,6232,45.48,4548,15.4,1540,1.44,144,62.32,6232,0.0,0,0.0,0,0.0,0.0,,0.0,ORD-20260817-0003
95,pending,,Vendor did not accept within 72 hours.,2026-08-17 06:05:31.807923,2026-09-15 06:52:52.953807,0,4,5,5,1,standard,,,7.0,2026-08-24,"{""inboundCost"": 0, ""inboundDays"": 0, ""inbound_tat"": 0, ""inbound_cost"": 0, ""outboundCost"": 85.5, ""outboundDays"": 7, ""outbound_tat"": 7, ""qcBufferDays"": 0, ""qc_packaging"": 0, ""outbound_cost"": 8550}",paid,cancelled,CANCELLED,0,0,,"{""cgstAmount"": 10846, ""igstAmount"": 0, ""sgstAmount"": 10846, ""isInterState"": false, ""pgFeeGstAmount"": 532, ""totalGstAmount"": 21692, ""productGstAmount"": 19620, ""shippingGstAmount"": 1540}",,,,,,1,,ORD-20260817-0004,,,B2B,1635.0,163500,0.0,0,0.0,0,1966.92,196692,85.5,8550,85.5,8550.0,,0.0,,0.0,,0.0,29.5,2950,216.92,21692,196.2,19620,15.4,1540,5.32,532,216.92,21692,0.0,0,0.0,0,0.0,0.0,,0.0,ORD-20260817-0004
96,fulfilled,,,2026-08-17 06:40:02.387557,2026-09-15 06:52:52.953807,0,4,5,5,1,standard,,,7.0,2026-08-24,"{""inboundCost"": 0, ""inboundDays"": 0, ""inbound_tat"": 0, ""inbound_cost"": 0, ""outboundCost"": 85.5, ""outboundDays"": 7, ""outbound_tat"": 7, ""qcBufferDays"": 0, ""qc_packaging"": 0, ""outbound_cost"": 8550}",paid,delivered,DELIVERED,0,0,,"{""cgstAmount"": 10846, ""igstAmount"": 0, ""sgstAmount"": 10846, ""isInterState"": false, ""pgFeeGstAmount"": 532, ""totalGstAmount"": 21692, ""productGstAmount"": 19620, ""shippingGstAmount"": 1540}",,,,,,0,,ORD-20260817-0005,,,B2B,1635.0,163500,0.0,0,0.0,0,1966.92,196692,85.5,8550,85.5,8550.0,,0.0,,0.0,,0.0,29.5,2950,216.92,21692,196.2,19620,15.4,1540,5.32,532,216.92,21692,0.0,0,0.0,0,0.0,0.0,,0.0,ORD-20260817-0005
97,fulfilled,,,2026-08-17 06:40:02.485551,2026-09-15 06:52:52.953807,0,4,5,5,1,standard,,,7.0,2026-08-24,"{""inboundCost"": 0, ""inboundDays"": 0, ""inbound_tat"": 0, ""inbound_cost"": 0, ""outboundCost"": 85.5, ""outboundDays"": 7, ""outbound_tat"": 7, ""qcBufferDays"": 0, ""qc_packaging"": 0, ""outbound_cost"": 8550}",paid,delivered,HUB_RECEIVED,0,0,,"{""cgstAmount"": 9879, ""igstAmount"": 0, ""sgstAmount"": 9879, ""isInterState"": false, ""pgFeeGstAmount"": 482, ""totalGstAmount"": 19758, ""productGstAmount"": 17736, ""shippingGstAmount"": 1540}",,,,,,0,,ORD-20260817-0006,fallback,2026-08-20 05:40:55,B2B,1478.0,147800,0.0,0,0.0,0,1787.9,178790,85.5,8550,85.5,8550.0,85.5,8550.0,15.39,1539.0,100.89,10089.0,26.82,2682,197.58,19758,177.36,17736,15.4,1540,4.82,482,197.58,19758,0.0,0,0.0,0,0.0,0.0,,0.0,ORD-20260817-0006
98,pending,,Vendor did not accept within 72 hours.,2026-08-17 07:01:20.157179,2026-09-15 06:52:52.953807,0,4,5,5,3,standard,,,7.0,2026-08-24,"{""inboundCost"": 0, ""inboundDays"": 0, ""inbound_tat"": 0, ""inbound_cost"": 0, ""outboundCost"": 85.5, ""outboundDays"": 7, ""outbound_tat"": 7, ""qcBufferDays"": 0, ""qc_packaging"": 0, ""outbound_cost"": 8550}",paid,cancelled,CANCELLED,0,0,,"{""cgstAmount"": 7637, ""igstAmount"": 0, ""sgstAmount"": 7637, ""isInterState"": false, ""pgFeeGstAmount"": 270, ""totalGstAmount"": 15274, ""productGstAmount"": 13464, ""shippingGstAmount"": 1540}",,,,,,1,,ORD-20260817-0007,,,B2B,748.0,74800,0.0,0,0.0,0,1001.26,100126,85.5,8550,85.5,8550.0,,0.0,,0.0,,0.0,15.02,1502,152.74,15274,134.64,13464,15.4,1540,2.7,270,152.74,15274,0.0,0,0.0,0,0.0,0.0,,0.0,ORD-20260817-0007
99,pending,,Vendor did not accept within 72 hours.,2026-08-18 10:24:12.873402,2026-09-15 06:52:52.953807,0,4,5,5,1,standard,,,7.0,2026-08-25,"{""inboundCost"": 0, ""inboundDays"": 0, ""inbound_tat"": 0, ""inbound_cost"": 0, ""outboundCost"": 85.5, ""outboundDays"": 7, ""outbound_tat"": 7, ""qcBufferDays"": 0, ""qc_packaging"": 0, ""outbound_cost"": 8550}",paid,cancelled,CANCELLED,0,0,,"{""cgstAmount"": 6876, ""igstAmount"": 0, ""sgstAmount"": 6876, ""isInterState"": false, ""pgFeeGstAmount"": 332, ""totalGstAmount"": 13752, ""productGstAmount"": 11880, ""shippingGstAmount"": 1540}",,,,,,1,,ORD-20260818-0001,,,B2B,990.0,99000,0.0,0,0.0,0,1231.49,123149,85.5,8550,85.5,8550.0,,0.0,,0.0,,0.0,18.47,1847,137.52,13752,118.8,11880,15.4,1540,3.32,332,137.52,13752,0.0,0,0.0,0,0.0,0.0,,0.0,ORD-20260818-0001
100,pending,,Vendor did not accept within 72 hours.,2026-08-18 10:24:13.088084,2026-09-15 06:52:52.953807,0,4,5,5,1,standard,,,7.0,2026-08-25,"{""inboundCost"": 0, ""inboundDays"": 0, ""inbound_tat"": 0, ""inbound_cost"": 0, ""outboundCost"": 85.5, ""outboundDays"": 7, ""outbound_tat"": 7, ""qcBufferDays"": 0, ""qc_packaging"": 0, ""outbound_cost"": 8550}",paid,cancelled,CANCELLED,0,0,,"{""cgstAmount"": 3116, ""igstAmount"": 0, ""sgstAmount"": 3116, ""isInterState"": false, ""pgFeeGstAmount"": 144, ""totalGstAmount"": 6232, ""productGstAmount"": 4548, ""shippingGstAmount"": 1540}",,,,,,1,,ORD-20260818-0002,,,B2B,379.0,37900,0.0,0,0.0,0,534.84,53484,85.5,8550,85.5,8550.0,,0.0,,0.0,,0.0,8.02,802,62.32,6232,45.48,4548,15.4,1540,1.44,144,62.32,6232,0.0,0,0.0,0,0.0,0.0,,0.0,ORD-20260818-0002
101,pending,,Vendor did not accept within 72 hours.,2026-08-18 10:24:13.126814,2026-09-15 06:52:52.953807,0,4,5,5,1,standard,,,7.0,2026-08-25,"{""inboundCost"": 0, ""inboundDays"": 0, ""inbound_tat"": 0, ""inbound_cost"": 0, ""outboundCost"": 85.5, ""outboundDays"": 7, ""outbound_tat"": 7, ""qcBufferDays"": 0, ""qc_packaging"": 0, ""outbound_cost"": 8550}",paid,cancelled,CANCELLED,0,0,,"{""cgstAmount"": 7609, ""igstAmount"": 0, ""sgstAmount"": 7609, ""isInterState"": false, ""pgFeeGstAmount"": 370, ""totalGstAmount"": 15218, ""productGstAmount"": 13308, ""shippingGstAmount"": 1540}",,,,,,1,,ORD-20260818-0003,,,B2B,1109.0,110900,0.0,0,0.0,0,1367.19,136719,85.5,8550,85.5,8550.0,,0.0,,0.0,,0.0,20.51,2051,152.18,15218,133.08,13308,15.4,1540,3.7,370,152.18,15218,0.0,0,0.0,0,0.0,0.0,,0.0,ORD-20260818-0003
102,pending,,Vendor did not accept within 72 hours.,2026-08-18 10:24:13.179256,2026-09-15 06:52:52.953807,0,4,5,5,1,standard,,,7.0,2026-08-25,"{""inboundCost"": 0, ""inboundDays"": 0, ""inbound_tat"": 0, ""inbound_cost"": 0, ""outboundCost"": 85.5, ""outboundDays"": 7, ""outbound_tat"": 7, ""qcBufferDays"": 0, ""qc_packaging"": 0, ""outbound_cost"": 8550}",paid,cancelled,CANCELLED,0,0,,"{""cgstAmount"": 10846, ""igstAmount"": 0, ""sgstAmount"": 10846, ""isInterState"": false, ""pgFeeGstAmount"": 532, ""totalGstAmount"": 21692, ""productGstAmount"": 19620, ""shippingGstAmount"": 1540}",,,,,,1,,ORD-20260818-0004,,,B2B,1635.0,163500,0.0,0,0.0,0,1966.92,196692,85.5,8550,85.5,8550.0,,0.0,,0.0,,0.0,29.5,2950,216.92,21692,196.2,19620,15.4,1540,5.32,532,216.92,21692,0.0,0,0.0,0,0.0,0.0,,0.0,ORD-20260818-0004
103,pending,,Vendor did not accept within 72 hours.,2026-08-18 11:30:50.458569,2026-09-15 06:52:52.953807,0,4,5,5,3,standard,,,7.0,2026-08-25,"{""inboundCost"": 0, ""inboundDays"": 0, ""inbound_tat"": 0, ""inbound_cost"": 0, ""outboundCost"": 85.5, ""outboundDays"": 7, ""outbound_tat"": 7, ""qcBufferDays"": 0, ""qc_packaging"": 0, ""outbound_cost"": 8550}",paid,cancelled,CANCELLED,0,0,,"{""cgstAmount"": 7637, ""igstAmount"": 0, ""sgstAmount"": 7637, ""isInterState"": false, ""pgFeeGstAmount"": 270, ""totalGstAmount"": 15274, ""productGstAmount"": 13464, ""shippingGstAmount"": 1540}",,,,,,1,,ORD-20260818-0005,,,B2B,748.0,74800,0.0,0,0.0,0,1001.26,100126,85.5,8550,85.5,8550.0,,0.0,,0.0,,0.0,15.02,1502,152.74,15274,134.64,13464,15.4,1540,2.7,270,152.74,15274,0.0,0,0.0,0,0.0,0.0,,0.0,ORD-20260818-0005
104,pending,,Vendor did not accept within 72 hours.,2026-08-18 11:30:50.506440,2026-09-15 06:52:52.953807,0,4,5,5,1,standard,,,7.0,2026-08-25,"{""inboundCost"": 0, ""inboundDays"": 0, ""inbound_tat"": 0, ""inbound_cost"": 0, ""outboundCost"": 85.5, ""outboundDays"": 7, ""outbound_tat"": 7, ""qcBufferDays"": 0, ""qc_packaging"": 0, ""outbound_cost"": 8550}",paid,cancelled,CANCELLED,0,0,,"{""cgstAmount"": 3116, ""igstAmount"": 0, ""sgstAmount"": 3116, ""isInterState"": false, ""pgFeeGstAmount"": 144, ""totalGstAmount"": 6232, ""productGstAmount"": 4548, ""shippingGstAmount"": 1540}",,,,,,1,,ORD-20260818-0006,,,B2B,379.0,37900,0.0,0,0.0,0,534.84,53484,85.5,8550,85.5,8550.0,,0.0,,0.0,,0.0,8.02,802,62.32,6232,45.48,4548,15.4,1540,1.44,144,62.32,6232,0.0,0,0.0,0,0.0,0.0,,0.0,ORD-20260818-0006
105,fulfilled,,,2026-08-19 09:01:25.084162,2026-09-15 06:52:52.953807,1,6,4,4,3,standard,WALLET,2026-08-19 15:48:49,7.0,2026-08-26,"{""inboundCost"": 0, ""inboundDays"": 0, ""inbound_tat"": 0, ""inbound_cost"": 0, ""outboundCost"": 85.5, ""outboundDays"": 7, ""outbound_tat"": 7, ""qcBufferDays"": 0, ""qc_packaging"": 0, ""outbound_cost"": 8550}",refunded,returned,HUB_RECEIVED,0,0,,"{""cgstAmount"": 0, ""igstAmount"": 32589, ""sgstAmount"": 0, ""isInterState"": true, ""pgFeeGstAmount"": 0, ""totalGstAmount"": 32589, ""productGstAmount"": 31050, ""shippingGstAmount"": 1539}",,,,,,0,"{""scenario"": ""RETURNED_BY_CUSTOMER"", ""taxRefunded"": 310.5, ""isInterState"": true, ""refundAmount"": 203550, ""totalWithheld"": 100.89, ""shippingRefunded"": 0, ""shippingWithheld"": 10089, ""calculationSource"": ""CREDIT_NOTE"", ""pgChargesRefunded"": 0, ""pgChargesWithheld"": 0, ""productBaseRefunded"": 1725, ""grossCreditNoteAmount"": 2035.5, ""creditNoteRefundAmount"": 2035.5, ""returnShippingDeducted"": 0, ""returnShippingGstDeducted"": 0, ""returnShippingBaseDeducted"": 0, ""returnShippingChargeLocked"": 100.89, ""returnShippingChargeSource"": ""fallback"", ""returnShippingDeductionApplied"": false}",ORD-20260819-0001,fallback,2026-08-19 10:07:35,B2C,1725.0,172500,0.0,0,0.0,0,2136.39,213639,85.5,8550,85.5,8550.0,85.5,8550.0,15.39,1539.0,100.89,10089.0,0.0,0,325.89,32589,310.5,31050,15.39,1539,0.0,0,325.89,32589,0.0,0,0.0,0,0.0,0.0,2035.5,203550.0,ORD-20260819-0001
106,fulfilled,,,2026-08-19 12:25:21.744692,2026-09-15 06:52:52.953807,0,6,4,4,3,standard,,,7.0,2026-08-26,"{""inboundCost"": 0, ""inboundDays"": 0, ""inbound_tat"": 0, ""inbound_cost"": 0, ""outboundCost"": 85.5, ""outboundDays"": 7, ""outbound_tat"": 7, ""qcBufferDays"": 0, ""qc_packaging"": 0, ""outbound_cost"": 8550}",paid,accepted,,0,0,,"{""cgstAmount"": 0, ""igstAmount"": 916389, ""sgstAmount"": 0, ""isInterState"": true, ""pgFeeGstAmount"": 0, ""totalGstAmount"": 916389, ""productGstAmount"": 914850, ""shippingGstAmount"": 1539}",,,,,,0,,ORD-20260819-0002,,,B2C,51125.0,5112500,300.0,30000,0.0,0,60074.39,6007439,85.5,8550,85.5,8550.0,,0.0,,0.0,,0.0,0.0,0,9163.89,916389,9148.5,914850,15.39,1539,0.0,0,9163.89,916389,0.0,0,0.0,0,0.0,0.0,,0.0,ORD-20260819-0002
107,fulfilled,,,2026-08-19 12:35:37.488216,2026-09-15 06:52:52.953807,0,4,5,5,1,standard,,,7.0,2026-08-26,"{""inboundCost"": 0, ""inboundDays"": 0, ""inbound_tat"": 0, ""inbound_cost"": 0, ""outboundCost"": 85.5, ""outboundDays"": 7, ""outbound_tat"": 7, ""qcBufferDays"": 0, ""qc_packaging"": 0, ""outbound_cost"": 8550}",paid,accepted,,0,0,,"{""cgstAmount"": 8404, ""igstAmount"": 0, ""sgstAmount"": 8404, ""isInterState"": false, ""pgFeeGstAmount"": 408, ""totalGstAmount"": 16808, ""productGstAmount"": 14860, ""shippingGstAmount"": 1540}",,,,,,0,,ORD-20260819-0003,,,B2B,1548.0,154800,309.6,30960,0.0,0,1514.7,151470,85.5,8550,85.5,8550.0,,0.0,,0.0,,0.0,22.72,2272,168.08,16808,148.6,14860,15.4,1540,4.08,408,168.08,16808,0.0,0,0.0,0,0.0,0.0,,0.0,ORD-20260819-0003
108,fulfilled,,,2026-08-20 06:38:05.424894,2026-09-15 06:52:52.953807,0,6,4,4,3,standard,,,7.0,2026-08-27,"{""inboundCost"": 0, ""inboundDays"": 0, ""inbound_tat"": 0, ""inbound_cost"": 0, ""outboundCost"": 85.5, ""outboundDays"": 7, ""outbound_tat"": 7, ""qcBufferDays"": 0, ""qc_packaging"": 0, ""outbound_cost"": 8550}",paid,accepted,,0,0,,"{""cgstAmount"": 0, ""igstAmount"": 20871, ""sgstAmount"": 0, ""isInterState"": true, ""pgFeeGstAmount"": 0, ""totalGstAmount"": 20871, ""productGstAmount"": 19332, ""shippingGstAmount"": 1539}",,,,,,0,,ORD-20260820-0001,,,B2C,1074.0,107400,0.0,0,0.0,0,1368.21,136821,85.5,8550,85.5,8550.0,,0.0,,0.0,,0.0,0.0,0,208.71,20871,193.32,19332,15.39,1539,0.0,0,208.71,20871,0.0,0,0.0,0,0.0,0.0,,0.0,ORD-20260820-0001
109,fulfilled,,,2026-08-20 13:01:22.070361,2026-09-15 06:52:52.953807,0,6,4,4,3,standard,,,7.0,2026-08-27,"{""inboundCost"": 0, ""inboundDays"": 0, ""inbound_tat"": 0, ""inbound_cost"": 0, ""outboundCost"": 85.5, ""outboundDays"": 7, ""outbound_tat"": 7, ""qcBufferDays"": 0, ""qc_packaging"": 0, ""outbound_cost"": 8550}",paid,accepted,,0,0,,"{""cgstAmount"": 0, ""igstAmount"": 921789, ""sgstAmount"": 0, ""isInterState"": true, ""pgFeeGstAmount"": 0, ""totalGstAmount"": 921789, ""productGstAmount"": 920250, ""shippingGstAmount"": 1539}",,,,,,0,,ORD-20260820-0002,,,B2C,51125.0,5112500,0.0,0,0.0,0,60428.39,6042839,85.5,8550,85.5,8550.0,,0.0,,0.0,,0.0,0.0,0,9217.89,921789,9202.5,920250,15.39,1539,0.0,0,9217.89,921789,0.0,0,0.0,0,0.0,0.0,,0.0,ORD-20260820-0002
110,fulfilled,,,2026-08-20 13:11:36.371521,2026-09-15 06:52:52.953807,0,4,5,5,1,standard,,,7.0,2026-08-27,"{""inboundCost"": 0, ""inboundDays"": 0, ""inbound_tat"": 0, ""inbound_cost"": 0, ""outboundCost"": 85.5, ""outboundDays"": 7, ""outbound_tat"": 7, ""qcBufferDays"": 0, ""qc_packaging"": 0, ""outbound_cost"": 8550}",paid,delivered,HUB_RECEIVED,0,0,,"{""cgstAmount"": 39824, ""igstAmount"": 0, ""sgstAmount"": 39824, ""isInterState"": false, ""pgFeeGstAmount"": 1980, ""totalGstAmount"": 79648, ""productGstAmount"": 76128, ""shippingGstAmount"": 1540}",,,,,,0,,ORD-20260820-0003,fallback,2026-08-20 13:20:00,B2B,6344.0,634400,0.0,0,0.0,0,7336.02,733602,85.5,8550,85.5,8550.0,85.5,8550.0,15.39,1539.0,100.89,10089.0,110.04,11004,796.48,79648,761.28,76128,15.4,1540,19.8,1980,796.48,79648,0.0,0,0.0,0,0.0,0.0,,0.0,ORD-20260820-0003
111,fulfilled,,,2026-08-20 13:14:33.283969,2026-09-15 06:52:52.953807,0,6,4,4,3,standard,,,7.0,2026-08-27,"{""inboundCost"": 0, ""inboundDays"": 0, ""inbound_tat"": 0, ""inbound_cost"": 0, ""outboundCost"": 85.5, ""outboundDays"": 7, ""outbound_tat"": 7, ""qcBufferDays"": 0, ""qc_packaging"": 0, ""outbound_cost"": 8550}",paid,accepted,,0,0,,"{""cgstAmount"": 0, ""igstAmount"": 921789, ""sgstAmount"": 0, ""isInterState"": true, ""pgFeeGstAmount"": 0, ""totalGstAmount"": 921789, ""productGstAmount"": 920250, ""shippingGstAmount"": 1539}",,,,,,0,,ORD-20260820-0004,,,B2C,51125.0,5112500,0.0,0,0.0,0,60428.39,6042839,85.5,8550,85.5,8550.0,,0.0,,0.0,,0.0,0.0,0,9217.89,921789,9202.5,920250,15.39,1539,0.0,0,9217.89,921789,0.0,0,0.0,0,0.0,0.0,,0.0,ORD-20260820-0004
112,fulfilled,,,2026-08-20 13:16:25.305167,2026-09-15 06:52:52.953807,0,6,4,4,3,standard,,,7.0,2026-08-27,"{""inboundCost"": 0, ""inboundDays"": 0, ""inbound_tat"": 0, ""inbound_cost"": 0, ""outboundCost"": 85.5, ""outboundDays"": 7, ""outbound_tat"": 7, ""qcBufferDays"": 0, ""qc_packaging"": 0, ""outbound_cost"": 8550}",paid,accepted,,0,0,,"{""cgstAmount"": 0, ""igstAmount"": 20871, ""sgstAmount"": 0, ""isInterState"": true, ""pgFeeGstAmount"": 0, ""totalGstAmount"": 20871, ""productGstAmount"": 19332, ""shippingGstAmount"": 1539}",,,,,,0,,ORD-20260820-0005,,,B2C,1074.0,107400,0.0,0,0.0,0,1368.21,136821,85.5,8550,85.5,8550.0,,0.0,,0.0,,0.0,0.0,0,208.71,20871,193.32,19332,15.39,1539,0.0,0,208.71,20871,0.0,0,0.0,0,0.0,0.0,,0.0,ORD-20260820-0005
113,fulfilled,,,2026-08-20 13:27:10.083362,2026-09-15 06:52:52.953807,0,6,4,4,3,standard,,,7.0,2026-08-27,"{""inboundCost"": 0, ""inboundDays"": 0, ""inbound_tat"": 0, ""inbound_cost"": 0, ""outboundCost"": 85.5, ""outboundDays"": 7, ""outbound_tat"": 7, ""qcBufferDays"": 0, ""qc_packaging"": 0, ""outbound_cost"": 8550}",paid,processing,VENDOR_READY_TO_SHIP,0,0,,"{""cgstAmount"": 0, ""igstAmount"": 20871, ""sgstAmount"": 0, ""isInterState"": true, ""pgFeeGstAmount"": 0, ""totalGstAmount"": 20871, ""productGstAmount"": 19332, ""shippingGstAmount"": 1539}",,,,,,0,,ORD-20260820-0006,,,B2C,1074.0,107400,0.0,0,0.0,0,1368.21,136821,85.5,8550,85.5,8550.0,,0.0,,0.0,,0.0,0.0,0,208.71,20871,193.32,19332,15.39,1539,0.0,0,208.71,20871,0.0,0,0.0,0,0.0,0.0,,0.0,ORD-20260820-0006
114,fulfilled,,,2026-08-20 13:31:54.698987,2026-09-15 06:52:52.953807,0,6,4,4,3,standard,,,7.0,2026-08-27,"{""inboundCost"": 0, ""inboundDays"": 0, ""inbound_tat"": 0, ""inbound_cost"": 0, ""outboundCost"": 85.5, ""outboundDays"": 7, ""outbound_tat"": 7, ""qcBufferDays"": 0, ""qc_packaging"": 0, ""outbound_cost"": 8550}",paid,shipped,AWB_BOOKED,0,0,,"{""cgstAmount"": 0, ""igstAmount"": 20871, ""sgstAmount"": 0, ""isInterState"": true, ""pgFeeGstAmount"": 0, ""totalGstAmount"": 20871, ""productGstAmount"": 19332, ""shippingGstAmount"": 1539}",,,,,,0,,ORD-20260820-0007,,,B2C,1074.0,107400,0.0,0,0.0,0,1368.21,136821,85.5,8550,85.5,8550.0,,0.0,,0.0,,0.0,0.0,0,208.71,20871,193.32,19332,15.39,1539,0.0,0,208.71,20871,0.0,0,0.0,0,0.0,0.0,,0.0,ORD-20260820-0007
115,fulfilled,,,2026-08-21 15:21:53.008983,2026-09-15 06:52:52.953807,0,6,4,4,2,standard,,,7.0,2026-08-28,"{""inboundCost"": 0, ""inboundDays"": 0, ""inbound_tat"": 0, ""inbound_cost"": 0, ""outboundCost"": 85.5, ""outboundDays"": 7, ""outbound_tat"": 7, ""qcBufferDays"": 0, ""qc_packaging"": 0, ""outbound_cost"": 8550}",paid,processing,HUB_RECEIVED,0,0,,"{""cgstAmount"": 0, ""igstAmount"": 39590, ""sgstAmount"": 0, ""isInterState"": true, ""pgFeeGstAmount"": 701, ""totalGstAmount"": 39590, ""productGstAmount"": 37350, ""shippingGstAmount"": 1539}",,,,,,0,,ORD-20260821-0001,,,B2C,2075.0,207500,0.0,0,0.0,0,2595.33,259533,85.5,8550,85.5,8550.0,,0.0,,0.0,,0.0,38.93,3893,395.9,39590,373.5,37350,15.39,1539,7.01,701,395.9,39590,0.0,0,0.0,0,0.0,0.0,,0.0,ORD-20260821-0001
116,fulfilled,,,2026-08-21 15:25:36.770035,2026-09-15 06:52:52.953807,1,6,4,4,2,standard,BANK_TRANSFER,2026-08-21 21:06:28,7.0,2026-08-28,"{""inboundCost"": 0, ""inboundDays"": 0, ""inbound_tat"": 0, ""inbound_cost"": 0, ""outboundCost"": 85.5, ""outboundDays"": 7, ""outbound_tat"": 7, ""qcBufferDays"": 0, ""qc_packaging"": 0, ""outbound_cost"": 8550}",refunded,returned,HUB_RECEIVED,0,0,,"{""cgstAmount"": 0, ""igstAmount"": 39590, ""sgstAmount"": 0, ""isInterState"": true, ""pgFeeGstAmount"": 701, ""totalGstAmount"": 39590, ""productGstAmount"": 37350, ""shippingGstAmount"": 1539}",,,,,,0,"{""scenario"": ""RETURNED_BY_CUSTOMER"", ""taxRefunded"": 395.9, ""isInterState"": true, ""refundAmount"": 259533, ""totalWithheld"": 0, ""shippingRefunded"": 8550, ""shippingWithheld"": 0, ""calculationSource"": ""CREDIT_NOTE"", ""pgChargesRefunded"": 3893, ""pgChargesWithheld"": 0, ""productBaseRefunded"": 2075, ""grossCreditNoteAmount"": 2595.33, ""creditNoteRefundAmount"": 2595.33, ""returnShippingDeducted"": 0, ""returnShippingGstDeducted"": 0, ""returnShippingBaseDeducted"": 0, ""returnShippingChargeLocked"": 100.89, ""returnShippingChargeSource"": ""fallback"", ""returnShippingDeductionApplied"": false}",ORD-20260821-0002,fallback,2026-08-21 15:35:05,B2C,2075.0,207500,0.0,0,0.0,0,2595.33,259533,85.5,8550,85.5,8550.0,85.5,8550.0,15.39,1539.0,100.89,10089.0,38.93,3893,395.9,39590,373.5,37350,15.39,1539,7.01,701,395.9,39590,0.0,0,0.0,0,0.0,0.0,2595.33,259533.0,ORD-20260821-0002
117,fulfilled,,,2026-08-21 15:31:37.594726,2026-09-15 06:52:52.953807,0,6,4,4,2,standard,,,7.0,2026-08-28,"{""inboundCost"": 0, ""inboundDays"": 0, ""inbound_tat"": 0, ""inbound_cost"": 0, ""outboundCost"": 85.5, ""outboundDays"": 7, ""outbound_tat"": 7, ""qcBufferDays"": 0, ""qc_packaging"": 0, ""outbound_cost"": 8550}",refund_pending,returned,HUB_RECEIVED,0,0,,"{""cgstAmount"": 0, ""igstAmount"": 39590, ""sgstAmount"": 0, ""isInterState"": true, ""pgFeeGstAmount"": 701, ""totalGstAmount"": 39590, ""productGstAmount"": 37350, ""shippingGstAmount"": 1539}",,,,,,0,"{""scenario"": ""RETURNED_BY_CUSTOMER"", ""taxRefunded"": 373.5, ""isInterState"": true, ""refundAmount"": 244850, ""totalWithheld"": 146.83, ""shippingRefunded"": 0, ""shippingWithheld"": 10089, ""calculationSource"": ""CREDIT_NOTE"", ""pgChargesRefunded"": 0, ""pgChargesWithheld"": 4594, ""productBaseRefunded"": 2075, ""grossCreditNoteAmount"": 2448.5, ""creditNoteRefundAmount"": 2448.5, ""returnShippingDeducted"": 0, ""returnShippingGstDeducted"": 0, ""returnShippingBaseDeducted"": 0, ""returnShippingChargeLocked"": 100.89, ""returnShippingChargeSource"": ""fallback"", ""returnShippingDeductionApplied"": false}",ORD-20260821-0003,fallback,2026-08-22 06:34:54,B2C,2075.0,207500,0.0,0,0.0,0,2595.33,259533,85.5,8550,85.5,8550.0,85.5,8550.0,15.39,1539.0,100.89,10089.0,38.93,3893,395.9,39590,373.5,37350,15.39,1539,7.01,701,395.9,39590,0.0,0,0.0,0,0.0,0.0,2448.5,244850.0,ORD-20260821-0003
118,pending,,Vendor did not accept within 72 hours.,2026-08-22 06:33:34.114190,2026-09-15 06:52:52.953807,0,6,4,4,2,standard,,,7.0,2026-08-29,"{""inboundCost"": 0, ""inboundDays"": 0, ""inbound_tat"": 0, ""inbound_cost"": 0, ""outboundCost"": 85.5, ""outboundDays"": 7, ""outbound_tat"": 7, ""qcBufferDays"": 0, ""qc_packaging"": 0, ""outbound_cost"": 8550}",paid,cancelled,CANCELLED,0,0,,"{""cgstAmount"": 0, ""igstAmount"": 39590, ""sgstAmount"": 0, ""isInterState"": true, ""pgFeeGstAmount"": 701, ""totalGstAmount"": 39590, ""productGstAmount"": 37350, ""shippingGstAmount"": 1539}",,,,,,1,,ORD-20260822-0001,,,B2C,2075.0,207500,0.0,0,0.0,0,2595.33,259533,85.5,8550,85.5,8550.0,,0.0,,0.0,,0.0,38.93,3893,395.9,39590,373.5,37350,15.39,1539,7.01,701,395.9,39590,0.0,0,0.0,0,0.0,0.0,,0.0,ORD-20260822-0001
119,fulfilled,,,2026-08-22 06:35:21.580312,2026-09-05 08:50:24.950709,0,6,4,4,2,standard,,,,,,pending,delivered,HUB_RECEIVED,0,0,,,,,,,,0,,,fallback,2026-08-22 06:44:59,B2C,2075.0,207500,0.0,0,0.0,0,2595.33,259533,0.0,0,0.0,0.0,85.5,8550.0,15.39,1539.0,100.89,10089.0,0.0,0,0.0,0,0.0,0,0.0,0,0.0,0,0.0,0,0.0,0,0.0,0,,0.0,,0.0,
120,fulfilled,,,2026-08-22 06:45:14.629277,2026-09-05 08:50:24.950709,0,6,4,4,2,standard,,,,,,pending,delivered,HUB_RECEIVED,0,0,,,,,,,,0,,,fallback,2026-08-22 06:49:28,B2C,2075.0,207500,0.0,0,0.0,0,2595.33,259533,0.0,0,0.0,0.0,85.5,8550.0,15.39,1539.0,100.89,10089.0,0.0,0,0.0,0,0.0,0,0.0,0,0.0,0,0.0,0,0.0,0,0.0,0,,0.0,,0.0,
121,pending,,Vendor did not accept within 72 hours.,2026-08-22 06:49:40.172383,2026-09-05 08:50:24.950709,0,6,4,4,2,standard,,,,,,pending,cancelled,CANCELLED,0,0,,,,,,,,1,,,,,B2C,2075.0,207500,0.0,0,0.0,0,2595.33,259533,0.0,0,0.0,0.0,,0.0,,0.0,,0.0,0.0,0,0.0,0,0.0,0,0.0,0,0.0,0,0.0,0,0.0,0,0.0,0,,0.0,,0.0,
122,fulfilled,,,2026-08-22 09:19:50.072628,2026-09-15 06:52:52.953807,0,4,10,10,1,standard,,,7.0,2026-08-29,"{""inboundCost"": 0, ""inboundDays"": 0, ""inbound_tat"": 0, ""inbound_cost"": 0, ""outboundCost"": 85.5, ""outboundDays"": 7, ""outbound_tat"": 7, ""qcBufferDays"": 0, ""qc_packaging"": 0, ""outbound_cost"": 8550}",paid,delivered,DELIVERED,0,0,,"{""cgstAmount"": 7520, ""igstAmount"": 0, ""sgstAmount"": 7520, ""isInterState"": false, ""pgFeeGstAmount"": 0, ""totalGstAmount"": 15040, ""productGstAmount"": 13500, ""shippingGstAmount"": 1540}",,,,,,0,,ORD-20260822-0002,,,B2B,750.0,75000,0.0,0,0.0,0,985.9,98590,85.5,8550,85.5,8550.0,,0.0,,0.0,,0.0,0.0,0,150.4,15040,135.0,13500,15.4,1540,0.0,0,150.4,15040,0.0,0,0.0,0,0.0,0.0,,0.0,ORD-20260822-0002
123,pending,,Vendor did not accept within 72 hours.,2026-08-22 09:28:50.573688,2026-09-15 06:52:52.953807,0,4,5,5,2,standard,,,7.0,2026-08-29,"{""inboundCost"": 0, ""inboundDays"": 0, ""inbound_tat"": 0, ""inbound_cost"": 0, ""outboundCost"": 85.5, ""outboundDays"": 7, ""outbound_tat"": 7, ""qcBufferDays"": 0, ""qc_packaging"": 0, ""outbound_cost"": 8550}",paid,cancelled,CANCELLED,0,0,,"{""cgstAmount"": 19795, ""igstAmount"": 0, ""sgstAmount"": 19795, ""isInterState"": false, ""pgFeeGstAmount"": 700, ""totalGstAmount"": 39590, ""productGstAmount"": 37350, ""shippingGstAmount"": 1540}",,,,,,1,,ORD-20260822-0003,,,B2B,2075.0,207500,0.0,0,0.0,0,2595.33,259533,85.5,8550,85.5,8550.0,,0.0,,0.0,,0.0,38.93,3893,395.9,39590,373.5,37350,15.4,1540,7.0,700,395.9,39590,0.0,0,0.0,0,0.0,0.0,,0.0,ORD-20260822-0003
124,pending,,Vendor did not accept within 72 hours.,2026-08-22 10:37:06.082715,2026-09-15 06:52:52.953807,0,4,5,5,1,standard,,,7.0,2026-08-29,"{""inboundCost"": 0, ""inboundDays"": 0, ""inbound_tat"": 0, ""inbound_cost"": 0, ""outboundCost"": 85.5, ""outboundDays"": 7, ""outbound_tat"": 7, ""qcBufferDays"": 0, ""qc_packaging"": 0, ""outbound_cost"": 8550}",paid,cancelled,CANCELLED,0,0,,"{""cgstAmount"": 7655, ""igstAmount"": 0, ""sgstAmount"": 7655, ""isInterState"": false, ""pgFeeGstAmount"": 270, ""totalGstAmount"": 15310, ""productGstAmount"": 13500, ""shippingGstAmount"": 1540}",,,,,,1,,ORD-20260822-0004,,,B2B,750.0,75000,0.0,0,0.0,0,1003.65,100365,85.5,8550,85.5,8550.0,,0.0,,0.0,,0.0,15.05,1505,153.1,15310,135.0,13500,15.4,1540,2.7,270,153.1,15310,0.0,0,0.0,0,0.0,0.0,,0.0,ORD-20260822-0004
125,fulfilled,,,2026-08-24 09:10:05.500861,2026-09-15 06:52:52.953807,0,4,5,5,2,standard,,,7.0,2026-08-31,"{""inboundCost"": 0, ""inboundDays"": 0, ""inbound_tat"": 0, ""inbound_cost"": 0, ""outboundCost"": 85.5, ""outboundDays"": 7, ""outbound_tat"": 7, ""qcBufferDays"": 0, ""qc_packaging"": 0, ""outbound_cost"": 8550}",paid,processing,HUB_RECEIVED,0,0,,"{""cgstAmount"": 19795, ""igstAmount"": 0, ""sgstAmount"": 19795, ""isInterState"": false, ""pgFeeGstAmount"": 700, ""totalGstAmount"": 39590, ""productGstAmount"": 37350, ""shippingGstAmount"": 1540}",,,,,,0,,ORD-20260824-0001,,,B2B,2075.0,207500,0.0,0,0.0,0,2595.33,259533,85.5,8550,85.5,8550.0,,0.0,,0.0,,0.0,38.93,3893,395.9,39590,373.5,37350,15.4,1540,7.0,700,395.9,39590,0.0,0,0.0,0,0.0,0.0,,0.0,ORD-20260824-0001
126,pending,,Vendor did not accept within 72 hours.,2026-08-24 10:32:31.452621,2026-09-15 06:52:52.953807,0,4,5,5,1,standard,,,7.0,2026-08-31,"{""inboundCost"": 0, ""inboundDays"": 0, ""inbound_tat"": 0, ""inbound_cost"": 0, ""outboundCost"": 85.5, ""outboundDays"": 7, ""outbound_tat"": 7, ""qcBufferDays"": 0, ""qc_packaging"": 0, ""outbound_cost"": 8550}",paid,cancelled,CANCELLED,0,0,,"{""cgstAmount"": 34883, ""igstAmount"": 0, ""sgstAmount"": 34883, ""isInterState"": false, ""pgFeeGstAmount"": 1734, ""totalGstAmount"": 69766, ""productGstAmount"": 66492, ""shippingGstAmount"": 1540}",,,,,,1,,ORD-20260824-0002,,,B2B,6541.0,654100,1000.0,100000,0.0,0,6420.47,642047,85.5,8550,85.5,8550.0,,0.0,,0.0,,0.0,96.31,9631,697.66,69766,664.92,66492,15.4,1540,17.34,1734,697.66,69766,0.0,0,0.0,0,0.0,0.0,,0.0,ORD-20260824-0002
127,pending,,Vendor did not accept within 72 hours.,2026-08-24 11:19:03.490464,2026-09-15 06:52:52.953807,0,4,5,5,1,standard,,,7.0,2026-08-31,"{""inboundCost"": 0, ""inboundDays"": 0, ""inbound_tat"": 0, ""inbound_cost"": 0, ""outboundCost"": 85.5, ""outboundDays"": 7, ""outbound_tat"": 7, ""qcBufferDays"": 0, ""qc_packaging"": 0, ""outbound_cost"": 8550}",paid,cancelled,CANCELLED,0,0,,"{""cgstAmount"": 36747, ""igstAmount"": 0, ""sgstAmount"": 36747, ""isInterState"": false, ""pgFeeGstAmount"": 1826, ""totalGstAmount"": 73494, ""productGstAmount"": 70128, ""shippingGstAmount"": 1540}",,,,,,1,,ORD-20260824-0003,,,B2B,6344.0,634400,500.0,50000,0.0,0,6765.93,676593,85.5,8550,85.5,8550.0,,0.0,,0.0,,0.0,101.49,10149,734.94,73494,701.28,70128,15.4,1540,18.26,1826,734.94,73494,0.0,0,0.0,0,0.0,0.0,,0.0,ORD-20260824-0003
128,pending,,Vendor did not accept within 72 hours.,2026-08-24 11:19:03.543693,2026-09-15 06:52:52.953807,0,4,5,5,3,standard,,,7.0,2026-08-31,"{""inboundCost"": 0, ""inboundDays"": 0, ""inbound_tat"": 0, ""inbound_cost"": 0, ""outboundCost"": 85.5, ""outboundDays"": 7, ""outbound_tat"": 7, ""qcBufferDays"": 0, ""qc_packaging"": 0, ""outbound_cost"": 8550}",paid,cancelled,CANCELLED,0,0,,"{""cgstAmount"": 7637, ""igstAmount"": 0, ""sgstAmount"": 7637, ""isInterState"": false, ""pgFeeGstAmount"": 270, ""totalGstAmount"": 15274, ""productGstAmount"": 13464, ""shippingGstAmount"": 1540}",,,,,,1,,ORD-20260824-0004,,,B2B,748.0,74800,0.0,0,0.0,0,1001.26,100126,85.5,8550,85.5,8550.0,,0.0,,0.0,,0.0,15.02,1502,152.74,15274,134.64,13464,15.4,1540,2.7,270,152.74,15274,0.0,0,0.0,0,0.0,0.0,,0.0,ORD-20260824-0004
129,pending,,Vendor did not accept within 72 hours.,2026-08-24 11:46:57.811260,2026-09-15 06:52:52.953807,0,4,5,5,1,standard,,,7.0,2026-08-31,"{""inboundCost"": 0, ""inboundDays"": 0, ""inbound_tat"": 0, ""inbound_cost"": 0, ""outboundCost"": 85.5, ""outboundDays"": 7, ""outbound_tat"": 7, ""qcBufferDays"": 0, ""qc_packaging"": 0, ""outbound_cost"": 8550}",paid,cancelled,CANCELLED,0,0,,"{""cgstAmount"": 4047, ""igstAmount"": 0, ""sgstAmount"": 4047, ""isInterState"": false, ""pgFeeGstAmount"": 384, ""totalGstAmount"": 8094, ""productGstAmount"": 6170, ""shippingGstAmount"": 1540}",,,,,,1,,ORD-20260824-0005,,,B2B,1234.0,123400,0.0,0,0.0,0,1421.77,142177,85.5,8550,85.5,8550.0,,0.0,,0.0,,0.0,21.33,2133,80.94,8094,61.7,6170,15.4,1540,3.84,384,80.94,8094,0.0,0,0.0,0,0.0,0.0,,0.0,ORD-20260824-0005
130,pending,,Vendor did not accept within 72 hours.,2026-08-25 05:19:12.171947,2026-09-15 06:52:52.953807,0,4,5,5,1,standard,,,7.0,2026-09-01,"{""inboundCost"": 0, ""inboundDays"": 0, ""inbound_tat"": 0, ""inbound_cost"": 0, ""outboundCost"": 85.5, ""outboundDays"": 7, ""outbound_tat"": 7, ""qcBufferDays"": 0, ""qc_packaging"": 0, ""outbound_cost"": 8550}",paid,cancelled,CANCELLED,0,0,,"{""cgstAmount"": 7609, ""igstAmount"": 0, ""sgstAmount"": 7609, ""isInterState"": false, ""pgFeeGstAmount"": 370, ""totalGstAmount"": 15218, ""productGstAmount"": 13308, ""shippingGstAmount"": 1540}",,,,,,1,,ORD-20260825-0001,,,B2B,1109.0,110900,0.0,0,0.0,0,1367.19,136719,85.5,8550,85.5,8550.0,,0.0,,0.0,,0.0,20.51,2051,152.18,15218,133.08,13308,15.4,1540,3.7,370,152.18,15218,0.0,0,0.0,0,0.0,0.0,,0.0,ORD-20260825-0001
131,pending,,Vendor did not accept within 72 hours.,2026-08-25 05:19:12.233193,2026-09-15 06:52:52.953807,0,4,5,5,1,standard,,,7.0,2026-09-01,"{""inboundCost"": 0, ""inboundDays"": 0, ""inbound_tat"": 0, ""inbound_cost"": 0, ""outboundCost"": 85.5, ""outboundDays"": 7, ""outbound_tat"": 7, ""qcBufferDays"": 0, ""qc_packaging"": 0, ""outbound_cost"": 8550}",paid,cancelled,CANCELLED,0,0,,"{""cgstAmount"": 39461, ""igstAmount"": 0, ""sgstAmount"": 39461, ""isInterState"": false, ""pgFeeGstAmount"": 1962, ""totalGstAmount"": 78922, ""productGstAmount"": 75420, ""shippingGstAmount"": 1540}",,,,,,1,,ORD-20260825-0002,,,B2B,6285.0,628500,0.0,0,0.0,0,7268.75,726875,85.5,8550,85.5,8550.0,,0.0,,0.0,,0.0,109.03,10903,789.22,78922,754.2,75420,15.4,1540,19.62,1962,789.22,78922,0.0,0,0.0,0,0.0,0.0,,0.0,ORD-20260825-0002
132,pending,,Vendor did not accept within 72 hours.,2026-08-25 05:24:11.911932,2026-09-15 06:52:52.953807,0,4,5,5,1,standard,,,7.0,2026-09-01,"{""inboundCost"": 0, ""inboundDays"": 0, ""inbound_tat"": 0, ""inbound_cost"": 0, ""outboundCost"": 85.5, ""outboundDays"": 7, ""outbound_tat"": 7, ""qcBufferDays"": 0, ""qc_packaging"": 0, ""outbound_cost"": 8550}",paid,cancelled,CANCELLED,0,0,,"{""cgstAmount"": 10846, ""igstAmount"": 0, ""sgstAmount"": 10846, ""isInterState"": false, ""pgFeeGstAmount"": 532, ""totalGstAmount"": 21692, ""productGstAmount"": 19620, ""shippingGstAmount"": 1540}",,,,,,1,,ORD-20260825-0003,,,B2B,1635.0,163500,0.0,0,0.0,0,1966.92,196692,85.5,8550,85.5,8550.0,,0.0,,0.0,,0.0,29.5,2950,216.92,21692,196.2,19620,15.4,1540,5.32,532,216.92,21692,0.0,0,0.0,0,0.0,0.0,,0.0,ORD-20260825-0003
133,pending,,Vendor did not accept within 72 hours.,2026-08-25 05:24:11.959065,2026-09-15 06:52:52.953807,0,4,5,5,1,standard,,,7.0,2026-09-01,"{""inboundCost"": 0, ""inboundDays"": 0, ""inbound_tat"": 0, ""inbound_cost"": 0, ""outboundCost"": 85.5, ""outboundDays"": 7, ""outbound_tat"": 7, ""qcBufferDays"": 0, ""qc_packaging"": 0, ""outbound_cost"": 8550}",paid,cancelled,CANCELLED,0,0,,"{""cgstAmount"": 10310, ""igstAmount"": 0, ""sgstAmount"": 10310, ""isInterState"": false, ""pgFeeGstAmount"": 504, ""totalGstAmount"": 20620, ""productGstAmount"": 18576, ""shippingGstAmount"": 1540}",,,,,,1,,ORD-20260825-0004,,,B2B,1548.0,154800,0.0,0,0.0,0,1867.72,186772,85.5,8550,85.5,8550.0,,0.0,,0.0,,0.0,28.02,2802,206.2,20620,185.76,18576,15.4,1540,5.04,504,206.2,20620,0.0,0,0.0,0,0.0,0.0,,0.0,ORD-20260825-0004
134,pending,,Vendor did not accept within 72 hours.,2026-08-25 05:28:11.385377,2026-09-15 06:52:52.953807,0,4,5,5,1,standard,,,7.0,2026-09-01,"{""inboundCost"": 0, ""inboundDays"": 0, ""inbound_tat"": 0, ""inbound_cost"": 0, ""outboundCost"": 85.5, ""outboundDays"": 7, ""outbound_tat"": 7, ""qcBufferDays"": 0, ""qc_packaging"": 0, ""outbound_cost"": 8550}",paid,cancelled,CANCELLED,0,0,,"{""cgstAmount"": 10846, ""igstAmount"": 0, ""sgstAmount"": 10846, ""isInterState"": false, ""pgFeeGstAmount"": 532, ""totalGstAmount"": 21692, ""productGstAmount"": 19620, ""shippingGstAmount"": 1540}",,,,,,1,,ORD-20260825-0005,,,B2B,1635.0,163500,0.0,0,0.0,0,1966.92,196692,85.5,8550,85.5,8550.0,,0.0,,0.0,,0.0,29.5,2950,216.92,21692,196.2,19620,15.4,1540,5.32,532,216.92,21692,0.0,0,0.0,0,0.0,0.0,,0.0,ORD-20260825-0005
135,pending,,Vendor did not accept within 72 hours.,2026-08-25 05:28:11.425546,2026-09-15 06:52:52.953807,0,4,5,5,1,standard,,,7.0,2026-09-01,"{""inboundCost"": 0, ""inboundDays"": 0, ""inbound_tat"": 0, ""inbound_cost"": 0, ""outboundCost"": 85.5, ""outboundDays"": 7, ""outbound_tat"": 7, ""qcBufferDays"": 0, ""qc_packaging"": 0, ""outbound_cost"": 8550}",paid,cancelled,CANCELLED,0,0,,"{""cgstAmount"": 10310, ""igstAmount"": 0, ""sgstAmount"": 10310, ""isInterState"": false, ""pgFeeGstAmount"": 504, ""totalGstAmount"": 20620, ""productGstAmount"": 18576, ""shippingGstAmount"": 1540}",,,,,,1,,ORD-20260825-0006,,,B2B,1548.0,154800,0.0,0,0.0,0,1867.72,186772,85.5,8550,85.5,8550.0,,0.0,,0.0,,0.0,28.02,2802,206.2,20620,185.76,18576,15.4,1540,5.04,504,206.2,20620,0.0,0,0.0,0,0.0,0.0,,0.0,ORD-20260825-0006
136,pending,,Vendor did not accept within 72 hours.,2026-08-25 09:26:16.700518,2026-09-15 06:52:52.953807,0,4,5,5,1,standard,,,7.0,2026-09-01,"{""inboundCost"": 0, ""inboundDays"": 0, ""inbound_tat"": 0, ""inbound_cost"": 0, ""outboundCost"": 85.5, ""outboundDays"": 7, ""outbound_tat"": 7, ""qcBufferDays"": 0, ""qc_packaging"": 0, ""outbound_cost"": 8550}",paid,cancelled,CANCELLED,0,0,,"{""cgstAmount"": 10310, ""igstAmount"": 0, ""sgstAmount"": 10310, ""isInterState"": false, ""pgFeeGstAmount"": 504, ""totalGstAmount"": 20620, ""productGstAmount"": 18576, ""shippingGstAmount"": 1540}",,,,,,1,,ORD-20260825-0007,,,B2B,1548.0,154800,0.0,0,0.0,0,1867.72,186772,85.5,8550,85.5,8550.0,,0.0,,0.0,,0.0,28.02,2802,206.2,20620,185.76,18576,15.4,1540,5.04,504,206.2,20620,0.0,0,0.0,0,0.0,0.0,,0.0,ORD-20260825-0007
137,pending,,Vendor did not accept within 72 hours.,2026-08-25 09:26:16.761270,2026-09-15 06:52:52.953807,0,4,5,5,1,standard,,,7.0,2026-09-01,"{""inboundCost"": 0, ""inboundDays"": 0, ""inbound_tat"": 0, ""inbound_cost"": 0, ""outboundCost"": 85.5, ""outboundDays"": 7, ""outbound_tat"": 7, ""qcBufferDays"": 0, ""qc_packaging"": 0, ""outbound_cost"": 8550}",paid,cancelled,CANCELLED,0,0,,"{""cgstAmount"": 41037, ""igstAmount"": 0, ""sgstAmount"": 41037, ""isInterState"": false, ""pgFeeGstAmount"": 2042, ""totalGstAmount"": 82074, ""productGstAmount"": 78492, ""shippingGstAmount"": 1540}",,,,,,1,,ORD-20260825-0008,,,B2B,6541.0,654100,0.0,0,0.0,0,7560.65,756065,85.5,8550,85.5,8550.0,,0.0,,0.0,,0.0,113.41,11341,820.74,82074,784.92,78492,15.4,1540,20.42,2042,820.74,82074,0.0,0,0.0,0,0.0,0.0,,0.0,ORD-20260825-0008
138,pending,,Vendor did not accept within 72 hours.,2026-08-25 09:26:16.790841,2026-09-15 06:52:52.953807,0,4,5,5,4,standard,,,7.0,2026-09-01,"{""inboundCost"": 0, ""inboundDays"": 0, ""inbound_tat"": 0, ""inbound_cost"": 0, ""outboundCost"": 85.5, ""outboundDays"": 7, ""outbound_tat"": 7, ""qcBufferDays"": 0, ""qc_packaging"": 0, ""outbound_cost"": 8550}",paid,cancelled,CANCELLED,0,0,,"{""cgstAmount"": 4815, ""igstAmount"": 0, ""sgstAmount"": 4815, ""isInterState"": false, ""pgFeeGstAmount"": 170, ""totalGstAmount"": 9630, ""productGstAmount"": 7920, ""shippingGstAmount"": 1540}",,,,,,1,,ORD-20260825-0009,,,B2B,440.0,44000,0.0,0,0.0,0,631.27,63127,85.5,8550,85.5,8550.0,,0.0,,0.0,,0.0,9.47,947,96.3,9630,79.2,7920,15.4,1540,1.7,170,96.3,9630,0.0,0,0.0,0,0.0,0.0,,0.0,ORD-20260825-0009
139,pending,,Vendor did not accept within 72 hours.,2026-08-25 09:26:16.819266,2026-09-15 06:52:52.953807,0,4,5,5,3,standard,,,7.0,2026-09-01,"{""inboundCost"": 0, ""inboundDays"": 0, ""inbound_tat"": 0, ""inbound_cost"": 0, ""outboundCost"": 85.5, ""outboundDays"": 7, ""outbound_tat"": 7, ""qcBufferDays"": 0, ""qc_packaging"": 0, ""outbound_cost"": 8550}",paid,cancelled,CANCELLED,0,0,,"{""cgstAmount"": 10624, ""igstAmount"": 0, ""sgstAmount"": 10624, ""isInterState"": false, ""pgFeeGstAmount"": 376, ""totalGstAmount"": 21248, ""productGstAmount"": 19332, ""shippingGstAmount"": 1540}",,,,,,1,,ORD-20260825-0010,,,B2B,1074.0,107400,0.0,0,0.0,0,1392.87,139287,85.5,8550,85.5,8550.0,,0.0,,0.0,,0.0,20.89,2089,212.48,21248,193.32,19332,15.4,1540,3.76,376,212.48,21248,0.0,0,0.0,0,0.0,0.0,,0.0,ORD-20260825-0010
140,pending,,Vendor did not accept within 72 hours.,2026-08-25 09:26:16.852474,2026-09-15 06:52:52.953807,0,4,5,5,1,standard,,,7.0,2026-09-01,"{""inboundCost"": 0, ""inboundDays"": 0, ""inbound_tat"": 0, ""inbound_cost"": 0, ""outboundCost"": 85.5, ""outboundDays"": 7, ""outbound_tat"": 7, ""qcBufferDays"": 0, ""qc_packaging"": 0, ""outbound_cost"": 8550}",paid,cancelled,CANCELLED,0,0,,"{""cgstAmount"": 6335, ""igstAmount"": 0, ""sgstAmount"": 6335, ""isInterState"": false, ""pgFeeGstAmount"": 306, ""totalGstAmount"": 12670, ""productGstAmount"": 10824, ""shippingGstAmount"": 1540}",,,,,,1,,ORD-20260825-0011,,,B2B,902.0,90200,0.0,0,0.0,0,1131.17,113117,85.5,8550,85.5,8550.0,,0.0,,0.0,,0.0,16.97,1697,126.7,12670,108.24,10824,15.4,1540,3.06,306,126.7,12670,0.0,0,0.0,0,0.0,0.0,,0.0,ORD-20260825-0011
141,pending,,Vendor did not accept within 72 hours.,2026-08-25 09:26:16.884372,2026-09-15 06:52:52.953807,0,4,5,5,1,standard,,,7.0,2026-09-01,"{""inboundCost"": 0, ""inboundDays"": 0, ""inbound_tat"": 0, ""inbound_cost"": 0, ""outboundCost"": 85.5, ""outboundDays"": 7, ""outbound_tat"": 7, ""qcBufferDays"": 0, ""qc_packaging"": 0, ""outbound_cost"": 8550}",paid,cancelled,CANCELLED,0,0,,"{""cgstAmount"": 49551, ""igstAmount"": 0, ""sgstAmount"": 49551, ""isInterState"": false, ""pgFeeGstAmount"": 2468, ""totalGstAmount"": 99102, ""productGstAmount"": 95094, ""shippingGstAmount"": 1540}",,,,,,1,,ORD-20260825-0012,,,B2B,10566.0,1056600,2641.5,264150,0.0,0,9138.09,913809,85.5,8550,85.5,8550.0,,0.0,,0.0,,0.0,137.07,13707,991.02,99102,950.94,95094,15.4,1540,24.68,2468,991.02,99102,0.0,0,0.0,0,0.0,0.0,,0.0,ORD-20260825-0012
142,pending,,Vendor did not accept within 72 hours.,2026-08-25 09:43:39.929934,2026-09-15 06:52:52.953807,0,4,5,5,1,standard,,,7.0,2026-09-01,"{""inboundCost"": 0, ""inboundDays"": 0, ""inbound_tat"": 0, ""inbound_cost"": 0, ""outboundCost"": 85.5, ""outboundDays"": 7, ""outbound_tat"": 7, ""qcBufferDays"": 0, ""qc_packaging"": 0, ""outbound_cost"": 8550}",paid,cancelled,CANCELLED,0,0,,"{""cgstAmount"": 39824, ""igstAmount"": 0, ""sgstAmount"": 39824, ""isInterState"": false, ""pgFeeGstAmount"": 1980, ""totalGstAmount"": 79648, ""productGstAmount"": 76128, ""shippingGstAmount"": 1540}",,,,,,1,,ORD-20260825-0013,,,B2B,6344.0,634400,0.0,0,0.0,0,7336.02,733602,85.5,8550,85.5,8550.0,,0.0,,0.0,,0.0,110.04,11004,796.48,79648,761.28,76128,15.4,1540,19.8,1980,796.48,79648,0.0,0,0.0,0,0.0,0.0,,0.0,ORD-20260825-0013
143,pending,,Vendor did not accept within 72 hours.,2026-08-25 10:33:17.263400,2026-09-15 06:52:52.953807,0,4,5,5,1,standard,,,7.0,2026-09-01,"{""inboundCost"": 0, ""inboundDays"": 0, ""inbound_tat"": 0, ""inbound_cost"": 0, ""outboundCost"": 85.5, ""outboundDays"": 7, ""outbound_tat"": 7, ""qcBufferDays"": 0, ""qc_packaging"": 0, ""outbound_cost"": 8550}",initiated,cancelled,CANCELLED,0,0,,"{""cgstAmount"": 10310, ""igstAmount"": 0, ""sgstAmount"": 10310, ""isInterState"": false, ""pgFeeGstAmount"": 504, ""totalGstAmount"": 20620, ""productGstAmount"": 18576, ""shippingGstAmount"": 1540}",,,,,,1,,ORD-20260825-0014,,,B2B,1548.0,154800,0.0,0,0.0,0,1867.72,186772,85.5,8550,85.5,8550.0,,0.0,,0.0,,0.0,28.02,2802,206.2,20620,185.76,18576,15.4,1540,5.04,504,206.2,20620,0.0,0,0.0,0,0.0,0.0,,0.0,ORD-20260825-0014
144,pending,,Vendor did not accept within 72 hours.,2026-08-25 10:33:17.298328,2026-09-15 06:52:52.953807,0,4,5,5,1,standard,,,7.0,2026-09-01,"{""inboundCost"": 0, ""inboundDays"": 0, ""inbound_tat"": 0, ""inbound_cost"": 0, ""outboundCost"": 85.5, ""outboundDays"": 7, ""outbound_tat"": 7, ""qcBufferDays"": 0, ""qc_packaging"": 0, ""outbound_cost"": 8550}",initiated,cancelled,CANCELLED,0,0,,"{""cgstAmount"": 41037, ""igstAmount"": 0, ""sgstAmount"": 41037, ""isInterState"": false, ""pgFeeGstAmount"": 2042, ""totalGstAmount"": 82074, ""productGstAmount"": 78492, ""shippingGstAmount"": 1540}",,,,,,1,,ORD-20260825-0015,,,B2B,6541.0,654100,0.0,0,0.0,0,7560.65,756065,85.5,8550,85.5,8550.0,,0.0,,0.0,,0.0,113.41,11341,820.74,82074,784.92,78492,15.4,1540,20.42,2042,820.74,82074,0.0,0,0.0,0,0.0,0.0,,0.0,ORD-20260825-0015
145,pending,,Vendor did not accept within 72 hours.,2026-08-25 11:16:34.100368,2026-09-15 06:52:52.953807,0,4,5,5,1,standard,,,7.0,2026-09-01,"{""inboundCost"": 0, ""inboundDays"": 0, ""inbound_tat"": 0, ""inbound_cost"": 0, ""outboundCost"": 85.5, ""outboundDays"": 7, ""outbound_tat"": 7, ""qcBufferDays"": 0, ""qc_packaging"": 0, ""outbound_cost"": 8550}",paid,cancelled,CANCELLED,0,0,,"{""cgstAmount"": 4047, ""igstAmount"": 0, ""sgstAmount"": 4047, ""isInterState"": false, ""pgFeeGstAmount"": 384, ""totalGstAmount"": 8094, ""productGstAmount"": 6170, ""shippingGstAmount"": 1540}",,,,,,1,,ORD-20260825-0016,,,B2B,1234.0,123400,0.0,0,0.0,0,1421.77,142177,85.5,8550,85.5,8550.0,,0.0,,0.0,,0.0,21.33,2133,80.94,8094,61.7,6170,15.4,1540,3.84,384,80.94,8094,0.0,0,0.0,0,0.0,0.0,,0.0,ORD-20260825-0016
146,fulfilled,,,2026-08-25 12:05:53.345495,2026-09-15 06:52:52.953807,0,4,5,5,1,standard,,,7.0,2026-09-01,"{""inboundCost"": 0, ""inboundDays"": 0, ""inbound_tat"": 0, ""inbound_cost"": 0, ""outboundCost"": 85.5, ""outboundDays"": 7, ""outbound_tat"": 7, ""qcBufferDays"": 0, ""qc_packaging"": 0, ""outbound_cost"": 8550}",paid,processing,VENDOR_READY_TO_SHIP,0,0,,"{""cgstAmount"": 2599, ""igstAmount"": 0, ""sgstAmount"": 2599, ""isInterState"": false, ""pgFeeGstAmount"": 118, ""totalGstAmount"": 5198, ""productGstAmount"": 3540, ""shippingGstAmount"": 1540}",,,,,,0,,ORD-20260825-0017,,,B2B,295.0,29500,0.0,0,0.0,0,439.07,43907,85.5,8550,85.5,8550.0,,0.0,,0.0,,0.0,6.59,659,51.98,5198,35.4,3540,15.4,1540,1.18,118,51.98,5198,0.0,0,0.0,0,0.0,0.0,,0.0,ORD-20260825-0017
147,fulfilled,,,2026-08-25 13:22:03.640828,2026-09-15 06:52:52.953807,0,6,4,4,2,standard,,,7.0,2026-09-01,"{""inboundCost"": 0, ""inboundDays"": 0, ""inbound_tat"": 0, ""inbound_cost"": 0, ""outboundCost"": 85.5, ""outboundDays"": 7, ""outbound_tat"": 7, ""qcBufferDays"": 0, ""qc_packaging"": 0, ""outbound_cost"": 8550}",paid,delivered,DELIVERED,0,0,,"{""cgstAmount"": 0, ""igstAmount"": 39590, ""sgstAmount"": 0, ""isInterState"": true, ""pgFeeGstAmount"": 701, ""totalGstAmount"": 39590, ""productGstAmount"": 37350, ""shippingGstAmount"": 1539}",,,,,,0,,ORD-20260825-0018,fallback,2026-08-25 13:33:27,B2C,2075.0,207500,0.0,0,0.0,0,2595.33,259533,85.5,8550,85.5,8550.0,85.5,8550.0,15.39,1539.0,100.89,10089.0,38.93,3893,395.9,39590,373.5,37350,15.39,1539,7.01,701,395.9,39590,0.0,0,0.0,0,0.0,0.0,,0.0,ORD-20260825-0018
148,fulfilled,,,2026-08-25 13:33:40.644178,2026-09-05 08:50:24.950709,0,6,4,4,2,standard,,,,,,pending,processing,HUB_RECEIVED,0,0,,,,,,,,0,,,,,B2C,2075.0,207500,0.0,0,0.0,0,2595.33,259533,0.0,0,0.0,0.0,,0.0,,0.0,,0.0,0.0,0,0.0,0,0.0,0,0.0,0,0.0,0,0.0,0,0.0,0,0.0,0,,0.0,,0.0,
149,fulfilled,,,2026-08-25 13:36:01.465989,2026-09-15 06:52:52.953807,0,6,4,4,2,standard,,,7.0,2026-09-01,"{""inboundCost"": 0, ""inboundDays"": 0, ""inbound_tat"": 0, ""inbound_cost"": 0, ""outboundCost"": 85.5, ""outboundDays"": 7, ""outbound_tat"": 7, ""qcBufferDays"": 0, ""qc_packaging"": 0, ""outbound_cost"": 8550}",paid,delivered,DELIVERED,0,0,,"{""cgstAmount"": 0, ""igstAmount"": 39590, ""sgstAmount"": 0, ""isInterState"": true, ""pgFeeGstAmount"": 701, ""totalGstAmount"": 39590, ""productGstAmount"": 37350, ""shippingGstAmount"": 1539}",,,,,,0,,ORD-20260825-0019,,,B2C,2075.0,207500,0.0,0,0.0,0,2595.33,259533,85.5,8550,85.5,8550.0,,0.0,,0.0,,0.0,38.93,3893,395.9,39590,373.5,37350,15.39,1539,7.01,701,395.9,39590,0.0,0,0.0,0,0.0,0.0,,0.0,ORD-20260825-0019
150,pending,,Vendor did not accept within 72 hours.,2026-08-26 07:12:44.210074,2026-09-15 06:52:52.953807,0,4,5,5,3,standard,,,7.0,2026-09-02,"{""inboundCost"": 0, ""inboundDays"": 0, ""inbound_tat"": 0, ""inbound_cost"": 0, ""outboundCost"": 85.5, ""outboundDays"": 7, ""outbound_tat"": 7, ""qcBufferDays"": 0, ""qc_packaging"": 0, ""outbound_cost"": 8550}",failed,cancelled,CANCELLED,0,0,,"{""cgstAmount"": 469200, ""igstAmount"": 0, ""sgstAmount"": 469200, ""isInterState"": false, ""pgFeeGstAmount"": 16610, ""totalGstAmount"": 938400, ""productGstAmount"": 920250, ""shippingGstAmount"": 1540}",,,,,,1,,ORD-20260826-00001,,,B2B,51125.0,5112500,0.0,0,0.0,0,61517.26,6151726,85.5,8550,85.5,8550.0,,0.0,,0.0,,0.0,922.76,92276,9384.0,938400,9202.5,920250,15.4,1540,166.1,16610,9384.0,938400,0.0,0,0.0,0,0.0,0.0,,0.0,ORD-20260826-00001
151,pending,,Vendor did not accept within 72 hours.,2026-08-26 07:12:44.268504,2026-09-15 06:52:52.953807,0,4,5,5,1,standard,,,7.0,2026-09-02,"{""inboundCost"": 0, ""inboundDays"": 0, ""inbound_tat"": 0, ""inbound_cost"": 0, ""outboundCost"": 85.5, ""outboundDays"": 7, ""outbound_tat"": 7, ""qcBufferDays"": 0, ""qc_packaging"": 0, ""outbound_cost"": 8550}",failed,cancelled,CANCELLED,0,0,,"{""cgstAmount"": 39824, ""igstAmount"": 0, ""sgstAmount"": 39824, ""isInterState"": false, ""pgFeeGstAmount"": 1980, ""totalGstAmount"": 79648, ""productGstAmount"": 76128, ""shippingGstAmount"": 1540}",,,,,,1,,ORD-20260826-00002,,,B2B,6344.0,634400,0.0,0,0.0,0,7336.02,733602,85.5,8550,85.5,8550.0,,0.0,,0.0,,0.0,110.04,11004,796.48,79648,761.28,76128,15.4,1540,19.8,1980,796.48,79648,0.0,0,0.0,0,0.0,0.0,,0.0,ORD-20260826-00002
152,pending,,Vendor did not accept within 72 hours.,2026-08-26 07:14:36.803202,2026-09-15 06:52:52.953807,0,4,5,5,1,standard,,,7.0,2026-09-02,"{""inboundCost"": 0, ""inboundDays"": 0, ""inbound_tat"": 0, ""inbound_cost"": 0, ""outboundCost"": 85.5, ""outboundDays"": 7, ""outbound_tat"": 7, ""qcBufferDays"": 0, ""qc_packaging"": 0, ""outbound_cost"": 8550}",failed,cancelled,CANCELLED,0,0,,"{""cgstAmount"": 5744, ""igstAmount"": 0, ""sgstAmount"": 5744, ""isInterState"": false, ""pgFeeGstAmount"": 276, ""totalGstAmount"": 11488, ""productGstAmount"": 9672, ""shippingGstAmount"": 1540}",,,,,,1,,ORD-20260826-00003,,,B2B,806.0,80600,0.0,0,0.0,0,1021.71,102171,85.5,8550,85.5,8550.0,,0.0,,0.0,,0.0,15.33,1533,114.88,11488,96.72,9672,15.4,1540,2.76,276,114.88,11488,0.0,0,0.0,0,0.0,0.0,,0.0,ORD-20260826-00003
153,fulfilled,,,2026-08-26 07:17:45.359766,2026-09-15 06:52:52.953807,0,4,5,5,1,standard,,,7.0,2026-09-02,"{""inboundCost"": 0, ""inboundDays"": 0, ""inbound_tat"": 0, ""inbound_cost"": 0, ""outboundCost"": 85.5, ""outboundDays"": 7, ""outbound_tat"": 7, ""qcBufferDays"": 0, ""qc_packaging"": 0, ""outbound_cost"": 8550}",failed,processing,VENDOR_READY_TO_SHIP,0,0,,"{""cgstAmount"": 5744, ""igstAmount"": 0, ""sgstAmount"": 5744, ""isInterState"": false, ""pgFeeGstAmount"": 276, ""totalGstAmount"": 11488, ""productGstAmount"": 9672, ""shippingGstAmount"": 1540}",,,,,,0,,ORD-20260826-00004,,,B2B,806.0,80600,0.0,0,0.0,0,1021.71,102171,85.5,8550,85.5,8550.0,,0.0,,0.0,,0.0,15.33,1533,114.88,11488,96.72,9672,15.4,1540,2.76,276,114.88,11488,0.0,0,0.0,0,0.0,0.0,,0.0,ORD-20260826-00004
154,fulfilled,,,2026-08-26 07:36:04.356249,2026-09-15 06:52:52.953807,0,9,7,7,1,standard,,,7.0,2026-09-02,"{""inboundCost"": 0, ""inboundDays"": 0, ""inbound_tat"": 0, ""inbound_cost"": 0, ""outboundCost"": 85.5, ""outboundDays"": 7, ""outbound_tat"": 7, ""qcBufferDays"": 0, ""qc_packaging"": 0, ""outbound_cost"": 8550}",failed,accepted,,0,0,,"{""cgstAmount"": 2599, ""igstAmount"": 0, ""sgstAmount"": 2599, ""isInterState"": false, ""pgFeeGstAmount"": 118, ""totalGstAmount"": 5198, ""productGstAmount"": 3540, ""shippingGstAmount"": 1540}",,,,,,0,,ORD-20260826-00005,,,B2B,295.0,29500,0.0,0,0.0,0,439.07,43907,85.5,8550,85.5,8550.0,,0.0,,0.0,,0.0,6.59,659,51.98,5198,35.4,3540,15.4,1540,1.18,118,51.98,5198,0.0,0,0.0,0,0.0,0.0,,0.0,ORD-20260826-00005
155,fulfilled,,,2026-08-26 07:51:06.552591,2026-09-15 06:52:52.953807,0,9,7,7,1,standard,,,7.0,2026-09-02,"{""inboundCost"": 0, ""inboundDays"": 0, ""inbound_tat"": 0, ""inbound_cost"": 0, ""outboundCost"": 85.5, ""outboundDays"": 7, ""outbound_tat"": 7, ""qcBufferDays"": 0, ""qc_packaging"": 0, ""outbound_cost"": 8550}",failed,processing,VENDOR_PREPARING,0,0,,"{""cgstAmount"": 791, ""igstAmount"": 0, ""sgstAmount"": 791, ""isInterState"": false, ""pgFeeGstAmount"": 28, ""totalGstAmount"": 1582, ""productGstAmount"": 14, ""shippingGstAmount"": 1540}",,,,,,0,,ORD-20260826-00006,,,B2B,1.2,120,0.0,0,0.0,0,104.08,10408,85.5,8550,85.5,8550.0,,0.0,,0.0,,0.0,1.56,156,15.82,1582,0.14,14,15.4,1540,0.28,28,15.82,1582,0.0,0,0.0,0,0.0,0.0,,0.0,ORD-20260826-00006
156,fulfilled,,,2026-08-26 08:00:55.486254,2026-09-15 06:52:52.953807,0,4,5,5,1,standard,,,7.0,2026-09-02,"{""inboundCost"": 0, ""inboundDays"": 0, ""inbound_tat"": 0, ""inbound_cost"": 0, ""outboundCost"": 85.5, ""outboundDays"": 7, ""outbound_tat"": 7, ""qcBufferDays"": 0, ""qc_packaging"": 0, ""outbound_cost"": 8550}",failed,processing,VENDOR_PREPARING,0,0,,"{""cgstAmount"": 10310, ""igstAmount"": 0, ""sgstAmount"": 10310, ""isInterState"": false, ""pgFeeGstAmount"": 504, ""totalGstAmount"": 20620, ""productGstAmount"": 18576, ""shippingGstAmount"": 1540}",,,,,,0,,ORD-20260826-00007,,,B2B,1548.0,154800,0.0,0,0.0,0,1867.72,186772,85.5,8550,85.5,8550.0,,0.0,,0.0,,0.0,28.02,2802,206.2,20620,185.76,18576,15.4,1540,5.04,504,206.2,20620,0.0,0,0.0,0,0.0,0.0,,0.0,ORD-20260826-00007
157,fulfilled,,,2026-08-26 09:32:30.315108,2026-09-15 06:52:52.953807,0,9,7,7,1,standard,,,7.0,2026-09-02,"{""inboundCost"": 0, ""inboundDays"": 0, ""inbound_tat"": 0, ""inbound_cost"": 0, ""outboundCost"": 0, ""outboundDays"": 7, ""outbound_tat"": 7, ""qcBufferDays"": 0, ""qc_packaging"": 0, ""outbound_cost"": 0}",paid,processing,VENDOR_PREPARING,0,0,,"{""cgstAmount"": 7, ""igstAmount"": 0, ""sgstAmount"": 7, ""isInterState"": false, ""pgFeeGstAmount"": 0, ""totalGstAmount"": 14, ""productGstAmount"": 14, ""shippingGstAmount"": 0}",,,,,,0,,ORD-20260826-00008,,,B2B,1.2,120,0.0,0,0.0,0,1.36,136,0.0,0,0.0,0.0,,0.0,,0.0,,0.0,0.02,2,0.14,14,0.14,14,0.0,0,0.0,0,0.14,14,0.0,0,0.0,0,0.0,0.0,,0.0,ORD-20260826-00008
158,fulfilled,,,2026-08-26 09:42:09.312767,2026-09-15 06:52:52.953807,0,9,7,7,1,standard,,,7.0,2026-09-02,"{""inboundCost"": 0, ""inboundDays"": 0, ""inbound_tat"": 0, ""inbound_cost"": 0, ""outboundCost"": 0, ""outboundDays"": 7, ""outbound_tat"": 7, ""qcBufferDays"": 0, ""qc_packaging"": 0, ""outbound_cost"": 0}",failed,accepted,,0,0,,"{""cgstAmount"": 7, ""igstAmount"": 0, ""sgstAmount"": 7, ""isInterState"": false, ""pgFeeGstAmount"": 0, ""totalGstAmount"": 14, ""productGstAmount"": 14, ""shippingGstAmount"": 0}",,,,,,0,,ORD-20260826-00009,,,B2B,1.2,120,0.0,0,0.0,0,1.34,134,0.0,0,0.0,0.0,,0.0,,0.0,,0.0,0.0,0,0.14,14,0.14,14,0.0,0,0.0,0,0.14,14,0.0,0,0.0,0,0.0,0.0,,0.0,ORD-20260826-00009
159,pending,,Vendor did not accept within 72 hours.,2026-08-26 11:35:06.238797,2026-09-15 06:52:52.953807,0,6,4,4,3,standard,,,7.0,2026-09-02,"{""inboundCost"": 0, ""inboundDays"": 0, ""inbound_tat"": 0, ""inbound_cost"": 0, ""outboundCost"": 0, ""outboundDays"": 7, ""outbound_tat"": 7, ""qcBufferDays"": 0, ""qc_packaging"": 0, ""outbound_cost"": 0}",failed,cancelled,CANCELLED,0,0,,"{""cgstAmount"": 0, ""igstAmount"": 920250, ""sgstAmount"": 0, ""isInterState"": true, ""pgFeeGstAmount"": 0, ""totalGstAmount"": 920250, ""productGstAmount"": 920250, ""shippingGstAmount"": 0}",,,,,,1,,ORD-20260826-00010,,,B2C,51125.0,5112500,0.0,0,0.0,0,60327.5,6032750,0.0,0,0.0,0.0,,0.0,,0.0,,0.0,0.0,0,9202.5,920250,9202.5,920250,0.0,0,0.0,0,9202.5,920250,0.0,0,0.0,0,0.0,0.0,,0.0,ORD-20260826-00010
160,fulfilled,,,2026-08-26 13:11:11.346915,2026-09-15 06:52:52.953807,0,8,6,6,1,standard,,,7.0,2026-09-02,"{""inboundCost"": 0, ""inboundDays"": 0, ""inbound_tat"": 0, ""inbound_cost"": 0, ""outboundCost"": 0, ""outboundDays"": 7, ""outbound_tat"": 7, ""qcBufferDays"": 0, ""qc_packaging"": 0, ""outbound_cost"": 0}",failed,processing,VENDOR_READY_TO_SHIP,0,0,,"{""cgstAmount"": 0, ""igstAmount"": 14, ""sgstAmount"": 0, ""isInterState"": true, ""pgFeeGstAmount"": 0, ""totalGstAmount"": 14, ""productGstAmount"": 14, ""shippingGstAmount"": 0}",,,,,,0,,ORD-20260826-00011,,,B2C,1.2,120,0.0,0,0.0,0,1.34,134,0.0,0,0.0,0.0,,0.0,,0.0,,0.0,0.0,0,0.14,14,0.14,14,0.0,0,0.0,0,0.14,14,0.0,0,0.0,0,0.0,0.0,,0.0,ORD-20260826-00011
161,fulfilled,,,2026-08-26 13:46:10.837816,2026-09-15 06:52:52.953807,0,8,6,6,1,standard,,,7.0,2026-09-02,"{""inboundCost"": 0, ""inboundDays"": 0, ""inbound_tat"": 0, ""inbound_cost"": 0, ""outboundCost"": 0, ""outboundDays"": 7, ""outbound_tat"": 7, ""qcBufferDays"": 0, ""qc_packaging"": 0, ""outbound_cost"": 0}",failed,processing,VENDOR_PREPARING,0,0,,"{""cgstAmount"": 0, ""igstAmount"": 14, ""sgstAmount"": 0, ""isInterState"": true, ""pgFeeGstAmount"": 0, ""totalGstAmount"": 14, ""productGstAmount"": 14, ""shippingGstAmount"": 0}",,,,,,0,,ORD-20260826-00012,,,B2C,1.2,120,0.0,0,0.0,0,1.34,134,0.0,0,0.0,0.0,,0.0,,0.0,,0.0,0.0,0,0.14,14,0.14,14,0.0,0,0.0,0,0.14,14,0.0,0,0.0,0,0.0,0.0,,0.0,ORD-20260826-00012
162,fulfilled,,,2026-08-26 13:52:35.767789,2026-09-15 06:52:52.953807,0,4,5,5,1,standard,,,7.0,2026-09-02,"{""inboundCost"": 0, ""inboundDays"": 0, ""inbound_tat"": 0, ""inbound_cost"": 0, ""outboundCost"": 0, ""outboundDays"": 7, ""outbound_tat"": 7, ""qcBufferDays"": 0, ""qc_packaging"": 0, ""outbound_cost"": 0}",failed,processing,VENDOR_PREPARING,0,0,,"{""cgstAmount"": 7, ""igstAmount"": 0, ""sgstAmount"": 7, ""isInterState"": false, ""pgFeeGstAmount"": 0, ""totalGstAmount"": 14, ""productGstAmount"": 14, ""shippingGstAmount"": 0}",,,,,,0,,ORD-20260826-00013,,,B2B,1.2,120,0.0,0,0.0,0,1.34,134,0.0,0,0.0,0.0,,0.0,,0.0,,0.0,0.0,0,0.14,14,0.14,14,0.0,0,0.0,0,0.14,14,0.0,0,0.0,0,0.0,0.0,,0.0,ORD-20260826-00013
163,fulfilled,,,2026-08-26 17:12:31.387809,2026-09-15 06:52:52.953807,0,8,6,6,2,standard,,,7.0,2026-09-02,"{""inboundCost"": 0, ""inboundDays"": 0, ""inbound_tat"": 0, ""inbound_cost"": 0, ""outboundCost"": 0, ""outboundDays"": 7, ""outbound_tat"": 7, ""qcBufferDays"": 0, ""qc_packaging"": 0, ""outbound_cost"": 0}",refund_pending,returned,HUB_RECEIVED,0,0,,"{""cgstAmount"": 0, ""igstAmount"": 37350, ""sgstAmount"": 0, ""isInterState"": true, ""pgFeeGstAmount"": 0, ""totalGstAmount"": 37350, ""productGstAmount"": 37350, ""shippingGstAmount"": 0}",,,,,,0,"{""scenario"": ""RETURNED_BY_CUSTOMER"", ""taxRefunded"": 373.5, ""isInterState"": true, ""refundAmount"": 234761, ""totalWithheld"": 100.89, ""shippingRefunded"": 0, ""shippingWithheld"": 0, ""calculationSource"": ""CREDIT_NOTE"", ""pgChargesRefunded"": 0, ""pgChargesWithheld"": 0, ""productBaseRefunded"": 2075, ""grossCreditNoteAmount"": 2448.5, ""creditNoteRefundAmount"": 2347.61, ""returnShippingDeducted"": 100.89, ""returnShippingGstDeducted"": 15.39, ""returnShippingBaseDeducted"": 85.5, ""returnShippingChargeLocked"": 100.89, ""returnShippingChargeSource"": ""fallback"", ""returnShippingDeductionApplied"": true}",ORD-20260826-00014,fallback,2026-08-26 17:28:43,B2C,2075.0,207500,0.0,0,0.0,0,2448.5,244850,0.0,0,0.0,0.0,85.5,8550.0,15.39,1539.0,100.89,10089.0,0.0,0,373.5,37350,373.5,37350,0.0,0,0.0,0,373.5,37350,0.0,0,0.0,0,0.0,0.0,2347.61,234761.0,ORD-20260826-00014
164,fulfilled,,,2026-08-26 17:56:33.546212,2026-09-15 06:52:52.953807,0,8,6,6,2,standard,,,7.0,2026-09-02,"{""inboundCost"": 0, ""inboundDays"": 0, ""inbound_tat"": 0, ""inbound_cost"": 0, ""outboundCost"": 0, ""outboundDays"": 7, ""outbound_tat"": 7, ""qcBufferDays"": 0, ""qc_packaging"": 0, ""outbound_cost"": 0}",paid,delivered,HUB_RECEIVED,0,0,,"{""cgstAmount"": 0, ""igstAmount"": 37350, ""sgstAmount"": 0, ""isInterState"": true, ""pgFeeGstAmount"": 0, ""totalGstAmount"": 37350, ""productGstAmount"": 37350, ""shippingGstAmount"": 0}",,,,,,0,,ORD-20260826-00015,fallback,2026-08-26 18:03:35,B2C,2075.0,207500,0.0,0,0.0,0,2448.5,244850,0.0,0,0.0,0.0,85.5,8550.0,15.39,1539.0,100.89,10089.0,0.0,0,373.5,37350,373.5,37350,0.0,0,0.0,0,373.5,37350,0.0,0,0.0,0,0.0,0.0,,0.0,ORD-20260826-00015
165,fulfilled,,,2026-08-26 18:13:36.624113,2026-09-15 06:52:52.953807,0,8,6,6,2,standard,,,7.0,2026-09-02,"{""inboundCost"": 0, ""inboundDays"": 0, ""inbound_tat"": 0, ""inbound_cost"": 0, ""outboundCost"": 0, ""outboundDays"": 7, ""outbound_tat"": 7, ""qcBufferDays"": 0, ""qc_packaging"": 0, ""outbound_cost"": 0}",paid,delivered,HUB_RECEIVED,0,0,,"{""cgstAmount"": 0, ""igstAmount"": 37350, ""sgstAmount"": 0, ""isInterState"": true, ""pgFeeGstAmount"": 0, ""totalGstAmount"": 37350, ""productGstAmount"": 37350, ""shippingGstAmount"": 0}",,,,,,0,,ORD-20260826-00016,fallback,2026-08-26 18:20:07,B2C,2075.0,207500,0.0,0,0.0,0,2448.5,244850,0.0,0,0.0,0.0,85.5,8550.0,15.39,1539.0,100.89,10089.0,0.0,0,373.5,37350,373.5,37350,0.0,0,0.0,0,373.5,37350,0.0,0,0.0,0,0.0,0.0,,0.0,ORD-20260826-00016
166,pending,,Vendor did not accept within 72 hours.,2026-08-26 18:28:08.842523,2026-09-15 06:52:52.953807,0,8,6,6,2,standard,,,,,,pending,cancelled,CANCELLED,0,0,,,,,,,,1,,ORD-20260826-00017,,,B2C,2075.0,207500,0.0,0,0.0,0,2448.5,244850,0.0,0,0.0,0.0,,0.0,,0.0,,0.0,0.0,0,0.0,0,0.0,0,0.0,0,0.0,0,0.0,0,0.0,0,0.0,0,,0.0,,0.0,ORD-20260826-00017
167,pending,,,2026-08-27 04:29:53.875735,2026-09-15 06:52:52.953807,0,4,5,5,1,standard,,,7.0,2026-09-03,"{""inboundCost"": 0, ""inboundDays"": 0, ""inbound_tat"": 0, ""inbound_cost"": 0, ""outboundCost"": 0, ""outboundDays"": 7, ""outbound_tat"": 7, ""qcBufferDays"": 0, ""qc_packaging"": 0, ""outbound_cost"": 0}",failed,cancelled,,0,0,,"{""cgstAmount"": 7, ""igstAmount"": 0, ""sgstAmount"": 7, ""isInterState"": false, ""pgFeeGstAmount"": 0, ""totalGstAmount"": 14, ""productGstAmount"": 14, ""shippingGstAmount"": 0}",,,,,,0,,ORD-20260827-00001,,,B2B,1.2,120,0.0,0,0.0,0,1.36,136,0.0,0,0.0,0.0,,0.0,,0.0,,0.0,0.02,2,0.14,14,0.14,14,0.0,0,0.0,0,0.14,14,0.0,0,0.0,0,0.0,0.0,,0.0,ORD-20260827-00001
168,fulfilled,,,2026-08-27 05:37:32.092454,2026-09-15 06:52:52.953807,0,4,5,5,1,standard,,,7.0,2026-09-03,"{""inboundCost"": 0, ""inboundDays"": 0, ""inbound_tat"": 0, ""inbound_cost"": 0, ""outboundCost"": 0, ""outboundDays"": 7, ""outbound_tat"": 7, ""qcBufferDays"": 0, ""qc_packaging"": 0, ""outbound_cost"": 0}",paid,processing,VENDOR_PREPARING,0,0,,"{""cgstAmount"": 57330, ""igstAmount"": 0, ""sgstAmount"": 57330, ""isInterState"": false, ""pgFeeGstAmount"": 0, ""totalGstAmount"": 114660, ""productGstAmount"": 114660, ""shippingGstAmount"": 0}",,,,,,0,,ORD-20260827-00002,,,B2B,9555.0,955500,0.0,0,0.0,0,10701.6,1070160,0.0,0,0.0,0.0,,0.0,,0.0,,0.0,0.0,0,1146.6,114660,1146.6,114660,0.0,0,0.0,0,1146.6,114660,0.0,0,0.0,0,0.0,0.0,,0.0,ORD-20260827-00002
169,pending,,Vendor did not accept within 72 hours.,2026-08-27 06:02:48.469738,2026-09-15 06:52:52.953807,0,4,5,5,4,standard,,,7.0,2026-09-03,"{""inboundCost"": 0, ""inboundDays"": 0, ""inbound_tat"": 0, ""inbound_cost"": 0, ""outboundCost"": 0, ""outboundDays"": 7, ""outbound_tat"": 7, ""qcBufferDays"": 0, ""qc_packaging"": 0, ""outbound_cost"": 0}",paid,cancelled,CANCELLED,0,0,,"{""cgstAmount"": 40986, ""igstAmount"": 0, ""sgstAmount"": 40986, ""isInterState"": false, ""pgFeeGstAmount"": 0, ""totalGstAmount"": 81972, ""productGstAmount"": 81972, ""shippingGstAmount"": 0}",,,,,,1,,ORD-20260827-00003,,,B2B,4554.0,455400,0.0,0,0.0,0,5373.72,537372,0.0,0,0.0,0.0,,0.0,,0.0,,0.0,0.0,0,819.72,81972,819.72,81972,0.0,0,0.0,0,819.72,81972,0.0,0,0.0,0,0.0,0.0,,0.0,ORD-20260827-00003
173,pending,,Payment failed or cancelled at gateway — checkout voided,2026-08-27 06:37:56.268028,2026-09-15 06:52:52.953807,0,4,5,5,1,standard,,,7.0,2026-09-03,"{""inboundCost"": 0, ""inboundDays"": 0, ""inbound_tat"": 0, ""inbound_cost"": 0, ""outboundCost"": 0, ""outboundDays"": 7, ""outbound_tat"": 7, ""qcBufferDays"": 0, ""qc_packaging"": 0, ""outbound_cost"": 0}",failed,cancelled,CANCELLED,0,0,,"{""cgstAmount"": 7, ""igstAmount"": 0, ""sgstAmount"": 7, ""isInterState"": false, ""pgFeeGstAmount"": 0, ""totalGstAmount"": 14, ""productGstAmount"": 14, ""shippingGstAmount"": 0}",,,,,,0,,ORD-20260827-00004,,,B2B,1.2,120,0.0,0,0.0,0,1.34,134,0.0,0,0.0,0.0,,0.0,,0.0,,0.0,0.0,0,0.14,14,0.14,14,0.0,0,0.0,0,0.14,14,0.0,0,0.0,0,0.0,0.0,,0.0,ORD-20260827-00004
174,pending,,Payment failed or cancelled at gateway — checkout voided,2026-08-27 06:38:36.599013,2026-09-15 06:52:52.953807,0,4,5,5,1,standard,,,7.0,2026-09-03,"{""inboundCost"": 0, ""inboundDays"": 0, ""inbound_tat"": 0, ""inbound_cost"": 0, ""outboundCost"": 0, ""outboundDays"": 7, ""outbound_tat"": 7, ""qcBufferDays"": 0, ""qc_packaging"": 0, ""outbound_cost"": 0}",failed,cancelled,CANCELLED,0,0,,"{""cgstAmount"": 7, ""igstAmount"": 0, ""sgstAmount"": 7, ""isInterState"": false, ""pgFeeGstAmount"": 0, ""totalGstAmount"": 14, ""productGstAmount"": 14, ""shippingGstAmount"": 0}",,,,,,0,,ORD-20260827-00005,,,B2B,1.2,120,0.0,0,0.0,0,1.37,137,0.0,0,0.0,0.0,,0.0,,0.0,,0.0,0.03,3,0.14,14,0.14,14,0.0,0,0.0,0,0.14,14,0.0,0,0.0,0,0.0,0.0,,0.0,ORD-20260827-00005
178,pending,,Payment failed or cancelled at gateway — checkout voided,2026-08-27 08:35:05.491086,2026-09-15 06:52:52.953807,0,4,5,5,1,standard,,,7.0,2026-09-03,"{""inboundCost"": 0, ""inboundDays"": 0, ""inbound_tat"": 0, ""inbound_cost"": 0, ""outboundCost"": 0, ""outboundDays"": 7, ""outbound_tat"": 7, ""qcBufferDays"": 0, ""qc_packaging"": 0, ""outbound_cost"": 0}",failed,cancelled,CANCELLED,0,0,,"{""cgstAmount"": 7, ""igstAmount"": 0, ""sgstAmount"": 7, ""isInterState"": false, ""pgFeeGstAmount"": 0, ""totalGstAmount"": 14, ""productGstAmount"": 14, ""shippingGstAmount"": 0}",,,,,,0,,ORD-20260827-00006,,,B2B,1.2,120,0.0,0,0.0,0,1.34,134,0.0,0,0.0,0.0,,0.0,,0.0,,0.0,0.0,0,0.14,14,0.14,14,0.0,0,0.0,0,0.14,14,0.0,0,0.0,0,0.0,0.0,,0.0,ORD-20260827-00006
179,pending,,Payment failed or cancelled at gateway — checkout voided,2026-08-27 08:35:05.542120,2026-09-15 06:52:52.953807,0,4,5,5,4,standard,,,7.0,2026-09-03,"{""inboundCost"": 0, ""inboundDays"": 0, ""inbound_tat"": 0, ""inbound_cost"": 0, ""outboundCost"": 0, ""outboundDays"": 7, ""outbound_tat"": 7, ""qcBufferDays"": 0, ""qc_packaging"": 0, ""outbound_cost"": 0}",failed,cancelled,CANCELLED,0,0,,"{""cgstAmount"": 47880, ""igstAmount"": 0, ""sgstAmount"": 47880, ""isInterState"": false, ""pgFeeGstAmount"": 0, ""totalGstAmount"": 95760, ""productGstAmount"": 95760, ""shippingGstAmount"": 0}",,,,,,0,,ORD-20260827-00007,,,B2B,5320.0,532000,0.0,0,0.0,0,6277.6,627760,0.0,0,0.0,0.0,,0.0,,0.0,,0.0,0.0,0,957.6,95760,957.6,95760,0.0,0,0.0,0,957.6,95760,0.0,0,0.0,0,0.0,0.0,,0.0,ORD-20260827-00007
180,pending,,Vendor did not accept within 72 hours.,2026-08-27 08:40:06.901720,2026-09-15 06:52:52.953807,0,9,7,7,1,standard,,,7.0,2026-09-03,"{""inboundCost"": 0, ""inboundDays"": 0, ""inbound_tat"": 0, ""inbound_cost"": 0, ""outboundCost"": 0, ""outboundDays"": 7, ""outbound_tat"": 7, ""qcBufferDays"": 0, ""qc_packaging"": 0, ""outbound_cost"": 0}",paid,cancelled,CANCELLED,0,0,,"{""cgstAmount"": 7, ""igstAmount"": 0, ""sgstAmount"": 7, ""isInterState"": false, ""pgFeeGstAmount"": 0, ""totalGstAmount"": 14, ""productGstAmount"": 14, ""shippingGstAmount"": 0}",,,,,,1,,ORD-20260827-00008,,,B2B,1.2,120,0.0,0,0.0,0,1.34,134,0.0,0,0.0,0.0,,0.0,,0.0,,0.0,0.0,0,0.14,14,0.14,14,0.0,0,0.0,0,0.14,14,0.0,0,0.0,0,0.0,0.0,,0.0,ORD-20260827-00008
181,pending,,Payment failed or cancelled at gateway — checkout voided,2026-08-27 08:41:37.270097,2026-09-15 06:52:52.953807,0,9,7,7,1,standard,,,7.0,2026-09-03,"{""inboundCost"": 0, ""inboundDays"": 0, ""inbound_tat"": 0, ""inbound_cost"": 0, ""outboundCost"": 0, ""outboundDays"": 7, ""outbound_tat"": 7, ""qcBufferDays"": 0, ""qc_packaging"": 0, ""outbound_cost"": 0}",failed,cancelled,CANCELLED,0,0,,"{""cgstAmount"": 7, ""igstAmount"": 0, ""sgstAmount"": 7, ""isInterState"": false, ""pgFeeGstAmount"": 0, ""totalGstAmount"": 14, ""productGstAmount"": 14, ""shippingGstAmount"": 0}",,,,,,0,,ORD-20260827-00009,,,B2B,1.2,120,0.0,0,0.0,0,1.36,136,0.0,0,0.0,0.0,,0.0,,0.0,,0.0,0.02,2,0.14,14,0.14,14,0.0,0,0.0,0,0.14,14,0.0,0,0.0,0,0.0,0.0,,0.0,ORD-20260827-00009
182,pending,,Payment failed or cancelled at gateway — checkout voided,2026-08-27 09:04:41.846566,2026-09-15 06:52:52.953807,0,4,5,5,4,standard,,,7.0,2026-09-03,"{""inboundCost"": 0, ""inboundDays"": 0, ""inbound_tat"": 0, ""inbound_cost"": 0, ""outboundCost"": 0, ""outboundDays"": 7, ""outbound_tat"": 7, ""qcBufferDays"": 0, ""qc_packaging"": 0, ""outbound_cost"": 0}",failed,cancelled,CANCELLED,0,0,,"{""cgstAmount"": 132989, ""igstAmount"": 0, ""sgstAmount"": 132989, ""isInterState"": false, ""pgFeeGstAmount"": 4708, ""totalGstAmount"": 265978, ""productGstAmount"": 261270, ""shippingGstAmount"": 0}",,,,,,0,,ORD-20260827-00010,,,B2B,14515.0,1451500,0.0,0,0.0,0,17436.32,1743632,0.0,0,0.0,0.0,,0.0,,0.0,,0.0,261.54,26154,2659.78,265978,2612.7,261270,0.0,0,47.08,4708,2659.78,265978,0.0,0,0.0,0,0.0,0.0,,0.0,ORD-20260827-00010
183,pending,,Payment failed or cancelled at gateway — checkout voided,2026-08-27 09:05:12.166856,2026-09-15 06:52:52.953807,0,4,5,5,4,standard,,,7.0,2026-09-03,"{""inboundCost"": 0, ""inboundDays"": 0, ""inbound_tat"": 0, ""inbound_cost"": 0, ""outboundCost"": 0, ""outboundDays"": 7, ""outbound_tat"": 7, ""qcBufferDays"": 0, ""qc_packaging"": 0, ""outbound_cost"": 0}",failed,cancelled,CANCELLED,0,0,,"{""cgstAmount"": 130635, ""igstAmount"": 0, ""sgstAmount"": 130635, ""isInterState"": false, ""pgFeeGstAmount"": 0, ""totalGstAmount"": 261270, ""productGstAmount"": 261270, ""shippingGstAmount"": 0}",,,,,,0,,ORD-20260827-00011,,,B2B,14515.0,1451500,0.0,0,0.0,0,17127.7,1712770,0.0,0,0.0,0.0,,0.0,,0.0,,0.0,0.0,0,2612.7,261270,2612.7,261270,0.0,0,0.0,0,2612.7,261270,0.0,0,0.0,0,0.0,0.0,,0.0,ORD-20260827-00011
184,pending,,Payment failed or cancelled at gateway — checkout voided,2026-08-27 09:23:30.134006,2026-09-15 06:52:52.953807,0,4,5,5,4,standard,,,7.0,2026-09-03,"{""inboundCost"": 0, ""inboundDays"": 0, ""inbound_tat"": 0, ""inbound_cost"": 0, ""outboundCost"": 0, ""outboundDays"": 7, ""outbound_tat"": 7, ""qcBufferDays"": 0, ""qc_packaging"": 0, ""outbound_cost"": 0}",failed,cancelled,CANCELLED,0,0,,"{""cgstAmount"": 41725, ""igstAmount"": 0, ""sgstAmount"": 41725, ""isInterState"": false, ""pgFeeGstAmount"": 1478, ""totalGstAmount"": 83450, ""productGstAmount"": 81972, ""shippingGstAmount"": 0}",,,,,,0,,ORD-20260827-00012,,,B2B,4554.0,455400,0.0,0,0.0,0,5470.56,547056,0.0,0,0.0,0.0,,0.0,,0.0,,0.0,82.06,8206,834.5,83450,819.72,81972,0.0,0,14.78,1478,834.5,83450,0.0,0,0.0,0,0.0,0.0,,0.0,ORD-20260827-00012
185,pending,,Payment failed or cancelled at gateway — checkout voided,2026-08-27 09:29:06.655662,2026-09-15 06:52:52.953807,0,4,5,5,4,standard,,,7.0,2026-09-03,"{""inboundCost"": 0, ""inboundDays"": 0, ""inbound_tat"": 0, ""inbound_cost"": 0, ""outboundCost"": 0, ""outboundDays"": 7, ""outbound_tat"": 7, ""qcBufferDays"": 0, ""qc_packaging"": 0, ""outbound_cost"": 0}",failed,cancelled,CANCELLED,0,0,,"{""cgstAmount"": 40986, ""igstAmount"": 0, ""sgstAmount"": 40986, ""isInterState"": false, ""pgFeeGstAmount"": 0, ""totalGstAmount"": 81972, ""productGstAmount"": 81972, ""shippingGstAmount"": 0}",,,,,,0,,ORD-20260827-00013,,,B2B,4554.0,455400,0.0,0,0.0,0,5373.72,537372,0.0,0,0.0,0.0,,0.0,,0.0,,0.0,0.0,0,819.72,81972,819.72,81972,0.0,0,0.0,0,819.72,81972,0.0,0,0.0,0,0.0,0.0,,0.0,ORD-20260827-00013
186,pending,,Payment failed or cancelled at gateway — checkout voided,2026-08-27 09:29:06.694361,2026-09-15 06:52:52.953807,0,4,5,5,1,standard,,,7.0,2026-09-03,"{""inboundCost"": 0, ""inboundDays"": 0, ""inbound_tat"": 0, ""inbound_cost"": 0, ""outboundCost"": 0, ""outboundDays"": 7, ""outbound_tat"": 7, ""qcBufferDays"": 0, ""qc_packaging"": 0, ""outbound_cost"": 0}",failed,cancelled,CANCELLED,0,0,,"{""cgstAmount"": 4836, ""igstAmount"": 0, ""sgstAmount"": 4836, ""isInterState"": false, ""pgFeeGstAmount"": 0, ""totalGstAmount"": 9672, ""productGstAmount"": 9672, ""shippingGstAmount"": 0}",,,,,,0,,ORD-20260827-00014,,,B2B,806.0,80600,0.0,0,0.0,0,902.72,90272,0.0,0,0.0,0.0,,0.0,,0.0,,0.0,0.0,0,96.72,9672,96.72,9672,0.0,0,0.0,0,96.72,9672,0.0,0,0.0,0,0.0,0.0,,0.0,ORD-20260827-00014
187,pending,,Payment failed or cancelled at gateway — checkout voided,2026-08-27 09:29:24.096478,2026-09-15 06:52:52.953807,0,4,5,5,4,standard,,,7.0,2026-09-03,"{""inboundCost"": 0, ""inboundDays"": 0, ""inbound_tat"": 0, ""inbound_cost"": 0, ""outboundCost"": 0, ""outboundDays"": 7, ""outbound_tat"": 7, ""qcBufferDays"": 0, ""qc_packaging"": 0, ""outbound_cost"": 0}",failed,cancelled,CANCELLED,0,0,,"{""cgstAmount"": 41977, ""igstAmount"": 0, ""sgstAmount"": 41977, ""isInterState"": false, ""pgFeeGstAmount"": 1982, ""totalGstAmount"": 83954, ""productGstAmount"": 81972, ""shippingGstAmount"": 0}",,,,,,0,,ORD-20260827-00015,,,B2B,4554.0,455400,0.0,0,0.0,0,5503.61,550361,0.0,0,0.0,0.0,,0.0,,0.0,,0.0,110.07,11007,839.54,83954,819.72,81972,0.0,0,19.82,1982,839.54,83954,0.0,0,0.0,0,0.0,0.0,,0.0,ORD-20260827-00015
188,pending,,Payment failed or cancelled at gateway — checkout voided,2026-08-27 09:29:24.123997,2026-09-15 06:52:52.953807,0,4,5,5,1,standard,,,7.0,2026-09-03,"{""inboundCost"": 0, ""inboundDays"": 0, ""inbound_tat"": 0, ""inbound_cost"": 0, ""outboundCost"": 0, ""outboundDays"": 7, ""outbound_tat"": 7, ""qcBufferDays"": 0, ""qc_packaging"": 0, ""outbound_cost"": 0}",failed,cancelled,CANCELLED,0,0,,"{""cgstAmount"": 5002, ""igstAmount"": 0, ""sgstAmount"": 5002, ""isInterState"": false, ""pgFeeGstAmount"": 332, ""totalGstAmount"": 10004, ""productGstAmount"": 9672, ""shippingGstAmount"": 0}",,,,,,0,,ORD-20260827-00016,,,B2B,806.0,80600,0.0,0,0.0,0,924.53,92453,0.0,0,0.0,0.0,,0.0,,0.0,,0.0,18.49,1849,100.04,10004,96.72,9672,0.0,0,3.32,332,100.04,10004,0.0,0,0.0,0,0.0,0.0,,0.0,ORD-20260827-00016
189,pending,,Payment failed or cancelled at gateway — checkout voided,2026-08-27 09:31:30.524535,2026-09-15 06:52:52.953807,0,4,5,5,4,standard,,,7.0,2026-09-03,"{""inboundCost"": 0, ""inboundDays"": 0, ""inbound_tat"": 0, ""inbound_cost"": 0, ""outboundCost"": 0, ""outboundDays"": 7, ""outbound_tat"": 7, ""qcBufferDays"": 0, ""qc_packaging"": 0, ""outbound_cost"": 0}",failed,cancelled,CANCELLED,0,0,,"{""cgstAmount"": 41725, ""igstAmount"": 0, ""sgstAmount"": 41725, ""isInterState"": false, ""pgFeeGstAmount"": 1478, ""totalGstAmount"": 83450, ""productGstAmount"": 81972, ""shippingGstAmount"": 0}",,,,,,0,,ORD-20260827-00017,,,B2B,4554.0,455400,0.0,0,0.0,0,5470.56,547056,0.0,0,0.0,0.0,,0.0,,0.0,,0.0,82.06,8206,834.5,83450,819.72,81972,0.0,0,14.78,1478,834.5,83450,0.0,0,0.0,0,0.0,0.0,,0.0,ORD-20260827-00017
190,pending,,Payment failed or cancelled at gateway — checkout voided,2026-08-27 09:31:30.559489,2026-09-15 06:52:52.953807,0,4,5,5,1,standard,,,7.0,2026-09-03,"{""inboundCost"": 0, ""inboundDays"": 0, ""inbound_tat"": 0, ""inbound_cost"": 0, ""outboundCost"": 0, ""outboundDays"": 7, ""outbound_tat"": 7, ""qcBufferDays"": 0, ""qc_packaging"": 0, ""outbound_cost"": 0}",failed,cancelled,CANCELLED,0,0,,"{""cgstAmount"": 4960, ""igstAmount"": 0, ""sgstAmount"": 4960, ""isInterState"": false, ""pgFeeGstAmount"": 248, ""totalGstAmount"": 9920, ""productGstAmount"": 9672, ""shippingGstAmount"": 0}",,,,,,0,,ORD-20260827-00018,,,B2B,806.0,80600,0.0,0,0.0,0,918.98,91898,0.0,0,0.0,0.0,,0.0,,0.0,,0.0,13.78,1378,99.2,9920,96.72,9672,0.0,0,2.48,248,99.2,9920,0.0,0,0.0,0,0.0,0.0,,0.0,ORD-20260827-00018
191,pending,,,2026-08-27 09:33:55.630591,2026-09-15 06:52:52.953807,0,4,5,5,1,standard,,,7.0,2026-09-03,"{""inboundCost"": 0, ""inboundDays"": 0, ""inbound_tat"": 0, ""inbound_cost"": 0, ""outboundCost"": 0, ""outboundDays"": 7, ""outbound_tat"": 7, ""qcBufferDays"": 0, ""qc_packaging"": 0, ""outbound_cost"": 0}",pending,awaiting_payment,,0,0,,"{""cgstAmount"": 7, ""igstAmount"": 0, ""sgstAmount"": 7, ""isInterState"": false, ""pgFeeGstAmount"": 0, ""totalGstAmount"": 14, ""productGstAmount"": 14, ""shippingGstAmount"": 0}",,,,,,0,,ORD-20260827-00019,,,B2B,1.2,120,0.0,0,0.0,0,1.36,136,0.0,0,0.0,0.0,,0.0,,0.0,,0.0,0.02,2,0.14,14,0.14,14,0.0,0,0.0,0,0.14,14,0.0,0,0.0,0,0.0,0.0,,0.0,ORD-20260827-00019
192,pending,,Payment failed or cancelled at gateway — checkout voided,2026-08-27 09:39:14.958323,2026-09-15 06:52:52.953807,0,4,5,5,1,standard,,,7.0,2026-09-03,"{""inboundCost"": 0, ""inboundDays"": 0, ""inbound_tat"": 0, ""inbound_cost"": 0, ""outboundCost"": 0, ""outboundDays"": 7, ""outbound_tat"": 7, ""qcBufferDays"": 0, ""qc_packaging"": 0, ""outbound_cost"": 0}",failed,cancelled,CANCELLED,0,0,,"{""cgstAmount"": 7, ""igstAmount"": 0, ""sgstAmount"": 7, ""isInterState"": false, ""pgFeeGstAmount"": 0, ""totalGstAmount"": 14, ""productGstAmount"": 14, ""shippingGstAmount"": 0}",,,,,,0,,ORD-20260827-00020,,,B2B,1.2,120,0.0,0,0.0,0,1.37,137,0.0,0,0.0,0.0,,0.0,,0.0,,0.0,0.03,3,0.14,14,0.14,14,0.0,0,0.0,0,0.14,14,0.0,0,0.0,0,0.0,0.0,,0.0,ORD-20260827-00020
193,pending,,Payment failed or cancelled at gateway — checkout voided,2026-08-27 09:39:14.993629,2026-09-15 06:52:52.953807,0,4,5,5,1,standard,,,7.0,2026-09-03,"{""inboundCost"": 0, ""inboundDays"": 0, ""inbound_tat"": 0, ""inbound_cost"": 0, ""outboundCost"": 0, ""outboundDays"": 7, ""outbound_tat"": 7, ""qcBufferDays"": 0, ""qc_packaging"": 0, ""outbound_cost"": 0}",failed,cancelled,CANCELLED,0,0,,"{""cgstAmount"": 40597, ""igstAmount"": 0, ""sgstAmount"": 40597, ""isInterState"": false, ""pgFeeGstAmount"": 2702, ""totalGstAmount"": 81194, ""productGstAmount"": 78492, ""shippingGstAmount"": 0}",,,,,,0,,ORD-20260827-00021,,,B2B,6541.0,654100,0.0,0,0.0,0,7503.0,750300,0.0,0,0.0,0.0,,0.0,,0.0,,0.0,150.06,15006,811.94,81194,784.92,78492,0.0,0,27.02,2702,811.94,81194,0.0,0,0.0,0,0.0,0.0,,0.0,ORD-20260827-00021
194,pending,,,2026-08-27 09:40:49.924726,2026-09-15 06:52:52.953807,0,4,5,5,1,standard,,,7.0,2026-09-03,"{""inboundCost"": 0, ""inboundDays"": 0, ""inbound_tat"": 0, ""inbound_cost"": 0, ""outboundCost"": 0, ""outboundDays"": 7, ""outbound_tat"": 7, ""qcBufferDays"": 0, ""qc_packaging"": 0, ""outbound_cost"": 0}",pending,awaiting_payment,,0,0,,"{""cgstAmount"": 7, ""igstAmount"": 0, ""sgstAmount"": 7, ""isInterState"": false, ""pgFeeGstAmount"": 0, ""totalGstAmount"": 14, ""productGstAmount"": 14, ""shippingGstAmount"": 0}",,,,,,0,,ORD-20260827-00022,,,B2B,1.2,120,0.0,0,0.0,0,1.37,137,0.0,0,0.0,0.0,,0.0,,0.0,,0.0,0.03,3,0.14,14,0.14,14,0.0,0,0.0,0,0.14,14,0.0,0,0.0,0,0.0,0.0,,0.0,ORD-20260827-00022
195,pending,,,2026-08-27 10:34:43.338478,2026-09-15 06:52:52.953807,0,9,7,7,1,standard,,,7.0,2026-09-03,"{""inboundCost"": 0, ""inboundDays"": 0, ""inbound_tat"": 0, ""inbound_cost"": 0, ""outboundCost"": 85.5, ""outboundDays"": 7, ""outbound_tat"": 7, ""qcBufferDays"": 0, ""qc_packaging"": 0, ""outbound_cost"": 8550}",pending,awaiting_payment,,0,0,,"{""cgstAmount"": 796, ""igstAmount"": 0, ""sgstAmount"": 796, ""isInterState"": false, ""pgFeeGstAmount"": 38, ""totalGstAmount"": 1592, ""productGstAmount"": 14, ""shippingGstAmount"": 1540}",,,,,,0,,ORD-20260827-00023,,,B2B,1.2,120,0.0,0,0.0,0,104.71,10471,85.5,8550,85.5,8550.0,,0.0,,0.0,,0.0,2.09,209,15.92,1592,0.14,14,15.4,1540,0.38,38,15.92,1592,0.0,0,0.0,0,0.0,0.0,,0.0,ORD-20260827-00023
196,pending,,,2026-08-27 10:36:23.927715,2026-09-15 06:52:52.953807,0,9,7,7,1,standard,,,7.0,2026-09-03,"{""inboundCost"": 0, ""inboundDays"": 0, ""inbound_tat"": 0, ""inbound_cost"": 0, ""outboundCost"": 85.5, ""outboundDays"": 7, ""outbound_tat"": 7, ""qcBufferDays"": 0, ""qc_packaging"": 0, ""outbound_cost"": 8550}",pending,awaiting_payment,,0,0,,"{""cgstAmount"": 777, ""igstAmount"": 0, ""sgstAmount"": 777, ""isInterState"": false, ""pgFeeGstAmount"": 0, ""totalGstAmount"": 1554, ""productGstAmount"": 14, ""shippingGstAmount"": 1540}",,,,,,0,,ORD-20260827-00024,,,B2B,1.2,120,0.0,0,0.0,0,102.24,10224,85.5,8550,85.5,8550.0,,0.0,,0.0,,0.0,0.0,0,15.54,1554,0.14,14,15.4,1540,0.0,0,15.54,1554,0.0,0,0.0,0,0.0,0.0,,0.0,ORD-20260827-00024
197,pending,,,2026-08-27 10:43:01.587493,2026-09-15 06:52:52.953807,0,6,4,4,3,standard,,,7.0,2026-09-03,"{""inboundCost"": 0, ""inboundDays"": 0, ""inbound_tat"": 0, ""inbound_cost"": 0, ""outboundCost"": 85.5, ""outboundDays"": 7, ""outbound_tat"": 7, ""qcBufferDays"": 0, ""qc_packaging"": 0, ""outbound_cost"": 8550}",pending,awaiting_payment,,0,0,,"{""cgstAmount"": 0, ""igstAmount"": 921789, ""sgstAmount"": 0, ""isInterState"": true, ""pgFeeGstAmount"": 0, ""totalGstAmount"": 921789, ""productGstAmount"": 920250, ""shippingGstAmount"": 1539}",,,,,,0,,ORD-20260827-00025,,,B2C,51125.0,5112500,0.0,0,0.0,0,60428.39,6042839,85.5,8550,85.5,8550.0,,0.0,,0.0,,0.0,0.0,0,9217.89,921789,9202.5,920250,15.39,1539,0.0,0,9217.89,921789,0.0,0,0.0,0,0.0,0.0,,0.0,ORD-20260827-00025
198,pending,,Vendor did not accept within 72 hours.,2026-08-27 10:55:59.401084,2026-09-15 06:52:52.953807,0,9,7,7,1,standard,,,7.0,2026-09-03,"{""inboundCost"": 0, ""inboundDays"": 0, ""inbound_tat"": 0, ""inbound_cost"": 0, ""outboundCost"": 85.5, ""outboundDays"": 7, ""outbound_tat"": 7, ""qcBufferDays"": 0, ""qc_packaging"": 0, ""outbound_cost"": 8550}",paid,cancelled,CANCELLED,0,0,,"{""cgstAmount"": 5606, ""igstAmount"": 0, ""sgstAmount"": 5606, ""isInterState"": false, ""pgFeeGstAmount"": 0, ""totalGstAmount"": 11212, ""productGstAmount"": 9672, ""shippingGstAmount"": 1540}",,,,,,1,,ORD-20260827-00026,,,B2B,806.0,80600,0.0,0,0.0,0,1003.62,100362,85.5,8550,85.5,8550.0,,0.0,,0.0,,0.0,0.0,0,112.12,11212,96.72,9672,15.4,1540,0.0,0,112.12,11212,0.0,0,0.0,0,0.0,0.0,,0.0,ORD-20260827-00026
199,fulfilled,,,2026-08-27 11:08:21.893122,2026-09-15 06:52:52.953807,0,6,4,4,3,standard,,,7.0,2026-09-03,"{""inboundCost"": 0, ""inboundDays"": 0, ""inbound_tat"": 0, ""inbound_cost"": 0, ""outboundCost"": 85.5, ""outboundDays"": 7, ""outbound_tat"": 7, ""qcBufferDays"": 0, ""qc_packaging"": 0, ""outbound_cost"": 8550}",paid,delivered,DELIVERED,0,0,,"{""cgstAmount"": 0, ""igstAmount"": 20871, ""sgstAmount"": 0, ""isInterState"": true, ""pgFeeGstAmount"": 0, ""totalGstAmount"": 20871, ""productGstAmount"": 19332, ""shippingGstAmount"": 1539}",,,,,,0,,ORD-20260827-00027,,,B2C,1074.0,107400,0.0,0,0.0,0,1368.21,136821,85.5,8550,85.5,8550.0,,0.0,,0.0,,0.0,0.0,0,208.71,20871,193.32,19332,15.39,1539,0.0,0,208.71,20871,0.0,0,0.0,0,0.0,0.0,,0.0,ORD-20260827-00027
200,pending,,,2026-08-28 08:45:24.897588,2026-09-15 06:52:52.953807,0,4,5,5,2,standard,,,7.0,2026-09-04,"{""inboundCost"": 0, ""inboundDays"": 0, ""inbound_tat"": 0, ""inbound_cost"": 0, ""outboundCost"": 85.5, ""outboundDays"": 7, ""outbound_tat"": 7, ""qcBufferDays"": 0, ""qc_packaging"": 0, ""outbound_cost"": 8550}",pending,awaiting_payment,,0,0,,"{""cgstAmount"": 19795, ""igstAmount"": 0, ""sgstAmount"": 19795, ""isInterState"": false, ""pgFeeGstAmount"": 700, ""totalGstAmount"": 39590, ""productGstAmount"": 37350, ""shippingGstAmount"": 1540}",,,,,,0,,ORD-20260828-00001,,,B2B,2075.0,207500,0.0,0,0.0,0,2595.33,259533,85.5,8550,85.5,8550.0,,0.0,,0.0,,0.0,38.93,3893,395.9,39590,373.5,37350,15.4,1540,7.0,700,395.9,39590,0.0,0,0.0,0,0.0,0.0,,0.0,ORD-20260828-00001
201,fulfilled,,,2026-08-29 06:30:12.349263,2026-09-15 06:52:52.953807,0,6,4,4,1,standard,,,7.0,2026-09-05,"{""inboundCost"": 0, ""inboundDays"": 0, ""inbound_tat"": 0, ""inbound_cost"": 0, ""outboundCost"": 85.5, ""outboundDays"": 7, ""outbound_tat"": 7, ""qcBufferDays"": 0, ""qc_packaging"": 0, ""outbound_cost"": 8550}",paid,shipped,AWB_BOOKED,0,0,,"{""cgstAmount"": 0, ""igstAmount"": 36159, ""sgstAmount"": 0, ""isInterState"": true, ""pgFeeGstAmount"": 0, ""totalGstAmount"": 36159, ""productGstAmount"": 34620, ""shippingGstAmount"": 1539}",,,,,,0,,ORD-20260829-00001,,,B2C,2885.0,288500,0.0,0,0.0,0,3332.09,333209,85.5,8550,85.5,8550.0,,0.0,,0.0,,0.0,0.0,0,361.59,36159,346.2,34620,15.39,1539,0.0,0,361.59,36159,0.0,0,0.0,0,0.0,0.0,,0.0,ORD-20260829-00001
202,pending,,,2026-08-29 07:10:01.218927,2026-09-15 06:52:52.953807,0,6,4,4,1,standard,,,7.0,2026-09-05,"{""inboundCost"": 0, ""inboundDays"": 0, ""inbound_tat"": 0, ""inbound_cost"": 0, ""outboundCost"": 85.5, ""outboundDays"": 7, ""outbound_tat"": 7, ""qcBufferDays"": 0, ""qc_packaging"": 0, ""outbound_cost"": 8550}",pending,awaiting_payment,,0,0,,"{""cgstAmount"": 0, ""igstAmount"": 36159, ""sgstAmount"": 0, ""isInterState"": true, ""pgFeeGstAmount"": 0, ""totalGstAmount"": 36159, ""productGstAmount"": 34620, ""shippingGstAmount"": 1539}",,,,,,0,,ORD-20260829-00002,,,B2C,2885.0,288500,0.0,0,0.0,0,3332.09,333209,85.5,8550,85.5,8550.0,,0.0,,0.0,,0.0,0.0,0,361.59,36159,346.2,34620,15.39,1539,0.0,0,361.59,36159,0.0,0,0.0,0,0.0,0.0,,0.0,ORD-20260829-00002
203,pending,,,2026-08-29 07:11:04.469058,2026-09-15 06:52:52.953807,0,6,4,4,1,standard,,,7.0,2026-09-05,"{""inboundCost"": 0, ""inboundDays"": 0, ""inbound_tat"": 0, ""inbound_cost"": 0, ""outboundCost"": 85.5, ""outboundDays"": 7, ""outbound_tat"": 7, ""qcBufferDays"": 0, ""qc_packaging"": 0, ""outbound_cost"": 8550}",pending,awaiting_payment,,0,0,,"{""cgstAmount"": 0, ""igstAmount"": 1553, ""sgstAmount"": 0, ""isInterState"": true, ""pgFeeGstAmount"": 0, ""totalGstAmount"": 1553, ""productGstAmount"": 14, ""shippingGstAmount"": 1539}",,,,,,0,,ORD-20260829-00003,,,B2C,1.2,120,0.0,0,0.0,0,102.23,10223,85.5,8550,85.5,8550.0,,0.0,,0.0,,0.0,0.0,0,15.53,1553,0.14,14,15.39,1539,0.0,0,15.53,1553,0.0,0,0.0,0,0.0,0.0,,0.0,ORD-20260829-00003
204,fulfilled,,,2026-08-29 07:13:33.636119,2026-09-15 06:52:52.953807,1,6,4,4,1,standard,WALLET,2026-08-29 13:40:06,7.0,2026-09-05,"{""inboundCost"": 0, ""inboundDays"": 0, ""inbound_tat"": 0, ""inbound_cost"": 0, ""outboundCost"": 85.5, ""outboundDays"": 7, ""outbound_tat"": 7, ""qcBufferDays"": 0, ""qc_packaging"": 0, ""outbound_cost"": 8550}",refunded,returned,HUB_RECEIVED,0,0,,"{""cgstAmount"": 0, ""igstAmount"": 1553, ""sgstAmount"": 0, ""isInterState"": true, ""pgFeeGstAmount"": 0, ""totalGstAmount"": 1553, ""productGstAmount"": 14, ""shippingGstAmount"": 1539}",,,,,,0,"{""scenario"": ""RETURNED_BY_CUSTOMER"", ""taxRefunded"": 15.53, ""isInterState"": true, ""refundAmount"": 10223, ""totalWithheld"": 0, ""shippingRefunded"": 8550, ""shippingWithheld"": 0, ""calculationSource"": ""CREDIT_NOTE"", ""pgChargesRefunded"": 0, ""pgChargesWithheld"": 0, ""productBaseRefunded"": 1.2, ""grossCreditNoteAmount"": 102.23, ""creditNoteRefundAmount"": 102.23, ""returnShippingDeducted"": 0, ""returnShippingGstDeducted"": 0, ""returnShippingBaseDeducted"": 0, ""returnShippingChargeLocked"": 100.89, ""returnShippingChargeSource"": ""fallback"", ""returnShippingDeductionApplied"": false}",ORD-20260829-00004,fallback,2026-08-29 08:08:03,B2C,1.2,120,0.0,0,0.0,0,102.23,10223,85.5,8550,85.5,8550.0,85.5,8550.0,15.39,1539.0,100.89,10089.0,0.0,0,15.53,1553,0.14,14,15.39,1539,0.0,0,15.53,1553,0.0,0,0.0,0,0.0,0.0,102.23,10223.0,ORD-20260829-00004
205,fulfilled,,,2026-08-31 08:57:48.886433,2026-09-15 06:52:52.953807,0,8,6,6,2,standard,,,7.0,2026-09-07,"{""inboundCost"": 0, ""inboundDays"": 0, ""inbound_tat"": 0, ""inbound_cost"": 0, ""outboundCost"": 85.5, ""outboundDays"": 7, ""outbound_tat"": 7, ""qcBufferDays"": 0, ""qc_packaging"": 0, ""outbound_cost"": 8550}",paid,shipped,AWB_BOOKED,0,0,,"{""cgstAmount"": 0, ""igstAmount"": 38889, ""sgstAmount"": 0, ""isInterState"": true, ""pgFeeGstAmount"": 0, ""totalGstAmount"": 38889, ""productGstAmount"": 37350, ""shippingGstAmount"": 1539}",,,,,,0,,ORD-20260831-00001,,,B2C,2075.0,207500,0.0,0,0.0,0,2549.39,254939,85.5,8550,85.5,8550.0,,0.0,,0.0,,0.0,0.0,0,388.89,38889,373.5,37350,15.39,1539,0.0,0,388.89,38889,0.0,0,0.0,0,0.0,0.0,,0.0,ORD-20260831-00001
206,pending,,,2026-08-31 14:41:08.638528,2026-09-15 06:52:52.953807,0,8,6,6,2,standard,,,7.0,2026-09-07,"{""inboundCost"": 0, ""inboundDays"": 0, ""inbound_tat"": 0, ""inbound_cost"": 0, ""outboundCost"": 85.5, ""outboundDays"": 7, ""outbound_tat"": 7, ""qcBufferDays"": 0, ""qc_packaging"": 0, ""outbound_cost"": 8550}",pending,awaiting_payment,,0,0,,"{""cgstAmount"": 0, ""igstAmount"": 38889, ""sgstAmount"": 0, ""isInterState"": true, ""pgFeeGstAmount"": 0, ""totalGstAmount"": 38889, ""productGstAmount"": 37350, ""shippingGstAmount"": 1539}",,,,,,0,,ORD-20260831-00002,,,B2C,2075.0,207500,0.0,0,0.0,0,2549.39,254939,85.5,8550,85.5,8550.0,,0.0,,0.0,,0.0,0.0,0,388.89,38889,373.5,37350,15.39,1539,0.0,0,388.89,38889,0.0,0,0.0,0,0.0,0.0,,0.0,ORD-20260831-00002
207,pending,,,2026-09-01 04:30:39.212805,2026-09-15 06:52:52.953807,0,4,5,5,1,standard,,,7.0,2026-09-08,"{""inboundCost"": 0, ""inboundDays"": 0, ""inbound_tat"": 0, ""inbound_cost"": 0, ""outboundCost"": 85.5, ""outboundDays"": 7, ""outbound_tat"": 7, ""qcBufferDays"": 0, ""qc_packaging"": 0, ""outbound_cost"": 8550}",pending,awaiting_payment,,0,0,,"{""cgstAmount"": 777, ""igstAmount"": 0, ""sgstAmount"": 777, ""isInterState"": false, ""pgFeeGstAmount"": 0, ""totalGstAmount"": 1554, ""productGstAmount"": 14, ""shippingGstAmount"": 1540}",,,,,,0,,ORD-20260901-00001,,,B2B,1.2,120,0.0,0,0.0,0,102.24,10224,85.5,8550,85.5,8550.0,,0.0,,0.0,,0.0,0.0,0,15.54,1554,0.14,14,15.4,1540,0.0,0,15.54,1554,0.0,0,0.0,0,0.0,0.0,,0.0,ORD-20260901-00001
208,pending,,,2026-09-01 05:27:17.219537,2026-09-15 06:52:52.953807,0,4,5,5,2,standard,,,7.0,2026-09-08,"{""inboundCost"": 0, ""inboundDays"": 0, ""inbound_tat"": 0, ""inbound_cost"": 0, ""outboundCost"": 85.5, ""outboundDays"": 7, ""outbound_tat"": 7, ""qcBufferDays"": 0, ""qc_packaging"": 0, ""outbound_cost"": 8550}",pending,awaiting_payment,,0,0,,"{""cgstAmount"": 19445, ""igstAmount"": 0, ""sgstAmount"": 19445, ""isInterState"": false, ""pgFeeGstAmount"": 0, ""totalGstAmount"": 38890, ""productGstAmount"": 37350, ""shippingGstAmount"": 1540}",,,,,,0,,ORD-20260901-00002,,,B2B,2075.0,207500,0.0,0,0.0,0,2549.4,254940,85.5,8550,85.5,8550.0,,0.0,,0.0,,0.0,0.0,0,388.9,38890,373.5,37350,15.4,1540,0.0,0,388.9,38890,0.0,0,0.0,0,0.0,0.0,,0.0,ORD-20260901-00002
209,pending,,,2026-09-01 05:27:17.267224,2026-09-15 06:52:52.953807,0,4,5,5,1,standard,,,7.0,2026-09-08,"{""inboundCost"": 0, ""inboundDays"": 0, ""inbound_tat"": 0, ""inbound_cost"": 0, ""outboundCost"": 85.5, ""outboundDays"": 7, ""outbound_tat"": 7, ""qcBufferDays"": 0, ""qc_packaging"": 0, ""outbound_cost"": 8550}",pending,awaiting_payment,,0,0,,"{""cgstAmount"": 777, ""igstAmount"": 0, ""sgstAmount"": 777, ""isInterState"": false, ""pgFeeGstAmount"": 0, ""totalGstAmount"": 1554, ""productGstAmount"": 14, ""shippingGstAmount"": 1540}",,,,,,0,,ORD-20260901-00003,,,B2B,1.2,120,0.0,0,0.0,0,102.24,10224,85.5,8550,85.5,8550.0,,0.0,,0.0,,0.0,0.0,0,15.54,1554,0.14,14,15.4,1540,0.0,0,15.54,1554,0.0,0,0.0,0,0.0,0.0,,0.0,ORD-20260901-00003
210,pending,,,2026-09-01 05:54:31.761759,2026-09-15 06:52:52.953807,0,4,5,5,2,standard,,,7.0,2026-09-08,"{""inboundCost"": 0, ""inboundDays"": 0, ""inbound_tat"": 0, ""inbound_cost"": 0, ""outboundCost"": 85.5, ""outboundDays"": 7, ""outbound_tat"": 7, ""qcBufferDays"": 0, ""qc_packaging"": 0, ""outbound_cost"": 8550}",pending,awaiting_payment,,0,0,,"{""cgstAmount"": 19445, ""igstAmount"": 0, ""sgstAmount"": 19445, ""isInterState"": false, ""pgFeeGstAmount"": 0, ""totalGstAmount"": 38890, ""productGstAmount"": 37350, ""shippingGstAmount"": 1540}",,,,,,0,,ORD-20260901-00004,,,B2B,2075.0,207500,0.0,0,0.0,0,2549.4,254940,85.5,8550,85.5,8550.0,,0.0,,0.0,,0.0,0.0,0,388.9,38890,373.5,37350,15.4,1540,0.0,0,388.9,38890,0.0,0,0.0,0,0.0,0.0,,0.0,ORD-20260901-00004
211,pending,,,2026-09-01 07:26:18.071598,2026-09-15 06:52:52.953807,0,4,5,5,1,standard,,,7.0,2026-09-08,"{""inboundCost"": 0, ""inboundDays"": 0, ""inbound_tat"": 0, ""inbound_cost"": 0, ""outboundCost"": 85.5, ""outboundDays"": 7, ""outbound_tat"": 7, ""qcBufferDays"": 0, ""qc_packaging"": 0, ""outbound_cost"": 8550}",pending,awaiting_payment,,0,0,,"{""cgstAmount"": 791, ""igstAmount"": 0, ""sgstAmount"": 791, ""isInterState"": false, ""pgFeeGstAmount"": 28, ""totalGstAmount"": 1582, ""productGstAmount"": 14, ""shippingGstAmount"": 1540}",,,,,,0,,ORD-20260901-00005,,,B2B,1.2,120,0.0,0,0.0,0,104.08,10408,85.5,8550,85.5,8550.0,,0.0,,0.0,,0.0,1.56,156,15.82,1582,0.14,14,15.4,1540,0.28,28,15.82,1582,0.0,0,0.0,0,0.0,0.0,,0.0,ORD-20260901-00005
212,fulfilled,,,2026-09-01 09:27:43.118710,2026-09-15 06:52:52.953807,0,6,4,4,1,standard,,,7.0,2026-09-08,"{""inboundCost"": 0, ""inboundDays"": 0, ""inbound_tat"": 0, ""inbound_cost"": 0, ""outboundCost"": 85.5, ""outboundDays"": 7, ""outbound_tat"": 7, ""qcBufferDays"": 0, ""qc_packaging"": 0, ""outbound_cost"": 8550}",paid,processing,VENDOR_PREPARING,0,0,,"{""cgstAmount"": 0, ""igstAmount"": 1553, ""sgstAmount"": 0, ""isInterState"": true, ""pgFeeGstAmount"": 0, ""totalGstAmount"": 1553, ""productGstAmount"": 14, ""shippingGstAmount"": 1539}",,,,,,0,,ORD-20260901-00006,,,B2C,1.2,120,0.0,0,0.0,0,102.23,10223,85.5,8550,85.5,8550.0,,0.0,,0.0,,0.0,0.0,0,15.53,1553,0.14,14,15.39,1539,0.0,0,15.53,1553,0.0,0,0.0,0,0.0,0.0,,0.0,ORD-20260901-00006
213,pending,,Payment failed or cancelled at gateway — checkout voided,2026-09-01 11:27:04.536934,2026-09-15 06:52:52.953807,0,6,4,4,3,standard,,,7.0,2026-09-08,"{""inboundCost"": 0, ""inboundDays"": 0, ""inbound_tat"": 0, ""inbound_cost"": 0, ""outboundCost"": 85.5, ""outboundDays"": 7, ""outbound_tat"": 7, ""qcBufferDays"": 0, ""qc_packaging"": 0, ""outbound_cost"": 8550}",failed,cancelled,CANCELLED,0,0,,"{""cgstAmount"": 0, ""igstAmount"": 30427, ""sgstAmount"": 0, ""isInterState"": true, ""pgFeeGstAmount"": 718, ""totalGstAmount"": 30427, ""productGstAmount"": 28170, ""shippingGstAmount"": 1539}",,,,,,0,,ORD-20260901-00007,,,B2C,1565.0,156500,0.0,0,0.0,0,1994.66,199466,85.5,8550,85.5,8550.0,,0.0,,0.0,,0.0,39.89,3989,304.27,30427,281.7,28170,15.39,1539,7.18,718,304.27,30427,0.0,0,0.0,0,0.0,0.0,,0.0,ORD-20260901-00007
214,pending,,Vendor did not accept within 72 hours.,2026-09-02 10:09:49.865472,2026-09-15 06:52:52.953807,0,6,4,4,3,standard,,,7.0,2026-09-09,"{""inboundCost"": 0, ""inboundDays"": 0, ""inbound_tat"": 0, ""inbound_cost"": 0, ""outboundCost"": 85.5, ""outboundDays"": 7, ""outbound_tat"": 7, ""qcBufferDays"": 0, ""qc_packaging"": 0, ""outbound_cost"": 8550}",paid,cancelled,CANCELLED,0,0,,"{""cgstAmount"": 0, ""igstAmount"": 20871, ""sgstAmount"": 0, ""isInterState"": true, ""pgFeeGstAmount"": 0, ""totalGstAmount"": 20871, ""productGstAmount"": 19332, ""shippingGstAmount"": 1539}",,,,,,1,,ORD-20260902-00001,,,B2C,1074.0,107400,0.0,0,0.0,0,1368.21,136821,85.5,8550,85.5,8550.0,,0.0,,0.0,,0.0,0.0,0,208.71,20871,193.32,19332,15.39,1539,0.0,0,208.71,20871,0.0,0,0.0,0,0.0,0.0,,0.0,ORD-20260902-00001
215,pending,,Vendor did not accept within 72 hours.,2026-09-02 10:12:58.621347,2026-09-15 06:52:52.953807,0,6,4,4,3,standard,,,7.0,2026-09-09,"{""inboundCost"": 0, ""inboundDays"": 0, ""inbound_tat"": 0, ""inbound_cost"": 0, ""outboundCost"": 85.5, ""outboundDays"": 7, ""outbound_tat"": 7, ""qcBufferDays"": 0, ""qc_packaging"": 0, ""outbound_cost"": 8550}",paid,cancelled,CANCELLED,0,0,,"{""cgstAmount"": 0, ""igstAmount"": 32589, ""sgstAmount"": 0, ""isInterState"": true, ""pgFeeGstAmount"": 0, ""totalGstAmount"": 32589, ""productGstAmount"": 31050, ""shippingGstAmount"": 1539}",,,,,,1,,ORD-20260902-00002,,,B2C,1725.0,172500,0.0,0,0.0,0,2136.39,213639,85.5,8550,85.5,8550.0,,0.0,,0.0,,0.0,0.0,0,325.89,32589,310.5,31050,15.39,1539,0.0,0,325.89,32589,0.0,0,0.0,0,0.0,0.0,,0.0,ORD-20260902-00002
216,pending,,Vendor did not accept within 72 hours.,2026-09-02 10:19:55.373086,2026-09-15 06:52:52.953807,0,6,4,4,3,standard,,,7.0,2026-09-09,"{""inboundCost"": 0, ""inboundDays"": 0, ""inbound_tat"": 0, ""inbound_cost"": 0, ""outboundCost"": 85.5, ""outboundDays"": 7, ""outbound_tat"": 7, ""qcBufferDays"": 0, ""qc_packaging"": 0, ""outbound_cost"": 8550}",paid,cancelled,CANCELLED,0,0,,"{""cgstAmount"": 0, ""igstAmount"": 20871, ""sgstAmount"": 0, ""isInterState"": true, ""pgFeeGstAmount"": 0, ""totalGstAmount"": 20871, ""productGstAmount"": 19332, ""shippingGstAmount"": 1539}",,,,,,1,,ORD-20260902-00003,,,B2C,1074.0,107400,0.0,0,0.0,0,1368.21,136821,85.5,8550,85.5,8550.0,,0.0,,0.0,,0.0,0.0,0,208.71,20871,193.32,19332,15.39,1539,0.0,0,208.71,20871,0.0,0,0.0,0,0.0,0.0,,0.0,ORD-20260902-00003
217,fulfilled,,,2026-09-02 10:22:32.425091,2026-09-15 06:52:52.953807,0,4,5,5,1,standard,,,7.0,2026-09-09,"{""inboundCost"": 0, ""inboundDays"": 0, ""inbound_tat"": 0, ""inbound_cost"": 0, ""outboundCost"": 85.5, ""outboundDays"": 7, ""outbound_tat"": 7, ""qcBufferDays"": 0, ""qc_packaging"": 0, ""outbound_cost"": 8550}",paid,processing,VENDOR_READY_TO_SHIP,0,0,,"{""cgstAmount"": 777, ""igstAmount"": 0, ""sgstAmount"": 777, ""isInterState"": false, ""pgFeeGstAmount"": 0, ""totalGstAmount"": 1554, ""productGstAmount"": 14, ""shippingGstAmount"": 1540}",,,,,,0,,ORD-20260902-00004,,,B2B,1.2,120,0.0,0,0.0,0,102.24,10224,85.5,8550,85.5,8550.0,,0.0,,0.0,,0.0,0.0,0,15.54,1554,0.14,14,15.4,1540,0.0,0,15.54,1554,0.0,0,0.0,0,0.0,0.0,,0.0,ORD-20260902-00004
218,fulfilled,,,2026-09-02 10:33:17.473935,2026-09-15 06:52:52.953807,0,6,4,4,3,standard,,,7.0,2026-09-09,"{""inboundCost"": 0, ""inboundDays"": 0, ""inbound_tat"": 0, ""inbound_cost"": 0, ""outboundCost"": 85.5, ""outboundDays"": 7, ""outbound_tat"": 7, ""qcBufferDays"": 0, ""qc_packaging"": 0, ""outbound_cost"": 8550}",paid,accepted,,0,0,,"{""cgstAmount"": 0, ""igstAmount"": 32589, ""sgstAmount"": 0, ""isInterState"": true, ""pgFeeGstAmount"": 0, ""totalGstAmount"": 32589, ""productGstAmount"": 31050, ""shippingGstAmount"": 1539}",,,,,,0,,ORD-20260902-00005,,,B2C,1725.0,172500,0.0,0,0.0,0,2136.39,213639,85.5,8550,85.5,8550.0,,0.0,,0.0,,0.0,0.0,0,325.89,32589,310.5,31050,15.39,1539,0.0,0,325.89,32589,0.0,0,0.0,0,0.0,0.0,,0.0,ORD-20260902-00005
219,pending,,Payment failed or cancelled at gateway — checkout voided,2026-09-02 11:42:53.601557,2026-09-15 06:52:52.953807,0,4,5,5,1,standard,,,7.0,2026-09-09,"{""inboundCost"": 0, ""inboundDays"": 0, ""inbound_tat"": 0, ""inbound_cost"": 0, ""outboundCost"": 85.5, ""outboundDays"": 7, ""outbound_tat"": 7, ""qcBufferDays"": 0, ""qc_packaging"": 0, ""outbound_cost"": 8550}",failed,cancelled,CANCELLED,0,0,,"{""cgstAmount"": 2606, ""igstAmount"": 0, ""sgstAmount"": 2606, ""isInterState"": false, ""pgFeeGstAmount"": 0, ""totalGstAmount"": 5212, ""productGstAmount"": 3672, ""shippingGstAmount"": 1540}",,,,,,0,,ORD-20260902-00006,,,B2B,806.0,80600,500.0,50000,0.0,0,443.62,44362,85.5,8550,85.5,8550.0,,0.0,,0.0,,0.0,0.0,0,52.12,5212,36.72,3672,15.4,1540,0.0,0,52.12,5212,0.0,0,0.0,0,0.0,0.0,,0.0,ORD-20260902-00006
220,pending,,Payment failed or cancelled at gateway — checkout voided,2026-09-02 11:42:53.649023,2026-09-15 06:52:52.953807,0,4,5,5,1,standard,,,7.0,2026-09-09,"{""inboundCost"": 0, ""inboundDays"": 0, ""inbound_tat"": 0, ""inbound_cost"": 0, ""outboundCost"": 85.5, ""outboundDays"": 7, ""outbound_tat"": 7, ""qcBufferDays"": 0, ""qc_packaging"": 0, ""outbound_cost"": 8550}",failed,cancelled,CANCELLED,0,0,,"{""cgstAmount"": 777, ""igstAmount"": 0, ""sgstAmount"": 777, ""isInterState"": false, ""pgFeeGstAmount"": 0, ""totalGstAmount"": 1554, ""productGstAmount"": 14, ""shippingGstAmount"": 1540}",,,,,,0,,ORD-20260902-00007,,,B2B,1.2,120,0.0,0,0.0,0,102.24,10224,85.5,8550,85.5,8550.0,,0.0,,0.0,,0.0,0.0,0,15.54,1554,0.14,14,15.4,1540,0.0,0,15.54,1554,0.0,0,0.0,0,0.0,0.0,,0.0,ORD-20260902-00007
221,pending,,,2026-09-02 12:53:45.152280,2026-09-15 06:52:52.953807,0,14,11,11,1,standard,,,7.0,2026-09-09,"{""inboundCost"": 0, ""inboundDays"": 0, ""inbound_tat"": 0, ""inbound_cost"": 0, ""outboundCost"": 85.5, ""outboundDays"": 7, ""outbound_tat"": 7, ""qcBufferDays"": 0, ""qc_packaging"": 0, ""outbound_cost"": 8550}",pending,awaiting_payment,,0,0,,"{""cgstAmount"": 0, ""igstAmount"": 1553, ""sgstAmount"": 0, ""isInterState"": true, ""pgFeeGstAmount"": 0, ""totalGstAmount"": 1553, ""productGstAmount"": 14, ""shippingGstAmount"": 1539}",,,,,,0,,ORD-20260902-00008,,,B2C,1.2,120,0.0,0,0.0,0,102.23,10223,85.5,8550,85.5,8550.0,,0.0,,0.0,,0.0,0.0,0,15.53,1553,0.14,14,15.39,1539,0.0,0,15.53,1553,0.0,0,0.0,0,0.0,0.0,,0.0,ORD-20260902-00008
222,pending,,,2026-09-02 13:58:28.691538,2026-09-15 06:52:52.953807,0,6,4,4,3,standard,,,7.0,2026-09-09,"{""inboundCost"": 0, ""inboundDays"": 0, ""inbound_tat"": 0, ""inbound_cost"": 0, ""outboundCost"": 85.5, ""outboundDays"": 7, ""outbound_tat"": 7, ""qcBufferDays"": 0, ""qc_packaging"": 0, ""outbound_cost"": 8550}",pending,awaiting_payment,,0,0,,"{""cgstAmount"": 0, ""igstAmount"": 33377, ""sgstAmount"": 0, ""isInterState"": true, ""pgFeeGstAmount"": 788, ""totalGstAmount"": 33377, ""productGstAmount"": 31050, ""shippingGstAmount"": 1539}",,,,,,0,,ORD-20260902-00009,,,B2C,1725.0,172500,0.0,0,0.0,0,2188.03,218803,85.5,8550,85.5,8550.0,,0.0,,0.0,,0.0,43.76,4376,333.77,33377,310.5,31050,15.39,1539,7.88,788,333.77,33377,0.0,0,0.0,0,0.0,0.0,,0.0,ORD-20260902-00009
223,pending,,Payment failed or cancelled at gateway — checkout voided,2026-09-02 14:15:42.800510,2026-09-15 06:52:52.953807,0,4,5,5,2,standard,,,7.0,2026-09-09,"{""inboundCost"": 0, ""inboundDays"": 0, ""inbound_tat"": 0, ""inbound_cost"": 0, ""outboundCost"": 85.5, ""outboundDays"": 7, ""outbound_tat"": 7, ""qcBufferDays"": 0, ""qc_packaging"": 0, ""outbound_cost"": 8550}",failed,cancelled,CANCELLED,0,0,,"{""cgstAmount"": 19915, ""igstAmount"": 0, ""sgstAmount"": 19915, ""isInterState"": false, ""pgFeeGstAmount"": 940, ""totalGstAmount"": 39830, ""productGstAmount"": 37350, ""shippingGstAmount"": 1540}",,,,,,0,,ORD-20260902-00010,,,B2B,2075.0,207500,0.0,0,0.0,0,2611.02,261102,85.5,8550,85.5,8550.0,,0.0,,0.0,,0.0,52.22,5222,398.3,39830,373.5,37350,15.4,1540,9.4,940,398.3,39830,0.0,0,0.0,0,0.0,0.0,,0.0,ORD-20260902-00010
224,pending,,Payment failed or cancelled at gateway — checkout voided,2026-09-02 14:15:42.842287,2026-09-15 06:52:52.953807,0,4,5,5,1,standard,,,7.0,2026-09-09,"{""inboundCost"": 0, ""inboundDays"": 0, ""inbound_tat"": 0, ""inbound_cost"": 0, ""outboundCost"": 85.5, ""outboundDays"": 7, ""outbound_tat"": 7, ""qcBufferDays"": 0, ""qc_packaging"": 0, ""outbound_cost"": 8550}",failed,cancelled,CANCELLED,0,0,,"{""cgstAmount"": 2688, ""igstAmount"": 0, ""sgstAmount"": 2688, ""isInterState"": false, ""pgFeeGstAmount"": 164, ""totalGstAmount"": 5376, ""productGstAmount"": 3672, ""shippingGstAmount"": 1540}",,,,,,0,,ORD-20260902-00011,,,B2B,806.0,80600,500.0,50000,0.0,0,454.35,45435,85.5,8550,85.5,8550.0,,0.0,,0.0,,0.0,9.09,909,53.76,5376,36.72,3672,15.4,1540,1.64,164,53.76,5376,0.0,0,0.0,0,0.0,0.0,,0.0,ORD-20260902-00011
225,pending,,Payment failed or cancelled at gateway — checkout voided,2026-09-02 14:15:42.879648,2026-09-15 06:52:52.953807,0,4,5,5,1,standard,,,7.0,2026-09-09,"{""inboundCost"": 0, ""inboundDays"": 0, ""inbound_tat"": 0, ""inbound_cost"": 0, ""outboundCost"": 85.5, ""outboundDays"": 7, ""outbound_tat"": 7, ""qcBufferDays"": 0, ""qc_packaging"": 0, ""outbound_cost"": 8550}",failed,cancelled,CANCELLED,0,0,,"{""cgstAmount"": 796, ""igstAmount"": 0, ""sgstAmount"": 796, ""isInterState"": false, ""pgFeeGstAmount"": 38, ""totalGstAmount"": 1592, ""productGstAmount"": 14, ""shippingGstAmount"": 1540}",,,,,,0,,ORD-20260902-00012,,,B2B,1.2,120,0.0,0,0.0,0,104.71,10471,85.5,8550,85.5,8550.0,,0.0,,0.0,,0.0,2.09,209,15.92,1592,0.14,14,15.4,1540,0.38,38,15.92,1592,0.0,0,0.0,0,0.0,0.0,,0.0,ORD-20260902-00012
226,pending,,Payment failed or cancelled at gateway — checkout voided,2026-09-02 14:15:55.419694,2026-09-15 06:52:52.953807,0,4,5,5,2,standard,,,7.0,2026-09-09,"{""inboundCost"": 0, ""inboundDays"": 0, ""inbound_tat"": 0, ""inbound_cost"": 0, ""outboundCost"": 85.5, ""outboundDays"": 7, ""outbound_tat"": 7, ""qcBufferDays"": 0, ""qc_packaging"": 0, ""outbound_cost"": 8550}",failed,cancelled,CANCELLED,0,0,,"{""cgstAmount"": 19795, ""igstAmount"": 0, ""sgstAmount"": 19795, ""isInterState"": false, ""pgFeeGstAmount"": 700, ""totalGstAmount"": 39590, ""productGstAmount"": 37350, ""shippingGstAmount"": 1540}",,,,,,0,,ORD-20260902-00013,,,B2B,2075.0,207500,0.0,0,0.0,0,2595.33,259533,85.5,8550,85.5,8550.0,,0.0,,0.0,,0.0,38.93,3893,395.9,39590,373.5,37350,15.4,1540,7.0,700,395.9,39590,0.0,0,0.0,0,0.0,0.0,,0.0,ORD-20260902-00013
227,pending,,Payment failed or cancelled at gateway — checkout voided,2026-09-02 14:15:55.443781,2026-09-15 06:52:52.953807,0,4,5,5,1,standard,,,7.0,2026-09-09,"{""inboundCost"": 0, ""inboundDays"": 0, ""inbound_tat"": 0, ""inbound_cost"": 0, ""outboundCost"": 85.5, ""outboundDays"": 7, ""outbound_tat"": 7, ""qcBufferDays"": 0, ""qc_packaging"": 0, ""outbound_cost"": 8550}",failed,cancelled,CANCELLED,0,0,,"{""cgstAmount"": 2667, ""igstAmount"": 0, ""sgstAmount"": 2667, ""isInterState"": false, ""pgFeeGstAmount"": 122, ""totalGstAmount"": 5334, ""productGstAmount"": 3672, ""shippingGstAmount"": 1540}",,,,,,0,,ORD-20260902-00014,,,B2B,806.0,80600,500.0,50000,0.0,0,451.61,45161,85.5,8550,85.5,8550.0,,0.0,,0.0,,0.0,6.77,677,53.34,5334,36.72,3672,15.4,1540,1.22,122,53.34,5334,0.0,0,0.0,0,0.0,0.0,,0.0,ORD-20260902-00014
228,pending,,Payment failed or cancelled at gateway — checkout voided,2026-09-02 14:15:55.468776,2026-09-15 06:52:52.953807,0,4,5,5,1,standard,,,7.0,2026-09-09,"{""inboundCost"": 0, ""inboundDays"": 0, ""inbound_tat"": 0, ""inbound_cost"": 0, ""outboundCost"": 85.5, ""outboundDays"": 7, ""outbound_tat"": 7, ""qcBufferDays"": 0, ""qc_packaging"": 0, ""outbound_cost"": 8550}",failed,cancelled,CANCELLED,0,0,,"{""cgstAmount"": 791, ""igstAmount"": 0, ""sgstAmount"": 791, ""isInterState"": false, ""pgFeeGstAmount"": 28, ""totalGstAmount"": 1582, ""productGstAmount"": 14, ""shippingGstAmount"": 1540}",,,,,,0,,ORD-20260902-00015,,,B2B,1.2,120,0.0,0,0.0,0,104.08,10408,85.5,8550,85.5,8550.0,,0.0,,0.0,,0.0,1.56,156,15.82,1582,0.14,14,15.4,1540,0.28,28,15.82,1582,0.0,0,0.0,0,0.0,0.0,,0.0,ORD-20260902-00015
229,pending,,,2026-09-02 14:18:19.844195,2026-09-15 06:52:52.953807,0,4,5,5,3,standard,,,7.0,2026-09-09,"{""inboundCost"": 0, ""inboundDays"": 0, ""inbound_tat"": 0, ""inbound_cost"": 0, ""outboundCost"": 85.5, ""outboundDays"": 7, ""outbound_tat"": 7, ""qcBufferDays"": 0, ""qc_packaging"": 0, ""outbound_cost"": 8550}",pending,awaiting_payment,,0,0,,"{""cgstAmount"": 7683, ""igstAmount"": 0, ""sgstAmount"": 7683, ""isInterState"": false, ""pgFeeGstAmount"": 362, ""totalGstAmount"": 15366, ""productGstAmount"": 13464, ""shippingGstAmount"": 1540}",,,,,,0,,ORD-20260902-00016,,,B2B,748.0,74800,0.0,0,0.0,0,1007.31,100731,85.5,8550,85.5,8550.0,,0.0,,0.0,,0.0,20.15,2015,153.66,15366,134.64,13464,15.4,1540,3.62,362,153.66,15366,0.0,0,0.0,0,0.0,0.0,,0.0,ORD-20260902-00016
230,pending,,,2026-09-03 04:46:16.552471,2026-09-15 06:52:52.953807,0,4,5,5,3,standard,,,7.0,2026-09-10,"{""inboundCost"": 0, ""inboundDays"": 0, ""inbound_tat"": 0, ""inbound_cost"": 0, ""outboundCost"": 85.5, ""outboundDays"": 7, ""outbound_tat"": 7, ""qcBufferDays"": 0, ""qc_packaging"": 0, ""outbound_cost"": 8550}",pending,awaiting_payment,,0,0,,"{""cgstAmount"": 7637, ""igstAmount"": 0, ""sgstAmount"": 7637, ""isInterState"": false, ""pgFeeGstAmount"": 270, ""totalGstAmount"": 15274, ""productGstAmount"": 13464, ""shippingGstAmount"": 1540}",,,,,,0,,ORD-20260903-00001,,,B2B,748.0,74800,0.0,0,0.0,0,1001.26,100126,85.5,8550,85.5,8550.0,,0.0,,0.0,,0.0,15.02,1502,152.74,15274,134.64,13464,15.4,1540,2.7,270,152.74,15274,0.0,0,0.0,0,0.0,0.0,,0.0,ORD-20260903-00001
231,pending,,,2026-09-03 04:46:16.627856,2026-09-15 06:52:52.953807,0,4,5,5,1,standard,,,7.0,2026-09-10,"{""inboundCost"": 0, ""inboundDays"": 0, ""inbound_tat"": 0, ""inbound_cost"": 0, ""outboundCost"": 85.5, ""outboundDays"": 7, ""outbound_tat"": 7, ""qcBufferDays"": 0, ""qc_packaging"": 0, ""outbound_cost"": 8550}",pending,awaiting_payment,,0,0,,"{""cgstAmount"": 791, ""igstAmount"": 0, ""sgstAmount"": 791, ""isInterState"": false, ""pgFeeGstAmount"": 28, ""totalGstAmount"": 1582, ""productGstAmount"": 14, ""shippingGstAmount"": 1540}",,,,,,0,,ORD-20260903-00002,,,B2B,1.2,120,0.0,0,0.0,0,104.08,10408,85.5,8550,85.5,8550.0,,0.0,,0.0,,0.0,1.56,156,15.82,1582,0.14,14,15.4,1540,0.28,28,15.82,1582,0.0,0,0.0,0,0.0,0.0,,0.0,ORD-20260903-00002
232,pending,,Payment failed or cancelled at gateway — checkout voided,2026-09-03 04:49:30.275190,2026-09-15 06:52:52.953807,0,4,5,5,3,standard,,,7.0,2026-09-10,"{""inboundCost"": 0, ""inboundDays"": 0, ""inbound_tat"": 0, ""inbound_cost"": 0, ""outboundCost"": 85.5, ""outboundDays"": 7, ""outbound_tat"": 7, ""qcBufferDays"": 0, ""qc_packaging"": 0, ""outbound_cost"": 8550}",failed,cancelled,CANCELLED,0,0,,"{""cgstAmount"": 29461, ""igstAmount"": 0, ""sgstAmount"": 29461, ""isInterState"": false, ""pgFeeGstAmount"": 1042, ""totalGstAmount"": 58922, ""productGstAmount"": 56340, ""shippingGstAmount"": 1540}",,,,,,0,,ORD-20260903-00003,,,B2B,3130.0,313000,0.0,0,0.0,0,3862.66,386266,85.5,8550,85.5,8550.0,,0.0,,0.0,,0.0,57.94,5794,589.22,58922,563.4,56340,15.4,1540,10.42,1042,589.22,58922,0.0,0,0.0,0,0.0,0.0,,0.0,ORD-20260903-00003
233,pending,,Payment failed or cancelled at gateway — checkout voided,2026-09-03 04:49:30.296348,2026-09-15 06:52:52.953807,0,4,5,5,3,standard,,,7.0,2026-09-10,"{""inboundCost"": 0, ""inboundDays"": 0, ""inbound_tat"": 0, ""inbound_cost"": 0, ""outboundCost"": 85.5, ""outboundDays"": 7, ""outbound_tat"": 7, ""qcBufferDays"": 0, ""qc_packaging"": 0, ""outbound_cost"": 8550}",failed,cancelled,CANCELLED,0,0,,"{""cgstAmount"": 32393, ""igstAmount"": 0, ""sgstAmount"": 32393, ""isInterState"": false, ""pgFeeGstAmount"": 1146, ""totalGstAmount"": 64786, ""productGstAmount"": 62100, ""shippingGstAmount"": 1540}",,,,,,0,,ORD-20260903-00004,,,B2B,3450.0,345000,0.0,0,0.0,0,4247.07,424707,85.5,8550,85.5,8550.0,,0.0,,0.0,,0.0,63.71,6371,647.86,64786,621.0,62100,15.4,1540,11.46,1146,647.86,64786,0.0,0,0.0,0,0.0,0.0,,0.0,ORD-20260903-00004
234,pending,,Payment failed or cancelled at gateway — checkout voided,2026-09-03 04:49:30.323197,2026-09-15 06:52:52.953807,0,4,5,5,3,standard,,,7.0,2026-09-10,"{""inboundCost"": 0, ""inboundDays"": 0, ""inbound_tat"": 0, ""inbound_cost"": 0, ""outboundCost"": 85.5, ""outboundDays"": 7, ""outbound_tat"": 7, ""qcBufferDays"": 0, ""qc_packaging"": 0, ""outbound_cost"": 8550}",failed,cancelled,CANCELLED,0,0,,"{""cgstAmount"": 20464, ""igstAmount"": 0, ""sgstAmount"": 20464, ""isInterState"": false, ""pgFeeGstAmount"": 724, ""totalGstAmount"": 40928, ""productGstAmount"": 38664, ""shippingGstAmount"": 1540}",,,,,,0,,ORD-20260903-00005,,,B2B,2148.0,214800,0.0,0,0.0,0,2683.03,268303,85.5,8550,85.5,8550.0,,0.0,,0.0,,0.0,40.25,4025,409.28,40928,386.64,38664,15.4,1540,7.24,724,409.28,40928,0.0,0,0.0,0,0.0,0.0,,0.0,ORD-20260903-00005
235,pending,,Vendor did not accept within 72 hours.,2026-09-03 05:02:31.498836,2026-09-15 06:52:52.953807,0,6,4,4,1,standard,,,7.0,2026-09-10,"{""inboundCost"": 0, ""inboundDays"": 0, ""inbound_tat"": 0, ""inbound_cost"": 0, ""outboundCost"": 85.5, ""outboundDays"": 7, ""outbound_tat"": 7, ""qcBufferDays"": 0, ""qc_packaging"": 0, ""outbound_cost"": 8550}",paid,cancelled,CANCELLED,0,0,,"{""cgstAmount"": 0, ""igstAmount"": 5211, ""sgstAmount"": 0, ""isInterState"": true, ""pgFeeGstAmount"": 0, ""totalGstAmount"": 5211, ""productGstAmount"": 3672, ""shippingGstAmount"": 1539}",,,,,,1,,ORD-20260903-00006,,,B2C,806.0,80600,500.0,50000,0.0,0,443.61,44361,85.5,8550,85.5,8550.0,,0.0,,0.0,,0.0,0.0,0,52.11,5211,36.72,3672,15.39,1539,0.0,0,52.11,5211,0.0,0,0.0,0,0.0,0.0,,0.0,ORD-20260903-00006
236,pending,,,2026-09-03 05:03:03.741977,2026-09-15 06:52:52.953807,0,6,4,4,1,standard,,,7.0,2026-09-10,"{""inboundCost"": 0, ""inboundDays"": 0, ""inbound_tat"": 0, ""inbound_cost"": 0, ""outboundCost"": 85.5, ""outboundDays"": 7, ""outbound_tat"": 7, ""qcBufferDays"": 0, ""qc_packaging"": 0, ""outbound_cost"": 8550}",pending,awaiting_payment,,0,0,,"{""cgstAmount"": 0, ""igstAmount"": 1591, ""sgstAmount"": 0, ""isInterState"": true, ""pgFeeGstAmount"": 38, ""totalGstAmount"": 1591, ""productGstAmount"": 14, ""shippingGstAmount"": 1539}",,,,,,0,,ORD-20260903-00007,,,B2C,1.2,120,0.0,0,0.0,0,104.7,10470,85.5,8550,85.5,8550.0,,0.0,,0.0,,0.0,2.09,209,15.91,1591,0.14,14,15.39,1539,0.38,38,15.91,1591,0.0,0,0.0,0,0.0,0.0,,0.0,ORD-20260903-00007
237,pending,,Vendor did not accept within 72 hours.,2026-09-03 05:05:45.904227,2026-09-15 06:52:52.953807,0,6,4,4,1,standard,,,7.0,2026-09-10,"{""inboundCost"": 0, ""inboundDays"": 0, ""inbound_tat"": 0, ""inbound_cost"": 0, ""outboundCost"": 85.5, ""outboundDays"": 7, ""outbound_tat"": 7, ""qcBufferDays"": 0, ""qc_packaging"": 0, ""outbound_cost"": 8550}",paid,cancelled,CANCELLED,0,0,,"{""cgstAmount"": 0, ""igstAmount"": 116199, ""sgstAmount"": 0, ""isInterState"": true, ""pgFeeGstAmount"": 0, ""totalGstAmount"": 116199, ""productGstAmount"": 114660, ""shippingGstAmount"": 1539}",,,,,,1,,ORD-20260903-00008,,,B2C,9555.0,955500,0.0,0,0.0,0,10802.49,1080249,85.5,8550,85.5,8550.0,,0.0,,0.0,,0.0,0.0,0,1161.99,116199,1146.6,114660,15.39,1539,0.0,0,1161.99,116199,0.0,0,0.0,0,0.0,0.0,,0.0,ORD-20260903-00008
238,fulfilled,,,2026-09-03 05:08:53.560224,2026-09-15 06:52:52.953807,0,6,4,4,3,standard,,,7.0,2026-09-10,"{""inboundCost"": 0, ""inboundDays"": 0, ""inbound_tat"": 0, ""inbound_cost"": 0, ""outboundCost"": 85.5, ""outboundDays"": 7, ""outbound_tat"": 7, ""qcBufferDays"": 0, ""qc_packaging"": 0, ""outbound_cost"": 8550}",paid,processing,HUB_RECEIVED,0,0,,"{""cgstAmount"": 0, ""igstAmount"": 29709, ""sgstAmount"": 0, ""isInterState"": true, ""pgFeeGstAmount"": 0, ""totalGstAmount"": 29709, ""productGstAmount"": 28170, ""shippingGstAmount"": 1539}",,,,,,0,,ORD-20260903-00009,,,B2C,1565.0,156500,0.0,0,0.0,0,1947.59,194759,85.5,8550,85.5,8550.0,,0.0,,0.0,,0.0,0.0,0,297.09,29709,281.7,28170,15.39,1539,0.0,0,297.09,29709,0.0,0,0.0,0,0.0,0.0,,0.0,ORD-20260903-00009
239,fulfilled,1.0,"Now, I don't want this product.",2026-09-03 05:50:47.446669,2026-09-15 06:52:52.953807,1,6,4,4,3,standard,BANK_TRANSFER,2026-09-03 11:42:28,7.0,2026-09-10,"{""inboundCost"": 0, ""inboundDays"": 0, ""inbound_tat"": 0, ""inbound_cost"": 0, ""outboundCost"": 85.5, ""outboundDays"": 7, ""outbound_tat"": 7, ""qcBufferDays"": 0, ""qc_packaging"": 0, ""outbound_cost"": 8550}",refunded,cancelled,CANCELLED,0,0,,"{""cgstAmount"": 0, ""igstAmount"": 20871, ""sgstAmount"": 0, ""isInterState"": true, ""pgFeeGstAmount"": 0, ""totalGstAmount"": 20871, ""productGstAmount"": 19332, ""shippingGstAmount"": 1539}",,,,,,0,"{""scenario"": ""BEFORE_SHIP_TO_CUSTOMER"", ""taxRefunded"": 208.71, ""isInterState"": true, ""pgGstWithheld"": 0, ""totalWithheld"": 0, ""shippingRefunded"": 8550, ""totalTaxRefunded"": 208.71, ""calculationSource"": ""PRE_DISPATCH_ORDER"", ""pgChargesRefunded"": 0, ""pgChargesWithheld"": 0, ""productGstRefunded"": 193.32, ""productBaseRefunded"": 1074, ""shippingGstRefunded"": 15.39, ""shippingBaseRefunded"": 85.5}",ORD-20260903-00010,,,B2C,1074.0,107400,0.0,0,0.0,0,1368.21,136821,85.5,8550,85.5,8550.0,,0.0,,0.0,,0.0,0.0,0,208.71,20871,193.32,19332,15.39,1539,0.0,0,208.71,20871,0.0,0,0.0,0,0.0,0.0,1368.21,136821.0,ORD-20260903-00010
240,pending,,Vendor did not accept within 72 hours.,2026-09-03 05:54:06.172121,2026-09-15 06:52:52.953807,0,14,11,11,1,standard,,,7.0,2026-09-10,"{""inboundCost"": 0, ""inboundDays"": 0, ""inbound_tat"": 0, ""inbound_cost"": 0, ""outboundCost"": 85.5, ""outboundDays"": 7, ""outbound_tat"": 7, ""qcBufferDays"": 0, ""qc_packaging"": 0, ""outbound_cost"": 8550}",paid,cancelled,CANCELLED,0,0,,"{""cgstAmount"": 0, ""igstAmount"": 1553, ""sgstAmount"": 0, ""isInterState"": true, ""pgFeeGstAmount"": 0, ""totalGstAmount"": 1553, ""productGstAmount"": 14, ""shippingGstAmount"": 1539}",,,,,,1,,ORD-20260903-00011,,,B2C,1.2,120,0.0,0,0.0,0,102.23,10223,85.5,8550,85.5,8550.0,,0.0,,0.0,,0.0,0.0,0,15.53,1553,0.14,14,15.39,1539,0.0,0,15.53,1553,0.0,0,0.0,0,0.0,0.0,,0.0,ORD-20260903-00011
241,fulfilled,,,2026-09-03 06:04:45.935260,2026-09-15 06:52:52.953807,0,14,11,11,1,standard,,,7.0,2026-09-10,"{""inboundCost"": 0, ""inboundDays"": 0, ""inbound_tat"": 0, ""inbound_cost"": 0, ""outboundCost"": 85.5, ""outboundDays"": 7, ""outbound_tat"": 7, ""qcBufferDays"": 0, ""qc_packaging"": 0, ""outbound_cost"": 8550}",paid,accepted,,0,0,,"{""cgstAmount"": 0, ""igstAmount"": 1553, ""sgstAmount"": 0, ""isInterState"": true, ""pgFeeGstAmount"": 0, ""totalGstAmount"": 1553, ""productGstAmount"": 14, ""shippingGstAmount"": 1539}",,,,,,0,,ORD-20260903-00012,,,B2C,1.2,120,0.0,0,0.0,0,102.23,10223,85.5,8550,85.5,8550.0,,0.0,,0.0,,0.0,0.0,0,15.53,1553,0.14,14,15.39,1539,0.0,0,15.53,1553,0.0,0,0.0,0,0.0,0.0,,0.0,ORD-20260903-00012
242,pending,,Vendor did not accept within 72 hours.,2026-09-03 06:19:10.120793,2026-09-15 06:52:52.953807,0,4,5,5,2,standard,,,7.0,2026-09-10,"{""inboundCost"": 0, ""inboundDays"": 0, ""inbound_tat"": 0, ""inbound_cost"": 0, ""outboundCost"": 85.5, ""outboundDays"": 7, ""outbound_tat"": 7, ""qcBufferDays"": 0, ""qc_packaging"": 0, ""outbound_cost"": 8550}",paid,cancelled,CANCELLED,0,0,,"{""cgstAmount"": 19445, ""igstAmount"": 0, ""sgstAmount"": 19445, ""isInterState"": false, ""pgFeeGstAmount"": 0, ""totalGstAmount"": 38890, ""productGstAmount"": 37350, ""shippingGstAmount"": 1540}",,,,,,1,,ORD-20260903-00013,,,B2B,2075.0,207500,0.0,0,0.0,0,2549.4,254940,85.5,8550,85.5,8550.0,,0.0,,0.0,,0.0,0.0,0,388.9,38890,373.5,37350,15.4,1540,0.0,0,388.9,38890,0.0,0,0.0,0,0.0,0.0,,0.0,ORD-20260903-00013
243,pending,,Vendor did not accept within 72 hours.,2026-09-03 06:20:25.352691,2026-09-15 06:52:52.953807,0,4,5,5,3,standard,,,7.0,2026-09-10,"{""inboundCost"": 0, ""inboundDays"": 0, ""inbound_tat"": 0, ""inbound_cost"": 0, ""outboundCost"": 85.5, ""outboundDays"": 7, ""outbound_tat"": 7, ""qcBufferDays"": 0, ""qc_packaging"": 0, ""outbound_cost"": 8550}",paid,cancelled,CANCELLED,0,0,,"{""cgstAmount"": 10436, ""igstAmount"": 0, ""sgstAmount"": 10436, ""isInterState"": false, ""pgFeeGstAmount"": 0, ""totalGstAmount"": 20872, ""productGstAmount"": 19332, ""shippingGstAmount"": 1540}",,,,,,1,,ORD-20260903-00014,,,B2B,1074.0,107400,0.0,0,0.0,0,1368.22,136822,85.5,8550,85.5,8550.0,,0.0,,0.0,,0.0,0.0,0,208.72,20872,193.32,19332,15.4,1540,0.0,0,208.72,20872,0.0,0,0.0,0,0.0,0.0,,0.0,ORD-20260903-00014
244,fulfilled,,,2026-09-03 06:36:46.547562,2026-09-15 06:52:52.953807,0,6,4,4,3,standard,,,7.0,2026-09-10,"{""inboundCost"": 0, ""inboundDays"": 0, ""inbound_tat"": 0, ""inbound_cost"": 0, ""outboundCost"": 85.5, ""outboundDays"": 7, ""outbound_tat"": 7, ""qcBufferDays"": 0, ""qc_packaging"": 0, ""outbound_cost"": 8550}",paid,processing,HUB_RECEIVED,0,0,,"{""cgstAmount"": 0, ""igstAmount"": 32589, ""sgstAmount"": 0, ""isInterState"": true, ""pgFeeGstAmount"": 0, ""totalGstAmount"": 32589, ""productGstAmount"": 31050, ""shippingGstAmount"": 1539}",,,,,,0,,ORD-20260903-00015,,,B2C,1725.0,172500,0.0,0,0.0,0,2136.39,213639,85.5,8550,85.5,8550.0,,0.0,,0.0,,0.0,0.0,0,325.89,32589,310.5,31050,15.39,1539,0.0,0,325.89,32589,0.0,0,0.0,0,0.0,0.0,,0.0,ORD-20260903-00015
245,pending,,Vendor did not accept within 72 hours.,2026-09-03 07:46:49.339721,2026-09-15 06:52:52.953807,0,14,11,11,1,standard,,,7.0,2026-09-10,"{""inboundCost"": 0, ""inboundDays"": 0, ""inbound_tat"": 0, ""inbound_cost"": 0, ""outboundCost"": 85.5, ""outboundDays"": 7, ""outbound_tat"": 7, ""qcBufferDays"": 0, ""qc_packaging"": 0, ""outbound_cost"": 8550}",paid,cancelled,CANCELLED,0,0,,"{""cgstAmount"": 0, ""igstAmount"": 1612, ""sgstAmount"": 0, ""isInterState"": true, ""pgFeeGstAmount"": 0, ""totalGstAmount"": 1612, ""productGstAmount"": 73, ""shippingGstAmount"": 1539}",,,,,,1,,ORD-20260903-00016,,,B2C,6.1,610,0.0,0,0.0,0,107.72,10772,85.5,8550,85.5,8550.0,,0.0,,0.0,,0.0,0.0,0,16.12,1612,0.73,73,15.39,1539,0.0,0,16.12,1612,0.0,0,0.0,0,0.0,0.0,,0.0,ORD-20260903-00016
246,pending,,Vendor did not accept within 72 hours.,2026-09-03 07:55:53.188944,2026-09-15 06:52:52.953807,0,14,11,11,1,standard,,,7.0,2026-09-10,"{""inboundCost"": 0, ""inboundDays"": 0, ""inbound_tat"": 0, ""inbound_cost"": 0, ""outboundCost"": 85.5, ""outboundDays"": 7, ""outbound_tat"": 7, ""qcBufferDays"": 0, ""qc_packaging"": 0, ""outbound_cost"": 8550}",paid,cancelled,CANCELLED,0,0,,"{""cgstAmount"": 0, ""igstAmount"": 1612, ""sgstAmount"": 0, ""isInterState"": true, ""pgFeeGstAmount"": 0, ""totalGstAmount"": 1612, ""productGstAmount"": 73, ""shippingGstAmount"": 1539}",,,,,,1,,ORD-20260903-00017,,,B2C,6.1,610,0.0,0,0.0,0,107.72,10772,85.5,8550,85.5,8550.0,,0.0,,0.0,,0.0,0.0,0,16.12,1612,0.73,73,15.39,1539,0.0,0,16.12,1612,0.0,0,0.0,0,0.0,0.0,,0.0,ORD-20260903-00017
247,fulfilled,,,2026-09-03 08:39:11.615109,2026-09-15 06:52:52.953807,0,6,4,4,3,standard,,,7.0,2026-09-10,"{""inboundCost"": 0, ""inboundDays"": 0, ""inbound_tat"": 0, ""inbound_cost"": 0, ""outboundCost"": 85.5, ""outboundDays"": 7, ""outbound_tat"": 7, ""qcBufferDays"": 0, ""qc_packaging"": 0, ""outbound_cost"": 8550}",paid,delivered,DELIVERED,0,0,,"{""cgstAmount"": 0, ""igstAmount"": 20871, ""sgstAmount"": 0, ""isInterState"": true, ""pgFeeGstAmount"": 0, ""totalGstAmount"": 20871, ""productGstAmount"": 19332, ""shippingGstAmount"": 1539}",,,,,,0,,ORD-20260903-00018,,,B2C,1074.0,107400,0.0,0,0.0,0,1368.21,136821,85.5,8550,85.5,8550.0,,0.0,,0.0,,0.0,0.0,0,208.71,20871,193.32,19332,15.39,1539,0.0,0,208.71,20871,0.0,0,0.0,0,0.0,0.0,,0.0,ORD-20260903-00018
248,fulfilled,,,2026-09-03 08:54:56.061127,2026-09-15 06:52:52.953807,0,14,11,11,1,standard,,,7.0,2026-09-10,"{""inboundCost"": 0, ""inboundDays"": 0, ""inbound_tat"": 0, ""inbound_cost"": 0, ""outboundCost"": 85.5, ""outboundDays"": 7, ""outbound_tat"": 7, ""qcBufferDays"": 0, ""qc_packaging"": 0, ""outbound_cost"": 8550}",paid,processing,VENDOR_READY_TO_SHIP,0,0,,"{""cgstAmount"": 0, ""igstAmount"": 5211, ""sgstAmount"": 0, ""isInterState"": true, ""pgFeeGstAmount"": 0, ""totalGstAmount"": 5211, ""productGstAmount"": 3672, ""shippingGstAmount"": 1539}",,,,,,0,,ORD-20260903-00019,,,B2C,806.0,80600,500.0,50000,0.0,0,443.61,44361,85.5,8550,85.5,8550.0,,0.0,,0.0,,0.0,0.0,0,52.11,5211,36.72,3672,15.39,1539,0.0,0,52.11,5211,0.0,0,0.0,0,0.0,0.0,,0.0,ORD-20260903-00019
249,fulfilled,,,2026-09-03 08:54:56.132875,2026-09-15 06:52:52.953807,0,14,11,11,1,standard,,,7.0,2026-09-10,"{""inboundCost"": 0, ""inboundDays"": 0, ""inbound_tat"": 0, ""inbound_cost"": 0, ""outboundCost"": 85.5, ""outboundDays"": 7, ""outbound_tat"": 7, ""qcBufferDays"": 0, ""qc_packaging"": 0, ""outbound_cost"": 8550}",paid,accepted,,0,0,,"{""cgstAmount"": 0, ""igstAmount"": 1612, ""sgstAmount"": 0, ""isInterState"": true, ""pgFeeGstAmount"": 0, ""totalGstAmount"": 1612, ""productGstAmount"": 73, ""shippingGstAmount"": 1539}",,,,,,0,,ORD-20260903-00020,,,B2C,6.1,610,0.0,0,0.0,0,107.72,10772,85.5,8550,85.5,8550.0,,0.0,,0.0,,0.0,0.0,0,16.12,1612,0.73,73,15.39,1539,0.0,0,16.12,1612,0.0,0,0.0,0,0.0,0.0,,0.0,ORD-20260903-00020
250,fulfilled,,,2026-09-03 08:59:50.763069,2026-09-15 06:52:52.953807,0,6,4,4,3,standard,,,7.0,2026-09-10,"{""inboundCost"": 0, ""inboundDays"": 0, ""inbound_tat"": 0, ""inbound_cost"": 0, ""outboundCost"": 85.5, ""outboundDays"": 7, ""outbound_tat"": 7, ""qcBufferDays"": 0, ""qc_packaging"": 0, ""outbound_cost"": 8550}",paid,delivered,DELIVERED,0,0,,"{""cgstAmount"": 0, ""igstAmount"": 20871, ""sgstAmount"": 0, ""isInterState"": true, ""pgFeeGstAmount"": 0, ""totalGstAmount"": 20871, ""productGstAmount"": 19332, ""shippingGstAmount"": 1539}",,,,,,0,,ORD-20260903-00021,,,B2C,1074.0,107400,0.0,0,0.0,0,1368.21,136821,85.5,8550,85.5,8550.0,,0.0,,0.0,,0.0,0.0,0,208.71,20871,193.32,19332,15.39,1539,0.0,0,208.71,20871,0.0,0,0.0,0,0.0,0.0,,0.0,ORD-20260903-00021
251,fulfilled,1.0,Don't want this product.,2026-09-03 09:15:45.601774,2026-09-15 06:52:52.953807,1,6,4,4,3,standard,BANK_TRANSFER,2026-09-03 14:59:07,7.0,2026-09-10,"{""inboundCost"": 0, ""inboundDays"": 0, ""inbound_tat"": 0, ""inbound_cost"": 0, ""outboundCost"": 85.5, ""outboundDays"": 7, ""outbound_tat"": 7, ""qcBufferDays"": 0, ""qc_packaging"": 0, ""outbound_cost"": 8550}",refunded,cancelled,CANCELLED,0,0,,"{""cgstAmount"": 0, ""igstAmount"": 32589, ""sgstAmount"": 0, ""isInterState"": true, ""pgFeeGstAmount"": 0, ""totalGstAmount"": 32589, ""productGstAmount"": 31050, ""shippingGstAmount"": 1539}",,,,,,0,"{""scenario"": ""AFTER_SHIP_TO_CUSTOMER"", ""taxRefunded"": 310.5, ""productRefunded"": 1725, ""shippingRefunded"": 0, ""shippingWithheld"": 10089, ""calculationSource"": ""CREDIT_NOTE"", ""pgChargesRefunded"": 0, ""pgChargesWithheld"": 0, ""productBaseRefunded"": 1725}",ORD-20260903-00022,,,B2C,1725.0,172500,0.0,0,0.0,0,2136.39,213639,85.5,8550,85.5,8550.0,,0.0,,0.0,,0.0,0.0,0,325.89,32589,310.5,31050,15.39,1539,0.0,0,325.89,32589,0.0,0,0.0,0,0.0,0.0,2035.5,203550.0,ORD-20260903-00022
252,pending,,Vendor did not accept within 72 hours.,2026-09-03 09:54:29.362603,2026-09-15 06:52:52.953807,0,14,11,11,2,standard,,,7.0,2026-09-10,"{""inboundCost"": 0, ""inboundDays"": 0, ""inbound_tat"": 0, ""inbound_cost"": 0, ""outboundCost"": 85.5, ""outboundDays"": 7, ""outbound_tat"": 7, ""qcBufferDays"": 0, ""qc_packaging"": 0, ""outbound_cost"": 8550}",paid,cancelled,CANCELLED,0,0,,"{""cgstAmount"": 0, ""igstAmount"": 38889, ""sgstAmount"": 0, ""isInterState"": true, ""pgFeeGstAmount"": 0, ""totalGstAmount"": 38889, ""productGstAmount"": 37350, ""shippingGstAmount"": 1539}",,,,,,1,,ORD-20260903-00023,,,B2C,2075.0,207500,0.0,0,0.0,0,2549.39,254939,85.5,8550,85.5,8550.0,,0.0,,0.0,,0.0,0.0,0,388.89,38889,373.5,37350,15.39,1539,0.0,0,388.89,38889,0.0,0,0.0,0,0.0,0.0,,0.0,ORD-20260903-00023
253,pending,,Vendor did not accept within 72 hours.,2026-09-03 10:29:55.205436,2026-09-15 06:52:52.953807,0,6,4,4,3,standard,,,7.0,2026-09-10,"{""inboundCost"": 0, ""inboundDays"": 0, ""inbound_tat"": 0, ""inbound_cost"": 0, ""outboundCost"": 85.5, ""outboundDays"": 7, ""outbound_tat"": 7, ""qcBufferDays"": 0, ""qc_packaging"": 0, ""outbound_cost"": 8550}",paid,cancelled,CANCELLED,0,0,,"{""cgstAmount"": 0, ""igstAmount"": 29709, ""sgstAmount"": 0, ""isInterState"": true, ""pgFeeGstAmount"": 0, ""totalGstAmount"": 29709, ""productGstAmount"": 28170, ""shippingGstAmount"": 1539}",,,,,,1,,ORD-20260903-00024,,,B2C,1565.0,156500,0.0,0,0.0,0,1947.59,194759,85.5,8550,85.5,8550.0,,0.0,,0.0,,0.0,0.0,0,297.09,29709,281.7,28170,15.39,1539,0.0,0,297.09,29709,0.0,0,0.0,0,0.0,0.0,,0.0,ORD-20260903-00024
254,fulfilled,1.0,I Dont want this product,2026-09-03 10:53:40.255472,2026-09-15 06:52:52.953807,0,4,5,5,1,standard,,,7.0,2026-09-10,"{""inboundCost"": 0, ""inboundDays"": 0, ""inbound_tat"": 0, ""inbound_cost"": 0, ""outboundCost"": 85.5, ""outboundDays"": 7, ""outbound_tat"": 7, ""qcBufferDays"": 0, ""qc_packaging"": 0, ""outbound_cost"": 8550}",paid,cancelled,CANCELLED,0,0,,"{""cgstAmount"": 807, ""igstAmount"": 0, ""sgstAmount"": 807, ""isInterState"": false, ""pgFeeGstAmount"": 0, ""totalGstAmount"": 1614, ""productGstAmount"": 74, ""shippingGstAmount"": 1540}",,,,,,0,"{""scenario"": ""BEFORE_SHIP_TO_CUSTOMER"", ""taxRefunded"": 16.14, ""isInterState"": false, ""pgGstWithheld"": 0, ""totalWithheld"": 0, ""shippingRefunded"": 8550, ""totalTaxRefunded"": 16.14, ""calculationSource"": ""PRE_DISPATCH_ORDER"", ""pgChargesRefunded"": 0, ""pgChargesWithheld"": 0, ""productGstRefunded"": 0.74, ""productBaseRefunded"": 6.1, ""shippingGstRefunded"": 15.4, ""shippingBaseRefunded"": 85.5}",ORD-20260903-00025,,,B2B,6.1,610,0.0,0,0.0,0,107.74,10774,85.5,8550,85.5,8550.0,,0.0,,0.0,,0.0,0.0,0,16.14,1614,0.74,74,15.4,1540,0.0,0,16.14,1614,0.0,0,0.0,0,0.0,0.0,107.74,10774.0,ORD-20260903-00025
255,cancelled_by_vendor,3.0,Product is not ready,2026-09-03 11:03:44.656097,2026-09-15 06:52:52.953807,0,14,11,11,1,standard,,,7.0,2026-09-10,"{""inboundCost"": 0, ""inboundDays"": 0, ""inbound_tat"": 0, ""inbound_cost"": 0, ""outboundCost"": 85.5, ""outboundDays"": 7, ""outbound_tat"": 7, ""qcBufferDays"": 0, ""qc_packaging"": 0, ""outbound_cost"": 8550}",paid,cancelled,CANCELLED,0,0,,"{""cgstAmount"": 0, ""igstAmount"": 116199, ""sgstAmount"": 0, ""isInterState"": true, ""pgFeeGstAmount"": 0, ""totalGstAmount"": 116199, ""productGstAmount"": 114660, ""shippingGstAmount"": 1539}",,,,,,0,"{""scenario"": ""BEFORE_SHIP_TO_CUSTOMER"", ""taxRefunded"": 1161.99, ""isInterState"": true, ""pgGstWithheld"": 0, ""totalWithheld"": 0, ""shippingRefunded"": 8550, ""totalTaxRefunded"": 1161.99, ""calculationSource"": ""PRE_DISPATCH_ORDER"", ""pgChargesRefunded"": 0, ""pgChargesWithheld"": 0, ""productGstRefunded"": 1146.6, ""productBaseRefunded"": 9555, ""shippingGstRefunded"": 15.39, ""shippingBaseRefunded"": 85.5}",ORD-20260903-00026,,,B2C,9555.0,955500,0.0,0,0.0,0,10802.49,1080249,85.5,8550,85.5,8550.0,,0.0,,0.0,,0.0,0.0,0,1161.99,116199,1146.6,114660,15.39,1539,0.0,0,1161.99,116199,0.0,0,0.0,0,0.0,0.0,10802.49,1080249.0,ORD-20260903-00026
256,fulfilled,,,2026-09-03 11:05:05.990704,2026-09-15 06:52:52.953807,0,14,11,11,1,standard,,,7.0,2026-09-10,"{""inboundCost"": 0, ""inboundDays"": 0, ""inbound_tat"": 0, ""inbound_cost"": 0, ""outboundCost"": 85.5, ""outboundDays"": 7, ""outbound_tat"": 7, ""qcBufferDays"": 0, ""qc_packaging"": 0, ""outbound_cost"": 8550}",paid,delivered,DELIVERED,0,0,,"{""cgstAmount"": 0, ""igstAmount"": 116199, ""sgstAmount"": 0, ""isInterState"": true, ""pgFeeGstAmount"": 0, ""totalGstAmount"": 116199, ""productGstAmount"": 114660, ""shippingGstAmount"": 1539}",,,,,,0,,ORD-20260903-00027,,,B2C,9555.0,955500,0.0,0,0.0,0,10802.49,1080249,85.5,8550,85.5,8550.0,,0.0,,0.0,,0.0,0.0,0,1161.99,116199,1146.6,114660,15.39,1539,0.0,0,1161.99,116199,0.0,0,0.0,0,0.0,0.0,,0.0,ORD-20260903-00027
257,pending,,,2026-09-03 11:13:37.913922,2026-09-15 06:52:52.953807,0,14,11,11,1,standard,,,7.0,2026-09-10,"{""inboundCost"": 0, ""inboundDays"": 0, ""inbound_tat"": 0, ""inbound_cost"": 0, ""outboundCost"": 85.5, ""outboundDays"": 7, ""outbound_tat"": 7, ""qcBufferDays"": 0, ""qc_packaging"": 0, ""outbound_cost"": 8550}",pending,awaiting_payment,,0,0,,"{""cgstAmount"": 0, ""igstAmount"": 36159, ""sgstAmount"": 0, ""isInterState"": true, ""pgFeeGstAmount"": 0, ""totalGstAmount"": 36159, ""productGstAmount"": 34620, ""shippingGstAmount"": 1539}",,,,,,0,,ORD-20260903-00028,,,B2C,2885.0,288500,0.0,0,0.0,0,3332.09,333209,85.5,8550,85.5,8550.0,,0.0,,0.0,,0.0,0.0,0,361.59,36159,346.2,34620,15.39,1539,0.0,0,361.59,36159,0.0,0,0.0,0,0.0,0.0,,0.0,ORD-20260903-00028
258,fulfilled,,,2026-09-03 11:13:45.710191,2026-09-15 06:52:52.953807,0,14,11,11,1,standard,,,7.0,2026-09-10,"{""inboundCost"": 0, ""inboundDays"": 0, ""inbound_tat"": 0, ""inbound_cost"": 0, ""outboundCost"": 85.5, ""outboundDays"": 7, ""outbound_tat"": 7, ""qcBufferDays"": 0, ""qc_packaging"": 0, ""outbound_cost"": 8550}",paid,delivered,DELIVERED,0,0,,"{""cgstAmount"": 0, ""igstAmount"": 36159, ""sgstAmount"": 0, ""isInterState"": true, ""pgFeeGstAmount"": 0, ""totalGstAmount"": 36159, ""productGstAmount"": 34620, ""shippingGstAmount"": 1539}",,,,,,0,,ORD-20260903-00029,,,B2C,2885.0,288500,0.0,0,0.0,0,3332.09,333209,85.5,8550,85.5,8550.0,,0.0,,0.0,,0.0,0.0,0,361.59,36159,346.2,34620,15.39,1539,0.0,0,361.59,36159,0.0,0,0.0,0,0.0,0.0,,0.0,ORD-20260903-00029
259,pending,,Payment failed or cancelled at gateway — checkout voided,2026-09-03 11:43:30.764341,2026-09-15 06:52:52.953807,0,4,5,5,1,standard,,,7.0,2026-09-10,"{""inboundCost"": 0, ""inboundDays"": 0, ""inbound_tat"": 0, ""inbound_cost"": 0, ""outboundCost"": 85.5, ""outboundDays"": 7, ""outbound_tat"": 7, ""qcBufferDays"": 0, ""qc_packaging"": 0, ""outbound_cost"": 8550}",failed,cancelled,CANCELLED,0,0,,"{""cgstAmount"": 807, ""igstAmount"": 0, ""sgstAmount"": 807, ""isInterState"": false, ""pgFeeGstAmount"": 0, ""totalGstAmount"": 1614, ""productGstAmount"": 74, ""shippingGstAmount"": 1540}",,,,,,0,,ORD-20260903-00030,,,B2B,6.1,610,0.0,0,0.0,0,107.74,10774,85.5,8550,85.5,8550.0,,0.0,,0.0,,0.0,0.0,0,16.14,1614,0.74,74,15.4,1540,0.0,0,16.14,1614,0.0,0,0.0,0,0.0,0.0,,0.0,ORD-20260903-00030
260,pending,,,2026-09-03 11:44:44.895855,2026-09-15 06:52:52.953807,0,4,5,5,1,standard,,,7.0,2026-09-10,"{""inboundCost"": 0, ""inboundDays"": 0, ""inbound_tat"": 0, ""inbound_cost"": 0, ""outboundCost"": 85.5, ""outboundDays"": 7, ""outbound_tat"": 7, ""qcBufferDays"": 0, ""qc_packaging"": 0, ""outbound_cost"": 8550}",pending,awaiting_payment,,0,0,,"{""cgstAmount"": 2606, ""igstAmount"": 0, ""sgstAmount"": 2606, ""isInterState"": false, ""pgFeeGstAmount"": 0, ""totalGstAmount"": 5212, ""productGstAmount"": 3672, ""shippingGstAmount"": 1540}",,,,,,0,,ORD-20260903-00031,,,B2B,806.0,80600,500.0,50000,0.0,0,443.62,44362,85.5,8550,85.5,8550.0,,0.0,,0.0,,0.0,0.0,0,52.12,5212,36.72,3672,15.4,1540,0.0,0,52.12,5212,0.0,0,0.0,0,0.0,0.0,,0.0,ORD-20260903-00031
261,fulfilled,,,2026-09-03 11:56:51.338019,2026-09-15 06:52:52.953807,0,4,5,5,1,standard,,,7.0,2026-09-10,"{""inboundCost"": 0, ""inboundDays"": 0, ""inbound_tat"": 0, ""inbound_cost"": 0, ""outboundCost"": 85.5, ""outboundDays"": 7, ""outbound_tat"": 7, ""qcBufferDays"": 0, ""qc_packaging"": 0, ""outbound_cost"": 8550}",paid,processing,VENDOR_READY_TO_SHIP,0,0,,"{""cgstAmount"": 2606, ""igstAmount"": 0, ""sgstAmount"": 2606, ""isInterState"": false, ""pgFeeGstAmount"": 0, ""totalGstAmount"": 5212, ""productGstAmount"": 3672, ""shippingGstAmount"": 1540}",,,,,,0,,ORD-20260903-00032,,,B2B,806.0,80600,500.0,50000,0.0,0,443.62,44362,85.5,8550,85.5,8550.0,,0.0,,0.0,,0.0,0.0,0,52.12,5212,36.72,3672,15.4,1540,0.0,0,52.12,5212,0.0,0,0.0,0,0.0,0.0,,0.0,ORD-20260903-00032
262,pending,,Vendor did not accept within 72 hours.,2026-09-03 13:58:01.272632,2026-09-15 06:52:52.953807,0,14,11,11,1,standard,,,7.0,2026-09-10,"{""inboundCost"": 0, ""inboundDays"": 0, ""inbound_tat"": 0, ""inbound_cost"": 0, ""outboundCost"": 85.5, ""outboundDays"": 7, ""outbound_tat"": 7, ""qcBufferDays"": 0, ""qc_packaging"": 0, ""outbound_cost"": 8550}",paid,cancelled,CANCELLED,0,0,,"{""cgstAmount"": 0, ""igstAmount"": 5211, ""sgstAmount"": 0, ""isInterState"": true, ""pgFeeGstAmount"": 0, ""totalGstAmount"": 5211, ""productGstAmount"": 3672, ""shippingGstAmount"": 1539}",,,,,,1,,ORD-20260903-00033,,,B2C,806.0,80600,500.0,50000,0.0,0,443.61,44361,85.5,8550,85.5,8550.0,,0.0,,0.0,,0.0,0.0,0,52.11,5211,36.72,3672,15.39,1539,0.0,0,52.11,5211,0.0,0,0.0,0,0.0,0.0,,0.0,ORD-20260903-00033
263,fulfilled,,,2026-09-03 13:58:42.868110,2026-09-15 06:52:52.953807,0,14,11,11,1,standard,,,7.0,2026-09-10,"{""inboundCost"": 0, ""inboundDays"": 0, ""inbound_tat"": 0, ""inbound_cost"": 0, ""outboundCost"": 85.5, ""outboundDays"": 7, ""outbound_tat"": 7, ""qcBufferDays"": 0, ""qc_packaging"": 0, ""outbound_cost"": 8550}",paid,processing,HUB_RECEIVED,0,0,,"{""cgstAmount"": 0, ""igstAmount"": 1612, ""sgstAmount"": 0, ""isInterState"": true, ""pgFeeGstAmount"": 0, ""totalGstAmount"": 1612, ""productGstAmount"": 73, ""shippingGstAmount"": 1539}",,,,,,0,,ORD-20260903-00034,,,B2C,6.1,610,0.0,0,0.0,0,107.72,10772,85.5,8550,85.5,8550.0,,0.0,,0.0,,0.0,0.0,0,16.12,1612,0.73,73,15.39,1539,0.0,0,16.12,1612,0.0,0,0.0,0,0.0,0.0,,0.0,ORD-20260903-00034
264,fulfilled,,,2026-09-04 04:13:39.983344,2026-09-15 06:52:52.953807,0,14,11,11,6,standard,,,7.0,2026-09-11,"{""inboundCost"": 0, ""inboundDays"": 0, ""inbound_tat"": 0, ""inbound_cost"": 0, ""outboundCost"": 85.5, ""outboundDays"": 7, ""outbound_tat"": 7, ""qcBufferDays"": 0, ""qc_packaging"": 0, ""outbound_cost"": 8550}",paid,delivered,DELIVERED,0,0,,"{""cgstAmount"": 0, ""igstAmount"": 523539, ""sgstAmount"": 0, ""isInterState"": true, ""pgFeeGstAmount"": 0, ""totalGstAmount"": 523539, ""productGstAmount"": 522000, ""shippingGstAmount"": 1539}",,,,,,0,,ORD-20260904-00001,,,B2C,29000.0,2900000,0.0,0,0.0,0,34320.89,3432089,85.5,8550,85.5,8550.0,,0.0,,0.0,,0.0,0.0,0,5235.39,523539,5220.0,522000,15.39,1539,0.0,0,5235.39,523539,0.0,0,0.0,0,0.0,0.0,,0.0,ORD-20260904-00001
265,cancelled_by_vendor,15.0,No stock,2026-09-04 04:45:55.256908,2026-09-15 06:52:52.953807,0,14,11,11,6,standard,,,7.0,2026-09-11,"{""inboundCost"": 0, ""inboundDays"": 0, ""inbound_tat"": 0, ""inbound_cost"": 0, ""outboundCost"": 85.5, ""outboundDays"": 7, ""outbound_tat"": 7, ""qcBufferDays"": 0, ""qc_packaging"": 0, ""outbound_cost"": 8550}",paid,cancelled,CANCELLED,0,0,,"{""cgstAmount"": 0, ""igstAmount"": 361539, ""sgstAmount"": 0, ""isInterState"": true, ""pgFeeGstAmount"": 0, ""totalGstAmount"": 361539, ""productGstAmount"": 360000, ""shippingGstAmount"": 1539}",,,,,,0,"{""scenario"": ""BEFORE_SHIP_TO_CUSTOMER"", ""taxRefunded"": 3615.39, ""isInterState"": true, ""pgGstWithheld"": 0, ""totalWithheld"": 0, ""shippingRefunded"": 8550, ""totalTaxRefunded"": 3615.39, ""calculationSource"": ""PRE_DISPATCH_ORDER"", ""pgChargesRefunded"": 0, ""pgChargesWithheld"": 0, ""productGstRefunded"": 3600, ""productBaseRefunded"": 20000, ""shippingGstRefunded"": 15.39, ""shippingBaseRefunded"": 85.5}",ORD-20260904-00002,,,B2C,20000.0,2000000,0.0,0,0.0,0,23700.89,2370089,85.5,8550,85.5,8550.0,,0.0,,0.0,,0.0,0.0,0,3615.39,361539,3600.0,360000,15.39,1539,0.0,0,3615.39,361539,0.0,0,0.0,0,0.0,0.0,23700.89,2370089.0,ORD-20260904-00002
266,cancelled_by_vendor,15.0,Not Possible,2026-09-04 05:05:50.831390,2026-09-15 06:52:52.953807,0,14,11,11,6,standard,,,7.0,2026-09-11,"{""inboundCost"": 0, ""inboundDays"": 0, ""inbound_tat"": 0, ""inbound_cost"": 0, ""outboundCost"": 85.5, ""outboundDays"": 7, ""outbound_tat"": 7, ""qcBufferDays"": 0, ""qc_packaging"": 0, ""outbound_cost"": 8550}",paid,cancelled,CANCELLED,0,0,,"{""cgstAmount"": 0, ""igstAmount"": 361539, ""sgstAmount"": 0, ""isInterState"": true, ""pgFeeGstAmount"": 0, ""totalGstAmount"": 361539, ""productGstAmount"": 360000, ""shippingGstAmount"": 1539}",,,,,,0,"{""scenario"": ""BEFORE_SHIP_TO_CUSTOMER"", ""taxRefunded"": 3615.39, ""isInterState"": true, ""pgGstWithheld"": 0, ""totalWithheld"": 0, ""shippingRefunded"": 8550, ""totalTaxRefunded"": 3615.39, ""calculationSource"": ""PRE_DISPATCH_ORDER"", ""pgChargesRefunded"": 0, ""pgChargesWithheld"": 0, ""productGstRefunded"": 3600, ""productBaseRefunded"": 20000, ""shippingGstRefunded"": 15.39, ""shippingBaseRefunded"": 85.5}",ORD-20260904-00003,,,B2C,20000.0,2000000,0.0,0,0.0,0,23700.89,2370089,85.5,8550,85.5,8550.0,,0.0,,0.0,,0.0,0.0,0,3615.39,361539,3600.0,360000,15.39,1539,0.0,0,3615.39,361539,0.0,0,0.0,0,0.0,0.0,23700.89,2370089.0,ORD-20260904-00003
267,pending,,Vendor did not accept within 72 hours.,2026-09-04 05:17:49.654396,2026-09-15 06:52:52.953807,0,9,7,7,2,standard,,,7.0,2026-09-11,"{""inboundCost"": 0, ""inboundDays"": 0, ""inbound_tat"": 0, ""inbound_cost"": 0, ""outboundCost"": 85.5, ""outboundDays"": 7, ""outbound_tat"": 7, ""qcBufferDays"": 0, ""qc_packaging"": 0, ""outbound_cost"": 8550}",paid,cancelled,CANCELLED,0,0,,"{""cgstAmount"": 19445, ""igstAmount"": 0, ""sgstAmount"": 19445, ""isInterState"": false, ""pgFeeGstAmount"": 0, ""totalGstAmount"": 38890, ""productGstAmount"": 37350, ""shippingGstAmount"": 1540}",,,,,,1,,ORD-20260904-00004,,,B2C,2075.0,207500,0.0,0,0.0,0,2549.4,254940,85.5,8550,85.5,8550.0,,0.0,,0.0,,0.0,0.0,0,388.9,38890,373.5,37350,15.4,1540,0.0,0,388.9,38890,0.0,0,0.0,0,0.0,0.0,,0.0,ORD-20260904-00004
268,fulfilled,,,2026-09-04 08:33:13.468501,2026-09-15 06:52:52.953807,1,6,4,4,3,standard,BANK_TRANSFER,2026-09-04 14:48:28,7.0,2026-09-11,"{""inboundCost"": 0, ""inboundDays"": 0, ""inbound_tat"": 0, ""inbound_cost"": 0, ""outboundCost"": 85.5, ""outboundDays"": 7, ""outbound_tat"": 7, ""qcBufferDays"": 0, ""qc_packaging"": 0, ""outbound_cost"": 8550}",refunded,returned,HUB_RECEIVED,0,0,,"{""cgstAmount"": 0, ""igstAmount"": 29709, ""sgstAmount"": 0, ""isInterState"": true, ""pgFeeGstAmount"": 0, ""totalGstAmount"": 29709, ""productGstAmount"": 28170, ""shippingGstAmount"": 1539}",,,,,,0,"{""scenario"": ""RETURNED_BY_CUSTOMER"", ""taxRefunded"": 281.7, ""isInterState"": true, ""refundAmount"": 184670, ""totalWithheld"": 100.89, ""shippingRefunded"": 0, ""shippingWithheld"": 10089, ""calculationSource"": ""CREDIT_NOTE"", ""pgChargesRefunded"": 0, ""pgChargesWithheld"": 0, ""productBaseRefunded"": 1565, ""grossCreditNoteAmount"": 1846.7, ""creditNoteRefundAmount"": 1846.7, ""returnShippingDeducted"": 0, ""returnShippingGstDeducted"": 0, ""returnShippingBaseDeducted"": 0, ""returnShippingChargeLocked"": 100.89, ""returnShippingChargeSource"": ""fallback"", ""returnShippingDeductionApplied"": false}",ORD-20260904-00005,fallback,2026-09-04 09:02:12,B2C,1565.0,156500,0.0,0,0.0,0,1947.59,194759,85.5,8550,85.5,8550.0,85.5,8550.0,15.39,1539.0,100.89,10089.0,0.0,0,297.09,29709,281.7,28170,15.39,1539,0.0,0,297.09,29709,0.0,0,0.0,0,0.0,0.0,1846.7,184670.0,ORD-20260904-00005
269,fulfilled,,,2026-09-04 09:36:22.629358,2026-09-15 06:52:52.953807,0,6,4,4,3,standard,,,7.0,2026-09-11,"{""inboundCost"": 0, ""inboundDays"": 0, ""inbound_tat"": 0, ""inbound_cost"": 0, ""outboundCost"": 85.5, ""outboundDays"": 7, ""outbound_tat"": 7, ""qcBufferDays"": 0, ""qc_packaging"": 0, ""outbound_cost"": 8550}",paid,delivered,DELIVERED,0,0,,"{""cgstAmount"": 0, ""igstAmount"": 20871, ""sgstAmount"": 0, ""isInterState"": true, ""pgFeeGstAmount"": 0, ""totalGstAmount"": 20871, ""productGstAmount"": 19332, ""shippingGstAmount"": 1539}",,,,,,0,,ORD-20260904-00006,,,B2C,1074.0,107400,0.0,0,0.0,0,1368.21,136821,85.5,8550,85.5,8550.0,,0.0,,0.0,,0.0,0.0,0,208.71,20871,193.32,19332,15.39,1539,0.0,0,208.71,20871,0.0,0,0.0,0,0.0,0.0,,0.0,ORD-20260904-00006
270,fulfilled,,,2026-09-04 10:44:38.282445,2026-09-15 06:52:52.953807,0,6,4,4,3,standard,,,7.0,2026-09-11,"{""inboundCost"": 0, ""inboundDays"": 0, ""inbound_tat"": 0, ""inbound_cost"": 0, ""outboundCost"": 85.5, ""outboundDays"": 7, ""outbound_tat"": 7, ""qcBufferDays"": 0, ""qc_packaging"": 0, ""outbound_cost"": 8550}",paid,delivered,DELIVERED,0,0,,"{""cgstAmount"": 0, ""igstAmount"": 29709, ""sgstAmount"": 0, ""isInterState"": true, ""pgFeeGstAmount"": 0, ""totalGstAmount"": 29709, ""productGstAmount"": 28170, ""shippingGstAmount"": 1539}",,,,,,0,,ORD-20260904-00007,,,B2C,1565.0,156500,0.0,0,0.0,0,1947.59,194759,85.5,8550,85.5,8550.0,,0.0,,0.0,,0.0,0.0,0,297.09,29709,281.7,28170,15.39,1539,0.0,0,297.09,29709,0.0,0,0.0,0,0.0,0.0,,0.0,ORD-20260904-00007
271,fulfilled,,,2026-09-04 10:48:08.337416,2026-09-15 06:52:52.953807,0,14,11,11,6,standard,,,7.0,2026-09-11,"{""inboundCost"": 0, ""inboundDays"": 0, ""inbound_tat"": 0, ""inbound_cost"": 0, ""outboundCost"": 85.5, ""outboundDays"": 7, ""outbound_tat"": 7, ""qcBufferDays"": 0, ""qc_packaging"": 0, ""outbound_cost"": 8550}",paid,delivered,DELIVERED,0,0,,"{""cgstAmount"": 0, ""igstAmount"": 523539, ""sgstAmount"": 0, ""isInterState"": true, ""pgFeeGstAmount"": 0, ""totalGstAmount"": 523539, ""productGstAmount"": 522000, ""shippingGstAmount"": 1539}",,,,,,0,,ORD-20260904-00008,,,B2C,29000.0,2900000,0.0,0,0.0,0,34320.89,3432089,85.5,8550,85.5,8550.0,,0.0,,0.0,,0.0,0.0,0,5235.39,523539,5220.0,522000,15.39,1539,0.0,0,5235.39,523539,0.0,0,0.0,0,0.0,0.0,,0.0,ORD-20260904-00008
272,fulfilled,,,2026-09-04 12:16:05.459909,2026-09-15 06:52:52.953807,0,14,11,11,6,standard,,,7.0,2026-09-11,"{""inboundCost"": 0, ""inboundDays"": 0, ""inbound_tat"": 0, ""inbound_cost"": 0, ""outboundCost"": 85.5, ""outboundDays"": 7, ""outbound_tat"": 7, ""qcBufferDays"": 0, ""qc_packaging"": 0, ""outbound_cost"": 8550}",paid,delivered,DELIVERED,0,0,,"{""cgstAmount"": 0, ""igstAmount"": 361539, ""sgstAmount"": 0, ""isInterState"": true, ""pgFeeGstAmount"": 0, ""totalGstAmount"": 361539, ""productGstAmount"": 360000, ""shippingGstAmount"": 1539}",,,,,,0,,ORD-20260904-00009,,,B2C,20000.0,2000000,0.0,0,0.0,0,23700.89,2370089,85.5,8550,85.5,8550.0,,0.0,,0.0,,0.0,0.0,0,3615.39,361539,3600.0,360000,15.39,1539,0.0,0,3615.39,361539,0.0,0,0.0,0,0.0,0.0,,0.0,ORD-20260904-00009
273,fulfilled,,,2026-09-05 06:16:16.671005,2026-09-15 06:52:52.953807,0,6,4,4,3,standard,,,7.0,2026-09-12,"{""inboundCost"": 0, ""inboundDays"": 0, ""inbound_tat"": 0, ""inbound_cost"": 0, ""outboundCost"": 85.5, ""outboundDays"": 7, ""outbound_tat"": 7, ""qcBufferDays"": 0, ""qc_packaging"": 0, ""outbound_cost"": 8550}",paid,delivered,DELIVERED,0,0,,"{""cgstAmount"": 0, ""igstAmount"": 78471, ""sgstAmount"": 0, ""isInterState"": true, ""pgFeeGstAmount"": 0, ""totalGstAmount"": 78471, ""productGstAmount"": 76932, ""shippingGstAmount"": 1539}",,,,,,0,,ORD-20260905-00001,fallback,2026-09-05 09:58:14,B2C,4274.0,427400,0.0,0,0.0,0,5144.21,514421,85.5,8550,85.5,8550.0,,7246.0,,1304.0,,8550.0,0.0,0,784.71,78471,769.32,76932,15.39,1539,0.0,0,784.71,78471,0.0,0,0.0,0,0.0,0.0,,0.0,ORD-20260905-00001
274,pending,,Payment failed or cancelled at gateway — checkout voided,2026-09-05 08:23:52.365712,2026-09-15 06:52:52.953807,0,9,7,7,3,standard,,,7.0,2026-09-12,"{""inboundCost"": 0, ""inboundDays"": 0, ""inbound_tat"": 0, ""inbound_cost"": 0, ""outboundCost"": 85.5, ""outboundDays"": 7, ""outbound_tat"": 7, ""qcBufferDays"": 0, ""qc_packaging"": 0, ""outbound_cost"": 8550}",failed,cancelled,CANCELLED,0,0,,"{""cgstAmount"": 39236, ""igstAmount"": 0, ""sgstAmount"": 39236, ""isInterState"": false, ""pgFeeGstAmount"": 0, ""totalGstAmount"": 78472, ""productGstAmount"": 76932, ""shippingGstAmount"": 1540}",,,,,,0,,ORD-20260905-00002,,,B2C,4274.0,427400,0.0,0,0.0,0,5144.22,514422,85.5,8550,85.5,8550.0,,0.0,,0.0,,0.0,0.0,0,784.72,78472,769.32,76932,15.4,1540,0.0,0,784.72,78472,0.0,0,0.0,0,0.0,0.0,,,ORD-20260905-00002
275,pending,,Payment failed or cancelled at gateway — checkout voided,2026-09-05 08:24:02.928485,2026-09-15 06:52:52.953807,0,9,7,7,3,standard,,,7.0,2026-09-12,"{""inboundCost"": 0, ""inboundDays"": 0, ""inbound_tat"": 0, ""inbound_cost"": 0, ""outboundCost"": 85.5, ""outboundDays"": 7, ""outbound_tat"": 7, ""qcBufferDays"": 0, ""qc_packaging"": 0, ""outbound_cost"": 8550}",failed,cancelled,CANCELLED,0,0,,"{""cgstAmount"": 39943, ""igstAmount"": 0, ""sgstAmount"": 39943, ""isInterState"": false, ""pgFeeGstAmount"": 1414, ""totalGstAmount"": 79886, ""productGstAmount"": 76932, ""shippingGstAmount"": 1540}",,,,,,0,,ORD-20260905-00003,,,B2C,4274.0,427400,0.0,0,0.0,0,5236.91,523691,85.5,8550,85.5,8550.0,,0.0,,0.0,,0.0,78.55,7855,798.86,79886,769.32,76932,15.4,1540,14.14,1414,798.86,79886,0.0,0,0.0,0,0.0,0.0,,,ORD-20260905-00003
276,pending,,,2026-09-05 08:24:07.427345,2026-09-15 06:52:52.953807,0,9,7,7,3,standard,,,7.0,2026-09-12,"{""inboundCost"": 0, ""inboundDays"": 0, ""inbound_tat"": 0, ""inbound_cost"": 0, ""outboundCost"": 85.5, ""outboundDays"": 7, ""outbound_tat"": 7, ""qcBufferDays"": 0, ""qc_packaging"": 0, ""outbound_cost"": 8550}",pending,awaiting_payment,,0,0,,"{""cgstAmount"": 40184, ""igstAmount"": 0, ""sgstAmount"": 40184, ""isInterState"": false, ""pgFeeGstAmount"": 1896, ""totalGstAmount"": 80368, ""productGstAmount"": 76932, ""shippingGstAmount"": 1540}",,,,,,0,,ORD-20260905-00004,,,B2C,4274.0,427400,0.0,0,0.0,0,5268.55,526855,85.5,8550,85.5,8550.0,,0.0,,0.0,,0.0,105.37,10537,803.68,80368,769.32,76932,15.4,1540,18.96,1896,803.68,80368,0.0,0,0.0,0,0.0,0.0,,0.0,ORD-20260905-00004
277,pending,,,2026-09-05 08:58:33.104854,2026-09-15 06:52:52.953807,0,9,7,7,3,standard,,,7.0,2026-09-12,"{""inboundCost"": 0, ""inboundDays"": 0, ""inbound_tat"": 0, ""inbound_cost"": 0, ""outboundCost"": 8550, ""outboundDays"": 7, ""outbound_tat"": 7, ""qcBufferDays"": 0, ""qc_packaging"": 0, ""outbound_cost"": 8550}",pending,awaiting_payment,,0,0,,"{""cgstAmount"": 39236, ""igstAmount"": 0, ""sgstAmount"": 39236, ""isInterState"": false, ""pgFeeGstAmount"": 0, ""totalGstAmount"": 78472, ""productGstAmount"": 76932, ""shippingGstAmount"": 1540}",,,,,,0,,ORD-20260905-00005,,,B2C,,427400,,0,,0,,514422,,8550,,8550.0,,,,,,,,0,,78472,,76932,,1540,,0,,78472,,0,,0,,0.0,,,ORD-20260905-00005
278,pending,,,2026-09-05 09:44:59.328974,2026-09-15 06:52:52.953807,0,4,5,5,3,standard,,,7.0,2026-09-12,"{""inboundCost"": 0, ""inboundDays"": 0, ""inbound_tat"": 0, ""inbound_cost"": 0, ""outboundCost"": 8550, ""outboundDays"": 7, ""outbound_tat"": 7, ""qcBufferDays"": 0, ""qc_packaging"": 0, ""outbound_cost"": 8550}",pending,awaiting_payment,,0,0,,"{""cgstAmount"": 7502, ""igstAmount"": 0, ""sgstAmount"": 7502, ""isInterState"": false, ""pgFeeGstAmount"": 0, ""totalGstAmount"": 15004, ""productGstAmount"": 13464, ""shippingGstAmount"": 1540}",,,,,,0,,ORD-20260905-00006,,,B2B,,74800,,0,,0,,98354,,8550,,8550.0,,,,,,,,0,,15004,,13464,,1540,,0,,15004,,0,,0,,0.0,,,ORD-20260905-00006
279,pending,,,2026-09-05 09:44:59.363354,2026-09-15 06:52:52.953807,0,4,5,5,3,standard,,,7.0,2026-09-12,"{""inboundCost"": 0, ""inboundDays"": 0, ""inbound_tat"": 0, ""inbound_cost"": 0, ""outboundCost"": 8550, ""outboundDays"": 7, ""outbound_tat"": 7, ""qcBufferDays"": 0, ""qc_packaging"": 0, ""outbound_cost"": 8550}",pending,awaiting_payment,,0,0,,"{""cgstAmount"": 39236, ""igstAmount"": 0, ""sgstAmount"": 39236, ""isInterState"": false, ""pgFeeGstAmount"": 0, ""totalGstAmount"": 78472, ""productGstAmount"": 76932, ""shippingGstAmount"": 1540}",,,,,,0,,ORD-20260905-00007,,,B2B,,427400,,0,,0,,514422,,8550,,8550.0,,,,,,,,0,,78472,,76932,,1540,,0,,78472,,0,,0,,0.0,,,ORD-20260905-00007
280,pending,,,2026-09-05 09:56:16.063399,2026-09-15 06:52:52.953807,0,4,5,5,3,standard,,,7.0,2026-09-12,"{""inboundCost"": 0, ""inboundDays"": 0, ""inbound_tat"": 0, ""inbound_cost"": 0, ""outboundCost"": 8550, ""outboundDays"": 7, ""outbound_tat"": 7, ""qcBufferDays"": 0, ""qc_packaging"": 0, ""outbound_cost"": 8550}",pending,awaiting_payment,,0,0,,"{""cgstAmount"": 7637, ""igstAmount"": 0, ""sgstAmount"": 7637, ""isInterState"": false, ""pgFeeGstAmount"": 270, ""totalGstAmount"": 15274, ""productGstAmount"": 13464, ""shippingGstAmount"": 1540}",,,,,,0,,ORD-20260905-00008,,,B2B,,74800,,0,,0,,100126,,8550,,8550.0,,,,,,,,1502,,15274,,13464,,1540,,270,,15274,,0,,0,,0.0,,,ORD-20260905-00008
281,pending,,,2026-09-05 09:56:16.124725,2026-09-15 06:52:52.953807,0,4,5,5,3,standard,,,7.0,2026-09-12,"{""inboundCost"": 0, ""inboundDays"": 0, ""inbound_tat"": 0, ""inbound_cost"": 0, ""outboundCost"": 8550, ""outboundDays"": 7, ""outbound_tat"": 7, ""qcBufferDays"": 0, ""qc_packaging"": 0, ""outbound_cost"": 8550}",pending,awaiting_payment,,0,0,,"{""cgstAmount"": 39943, ""igstAmount"": 0, ""sgstAmount"": 39943, ""isInterState"": false, ""pgFeeGstAmount"": 1414, ""totalGstAmount"": 79886, ""productGstAmount"": 76932, ""shippingGstAmount"": 1540}",,,,,,0,,ORD-20260905-00009,,,B2B,,427400,,0,,0,,523691,,8550,,8550.0,,,,,,,,7855,,79886,,76932,,1540,,1414,,79886,,0,,0,,0.0,,,ORD-20260905-00009
282,fulfilled,,,2026-09-05 10:03:23.742727,2026-09-15 06:52:52.953807,0,6,4,4,3,standard,,,,,,pending,processing,HUB_RECEIVED,0,0,,,,,,,,0,,ORD-20260905-00010,,,B2C,,427400,,0,,0,,514421,,0,,,,,,,,,,0,,0,,0,,0,,0,,0,,0,,0,,,,,ORD-20260905-00010
283,fulfilled,,,2026-09-05 10:39:57.898271,2026-09-15 06:52:52.953807,0,6,4,4,3,standard,,,7.0,2026-09-12,"{""inboundCost"": 0, ""inboundDays"": 0, ""inbound_tat"": 0, ""inbound_cost"": 0, ""outboundCost"": 8550, ""outboundDays"": 7, ""outbound_tat"": 7, ""qcBufferDays"": 0, ""qc_packaging"": 0, ""outbound_cost"": 8550}",paid,delivered,HUB_RECEIVED,0,0,,"{""cgstAmount"": 0, ""igstAmount"": 78471, ""sgstAmount"": 0, ""isInterState"": true, ""pgFeeGstAmount"": 0, ""totalGstAmount"": 78471, ""productGstAmount"": 76932, ""shippingGstAmount"": 1539}",,,,,,0,,ORD-20260905-00011,fallback,2026-09-05 10:51:29,B2C,,427400,,0,,0,,514421,,8550,,8550.0,,7246.0,,1304.0,,8550.0,,0,,78471,,76932,,1539,,0,,78471,,0,,0,,0.0,,,ORD-20260905-00011
284,fulfilled,,,2026-09-05 10:53:34.715620,2026-09-15 06:52:52.953807,0,6,4,4,3,standard,,,,,,pending,processing,HUB_RECEIVED,0,0,,,,,,,,0,,ORD-20260905-00012,,,B2C,,427400,,0,,0,,514421,,0,,,,,,,,,,0,,0,,0,,0,,0,,0,,0,,0,,,,,ORD-20260905-00012
285,fulfilled,,,2026-09-05 11:42:48.423001,2026-09-15 06:52:52.953807,0,6,4,4,3,standard,,,7.0,2026-09-12,"{""inboundCost"": 0, ""inboundDays"": 0, ""inbound_tat"": 0, ""inbound_cost"": 0, ""outboundCost"": 8550, ""outboundDays"": 7, ""outbound_tat"": 7, ""qcBufferDays"": 0, ""qc_packaging"": 0, ""outbound_cost"": 8550}",paid,processing,VENDOR_PREPARING,0,0,,"{""cgstAmount"": 0, ""igstAmount"": 78471, ""sgstAmount"": 0, ""isInterState"": true, ""pgFeeGstAmount"": 0, ""totalGstAmount"": 78471, ""productGstAmount"": 76932, ""shippingGstAmount"": 1539}",,,,,,0,,ORD-20260905-00013,,,B2C,,427400,,0,,0,,514421,,8550,,8550.0,,,,,,,,0,,78471,,76932,,1539,,0,,78471,,0,,0,,0.0,,,ORD-20260905-00013
286,pending,0.0,Vendor did not accept within 72 hours.,2026-09-07 06:18:09.767072,2026-09-15 06:52:52.953807,0,6,13,13,3,standard,,,7.0,2026-09-14,"{""inboundCost"": 0, ""inboundDays"": 0, ""inbound_tat"": 0, ""inbound_cost"": 0, ""outboundCost"": 8550, ""outboundDays"": 7, ""outbound_tat"": 7, ""qcBufferDays"": 0, ""qc_packaging"": 0, ""outbound_cost"": 8550}",paid,cancelled,CANCELLED,0,0,,"{""cgstAmount"": 0, ""igstAmount"": 78471, ""sgstAmount"": 0, ""isInterState"": true, ""pgFeeGstAmount"": 0, ""totalGstAmount"": 78471, ""productGstAmount"": 76932, ""shippingGstAmount"": 1539}",,,,,,1,"{""scenario"": ""BEFORE_SHIP_TO_CUSTOMER"", ""taxRefunded"": 78471, ""isInterState"": true, ""pgGstWithheld"": 0, ""totalWithheld"": 0, ""shippingRefunded"": 8550, ""totalTaxRefunded"": 78471, ""calculationSource"": ""PRE_DISPATCH_ORDER"", ""pgChargesRefunded"": 0, ""pgChargesWithheld"": 0, ""productGstRefunded"": 76932, ""productBaseRefunded"": 427400, ""shippingGstRefunded"": 1539, ""shippingBaseRefunded"": 8550}",ORD-20260907-00001,,,B2C,,427400,,0,,0,,514421,,8550,,8550.0,,,,,,,,0,,78471,,76932,,1539,,0,,78471,,0,,0,,0.0,,514421.0,ORD-20260907-00001
287,pending,,Payment failed or cancelled at gateway — checkout voided,2026-09-07 10:21:11.357881,2026-09-15 06:52:52.953807,0,6,4,4,3,standard,,,7.0,2026-09-14,"{""inboundCost"": 0, ""inboundDays"": 0, ""inbound_tat"": 0, ""inbound_cost"": 0, ""outboundCost"": 8550, ""outboundDays"": 7, ""outbound_tat"": 7, ""qcBufferDays"": 0, ""qc_packaging"": 0, ""outbound_cost"": 8550}",failed,cancelled,CANCELLED,0,0,,"{""cgstAmount"": 0, ""igstAmount"": 78471, ""sgstAmount"": 0, ""isInterState"": true, ""pgFeeGstAmount"": 0, ""totalGstAmount"": 78471, ""productGstAmount"": 76932, ""shippingGstAmount"": 1539}",,,,,,0,,ORD-20260907-00002,,,B2C,,427400,,0,,0,,514421,,8550,,8550.0,,,,,,,,0,,78471,,76932,,1539,,0,,78471,,0,,0,,0.0,,,ORD-20260907-00002
288,fulfilled,,,2026-09-07 10:21:23.464926,2026-09-15 06:52:52.953807,1,6,4,4,3,standard,BANK_TRANSFER,2026-09-07 16:17:44,7.0,2026-09-14,"{""inboundCost"": 0, ""inboundDays"": 0, ""inbound_tat"": 0, ""inbound_cost"": 0, ""outboundCost"": 8550, ""outboundDays"": 7, ""outbound_tat"": 7, ""qcBufferDays"": 0, ""qc_packaging"": 0, ""outbound_cost"": 8550}",refunded,returned,HUB_RECEIVED,0,0,,"{""cgstAmount"": 0, ""igstAmount"": 78471, ""sgstAmount"": 0, ""isInterState"": true, ""pgFeeGstAmount"": 0, ""totalGstAmount"": 78471, ""productGstAmount"": 76932, ""shippingGstAmount"": 1539}",,,,,,0,"{""scenario"": ""RETURNED_BY_CUSTOMER"", ""taxRefunded"": 76932, ""isInterState"": true, ""refundAmount"": 504332, ""totalWithheld"": 10089, ""shippingRefunded"": 0, ""shippingWithheld"": 10089, ""calculationSource"": ""CREDIT_NOTE"", ""pgChargesRefunded"": 0, ""pgChargesWithheld"": 0, ""productBaseRefunded"": 427400, ""grossCreditNoteAmount"": 504332, ""creditNoteRefundAmount"": 504332, ""returnShippingDeducted"": 0, ""returnShippingGstDeducted"": 0, ""returnShippingBaseDeducted"": 0, ""returnShippingChargeLocked"": 8550, ""returnShippingChargeSource"": ""fallback"", ""returnShippingDeductionApplied"": false}",ORD-20260907-00003,fallback,2026-09-07 10:30:31,B2C,,427400,,0,,0,,514421,,8550,,8550.0,,7246.0,,1304.0,,8550.0,,0,,78471,,76932,,1539,,0,,78471,,0,,0,,0.0,,504332.0,ORD-20260907-00003
289,pending,1.0,Don't want this product.,2026-09-07 12:13:58.375878,2026-09-15 06:52:52.953807,1,6,4,4,3,standard,BANK_TRANSFER,2026-09-07 17:48:32,7.0,2026-09-14,"{""inboundCost"": 0, ""inboundDays"": 0, ""inbound_tat"": 0, ""inbound_cost"": 0, ""outboundCost"": 8550, ""outboundDays"": 7, ""outbound_tat"": 7, ""qcBufferDays"": 0, ""qc_packaging"": 0, ""outbound_cost"": 8550}",refunded,cancelled,CANCELLED,0,0,,"{""cgstAmount"": 0, ""igstAmount"": 78471, ""sgstAmount"": 0, ""isInterState"": true, ""pgFeeGstAmount"": 0, ""totalGstAmount"": 78471, ""productGstAmount"": 76932, ""shippingGstAmount"": 1539}",,,,,,0,"{""scenario"": ""BEFORE_SHIP_TO_CUSTOMER"", ""taxRefunded"": 78471, ""isInterState"": true, ""pgGstWithheld"": 0, ""totalWithheld"": 0, ""shippingRefunded"": 8550, ""totalTaxRefunded"": 78471, ""calculationSource"": ""PRE_DISPATCH_ORDER"", ""pgChargesRefunded"": 0, ""pgChargesWithheld"": 0, ""productGstRefunded"": 76932, ""productBaseRefunded"": 427400, ""shippingGstRefunded"": 1539, ""shippingBaseRefunded"": 8550}",ORD-20260907-00004,,,B2C,,427400,,0,,0,,514421,,8550,,8550.0,,,,,,,,0,,78471,,76932,,1539,,0,,78471,,0,,0,,0.0,,514421.0,ORD-20260907-00004
290,pending,1.0,Don't want.,2026-09-07 12:20:52.178066,2026-09-15 06:52:52.953807,1,6,4,4,3,standard,BANK_TRANSFER,2026-09-07 17:51:53,7.0,2026-09-14,"{""inboundCost"": 0, ""inboundDays"": 0, ""inbound_tat"": 0, ""inbound_cost"": 0, ""outboundCost"": 8550, ""outboundDays"": 7, ""outbound_tat"": 7, ""qcBufferDays"": 0, ""qc_packaging"": 0, ""outbound_cost"": 8550}",refunded,cancelled,CANCELLED,0,0,,"{""cgstAmount"": 0, ""igstAmount"": 32589, ""sgstAmount"": 0, ""isInterState"": true, ""pgFeeGstAmount"": 0, ""totalGstAmount"": 32589, ""productGstAmount"": 31050, ""shippingGstAmount"": 1539}",,,,,,0,"{""scenario"": ""BEFORE_SHIP_TO_CUSTOMER"", ""taxRefunded"": 32589, ""isInterState"": true, ""pgGstWithheld"": 0, ""totalWithheld"": 0, ""shippingRefunded"": 8550, ""totalTaxRefunded"": 32589, ""calculationSource"": ""PRE_DISPATCH_ORDER"", ""pgChargesRefunded"": 0, ""pgChargesWithheld"": 0, ""productGstRefunded"": 31050, ""productBaseRefunded"": 172500, ""shippingGstRefunded"": 1539, ""shippingBaseRefunded"": 8550}",ORD-20260907-00005,,,B2C,,172500,,0,,0,,213639,,8550,,8550.0,,,,,,,,0,,32589,,31050,,1539,,0,,32589,,0,,0,,0.0,,213639.0,ORD-20260907-00005
291,pending,,,2026-09-07 13:36:21.972807,2026-09-15 06:52:52.953807,0,4,5,5,3,standard,,,7.0,2026-09-14,"{""inboundCost"": 0, ""inboundDays"": 0, ""inbound_tat"": 0, ""inbound_cost"": 0, ""outboundCost"": 8550, ""outboundDays"": 7, ""outbound_tat"": 7, ""qcBufferDays"": 0, ""qc_packaging"": 0, ""outbound_cost"": 8550}",pending,awaiting_payment,,0,0,,"{""cgstAmount"": 7502, ""igstAmount"": 0, ""sgstAmount"": 7502, ""isInterState"": false, ""pgFeeGstAmount"": 0, ""totalGstAmount"": 15004, ""productGstAmount"": 13464, ""shippingGstAmount"": 1540}",,,,,,0,,ORD-20260907-00006,,,B2B,,74800,,0,,0,,98354,,8550,,8550.0,,,,,,,,0,,15004,,13464,,1540,,0,,15004,,0,,0,,0.0,,,ORD-20260907-00006
292,pending,0.0,Vendor did not accept within 72 hours.,2026-09-07 13:36:38.675469,2026-09-15 06:52:52.953807,0,4,5,5,3,standard,,,7.0,2026-09-14,"{""inboundCost"": 0, ""inboundDays"": 0, ""inbound_tat"": 0, ""inbound_cost"": 0, ""outboundCost"": 8550, ""outboundDays"": 7, ""outbound_tat"": 7, ""qcBufferDays"": 0, ""qc_packaging"": 0, ""outbound_cost"": 8550}",paid,cancelled,CANCELLED,0,0,,"{""cgstAmount"": 7502, ""igstAmount"": 0, ""sgstAmount"": 7502, ""isInterState"": false, ""pgFeeGstAmount"": 0, ""totalGstAmount"": 15004, ""productGstAmount"": 13464, ""shippingGstAmount"": 1540}",,,,,,1,"{""scenario"": ""BEFORE_SHIP_TO_CUSTOMER"", ""taxRefunded"": 15004, ""isInterState"": false, ""pgGstWithheld"": 0, ""totalWithheld"": 0, ""shippingRefunded"": 8550, ""totalTaxRefunded"": 15004, ""calculationSource"": ""PRE_DISPATCH_ORDER"", ""pgChargesRefunded"": 0, ""pgChargesWithheld"": 0, ""productGstRefunded"": 13464, ""productBaseRefunded"": 74800, ""shippingGstRefunded"": 1540, ""shippingBaseRefunded"": 8550}",ORD-20260907-00007,,,B2B,,74800,,0,,0,,98354,,8550,,8550.0,,,,,,,,0,,15004,,13464,,1540,,0,,15004,,0,,0,,0.0,,98354.0,ORD-20260907-00007
293,pending,0.0,Vendor did not accept within 72 hours.,2026-09-08 09:04:34.504052,2026-09-15 06:52:52.953807,0,6,4,4,3,standard,,,7.0,2026-09-15,"{""inboundCost"": 0, ""inboundDays"": 0, ""inbound_tat"": 0, ""inbound_cost"": 0, ""outboundCost"": 8550, ""outboundDays"": 7, ""outbound_tat"": 7, ""qcBufferDays"": 0, ""qc_packaging"": 0, ""outbound_cost"": 8550}",paid,cancelled,CANCELLED,0,0,,"{""cgstAmount"": 0, ""igstAmount"": 78471, ""sgstAmount"": 0, ""isInterState"": true, ""pgFeeGstAmount"": 0, ""totalGstAmount"": 78471, ""productGstAmount"": 76932, ""shippingGstAmount"": 1539}",,,,,,1,"{""scenario"": ""BEFORE_SHIP_TO_CUSTOMER"", ""taxRefunded"": 78471, ""isInterState"": true, ""pgGstWithheld"": 0, ""totalWithheld"": 0, ""shippingRefunded"": 8550, ""totalTaxRefunded"": 78471, ""calculationSource"": ""PRE_DISPATCH_ORDER"", ""pgChargesRefunded"": 0, ""pgChargesWithheld"": 0, ""productGstRefunded"": 76932, ""productBaseRefunded"": 427400, ""shippingGstRefunded"": 1539, ""shippingBaseRefunded"": 8550}",ORD-20260908-00001,,,B2C,,427400,,0,,0,,514421,,8550,,8550.0,,,,,,,,0,,78471,,76932,,1539,,0,,78471,,0,,0,,0.0,,514421.0,ORD-20260908-00001
294,pending,0.0,Vendor did not accept within 72 hours.,2026-09-08 09:27:09.058504,2026-09-15 06:52:52.953807,0,6,4,4,3,standard,,,7.0,2026-09-15,"{""inboundCost"": 0, ""inboundDays"": 0, ""inbound_tat"": 0, ""inbound_cost"": 0, ""outboundCost"": 8550, ""outboundDays"": 7, ""outbound_tat"": 7, ""qcBufferDays"": 0, ""qc_packaging"": 0, ""outbound_cost"": 8550}",paid,cancelled,CANCELLED,0,0,,"{""cgstAmount"": 0, ""igstAmount"": 20871, ""sgstAmount"": 0, ""isInterState"": true, ""pgFeeGstAmount"": 0, ""totalGstAmount"": 20871, ""productGstAmount"": 19332, ""shippingGstAmount"": 1539}",,,,,,1,"{""scenario"": ""BEFORE_SHIP_TO_CUSTOMER"", ""taxRefunded"": 20871, ""isInterState"": true, ""pgGstWithheld"": 0, ""totalWithheld"": 0, ""shippingRefunded"": 8550, ""totalTaxRefunded"": 20871, ""calculationSource"": ""PRE_DISPATCH_ORDER"", ""pgChargesRefunded"": 0, ""pgChargesWithheld"": 0, ""productGstRefunded"": 19332, ""productBaseRefunded"": 107400, ""shippingGstRefunded"": 1539, ""shippingBaseRefunded"": 8550}",ORD-20260908-00002,,,B2C,,107400,,0,,0,,136821,,8550,,8550.0,,,,,,,,0,,20871,,19332,,1539,,0,,20871,,0,,0,,0.0,,136821.0,ORD-20260908-00002
295,pending,0.0,Vendor did not accept within 72 hours.,2026-09-08 09:28:17.912397,2026-09-15 06:52:52.953807,0,6,4,4,3,standard,,,7.0,2026-09-15,"{""inboundCost"": 0, ""inboundDays"": 0, ""inbound_tat"": 0, ""inbound_cost"": 0, ""outboundCost"": 8550, ""outboundDays"": 7, ""outbound_tat"": 7, ""qcBufferDays"": 0, ""qc_packaging"": 0, ""outbound_cost"": 8550}",paid,cancelled,CANCELLED,0,0,,"{""cgstAmount"": 0, ""igstAmount"": 20871, ""sgstAmount"": 0, ""isInterState"": true, ""pgFeeGstAmount"": 0, ""totalGstAmount"": 20871, ""productGstAmount"": 19332, ""shippingGstAmount"": 1539}",,,,,,1,"{""scenario"": ""BEFORE_SHIP_TO_CUSTOMER"", ""taxRefunded"": 20871, ""isInterState"": true, ""pgGstWithheld"": 0, ""totalWithheld"": 0, ""shippingRefunded"": 8550, ""totalTaxRefunded"": 20871, ""calculationSource"": ""PRE_DISPATCH_ORDER"", ""pgChargesRefunded"": 0, ""pgChargesWithheld"": 0, ""productGstRefunded"": 19332, ""productBaseRefunded"": 107400, ""shippingGstRefunded"": 1539, ""shippingBaseRefunded"": 8550}",ORD-20260908-00003,,,B2C,,107400,,0,,0,,136821,,8550,,8550.0,,,,,,,,0,,20871,,19332,,1539,,0,,20871,,0,,0,,0.0,,136821.0,ORD-20260908-00003
296,pending,0.0,Vendor did not accept within 72 hours.,2026-09-08 09:29:00.842194,2026-09-15 06:52:52.953807,0,6,4,4,3,standard,,,7.0,2026-09-15,"{""inboundCost"": 0, ""inboundDays"": 0, ""inbound_tat"": 0, ""inbound_cost"": 0, ""outboundCost"": 8550, ""outboundDays"": 7, ""outbound_tat"": 7, ""qcBufferDays"": 0, ""qc_packaging"": 0, ""outbound_cost"": 8550}",paid,cancelled,CANCELLED,0,0,,"{""cgstAmount"": 0, ""igstAmount"": 78471, ""sgstAmount"": 0, ""isInterState"": true, ""pgFeeGstAmount"": 0, ""totalGstAmount"": 78471, ""productGstAmount"": 76932, ""shippingGstAmount"": 1539}",,,,,,1,"{""scenario"": ""BEFORE_SHIP_TO_CUSTOMER"", ""taxRefunded"": 78471, ""isInterState"": true, ""pgGstWithheld"": 0, ""totalWithheld"": 0, ""shippingRefunded"": 8550, ""totalTaxRefunded"": 78471, ""calculationSource"": ""PRE_DISPATCH_ORDER"", ""pgChargesRefunded"": 0, ""pgChargesWithheld"": 0, ""productGstRefunded"": 76932, ""productBaseRefunded"": 427400, ""shippingGstRefunded"": 1539, ""shippingBaseRefunded"": 8550}",ORD-20260908-00004,,,B2C,,427400,,0,,0,,514421,,8550,,8550.0,,,,,,,,0,,78471,,76932,,1539,,0,,78471,,0,,0,,0.0,,514421.0,ORD-20260908-00004
297,pending,0.0,Vendor did not accept within 72 hours.,2026-09-08 09:30:47.914397,2026-09-15 06:52:52.953807,0,6,4,4,3,standard,,,7.0,2026-09-15,"{""inboundCost"": 0, ""inboundDays"": 0, ""inbound_tat"": 0, ""inbound_cost"": 0, ""outboundCost"": 8550, ""outboundDays"": 7, ""outbound_tat"": 7, ""qcBufferDays"": 0, ""qc_packaging"": 0, ""outbound_cost"": 8550}",paid,cancelled,CANCELLED,0,0,,"{""cgstAmount"": 0, ""igstAmount"": 29709, ""sgstAmount"": 0, ""isInterState"": true, ""pgFeeGstAmount"": 0, ""totalGstAmount"": 29709, ""productGstAmount"": 28170, ""shippingGstAmount"": 1539}",,,,,,1,"{""scenario"": ""BEFORE_SHIP_TO_CUSTOMER"", ""taxRefunded"": 29709, ""isInterState"": true, ""pgGstWithheld"": 0, ""totalWithheld"": 0, ""shippingRefunded"": 8550, ""totalTaxRefunded"": 29709, ""calculationSource"": ""PRE_DISPATCH_ORDER"", ""pgChargesRefunded"": 0, ""pgChargesWithheld"": 0, ""productGstRefunded"": 28170, ""productBaseRefunded"": 156500, ""shippingGstRefunded"": 1539, ""shippingBaseRefunded"": 8550}",ORD-20260908-00005,,,B2C,,156500,,0,,0,,194759,,8550,,8550.0,,,,,,,,0,,29709,,28170,,1539,,0,,29709,,0,,0,,0.0,,194759.0,ORD-20260908-00005
298,pending,0.0,Vendor did not accept within 72 hours.,2026-09-08 09:31:08.076686,2026-09-15 06:52:52.953807,0,6,4,4,3,standard,,,7.0,2026-09-15,"{""inboundCost"": 0, ""inboundDays"": 0, ""inbound_tat"": 0, ""inbound_cost"": 0, ""outboundCost"": 8550, ""outboundDays"": 7, ""outbound_tat"": 7, ""qcBufferDays"": 0, ""qc_packaging"": 0, ""outbound_cost"": 8550}",paid,cancelled,CANCELLED,0,0,,"{""cgstAmount"": 0, ""igstAmount"": 29709, ""sgstAmount"": 0, ""isInterState"": true, ""pgFeeGstAmount"": 0, ""totalGstAmount"": 29709, ""productGstAmount"": 28170, ""shippingGstAmount"": 1539}",,,,,,1,"{""scenario"": ""BEFORE_SHIP_TO_CUSTOMER"", ""taxRefunded"": 29709, ""isInterState"": true, ""pgGstWithheld"": 0, ""totalWithheld"": 0, ""shippingRefunded"": 8550, ""totalTaxRefunded"": 29709, ""calculationSource"": ""PRE_DISPATCH_ORDER"", ""pgChargesRefunded"": 0, ""pgChargesWithheld"": 0, ""productGstRefunded"": 28170, ""productBaseRefunded"": 156500, ""shippingGstRefunded"": 1539, ""shippingBaseRefunded"": 8550}",ORD-20260908-00006,,,B2C,,156500,,0,,0,,194759,,8550,,8550.0,,,,,,,,0,,29709,,28170,,1539,,0,,29709,,0,,0,,0.0,,194759.0,ORD-20260908-00006
299,fulfilled,,,2026-09-08 09:32:43.919931,2026-09-15 06:52:52.953807,0,6,4,4,3,standard,,,7.0,2026-09-15,"{""inboundCost"": 0, ""inboundDays"": 0, ""inbound_tat"": 0, ""inbound_cost"": 0, ""outboundCost"": 8550, ""outboundDays"": 7, ""outbound_tat"": 7, ""qcBufferDays"": 0, ""qc_packaging"": 0, ""outbound_cost"": 8550}",paid,delivered,DELIVERED,0,0,,"{""cgstAmount"": 0, ""igstAmount"": 32589, ""sgstAmount"": 0, ""isInterState"": true, ""pgFeeGstAmount"": 0, ""totalGstAmount"": 32589, ""productGstAmount"": 31050, ""shippingGstAmount"": 1539}",,,,,,0,,ORD-20260908-00007,,,B2C,,172500,,0,,0,,213639,,8550,,8550.0,,,,,,,,0,,32589,,31050,,1539,,0,,32589,,0,,0,,0.0,,,ORD-20260908-00007
300,pending,,,2026-09-08 10:46:31.585934,2026-09-15 06:52:52.953807,0,9,7,7,6,standard,,,7.0,2026-09-15,"{""inboundCost"": 0, ""inboundDays"": 0, ""inbound_tat"": 0, ""inbound_cost"": 0, ""outboundCost"": 8550, ""outboundDays"": 7, ""outbound_tat"": 7, ""qcBufferDays"": 0, ""qc_packaging"": 0, ""outbound_cost"": 8550}",pending,awaiting_payment,,0,0,,"{""cgstAmount"": 180770, ""igstAmount"": 0, ""sgstAmount"": 180770, ""isInterState"": false, ""pgFeeGstAmount"": 0, ""totalGstAmount"": 361540, ""productGstAmount"": 360000, ""shippingGstAmount"": 1540}",,,,,,0,,ORD-20260908-00008,,,B2C,,2000000,,0,,0,,2370090,,8550,,8550.0,,,,,,,,0,,361540,,360000,,1540,,0,,361540,,0,,0,,0.0,,,ORD-20260908-00008
301,pending,0.0,Vendor did not accept within 72 hours.,2026-09-08 10:46:45.409739,2026-09-15 06:52:52.953807,0,9,7,7,6,standard,,,7.0,2026-09-15,"{""inboundCost"": 0, ""inboundDays"": 0, ""inbound_tat"": 0, ""inbound_cost"": 0, ""outboundCost"": 8550, ""outboundDays"": 7, ""outbound_tat"": 7, ""qcBufferDays"": 0, ""qc_packaging"": 0, ""outbound_cost"": 8550}",paid,cancelled,CANCELLED,0,0,,"{""cgstAmount"": 180770, ""igstAmount"": 0, ""sgstAmount"": 180770, ""isInterState"": false, ""pgFeeGstAmount"": 0, ""totalGstAmount"": 361540, ""productGstAmount"": 360000, ""shippingGstAmount"": 1540}",,,,,,1,"{""scenario"": ""BEFORE_SHIP_TO_CUSTOMER"", ""taxRefunded"": 361540, ""isInterState"": false, ""pgGstWithheld"": 0, ""totalWithheld"": 0, ""shippingRefunded"": 8550, ""totalTaxRefunded"": 361540, ""calculationSource"": ""PRE_DISPATCH_ORDER"", ""pgChargesRefunded"": 0, ""pgChargesWithheld"": 0, ""productGstRefunded"": 360000, ""productBaseRefunded"": 2000000, ""shippingGstRefunded"": 1540, ""shippingBaseRefunded"": 8550}",ORD-20260908-00009,,,B2C,,2000000,,0,,0,,2370090,,8550,,8550.0,,,,,,,,0,,361540,,360000,,1540,,0,,361540,,0,,0,,0.0,,2370090.0,ORD-20260908-00009
302,pending,0.0,Vendor did not accept within 72 hours.,2026-09-08 11:12:48.099452,2026-09-15 06:52:52.953807,0,9,7,7,3,standard,,,7.0,2026-09-15,"{""inboundCost"": 0, ""inboundDays"": 0, ""inbound_tat"": 0, ""inbound_cost"": 0, ""outboundCost"": 8550, ""outboundDays"": 7, ""outbound_tat"": 7, ""qcBufferDays"": 0, ""qc_packaging"": 0, ""outbound_cost"": 8550}",paid,cancelled,CANCELLED,0,0,,"{""cgstAmount"": 39236, ""igstAmount"": 0, ""sgstAmount"": 39236, ""isInterState"": false, ""pgFeeGstAmount"": 0, ""totalGstAmount"": 78472, ""productGstAmount"": 76932, ""shippingGstAmount"": 1540}",,,,,,1,"{""scenario"": ""BEFORE_SHIP_TO_CUSTOMER"", ""taxRefunded"": 78472, ""isInterState"": false, ""pgGstWithheld"": 0, ""totalWithheld"": 0, ""shippingRefunded"": 8550, ""totalTaxRefunded"": 78472, ""calculationSource"": ""PRE_DISPATCH_ORDER"", ""pgChargesRefunded"": 0, ""pgChargesWithheld"": 0, ""productGstRefunded"": 76932, ""productBaseRefunded"": 427400, ""shippingGstRefunded"": 1540, ""shippingBaseRefunded"": 8550}",ORD-20260908-00010,,,B2C,,427400,,0,,0,,514422,,8550,,8550.0,,,,,,,,0,,78472,,76932,,1540,,0,,78472,,0,,0,,0.0,,514422.0,ORD-20260908-00010
303,pending,0.0,Vendor did not accept within 72 hours.,2026-09-08 12:17:37.911438,2026-09-15 06:52:52.953807,0,4,5,5,1,standard,,,7.0,2026-09-15,"{""inboundCost"": 0, ""inboundDays"": 0, ""inbound_tat"": 0, ""inbound_cost"": 0, ""outboundCost"": 8550, ""outboundDays"": 7, ""outbound_tat"": 7, ""qcBufferDays"": 0, ""qc_packaging"": 0, ""outbound_cost"": 8550}",paid,cancelled,CANCELLED,0,0,,"{""cgstAmount"": 5606, ""igstAmount"": 0, ""sgstAmount"": 5606, ""isInterState"": false, ""pgFeeGstAmount"": 0, ""totalGstAmount"": 11212, ""productGstAmount"": 9672, ""shippingGstAmount"": 1540}",,,,,,1,"{""scenario"": ""BEFORE_SHIP_TO_CUSTOMER"", ""taxRefunded"": 11212, ""isInterState"": false, ""pgGstWithheld"": 0, ""totalWithheld"": 0, ""shippingRefunded"": 8550, ""totalTaxRefunded"": 11212, ""calculationSource"": ""PRE_DISPATCH_ORDER"", ""pgChargesRefunded"": 0, ""pgChargesWithheld"": 0, ""productGstRefunded"": 9672, ""productBaseRefunded"": 80600, ""shippingGstRefunded"": 1540, ""shippingBaseRefunded"": 8550}",ORD-20260908-00011,,,B2B,,80600,,0,,0,,100362,,8550,,8550.0,,,,,,,,0,,11212,,9672,,1540,,0,,11212,,0,,0,,0.0,,100362.0,ORD-20260908-00011
304,pending,0.0,Vendor did not accept within 72 hours.,2026-09-08 12:29:05.230763,2026-09-15 06:52:52.953807,0,4,5,5,1,standard,,,7.0,2026-09-15,"{""inboundCost"": 0, ""inboundDays"": 0, ""inbound_tat"": 0, ""inbound_cost"": 0, ""outboundCost"": 8550, ""outboundDays"": 7, ""outbound_tat"": 7, ""qcBufferDays"": 0, ""qc_packaging"": 0, ""outbound_cost"": 8550}",paid,cancelled,CANCELLED,0,0,,"{""cgstAmount"": 64166, ""igstAmount"": 0, ""sgstAmount"": 64166, ""isInterState"": false, ""pgFeeGstAmount"": 0, ""totalGstAmount"": 128332, ""productGstAmount"": 126792, ""shippingGstAmount"": 1540}",,,,,,1,"{""scenario"": ""BEFORE_SHIP_TO_CUSTOMER"", ""taxRefunded"": 128332, ""isInterState"": false, ""pgGstWithheld"": 0, ""totalWithheld"": 0, ""shippingRefunded"": 8550, ""totalTaxRefunded"": 128332, ""calculationSource"": ""PRE_DISPATCH_ORDER"", ""pgChargesRefunded"": 0, ""pgChargesWithheld"": 0, ""productGstRefunded"": 126792, ""productBaseRefunded"": 1056600, ""shippingGstRefunded"": 1540, ""shippingBaseRefunded"": 8550}",ORD-20260908-00012,,,B2B,,1056600,,0,,0,,1193482,,8550,,8550.0,,,,,,,,0,,128332,,126792,,1540,,0,,128332,,0,,0,,0.0,,1193482.0,ORD-20260908-00012
305,pending,0.0,Vendor did not accept within 72 hours.,2026-09-08 12:50:07.695012,2026-09-15 06:52:52.953807,0,4,5,5,1,standard,,,7.0,2026-09-15,"{""inboundCost"": 0, ""inboundDays"": 0, ""inbound_tat"": 0, ""inbound_cost"": 0, ""outboundCost"": 8550, ""outboundDays"": 7, ""outbound_tat"": 7, ""qcBufferDays"": 0, ""qc_packaging"": 0, ""outbound_cost"": 8550}",paid,cancelled,CANCELLED,0,0,,"{""cgstAmount"": 18080, ""igstAmount"": 0, ""sgstAmount"": 18080, ""isInterState"": false, ""pgFeeGstAmount"": 0, ""totalGstAmount"": 36160, ""productGstAmount"": 34620, ""shippingGstAmount"": 1540}",,,,,,1,"{""scenario"": ""BEFORE_SHIP_TO_CUSTOMER"", ""taxRefunded"": 36160, ""isInterState"": false, ""pgGstWithheld"": 0, ""totalWithheld"": 0, ""shippingRefunded"": 8550, ""totalTaxRefunded"": 36160, ""calculationSource"": ""PRE_DISPATCH_ORDER"", ""pgChargesRefunded"": 0, ""pgChargesWithheld"": 0, ""productGstRefunded"": 34620, ""productBaseRefunded"": 288500, ""shippingGstRefunded"": 1540, ""shippingBaseRefunded"": 8550}",ORD-20260908-00013,,,B2B,,288500,,0,,0,,333210,,8550,,8550.0,,,,,,,,0,,36160,,34620,,1540,,0,,36160,,0,,0,,0.0,,333210.0,ORD-20260908-00013
306,fulfilled,,,2026-09-08 17:28:02.617499,2026-09-15 06:52:52.953807,0,6,4,4,3,standard,,,7.0,2026-09-15,"{""inboundCost"": 0, ""inboundDays"": 0, ""inbound_tat"": 0, ""inbound_cost"": 0, ""outboundCost"": 8550, ""outboundDays"": 7, ""outbound_tat"": 7, ""qcBufferDays"": 0, ""qc_packaging"": 0, ""outbound_cost"": 8550}",paid,delivered,DELIVERED,0,0,,"{""cgstAmount"": 0, ""igstAmount"": 78471, ""sgstAmount"": 0, ""isInterState"": true, ""pgFeeGstAmount"": 0, ""totalGstAmount"": 78471, ""productGstAmount"": 76932, ""shippingGstAmount"": 1539}",,,,,,0,,ORD-20260908-00014,fallback,2026-09-09 04:40:04,B2C,,427400,,0,,0,,514421,,8550,,8550.0,,7246.0,,1304.0,,8550.0,,0,,78471,,76932,,1539,,0,,78471,,0,,0,,0.0,,,ORD-20260908-00014
307,pending,,,2026-09-08 17:50:05.122194,2026-09-15 06:52:52.953807,0,6,4,4,3,standard,,,7.0,2026-09-15,"{""inboundCost"": 0, ""inboundDays"": 0, ""inbound_tat"": 0, ""inbound_cost"": 0, ""outboundCost"": 8550, ""outboundDays"": 7, ""outbound_tat"": 7, ""qcBufferDays"": 0, ""qc_packaging"": 0, ""outbound_cost"": 8550}",pending,awaiting_payment,,0,0,,"{""cgstAmount"": 0, ""igstAmount"": 78471, ""sgstAmount"": 0, ""isInterState"": true, ""pgFeeGstAmount"": 0, ""totalGstAmount"": 78471, ""productGstAmount"": 76932, ""shippingGstAmount"": 1539}",,,,,,0,,ORD-20260908-00015,,,B2C,,427400,,0,,0,,514421,,8550,,8550.0,,,,,,,,0,,78471,,76932,,1539,,0,,78471,,0,,0,,0.0,,,ORD-20260908-00015
308,fulfilled,,,2026-09-08 17:50:14.306833,2026-09-15 06:52:52.953807,0,6,4,4,3,standard,,,7.0,2026-09-15,"{""inboundCost"": 0, ""inboundDays"": 0, ""inbound_tat"": 0, ""inbound_cost"": 0, ""outboundCost"": 8550, ""outboundDays"": 7, ""outbound_tat"": 7, ""qcBufferDays"": 0, ""qc_packaging"": 0, ""outbound_cost"": 8550}",paid,delivered,DELIVERED,0,0,,"{""cgstAmount"": 0, ""igstAmount"": 78471, ""sgstAmount"": 0, ""isInterState"": true, ""pgFeeGstAmount"": 0, ""totalGstAmount"": 78471, ""productGstAmount"": 76932, ""shippingGstAmount"": 1539}",,,,,,0,,ORD-20260908-00016,fallback,2026-09-09 04:39:49,B2C,,427400,,0,,0,,514421,,8550,,8550.0,,7246.0,,1304.0,,8550.0,,0,,78471,,76932,,1539,,0,,78471,,0,,0,,0.0,,,ORD-20260908-00016
309,fulfilled,,,2026-09-09 05:14:19.404860,2026-09-15 06:52:52.953807,0,6,4,4,3,standard,,,7.0,2026-09-16,"{""inboundCost"": 0, ""inboundDays"": 0, ""inbound_tat"": 0, ""inbound_cost"": 0, ""outboundCost"": 8550, ""outboundDays"": 7, ""outbound_tat"": 7, ""qcBufferDays"": 0, ""qc_packaging"": 0, ""outbound_cost"": 8550}",paid,processing,VENDOR_PREPARING,0,0,,"{""cgstAmount"": 0, ""igstAmount"": 78471, ""sgstAmount"": 0, ""isInterState"": true, ""pgFeeGstAmount"": 0, ""totalGstAmount"": 78471, ""productGstAmount"": 76932, ""shippingGstAmount"": 1539}",,,,,,0,,ORD-20260909-00001,,,B2C,,427400,,0,,0,,514421,,8550,,8550.0,,,,,,,,0,,78471,,76932,,1539,,0,,78471,,0,,0,,0.0,,,ORD-20260909-00001
310,fulfilled,,,2026-09-09 06:20:18.902988,2026-09-15 06:52:52.953807,0,6,4,4,3,standard,,,7.0,2026-09-16,"{""inboundCost"": 0, ""inboundDays"": 0, ""inbound_tat"": 0, ""inbound_cost"": 0, ""outboundCost"": 8550, ""outboundDays"": 7, ""outbound_tat"": 7, ""qcBufferDays"": 0, ""qc_packaging"": 0, ""outbound_cost"": 8550}",paid,delivered,DELIVERED,0,0,,"{""cgstAmount"": 0, ""igstAmount"": 78471, ""sgstAmount"": 0, ""isInterState"": true, ""pgFeeGstAmount"": 0, ""totalGstAmount"": 78471, ""productGstAmount"": 76932, ""shippingGstAmount"": 1539}",,,,,,0,,ORD-20260909-00002,fallback,2026-09-09 06:25:46,B2C,,427400,,0,,0,,514421,,8550,,8550.0,,7246.0,,1304.0,,8550.0,,0,,78471,,76932,,1539,,0,,78471,,0,,0,,0.0,,,ORD-20260909-00002
311,pending,0.0,Vendor did not accept within 72 hours.,2026-09-09 06:33:26.675566,2026-09-15 06:52:52.953807,0,6,4,4,3,standard,,,,,,paid,cancelled,CANCELLED,0,0,,,,,,,,1,"{""scenario"": ""BEFORE_SHIP_TO_CUSTOMER"", ""taxRefunded"": 0, ""isInterState"": false, ""pgGstWithheld"": 0, ""totalWithheld"": 0, ""shippingRefunded"": 0, ""totalTaxRefunded"": 0, ""calculationSource"": ""PRE_DISPATCH_ORDER"", ""pgChargesRefunded"": 0, ""pgChargesWithheld"": 0, ""productGstRefunded"": 0, ""productBaseRefunded"": 427400, ""shippingGstRefunded"": 0, ""shippingBaseRefunded"": 0}",ORD-20260909-00003,,,B2C,,427400,,0,,0,,514421,,0,,,,,,,,,,0,,0,,0,,0,,0,,0,,0,,0,,,,427400.0,ORD-20260909-00003
312,pending,,,2026-09-09 06:56:54.728973,2026-09-15 06:52:52.953807,0,4,5,5,6,standard,,,7.0,2026-09-16,"{""inboundCost"": 0, ""inboundDays"": 0, ""inbound_tat"": 0, ""inbound_cost"": 0, ""outboundCost"": 8550, ""outboundDays"": 7, ""outbound_tat"": 7, ""qcBufferDays"": 0, ""qc_packaging"": 0, ""outbound_cost"": 8550}",pending,awaiting_payment,,0,0,,"{""cgstAmount"": 180770, ""igstAmount"": 0, ""sgstAmount"": 180770, ""isInterState"": false, ""pgFeeGstAmount"": 0, ""totalGstAmount"": 361540, ""productGstAmount"": 360000, ""shippingGstAmount"": 1540}",,,,,,0,,ORD-20260909-00004,,,B2B,,2000000,,0,,0,,2370090,,8550,,8550.0,,,,,,,,0,,361540,,360000,,1540,,0,,361540,,0,,0,,0.0,,,ORD-20260909-00004
313,fulfilled,,,2026-09-09 06:57:28.338691,2026-09-15 06:52:52.953807,0,4,5,5,6,standard,,,7.0,2026-09-16,"{""inboundCost"": 0, ""inboundDays"": 0, ""inbound_tat"": 0, ""inbound_cost"": 0, ""outboundCost"": 8550, ""outboundDays"": 7, ""outbound_tat"": 7, ""qcBufferDays"": 0, ""qc_packaging"": 0, ""outbound_cost"": 8550}",paid,processing,VENDOR_PREPARING,0,0,,"{""cgstAmount"": 180770, ""igstAmount"": 0, ""sgstAmount"": 180770, ""isInterState"": false, ""pgFeeGstAmount"": 0, ""totalGstAmount"": 361540, ""productGstAmount"": 360000, ""shippingGstAmount"": 1540}",,,,,,0,,ORD-20260909-00005,,,B2B,,2000000,,0,,0,,2370090,,8550,,8550.0,,,,,,,,0,,361540,,360000,,1540,,0,,361540,,0,,0,,0.0,,,ORD-20260909-00005
314,fulfilled,,,2026-09-09 07:29:28.085461,2026-09-15 06:52:52.953807,0,6,4,4,3,standard,,,7.0,2026-09-16,"{""inboundCost"": 0, ""inboundDays"": 0, ""inbound_tat"": 0, ""inbound_cost"": 0, ""outboundCost"": 8550, ""outboundDays"": 7, ""outbound_tat"": 7, ""qcBufferDays"": 0, ""qc_packaging"": 0, ""outbound_cost"": 8550}",paid,delivered,DELIVERED,0,0,,"{""cgstAmount"": 0, ""igstAmount"": 78471, ""sgstAmount"": 0, ""isInterState"": true, ""pgFeeGstAmount"": 0, ""totalGstAmount"": 78471, ""productGstAmount"": 76932, ""shippingGstAmount"": 1539}",,,,,,0,,ORD-20260909-00006,fallback,2026-09-09 07:34:41,B2C,,427400,,0,,0,,514421,,8550,,8550.0,,7246.0,,1304.0,,8550.0,,0,,78471,,76932,,1539,,0,,78471,,0,,0,,0.0,,,ORD-20260909-00006
315,fulfilled,,,2026-09-09 07:49:30.401896,2026-09-15 06:52:52.953807,0,6,4,4,3,standard,,,7.0,2026-09-16,"{""inboundCost"": 0, ""inboundDays"": 0, ""inbound_tat"": 0, ""inbound_cost"": 0, ""outboundCost"": 8550, ""outboundDays"": 7, ""outbound_tat"": 7, ""qcBufferDays"": 0, ""qc_packaging"": 0, ""outbound_cost"": 8550}",paid,delivered,DELIVERED,0,0,,"{""cgstAmount"": 0, ""igstAmount"": 32589, ""sgstAmount"": 0, ""isInterState"": true, ""pgFeeGstAmount"": 0, ""totalGstAmount"": 32589, ""productGstAmount"": 31050, ""shippingGstAmount"": 1539}",,,,,,0,,ORD-20260909-00007,fallback,2026-09-09 08:01:51,B2C,,172500,,0,,0,,213639,,8550,,8550.0,,7246.0,,1304.0,,8550.0,,0,,32589,,31050,,1539,,0,,32589,,0,,0,,0.0,,,ORD-20260909-00007
316,fulfilled,,,2026-09-09 08:59:37.771169,2026-09-15 06:52:52.953807,0,6,4,4,3,standard,,,7.0,2026-09-16,"{""inboundCost"": 0, ""inboundDays"": 0, ""inbound_tat"": 0, ""inbound_cost"": 0, ""outboundCost"": 8550, ""outboundDays"": 7, ""outbound_tat"": 7, ""qcBufferDays"": 0, ""qc_packaging"": 0, ""outbound_cost"": 8550}",paid,delivered,DELIVERED,0,0,,"{""cgstAmount"": 0, ""igstAmount"": 32589, ""sgstAmount"": 0, ""isInterState"": true, ""pgFeeGstAmount"": 0, ""totalGstAmount"": 32589, ""productGstAmount"": 31050, ""shippingGstAmount"": 1539}",,,,,,0,,ORD-20260909-00008,fallback,2026-09-09 09:07:25,B2C,,172500,,0,,0,,213639,,8550,,8550.0,,7246.0,,1304.0,,8550.0,,0,,32589,,31050,,1539,,0,,32589,,0,,0,,0.0,,,ORD-20260909-00008
317,fulfilled,,,2026-09-09 09:09:26.378705,2026-09-15 06:52:52.953807,0,6,4,4,3,standard,,,,,,pending,delivered,DELIVERED,0,0,,,,,,,,0,,ORD-20260909-00009,,,B2C,,172500,,0,,0,,213639,,0,,,,,,,,,,0,,0,,0,,0,,0,,0,,0,,0,,,,,ORD-20260909-00009
318,fulfilled,,,2026-09-09 09:59:19.503177,2026-09-15 06:52:52.953807,0,4,5,5,7,standard,,,7.0,2026-09-16,"{""inboundCost"": 0, ""inboundDays"": 0, ""inbound_tat"": 0, ""inbound_cost"": 0, ""outboundCost"": 8550, ""outboundDays"": 7, ""outbound_tat"": 7, ""qcBufferDays"": 0, ""qc_packaging"": 0, ""outbound_cost"": 8550}",paid,processing,HUB_RECEIVED,0,0,,"{""cgstAmount"": 169250, ""igstAmount"": 0, ""sgstAmount"": 169250, ""isInterState"": false, ""pgFeeGstAmount"": 0, ""totalGstAmount"": 338500, ""productGstAmount"": 336960, ""shippingGstAmount"": 1540}",,,,,,0,,ORD-20260909-00010,,,B2B,,2808000,,0,,0,,3155050,,8550,,8550.0,,,,,,,,0,,338500,,336960,,1540,,0,,338500,,0,,0,,0.0,,,ORD-20260909-00010
319,fulfilled,,,2026-09-09 10:19:20.545213,2026-09-15 06:52:52.953807,0,6,4,4,3,standard,,,7.0,2026-09-16,"{""inboundCost"": 0, ""inboundDays"": 0, ""inbound_tat"": 0, ""inbound_cost"": 0, ""outboundCost"": 8550, ""outboundDays"": 7, ""outbound_tat"": 7, ""qcBufferDays"": 0, ""qc_packaging"": 0, ""outbound_cost"": 8550}",refund_pending,returned,HUB_RECEIVED,0,0,,"{""cgstAmount"": 0, ""igstAmount"": 78471, ""sgstAmount"": 0, ""isInterState"": true, ""pgFeeGstAmount"": 0, ""totalGstAmount"": 78471, ""productGstAmount"": 76932, ""shippingGstAmount"": 1539}",,,,,,0,"{""scenario"": ""RETURNED_BY_CUSTOMER"", ""taxRefunded"": 76932, ""isInterState"": true, ""refundAmount"": 504332, ""totalWithheld"": 10089, ""shippingRefunded"": 0, ""shippingWithheld"": 10089, ""calculationSource"": ""CREDIT_NOTE"", ""pgChargesRefunded"": 0, ""pgChargesWithheld"": 0, ""productBaseRefunded"": 427400, ""grossCreditNoteAmount"": 504332, ""creditNoteRefundAmount"": 504332, ""returnShippingDeducted"": 0, ""returnShippingGstDeducted"": 0, ""returnShippingBaseDeducted"": 0, ""returnShippingChargeLocked"": 8550, ""returnShippingChargeSource"": ""fallback"", ""returnShippingDeductionApplied"": false}",ORD-20260909-00011,fallback,2026-09-09 10:23:26,B2C,,427400,,0,,0,,514421,,8550,,8550.0,,7246.0,,1304.0,,8550.0,,0,,78471,,76932,,1539,,0,,78471,,0,,0,,0.0,,504332.0,ORD-20260909-00011
320,fulfilled,,,2026-09-09 10:55:20.444123,2026-09-15 06:52:52.953807,0,6,4,4,3,standard,,,7.0,2026-09-16,"{""inboundCost"": 0, ""inboundDays"": 0, ""inbound_tat"": 0, ""inbound_cost"": 0, ""outboundCost"": 8550, ""outboundDays"": 7, ""outbound_tat"": 7, ""qcBufferDays"": 0, ""qc_packaging"": 0, ""outbound_cost"": 8550}",paid,delivered,HUB_RECEIVED,0,0,,"{""cgstAmount"": 0, ""igstAmount"": 78471, ""sgstAmount"": 0, ""isInterState"": true, ""pgFeeGstAmount"": 0, ""totalGstAmount"": 78471, ""productGstAmount"": 76932, ""shippingGstAmount"": 1539}",,,,,,0,"{""scenario"": ""RETURNED_BY_CUSTOMER"", ""policyNote"": ""No monetary refund - customer receives a replacement unit instead."", ""refundAmount"": 0, ""calculationSource"": ""EXCHANGE""}",ORD-20260909-00012,fallback,2026-09-09 11:01:26,B2C,,427400,,0,,0,,514421,,8550,,8550.0,,7246.0,,1304.0,,8550.0,,0,,78471,,76932,,1539,,0,,78471,,0,,0,,0.0,,0.0,ORD-20260909-00012
321,pending,,,2026-09-09 11:03:39.480002,2026-09-15 06:52:52.953807,0,6,4,4,3,standard,,,,,,pending,shipped,SHIPPED,0,0,,,,,,,,0,,ORD-20260909-00013,,,B2C,,427400,,0,,0,,514421,,0,,,,,,,,,,0,,0,,0,,0,,0,,0,,0,,0,,,,,ORD-20260909-00013
322,fulfilled,,,2026-09-09 11:19:17.836500,2026-09-15 06:52:52.953807,0,14,11,11,1,standard,,,7.0,2026-09-16,"{""inboundCost"": 0, ""inboundDays"": 0, ""inbound_tat"": 0, ""inbound_cost"": 0, ""outboundCost"": 8550, ""outboundDays"": 7, ""outbound_tat"": 7, ""qcBufferDays"": 0, ""qc_packaging"": 0, ""outbound_cost"": 8550}",paid,processing,HUB_RECEIVED,0,0,,"{""cgstAmount"": 0, ""igstAmount"": 36159, ""sgstAmount"": 0, ""isInterState"": true, ""pgFeeGstAmount"": 0, ""totalGstAmount"": 36159, ""productGstAmount"": 34620, ""shippingGstAmount"": 1539}",,,,,,0,,ORD-20260909-00014,,,B2C,,288500,,0,,0,,333209,,8550,,8550.0,,,,,,,,0,,36159,,34620,,1539,,0,,36159,,0,,0,,0.0,,,ORD-20260909-00014
323,pending,0.0,Vendor did not accept within 72 hours.,2026-09-09 11:39:02.427675,2026-09-15 06:52:52.953807,0,6,4,4,3,standard,,,7.0,2026-09-16,"{""inboundCost"": 0, ""inboundDays"": 0, ""inbound_tat"": 0, ""inbound_cost"": 0, ""outboundCost"": 8550, ""outboundDays"": 7, ""outbound_tat"": 7, ""qcBufferDays"": 0, ""qc_packaging"": 0, ""outbound_cost"": 8550}",paid,cancelled,CANCELLED,0,0,,"{""cgstAmount"": 0, ""igstAmount"": 78471, ""sgstAmount"": 0, ""isInterState"": true, ""pgFeeGstAmount"": 0, ""totalGstAmount"": 78471, ""productGstAmount"": 76932, ""shippingGstAmount"": 1539}",,,,,,1,"{""scenario"": ""BEFORE_SHIP_TO_CUSTOMER"", ""taxRefunded"": 78471, ""isInterState"": true, ""pgGstWithheld"": 0, ""totalWithheld"": 0, ""shippingRefunded"": 8550, ""totalTaxRefunded"": 78471, ""calculationSource"": ""PRE_DISPATCH_ORDER"", ""pgChargesRefunded"": 0, ""pgChargesWithheld"": 0, ""productGstRefunded"": 76932, ""productBaseRefunded"": 427400, ""shippingGstRefunded"": 1539, ""shippingBaseRefunded"": 8550}",ORD-20260909-00015,,,B2C,,427400,,0,,0,,514421,,8550,,8550.0,,,,,,,,0,,78471,,76932,,1539,,0,,78471,,0,,0,,0.0,,514421.0,ORD-20260909-00015
324,fulfilled,,,2026-09-09 11:50:54.769067,2026-09-15 06:52:52.953807,0,6,4,4,3,standard,,,7.0,2026-09-16,"{""inboundCost"": 0, ""inboundDays"": 0, ""inbound_tat"": 0, ""inbound_cost"": 0, ""outboundCost"": 8550, ""outboundDays"": 7, ""outbound_tat"": 7, ""qcBufferDays"": 0, ""qc_packaging"": 0, ""outbound_cost"": 8550}",paid,processing,VENDOR_PREPARING,0,0,,"{""cgstAmount"": 0, ""igstAmount"": 78471, ""sgstAmount"": 0, ""isInterState"": true, ""pgFeeGstAmount"": 0, ""totalGstAmount"": 78471, ""productGstAmount"": 76932, ""shippingGstAmount"": 1539}",,,,,,0,,ORD-20260909-00016,,,B2C,,427400,,0,,0,,514421,,8550,,8550.0,,,,,,,,0,,78471,,76932,,1539,,0,,78471,,0,,0,,0.0,,,ORD-20260909-00016
325,fulfilled,,,2026-09-09 12:20:33.217886,2026-09-15 06:52:52.953807,0,6,4,4,3,standard,,,7.0,2026-09-16,"{""inboundCost"": 0, ""inboundDays"": 0, ""inbound_tat"": 0, ""inbound_cost"": 0, ""outboundCost"": 8550, ""outboundDays"": 7, ""outbound_tat"": 7, ""qcBufferDays"": 0, ""qc_packaging"": 0, ""outbound_cost"": 8550}",paid,delivered,DELIVERED,0,0,,"{""cgstAmount"": 0, ""igstAmount"": 78471, ""sgstAmount"": 0, ""isInterState"": true, ""pgFeeGstAmount"": 0, ""totalGstAmount"": 78471, ""productGstAmount"": 76932, ""shippingGstAmount"": 1539}",,,,,,0,,ORD-20260909-00017,,,B2C,,427400,,0,,0,,514421,,8550,,8550.0,,,,,,,,0,,78471,,76932,,1539,,0,,78471,,0,,0,,0.0,,,ORD-20260909-00017
326,pending,0.0,Vendor did not accept within 72 hours.,2026-09-09 13:55:05.463827,2026-09-15 06:52:52.953807,0,6,4,4,7,standard,,,7.0,2026-09-16,"{""inboundCost"": 0, ""inboundDays"": 0, ""inbound_tat"": 0, ""inbound_cost"": 0, ""outboundCost"": 8550, ""outboundDays"": 7, ""outbound_tat"": 7, ""qcBufferDays"": 0, ""qc_packaging"": 0, ""outbound_cost"": 8550}",paid,cancelled,CANCELLED,0,0,,"{""cgstAmount"": 0, ""igstAmount"": 338499, ""sgstAmount"": 0, ""isInterState"": true, ""pgFeeGstAmount"": 0, ""totalGstAmount"": 338499, ""productGstAmount"": 336960, ""shippingGstAmount"": 1539}",,,,,,1,"{""scenario"": ""BEFORE_SHIP_TO_CUSTOMER"", ""taxRefunded"": 338499, ""isInterState"": true, ""pgGstWithheld"": 0, ""totalWithheld"": 0, ""shippingRefunded"": 8550, ""totalTaxRefunded"": 338499, ""calculationSource"": ""PRE_DISPATCH_ORDER"", ""pgChargesRefunded"": 0, ""pgChargesWithheld"": 0, ""productGstRefunded"": 336960, ""productBaseRefunded"": 2808000, ""shippingGstRefunded"": 1539, ""shippingBaseRefunded"": 8550}",ORD-20260909-00018,,,B2C,,2808000,,0,,0,,3155049,,8550,,8550.0,,,,,,,,0,,338499,,336960,,1539,,0,,338499,,0,,0,,0.0,,3155049.0,ORD-20260909-00018
327,pending,,,2026-09-09 13:55:22.701318,2026-09-15 06:52:52.953807,0,6,4,4,7,standard,,,7.0,2026-09-16,"{""inboundCost"": 0, ""inboundDays"": 0, ""inbound_tat"": 0, ""inbound_cost"": 0, ""outboundCost"": 8550, ""outboundDays"": 7, ""outbound_tat"": 7, ""qcBufferDays"": 0, ""qc_packaging"": 0, ""outbound_cost"": 8550}",pending,awaiting_payment,,0,0,,"{""cgstAmount"": 0, ""igstAmount"": 338499, ""sgstAmount"": 0, ""isInterState"": true, ""pgFeeGstAmount"": 0, ""totalGstAmount"": 338499, ""productGstAmount"": 336960, ""shippingGstAmount"": 1539}",,,,,,0,,ORD-20260909-00019,,,B2C,,2808000,,0,,0,,3155049,,8550,,8550.0,,,,,,,,0,,338499,,336960,,1539,,0,,338499,,0,,0,,0.0,,,ORD-20260909-00019
328,pending,0.0,Vendor did not accept within 72 hours.,2026-09-09 13:55:29.093807,2026-09-15 06:52:52.953807,0,6,4,4,7,standard,,,7.0,2026-09-16,"{""inboundCost"": 0, ""inboundDays"": 0, ""inbound_tat"": 0, ""inbound_cost"": 0, ""outboundCost"": 8550, ""outboundDays"": 7, ""outbound_tat"": 7, ""qcBufferDays"": 0, ""qc_packaging"": 0, ""outbound_cost"": 8550}",paid,cancelled,CANCELLED,0,0,,"{""cgstAmount"": 0, ""igstAmount"": 338499, ""sgstAmount"": 0, ""isInterState"": true, ""pgFeeGstAmount"": 0, ""totalGstAmount"": 338499, ""productGstAmount"": 336960, ""shippingGstAmount"": 1539}",,,,,,1,"{""scenario"": ""BEFORE_SHIP_TO_CUSTOMER"", ""taxRefunded"": 338499, ""isInterState"": true, ""pgGstWithheld"": 0, ""totalWithheld"": 0, ""shippingRefunded"": 8550, ""totalTaxRefunded"": 338499, ""calculationSource"": ""PRE_DISPATCH_ORDER"", ""pgChargesRefunded"": 0, ""pgChargesWithheld"": 0, ""productGstRefunded"": 336960, ""productBaseRefunded"": 2808000, ""shippingGstRefunded"": 1539, ""shippingBaseRefunded"": 8550}",ORD-20260909-00020,,,B2C,,2808000,,0,,0,,3155049,,8550,,8550.0,,,,,,,,0,,338499,,336960,,1539,,0,,338499,,0,,0,,0.0,,3155049.0,ORD-20260909-00020
329,pending,0.0,Vendor did not accept within 72 hours.,2026-09-09 13:55:48.437804,2026-09-15 06:52:52.953807,0,6,4,4,7,standard,,,7.0,2026-09-16,"{""inboundCost"": 0, ""inboundDays"": 0, ""inbound_tat"": 0, ""inbound_cost"": 0, ""outboundCost"": 8550, ""outboundDays"": 7, ""outbound_tat"": 7, ""qcBufferDays"": 0, ""qc_packaging"": 0, ""outbound_cost"": 8550}",paid,cancelled,CANCELLED,0,0,,"{""cgstAmount"": 0, ""igstAmount"": 338499, ""sgstAmount"": 0, ""isInterState"": true, ""pgFeeGstAmount"": 0, ""totalGstAmount"": 338499, ""productGstAmount"": 336960, ""shippingGstAmount"": 1539}",,,,,,1,"{""scenario"": ""BEFORE_SHIP_TO_CUSTOMER"", ""taxRefunded"": 338499, ""isInterState"": true, ""pgGstWithheld"": 0, ""totalWithheld"": 0, ""shippingRefunded"": 8550, ""totalTaxRefunded"": 338499, ""calculationSource"": ""PRE_DISPATCH_ORDER"", ""pgChargesRefunded"": 0, ""pgChargesWithheld"": 0, ""productGstRefunded"": 336960, ""productBaseRefunded"": 2808000, ""shippingGstRefunded"": 1539, ""shippingBaseRefunded"": 8550}",ORD-20260909-00021,,,B2C,,2808000,,0,,0,,3155049,,8550,,8550.0,,,,,,,,0,,338499,,336960,,1539,,0,,338499,,0,,0,,0.0,,3155049.0,ORD-20260909-00021
330,pending,0.0,Vendor did not accept within 72 hours.,2026-09-09 13:56:14.479506,2026-09-15 06:52:52.953807,0,6,4,4,3,standard,,,7.0,2026-09-16,"{""inboundCost"": 0, ""inboundDays"": 0, ""inbound_tat"": 0, ""inbound_cost"": 0, ""outboundCost"": 8550, ""outboundDays"": 7, ""outbound_tat"": 7, ""qcBufferDays"": 0, ""qc_packaging"": 0, ""outbound_cost"": 8550}",paid,cancelled,CANCELLED,0,0,,"{""cgstAmount"": 0, ""igstAmount"": 78471, ""sgstAmount"": 0, ""isInterState"": true, ""pgFeeGstAmount"": 0, ""totalGstAmount"": 78471, ""productGstAmount"": 76932, ""shippingGstAmount"": 1539}",,,,,,1,"{""scenario"": ""BEFORE_SHIP_TO_CUSTOMER"", ""taxRefunded"": 78471, ""isInterState"": true, ""pgGstWithheld"": 0, ""totalWithheld"": 0, ""shippingRefunded"": 8550, ""totalTaxRefunded"": 78471, ""calculationSource"": ""PRE_DISPATCH_ORDER"", ""pgChargesRefunded"": 0, ""pgChargesWithheld"": 0, ""productGstRefunded"": 76932, ""productBaseRefunded"": 427400, ""shippingGstRefunded"": 1539, ""shippingBaseRefunded"": 8550}",ORD-20260909-00022,,,B2C,,427400,,0,,0,,514421,,8550,,8550.0,,,,,,,,0,,78471,,76932,,1539,,0,,78471,,0,,0,,0.0,,514421.0,ORD-20260909-00022
331,pending,0.0,Vendor did not accept within 72 hours.,2026-09-09 13:57:05.927915,2026-09-15 06:52:52.953807,0,6,4,4,3,standard,,,7.0,2026-09-16,"{""inboundCost"": 0, ""inboundDays"": 0, ""inbound_tat"": 0, ""inbound_cost"": 0, ""outboundCost"": 8550, ""outboundDays"": 7, ""outbound_tat"": 7, ""qcBufferDays"": 0, ""qc_packaging"": 0, ""outbound_cost"": 8550}",paid,cancelled,CANCELLED,0,0,,"{""cgstAmount"": 0, ""igstAmount"": 78471, ""sgstAmount"": 0, ""isInterState"": true, ""pgFeeGstAmount"": 0, ""totalGstAmount"": 78471, ""productGstAmount"": 76932, ""shippingGstAmount"": 1539}",,,,,,1,"{""scenario"": ""BEFORE_SHIP_TO_CUSTOMER"", ""taxRefunded"": 78471, ""isInterState"": true, ""pgGstWithheld"": 0, ""totalWithheld"": 0, ""shippingRefunded"": 8550, ""totalTaxRefunded"": 78471, ""calculationSource"": ""PRE_DISPATCH_ORDER"", ""pgChargesRefunded"": 0, ""pgChargesWithheld"": 0, ""productGstRefunded"": 76932, ""productBaseRefunded"": 427400, ""shippingGstRefunded"": 1539, ""shippingBaseRefunded"": 8550}",ORD-20260909-00023,,,B2C,,427400,,0,,0,,514421,,8550,,8550.0,,,,,,,,0,,78471,,76932,,1539,,0,,78471,,0,,0,,0.0,,514421.0,ORD-20260909-00023
332,pending,0.0,Vendor did not accept within 72 hours.,2026-09-09 13:57:25.008414,2026-09-15 06:52:52.953807,0,6,4,4,3,standard,,,7.0,2026-09-16,"{""inboundCost"": 0, ""inboundDays"": 0, ""inbound_tat"": 0, ""inbound_cost"": 0, ""outboundCost"": 8550, ""outboundDays"": 7, ""outbound_tat"": 7, ""qcBufferDays"": 0, ""qc_packaging"": 0, ""outbound_cost"": 8550}",paid,cancelled,CANCELLED,0,0,,"{""cgstAmount"": 0, ""igstAmount"": 78471, ""sgstAmount"": 0, ""isInterState"": true, ""pgFeeGstAmount"": 0, ""totalGstAmount"": 78471, ""productGstAmount"": 76932, ""shippingGstAmount"": 1539}",,,,,,1,"{""scenario"": ""BEFORE_SHIP_TO_CUSTOMER"", ""taxRefunded"": 78471, ""isInterState"": true, ""pgGstWithheld"": 0, ""totalWithheld"": 0, ""shippingRefunded"": 8550, ""totalTaxRefunded"": 78471, ""calculationSource"": ""PRE_DISPATCH_ORDER"", ""pgChargesRefunded"": 0, ""pgChargesWithheld"": 0, ""productGstRefunded"": 76932, ""productBaseRefunded"": 427400, ""shippingGstRefunded"": 1539, ""shippingBaseRefunded"": 8550}",ORD-20260909-00024,,,B2C,,427400,,0,,0,,514421,,8550,,8550.0,,,,,,,,0,,78471,,76932,,1539,,0,,78471,,0,,0,,0.0,,514421.0,ORD-20260909-00024
333,fulfilled,,,2026-09-10 05:47:53.704473,2026-09-15 06:52:52.953807,0,6,4,4,3,standard,,,7.0,2026-09-17,"{""inboundCost"": 0, ""inboundDays"": 0, ""inbound_tat"": 0, ""inbound_cost"": 0, ""outboundCost"": 8550, ""outboundDays"": 7, ""outbound_tat"": 7, ""qcBufferDays"": 0, ""qc_packaging"": 0, ""outbound_cost"": 8550}",paid,delivered,HUB_RECEIVED,0,0,,"{""cgstAmount"": 0, ""igstAmount"": 78471, ""sgstAmount"": 0, ""isInterState"": true, ""pgFeeGstAmount"": 0, ""totalGstAmount"": 78471, ""productGstAmount"": 76932, ""shippingGstAmount"": 1539}",,,,,,0,"{""scenario"": ""RETURNED_BY_CUSTOMER"", ""policyNote"": ""No monetary refund - customer receives a replacement unit instead."", ""refundAmount"": 0, ""calculationSource"": ""EXCHANGE""}",ORD-20260910-00001,fallback,2026-09-10 05:55:24,B2C,,427400,,0,,0,,514421,,8550,,8550.0,,7246.0,,1304.0,,8550.0,,0,,78471,,76932,,1539,,0,,78471,,0,,0,,0.0,,0.0,ORD-20260910-00001
334,pending,,,2026-09-10 05:58:40.074801,2026-09-15 06:52:52.953807,0,6,4,4,3,standard,,,,,,pending,shipped,SHIPPED,0,0,,,,,,,,0,,ORD-20260910-00002,,,B2C,,427400,,0,,0,,514421,,0,,,,,,,,,,0,,0,,0,,0,,0,,0,,0,,0,,,,,ORD-20260910-00002
335,fulfilled,,,2026-09-10 06:11:19.225287,2026-09-15 06:52:52.953807,0,6,4,4,3,standard,,,7.0,2026-09-17,"{""inboundCost"": 0, ""inboundDays"": 0, ""inbound_tat"": 0, ""inbound_cost"": 0, ""outboundCost"": 8550, ""outboundDays"": 7, ""outbound_tat"": 7, ""qcBufferDays"": 0, ""qc_packaging"": 0, ""outbound_cost"": 8550}",paid,delivered,HUB_RECEIVED,0,0,,"{""cgstAmount"": 0, ""igstAmount"": 80721, ""sgstAmount"": 0, ""isInterState"": true, ""pgFeeGstAmount"": 0, ""totalGstAmount"": 80721, ""productGstAmount"": 79182, ""shippingGstAmount"": 1539}",,,,,,0,"{""scenario"": ""RETURNED_BY_CUSTOMER"", ""policyNote"": ""No monetary refund - customer receives a replacement unit instead."", ""refundAmount"": 0, ""calculationSource"": ""EXCHANGE""}",ORD-20260910-00003,fallback,2026-09-10 06:22:51,B2C,,439900,,0,,0,,529171,,8550,,8550.0,,7246.0,,1304.0,,8550.0,,0,,80721,,79182,,1539,,0,,80721,,0,,0,,0.0,,0.0,ORD-20260910-00003
336,pending,,,2026-09-10 06:23:16.284165,2026-09-15 06:52:52.953807,0,6,4,4,3,standard,,,,,,pending,shipped,SHIPPED,0,0,,,,,,,,0,,ORD-20260910-00004,,,B2C,,439900,,0,,0,,529171,,0,,,,,,,,,,0,,0,,0,,0,,0,,0,,0,,0,,,,,ORD-20260910-00004
337,pending,,,2026-09-10 08:59:52.444373,2026-09-15 06:52:52.953807,0,4,5,5,1,standard,,,7.0,2026-09-17,"{""inboundCost"": 0, ""inboundDays"": 0, ""inbound_tat"": 0, ""inbound_cost"": 0, ""outboundCost"": 8550, ""outboundDays"": 7, ""outbound_tat"": 7, ""qcBufferDays"": 0, ""qc_packaging"": 0, ""outbound_cost"": 8550}",pending,awaiting_payment,,0,0,,"{""cgstAmount"": 807, ""igstAmount"": 0, ""sgstAmount"": 807, ""isInterState"": false, ""pgFeeGstAmount"": 0, ""totalGstAmount"": 1614, ""productGstAmount"": 74, ""shippingGstAmount"": 1540}",,,,,,0,,ORD-20260910-00005,,,B2B,,610,,0,,0,,10774,,8550,,8550.0,,,,,,,,0,,1614,,74,,1540,,0,,1614,,0,,0,,0.0,,,ORD-20260910-00005
338,pending,0.0,Vendor did not accept within 72 hours.,2026-09-10 08:59:58.863947,2026-09-15 06:52:52.953807,0,4,5,5,1,standard,,,7.0,2026-09-17,"{""inboundCost"": 0, ""inboundDays"": 0, ""inbound_tat"": 0, ""inbound_cost"": 0, ""outboundCost"": 8550, ""outboundDays"": 7, ""outbound_tat"": 7, ""qcBufferDays"": 0, ""qc_packaging"": 0, ""outbound_cost"": 8550}",paid,cancelled,CANCELLED,0,0,,"{""cgstAmount"": 807, ""igstAmount"": 0, ""sgstAmount"": 807, ""isInterState"": false, ""pgFeeGstAmount"": 0, ""totalGstAmount"": 1614, ""productGstAmount"": 74, ""shippingGstAmount"": 1540}",,,,,,1,"{""scenario"": ""BEFORE_SHIP_TO_CUSTOMER"", ""taxRefunded"": 1614, ""isInterState"": false, ""pgGstWithheld"": 0, ""totalWithheld"": 0, ""shippingRefunded"": 8550, ""totalTaxRefunded"": 1614, ""calculationSource"": ""PRE_DISPATCH_ORDER"", ""pgChargesRefunded"": 0, ""pgChargesWithheld"": 0, ""productGstRefunded"": 74, ""productBaseRefunded"": 610, ""shippingGstRefunded"": 1540, ""shippingBaseRefunded"": 8550}",ORD-20260910-00006,,,B2B,,610,,0,,0,,10774,,8550,,8550.0,,,,,,,,0,,1614,,74,,1540,,0,,1614,,0,,0,,0.0,,10774.0,ORD-20260910-00006
339,fulfilled,,,2026-09-10 09:19:58.602658,2026-09-15 06:52:52.953807,0,6,4,4,3,standard,,,7.0,2026-09-17,"{""inboundCost"": 0, ""inboundDays"": 0, ""inbound_tat"": 0, ""inbound_cost"": 0, ""outboundCost"": 8550, ""outboundDays"": 7, ""outbound_tat"": 7, ""qcBufferDays"": 0, ""qc_packaging"": 0, ""outbound_cost"": 8550}",paid,delivered,DELIVERED,0,0,,"{""cgstAmount"": 0, ""igstAmount"": 80721, ""sgstAmount"": 0, ""isInterState"": true, ""pgFeeGstAmount"": 0, ""totalGstAmount"": 80721, ""productGstAmount"": 79182, ""shippingGstAmount"": 1539}",,,,,,0,,ORD-20260910-00007,fallback,2026-09-10 09:23:39,B2C,,439900,,0,,0,,529171,,8550,,8550.0,,7246.0,,1304.0,,8550.0,,0,,80721,,79182,,1539,,0,,80721,,0,,0,,0.0,,,ORD-20260910-00007
340,pending,0.0,Vendor did not accept within 72 hours.,2026-09-10 09:25:03.298279,2026-09-15 06:52:52.953807,0,6,4,4,3,standard,,,,,,paid,cancelled,CANCELLED,0,0,,,,,,,,1,"{""scenario"": ""BEFORE_SHIP_TO_CUSTOMER"", ""taxRefunded"": 0, ""isInterState"": false, ""pgGstWithheld"": 0, ""totalWithheld"": 0, ""shippingRefunded"": 0, ""totalTaxRefunded"": 0, ""calculationSource"": ""PRE_DISPATCH_ORDER"", ""pgChargesRefunded"": 0, ""pgChargesWithheld"": 0, ""productGstRefunded"": 0, ""productBaseRefunded"": 439900, ""shippingGstRefunded"": 0, ""shippingBaseRefunded"": 0}",ORD-20260910-00008,,,B2C,,439900,,0,,0,,529171,,0,,,,,,,,,,0,,0,,0,,0,,0,,0,,0,,0,,,,439900.0,ORD-20260910-00008
341,fulfilled,,,2026-09-10 09:25:44.838855,2026-09-15 06:52:52.953807,0,6,4,4,3,standard,,,7.0,2026-09-17,"{""inboundCost"": 0, ""inboundDays"": 0, ""inbound_tat"": 0, ""inbound_cost"": 0, ""outboundCost"": 8550, ""outboundDays"": 7, ""outbound_tat"": 7, ""qcBufferDays"": 0, ""qc_packaging"": 0, ""outbound_cost"": 8550}",paid,delivered,DELIVERED,0,0,,"{""cgstAmount"": 0, ""igstAmount"": 80721, ""sgstAmount"": 0, ""isInterState"": true, ""pgFeeGstAmount"": 0, ""totalGstAmount"": 80721, ""productGstAmount"": 79182, ""shippingGstAmount"": 1539}",,,,,,0,,ORD-20260910-00009,fallback,2026-09-10 09:29:43,B2C,,439900,,0,,0,,529171,,8550,,8550.0,,7246.0,,1304.0,,8550.0,,0,,80721,,79182,,1539,,0,,80721,,0,,0,,0.0,,,ORD-20260910-00009
342,fulfilled,,,2026-09-10 10:03:52.371472,2026-09-15 06:52:52.953807,0,6,4,4,3,standard,,,7.0,2026-09-17,"{""inboundCost"": 0, ""inboundDays"": 0, ""inbound_tat"": 0, ""inbound_cost"": 0, ""outboundCost"": 8550, ""outboundDays"": 7, ""outbound_tat"": 7, ""qcBufferDays"": 0, ""qc_packaging"": 0, ""outbound_cost"": 8550}",paid,processing,HUB_RECEIVED,0,0,,"{""cgstAmount"": 0, ""igstAmount"": 80721, ""sgstAmount"": 0, ""isInterState"": true, ""pgFeeGstAmount"": 0, ""totalGstAmount"": 80721, ""productGstAmount"": 79182, ""shippingGstAmount"": 1539}",,,,,,0,,ORD-20260910-00010,,,B2C,,439900,,0,,0,,529171,,8550,,8550.0,,,,,,,,0,,80721,,79182,,1539,,0,,80721,,0,,0,,0.0,,,ORD-20260910-00010
343,pending,,,2026-09-10 11:01:06.886541,2026-09-15 06:52:52.953807,0,20,16,16,7,standard,,,7.0,2026-09-17,"{""inboundCost"": 0, ""inboundDays"": 0, ""inbound_tat"": 0, ""inbound_cost"": 0, ""outboundCost"": 8550, ""outboundDays"": 7, ""outbound_tat"": 7, ""qcBufferDays"": 0, ""qc_packaging"": 0, ""outbound_cost"": 8550}",pending,awaiting_payment,,0,0,,"{""cgstAmount"": 0, ""igstAmount"": 338499, ""sgstAmount"": 0, ""isInterState"": true, ""pgFeeGstAmount"": 0, ""totalGstAmount"": 338499, ""productGstAmount"": 336960, ""shippingGstAmount"": 1539}",,,,,,0,,ORD-20260910-00011,,,B2C,,2808000,,0,,0,,3155049,,8550,,8550.0,,,,,,,,0,,338499,,336960,,1539,,0,,338499,,0,,0,,0.0,,,ORD-20260910-00011
344,pending,1.0,aaaaaaaaaaaaaaaaaaaaaaaaaa,2026-09-10 11:43:34.464481,2026-09-15 06:52:52.953807,1,6,4,4,3,standard,BANK_TRANSFER,2026-09-10 17:15:05,7.0,2026-09-17,"{""inboundCost"": 0, ""inboundDays"": 0, ""inbound_tat"": 0, ""inbound_cost"": 0, ""outboundCost"": 8550, ""outboundDays"": 7, ""outbound_tat"": 7, ""qcBufferDays"": 0, ""qc_packaging"": 0, ""outbound_cost"": 8550}",refunded,cancelled,CANCELLED,0,0,,"{""cgstAmount"": 0, ""igstAmount"": 80721, ""sgstAmount"": 0, ""isInterState"": true, ""pgFeeGstAmount"": 0, ""totalGstAmount"": 80721, ""productGstAmount"": 79182, ""shippingGstAmount"": 1539}",,,,,,0,"{""scenario"": ""BEFORE_SHIP_TO_CUSTOMER"", ""taxRefunded"": 80721, ""isInterState"": true, ""pgGstWithheld"": 0, ""totalWithheld"": 0, ""shippingRefunded"": 8550, ""totalTaxRefunded"": 80721, ""calculationSource"": ""PRE_DISPATCH_ORDER"", ""pgChargesRefunded"": 0, ""pgChargesWithheld"": 0, ""productGstRefunded"": 79182, ""productBaseRefunded"": 439900, ""shippingGstRefunded"": 1539, ""shippingBaseRefunded"": 8550}",ORD-20260910-00012,,,B2C,,439900,,0,,0,,529171,,8550,,8550.0,,,,,,,,0,,80721,,79182,,1539,,0,,80721,,0,,0,,0.0,,529171.0,ORD-20260910-00012
345,fulfilled,,,2026-09-10 12:11:44.178392,2026-09-15 06:52:52.953807,0,6,4,4,3,standard,,,7.0,2026-09-17,"{""inboundCost"": 0, ""inboundDays"": 0, ""inbound_tat"": 0, ""inbound_cost"": 0, ""outboundCost"": 8550, ""outboundDays"": 7, ""outbound_tat"": 7, ""qcBufferDays"": 0, ""qc_packaging"": 0, ""outbound_cost"": 8550}",paid,delivered,DELIVERED,0,0,,"{""cgstAmount"": 0, ""igstAmount"": 80721, ""sgstAmount"": 0, ""isInterState"": true, ""pgFeeGstAmount"": 0, ""totalGstAmount"": 80721, ""productGstAmount"": 79182, ""shippingGstAmount"": 1539}",,,,,,0,,ORD-20260910-00013,fallback,2026-09-10 12:26:43,B2C,,439900,,0,,0,,529171,,8550,,8550.0,,7246.0,,1304.0,,8550.0,,0,,80721,,79182,,1539,,0,,80721,,0,,0,,0.0,,,ORD-20260910-00013
346,fulfilled,,,2026-09-11 05:15:41.768766,2026-09-15 06:52:52.953807,0,6,4,4,3,standard,,,7.0,2026-09-18,"{""inboundCost"": 0, ""inboundDays"": 0, ""inbound_tat"": 0, ""inbound_cost"": 0, ""outboundCost"": 8550, ""outboundDays"": 7, ""outbound_tat"": 7, ""qcBufferDays"": 0, ""qc_packaging"": 0, ""outbound_cost"": 8550}",paid,delivered,HUB_RECEIVED,0,0,,"{""cgstAmount"": 0, ""igstAmount"": 80721, ""sgstAmount"": 0, ""isInterState"": true, ""pgFeeGstAmount"": 0, ""totalGstAmount"": 80721, ""productGstAmount"": 79182, ""shippingGstAmount"": 1539}",,,,,,0,,ORD-20260911-00001,fallback,2026-09-11 05:31:25,B2C,,439900,,0,,0,,529171,,8550,,8550.0,,7246.0,,1304.0,,8550.0,,0,,80721,,79182,,1539,,0,,80721,,0,,0,,0.0,,,ORD-20260911-00001
347,fulfilled,,,2026-09-11 05:35:11.420399,2026-09-15 06:52:52.953807,0,6,4,4,3,standard,,,7.0,2026-09-18,"{""inboundCost"": 0, ""inboundDays"": 0, ""inbound_tat"": 0, ""inbound_cost"": 0, ""outboundCost"": 8550, ""outboundDays"": 7, ""outbound_tat"": 7, ""qcBufferDays"": 0, ""qc_packaging"": 0, ""outbound_cost"": 8550}",refund_pending,returned,HUB_RECEIVED,0,0,,"{""cgstAmount"": 0, ""igstAmount"": 80721, ""sgstAmount"": 0, ""isInterState"": true, ""pgFeeGstAmount"": 0, ""totalGstAmount"": 80721, ""productGstAmount"": 79182, ""shippingGstAmount"": 1539}",,,,,,0,"{""scenario"": ""RETURNED_BY_CUSTOMER"", ""taxRefunded"": 79182, ""isInterState"": true, ""refundAmount"": 519082, ""totalWithheld"": 10089, ""shippingRefunded"": 0, ""shippingWithheld"": 10089, ""calculationSource"": ""CREDIT_NOTE"", ""pgChargesRefunded"": 0, ""pgChargesWithheld"": 0, ""productBaseRefunded"": 439900, ""grossCreditNoteAmount"": 519082, ""creditNoteRefundAmount"": 519082, ""returnShippingDeducted"": 0, ""returnShippingGstDeducted"": 0, ""returnShippingBaseDeducted"": 0, ""returnShippingChargeLocked"": 8550, ""returnShippingChargeSource"": ""fallback"", ""returnShippingDeductionApplied"": false}",ORD-20260911-00002,fallback,2026-09-11 05:38:38,B2C,,439900,,0,,0,,529171,,8550,,8550.0,,7246.0,,1304.0,,8550.0,,0,,80721,,79182,,1539,,0,,80721,,0,,0,,0.0,,519082.0,ORD-20260911-00002
348,fulfilled,,,2026-09-11 08:49:49.768479,2026-09-15 06:52:52.953807,0,6,4,4,3,standard,,,7.0,2026-09-18,"{""inboundCost"": 0, ""inboundDays"": 0, ""inbound_tat"": 0, ""inbound_cost"": 0, ""outboundCost"": 8550, ""outboundDays"": 7, ""outbound_tat"": 7, ""qcBufferDays"": 0, ""qc_packaging"": 0, ""outbound_cost"": 8550}",refund_pending,returned,HUB_RECEIVED,0,0,,"{""cgstAmount"": 0, ""igstAmount"": 80721, ""sgstAmount"": 0, ""isInterState"": true, ""pgFeeGstAmount"": 0, ""totalGstAmount"": 80721, ""productGstAmount"": 79182, ""shippingGstAmount"": 1539}",,,,,,0,"{""scenario"": ""RETURNED_BY_CUSTOMER"", ""taxRefunded"": 79182, ""isInterState"": true, ""refundAmount"": 519082, ""totalWithheld"": 10089, ""shippingRefunded"": 0, ""shippingWithheld"": 10089, ""calculationSource"": ""CREDIT_NOTE"", ""pgChargesRefunded"": 0, ""pgChargesWithheld"": 0, ""productBaseRefunded"": 439900, ""grossCreditNoteAmount"": 519082, ""creditNoteRefundAmount"": 519082, ""returnShippingDeducted"": 0, ""returnShippingGstDeducted"": 0, ""returnShippingBaseDeducted"": 0, ""returnShippingChargeLocked"": 8550, ""returnShippingChargeSource"": ""fallback"", ""returnShippingDeductionApplied"": false}",ORD-20260911-00003,fallback,2026-09-11 09:05:24,B2C,,439900,,0,,0,,529171,,8550,,8550.0,,7246.0,,1304.0,,8550.0,,0,,80721,,79182,,1539,,0,,80721,,0,,0,,0.0,,519082.0,ORD-20260911-00003
349,fulfilled,,,2026-09-11 09:37:25.084774,2026-09-15 06:52:52.953807,0,6,4,4,3,standard,,,7.0,2026-09-18,"{""inboundCost"": 0, ""inboundDays"": 0, ""inbound_tat"": 0, ""inbound_cost"": 0, ""outboundCost"": 8550, ""outboundDays"": 7, ""outbound_tat"": 7, ""qcBufferDays"": 0, ""qc_packaging"": 0, ""outbound_cost"": 8550}",paid,delivered,DELIVERED,0,0,,"{""cgstAmount"": 0, ""igstAmount"": 80721, ""sgstAmount"": 0, ""isInterState"": true, ""pgFeeGstAmount"": 0, ""totalGstAmount"": 80721, ""productGstAmount"": 79182, ""shippingGstAmount"": 1539}",,,,,,0,,ORD-20260911-00004,fallback,2026-09-11 09:46:07,B2C,,439900,,0,,0,,529171,,8550,,8550.0,,7246.0,,1304.0,,8550.0,,0,,80721,,79182,,1539,,0,,80721,,0,,0,,0.0,,,ORD-20260911-00004
350,pending,0.0,Vendor did not accept within 72 hours.,2026-09-11 09:51:21.679694,2026-09-15 06:52:52.953807,0,6,4,4,3,standard,,,,,,paid,cancelled,CANCELLED,0,0,,,,,,,,1,"{""scenario"": ""BEFORE_SHIP_TO_CUSTOMER"", ""taxRefunded"": 0, ""isInterState"": false, ""pgGstWithheld"": 0, ""totalWithheld"": 0, ""shippingRefunded"": 0, ""totalTaxRefunded"": 0, ""calculationSource"": ""PRE_DISPATCH_ORDER"", ""pgChargesRefunded"": 0, ""pgChargesWithheld"": 0, ""productGstRefunded"": 0, ""productBaseRefunded"": 439900, ""shippingGstRefunded"": 0, ""shippingBaseRefunded"": 0}",ORD-20260911-00005,,,B2C,,439900,,0,,0,,529171,,0,,,,,,,,,,0,,0,,0,,0,,0,,0,,0,,0,,,,439900.0,ORD-20260911-00005
351,pending,0.0,Vendor did not accept within 72 hours.,2026-09-11 10:03:48.468119,2026-09-15 06:52:52.953807,0,6,4,4,3,standard,,,7.0,2026-09-18,"{""inboundCost"": 0, ""inboundDays"": 0, ""inbound_tat"": 0, ""inbound_cost"": 0, ""outboundCost"": 8550, ""outboundDays"": 7, ""outbound_tat"": 7, ""qcBufferDays"": 0, ""qc_packaging"": 0, ""outbound_cost"": 8550}",paid,cancelled,CANCELLED,0,0,,"{""cgstAmount"": 0, ""igstAmount"": 80721, ""sgstAmount"": 0, ""isInterState"": true, ""pgFeeGstAmount"": 0, ""totalGstAmount"": 80721, ""productGstAmount"": 79182, ""shippingGstAmount"": 1539}",,,,,,1,"{""scenario"": ""BEFORE_SHIP_TO_CUSTOMER"", ""taxRefunded"": 80721, ""isInterState"": true, ""pgGstWithheld"": 0, ""totalWithheld"": 0, ""shippingRefunded"": 8550, ""totalTaxRefunded"": 80721, ""calculationSource"": ""PRE_DISPATCH_ORDER"", ""pgChargesRefunded"": 0, ""pgChargesWithheld"": 0, ""productGstRefunded"": 79182, ""productBaseRefunded"": 439900, ""shippingGstRefunded"": 1539, ""shippingBaseRefunded"": 8550}",ORD-20260911-00006,,,B2C,,439900,,0,,0,,529171,,8550,,8550.0,,,,,,,,0,,80721,,79182,,1539,,0,,80721,,0,,0,,0.0,,529171.0,ORD-20260911-00006
352,pending,0.0,Vendor did not accept within 72 hours.,2026-09-11 10:05:06.353576,2026-09-15 06:52:52.953807,0,6,4,4,3,standard,,,7.0,2026-09-18,"{""inboundCost"": 0, ""inboundDays"": 0, ""inbound_tat"": 0, ""inbound_cost"": 0, ""outboundCost"": 8550, ""outboundDays"": 7, ""outbound_tat"": 7, ""qcBufferDays"": 0, ""qc_packaging"": 0, ""outbound_cost"": 8550}",paid,cancelled,CANCELLED,0,0,,"{""cgstAmount"": 0, ""igstAmount"": 80721, ""sgstAmount"": 0, ""isInterState"": true, ""pgFeeGstAmount"": 0, ""totalGstAmount"": 80721, ""productGstAmount"": 79182, ""shippingGstAmount"": 1539}",,,,,,1,"{""scenario"": ""BEFORE_SHIP_TO_CUSTOMER"", ""taxRefunded"": 80721, ""isInterState"": true, ""pgGstWithheld"": 0, ""totalWithheld"": 0, ""shippingRefunded"": 8550, ""totalTaxRefunded"": 80721, ""calculationSource"": ""PRE_DISPATCH_ORDER"", ""pgChargesRefunded"": 0, ""pgChargesWithheld"": 0, ""productGstRefunded"": 79182, ""productBaseRefunded"": 439900, ""shippingGstRefunded"": 1539, ""shippingBaseRefunded"": 8550}",ORD-20260911-00007,,,B2C,,439900,,0,,0,,529171,,8550,,8550.0,,,,,,,,0,,80721,,79182,,1539,,0,,80721,,0,,0,,0.0,,529171.0,ORD-20260911-00007
353,pending,,,2026-09-11 10:07:13.374853,2026-09-15 06:52:52.953807,0,6,4,4,3,standard,,,7.0,2026-09-18,"{""inboundCost"": 0, ""inboundDays"": 0, ""inbound_tat"": 0, ""inbound_cost"": 0, ""outboundCost"": 8550, ""outboundDays"": 7, ""outbound_tat"": 7, ""qcBufferDays"": 0, ""qc_packaging"": 0, ""outbound_cost"": 8550}",pending,awaiting_payment,,0,0,,"{""cgstAmount"": 0, ""igstAmount"": 82672, ""sgstAmount"": 0, ""isInterState"": true, ""pgFeeGstAmount"": 1951, ""totalGstAmount"": 82672, ""productGstAmount"": 79182, ""shippingGstAmount"": 1539}",,,,,,0,,ORD-20260911-00008,,,B2C,,439900,,0,,0,,541961,,8550,,8550.0,,,,,,,,10839,,82672,,79182,,1539,,1951,,82672,,0,,0,,0.0,,,ORD-20260911-00008
354,pending,0.0,Vendor did not accept within 72 hours.,2026-09-11 10:07:22.972855,2026-09-15 06:52:52.953807,0,6,4,4,3,standard,,,7.0,2026-09-18,"{""inboundCost"": 0, ""inboundDays"": 0, ""inbound_tat"": 0, ""inbound_cost"": 0, ""outboundCost"": 8550, ""outboundDays"": 7, ""outbound_tat"": 7, ""qcBufferDays"": 0, ""qc_packaging"": 0, ""outbound_cost"": 8550}",paid,cancelled,CANCELLED,0,0,,"{""cgstAmount"": 0, ""igstAmount"": 80721, ""sgstAmount"": 0, ""isInterState"": true, ""pgFeeGstAmount"": 0, ""totalGstAmount"": 80721, ""productGstAmount"": 79182, ""shippingGstAmount"": 1539}",,,,,,1,"{""scenario"": ""BEFORE_SHIP_TO_CUSTOMER"", ""taxRefunded"": 80721, ""isInterState"": true, ""pgGstWithheld"": 0, ""totalWithheld"": 0, ""shippingRefunded"": 8550, ""totalTaxRefunded"": 80721, ""calculationSource"": ""PRE_DISPATCH_ORDER"", ""pgChargesRefunded"": 0, ""pgChargesWithheld"": 0, ""productGstRefunded"": 79182, ""productBaseRefunded"": 439900, ""shippingGstRefunded"": 1539, ""shippingBaseRefunded"": 8550}",ORD-20260911-00009,,,B2C,,439900,,0,,0,,529171,,8550,,8550.0,,,,,,,,0,,80721,,79182,,1539,,0,,80721,,0,,0,,0.0,,529171.0,ORD-20260911-00009
355,pending,0.0,Vendor did not accept within 72 hours.,2026-09-11 10:07:33.014679,2026-09-15 06:52:52.953807,0,6,4,4,3,standard,,,7.0,2026-09-18,"{""inboundCost"": 0, ""inboundDays"": 0, ""inbound_tat"": 0, ""inbound_cost"": 0, ""outboundCost"": 8550, ""outboundDays"": 7, ""outbound_tat"": 7, ""qcBufferDays"": 0, ""qc_packaging"": 0, ""outbound_cost"": 8550}",paid,cancelled,CANCELLED,0,0,,"{""cgstAmount"": 0, ""igstAmount"": 80721, ""sgstAmount"": 0, ""isInterState"": true, ""pgFeeGstAmount"": 0, ""totalGstAmount"": 80721, ""productGstAmount"": 79182, ""shippingGstAmount"": 1539}",,,,,,1,"{""scenario"": ""BEFORE_SHIP_TO_CUSTOMER"", ""taxRefunded"": 80721, ""isInterState"": true, ""pgGstWithheld"": 0, ""totalWithheld"": 0, ""shippingRefunded"": 8550, ""totalTaxRefunded"": 80721, ""calculationSource"": ""PRE_DISPATCH_ORDER"", ""pgChargesRefunded"": 0, ""pgChargesWithheld"": 0, ""productGstRefunded"": 79182, ""productBaseRefunded"": 439900, ""shippingGstRefunded"": 1539, ""shippingBaseRefunded"": 8550}",ORD-20260911-00010,,,B2C,,439900,,0,,0,,529171,,8550,,8550.0,,,,,,,,0,,80721,,79182,,1539,,0,,80721,,0,,0,,0.0,,529171.0,ORD-20260911-00010
356,pending,0.0,Vendor did not accept within 72 hours.,2026-09-11 10:07:52.357131,2026-09-15 06:52:52.953807,0,6,4,4,3,standard,,,7.0,2026-09-18,"{""inboundCost"": 0, ""inboundDays"": 0, ""inbound_tat"": 0, ""inbound_cost"": 0, ""outboundCost"": 8550, ""outboundDays"": 7, ""outbound_tat"": 7, ""qcBufferDays"": 0, ""qc_packaging"": 0, ""outbound_cost"": 8550}",paid,cancelled,CANCELLED,0,0,,"{""cgstAmount"": 0, ""igstAmount"": 80721, ""sgstAmount"": 0, ""isInterState"": true, ""pgFeeGstAmount"": 0, ""totalGstAmount"": 80721, ""productGstAmount"": 79182, ""shippingGstAmount"": 1539}",,,,,,1,"{""scenario"": ""BEFORE_SHIP_TO_CUSTOMER"", ""taxRefunded"": 80721, ""isInterState"": true, ""pgGstWithheld"": 0, ""totalWithheld"": 0, ""shippingRefunded"": 8550, ""totalTaxRefunded"": 80721, ""calculationSource"": ""PRE_DISPATCH_ORDER"", ""pgChargesRefunded"": 0, ""pgChargesWithheld"": 0, ""productGstRefunded"": 79182, ""productBaseRefunded"": 439900, ""shippingGstRefunded"": 1539, ""shippingBaseRefunded"": 8550}",ORD-20260911-00011,,,B2C,,439900,,0,,0,,529171,,8550,,8550.0,,,,,,,,0,,80721,,79182,,1539,,0,,80721,,0,,0,,0.0,,529171.0,ORD-20260911-00011
357,pending,0.0,Vendor did not accept within 72 hours.,2026-09-11 10:15:17.589549,2026-09-15 06:52:52.953807,0,6,4,4,3,standard,,,7.0,2026-09-18,"{""inboundCost"": 0, ""inboundDays"": 0, ""inbound_tat"": 0, ""inbound_cost"": 0, ""outboundCost"": 8550, ""outboundDays"": 7, ""outbound_tat"": 7, ""qcBufferDays"": 0, ""qc_packaging"": 0, ""outbound_cost"": 8550}",paid,cancelled,CANCELLED,0,0,,"{""cgstAmount"": 0, ""igstAmount"": 80721, ""sgstAmount"": 0, ""isInterState"": true, ""pgFeeGstAmount"": 0, ""totalGstAmount"": 80721, ""productGstAmount"": 79182, ""shippingGstAmount"": 1539}",,,,,,1,"{""scenario"": ""BEFORE_SHIP_TO_CUSTOMER"", ""taxRefunded"": 80721, ""isInterState"": true, ""pgGstWithheld"": 0, ""totalWithheld"": 0, ""shippingRefunded"": 8550, ""totalTaxRefunded"": 80721, ""calculationSource"": ""PRE_DISPATCH_ORDER"", ""pgChargesRefunded"": 0, ""pgChargesWithheld"": 0, ""productGstRefunded"": 79182, ""productBaseRefunded"": 439900, ""shippingGstRefunded"": 1539, ""shippingBaseRefunded"": 8550}",ORD-20260911-00012,,,B2C,,439900,,0,,0,,529171,,8550,,8550.0,,,,,,,,0,,80721,,79182,,1539,,0,,80721,,0,,0,,0.0,,529171.0,ORD-20260911-00012
358,pending,0.0,Vendor did not accept within 72 hours.,2026-09-11 10:19:11.193560,2026-09-15 06:52:52.953807,0,6,4,4,3,standard,,,7.0,2026-09-18,"{""inboundCost"": 0, ""inboundDays"": 0, ""inbound_tat"": 0, ""inbound_cost"": 0, ""outboundCost"": 8550, ""outboundDays"": 7, ""outbound_tat"": 7, ""qcBufferDays"": 0, ""qc_packaging"": 0, ""outbound_cost"": 8550}",paid,cancelled,CANCELLED,0,0,,"{""cgstAmount"": 0, ""igstAmount"": 80721, ""sgstAmount"": 0, ""isInterState"": true, ""pgFeeGstAmount"": 0, ""totalGstAmount"": 80721, ""productGstAmount"": 79182, ""shippingGstAmount"": 1539}",,,,,,1,"{""scenario"": ""BEFORE_SHIP_TO_CUSTOMER"", ""taxRefunded"": 80721, ""isInterState"": true, ""pgGstWithheld"": 0, ""totalWithheld"": 0, ""shippingRefunded"": 8550, ""totalTaxRefunded"": 80721, ""calculationSource"": ""PRE_DISPATCH_ORDER"", ""pgChargesRefunded"": 0, ""pgChargesWithheld"": 0, ""productGstRefunded"": 79182, ""productBaseRefunded"": 439900, ""shippingGstRefunded"": 1539, ""shippingBaseRefunded"": 8550}",ORD-20260911-00013,,,B2C,,439900,,0,,0,,529171,,8550,,8550.0,,,,,,,,0,,80721,,79182,,1539,,0,,80721,,0,,0,,0.0,,529171.0,ORD-20260911-00013
359,fulfilled,,,2026-09-11 10:19:47.208210,2026-09-15 06:52:52.953807,0,6,4,4,3,standard,,,7.0,2026-09-18,"{""inboundCost"": 0, ""inboundDays"": 0, ""inbound_tat"": 0, ""inbound_cost"": 0, ""outboundCost"": 8550, ""outboundDays"": 7, ""outbound_tat"": 7, ""qcBufferDays"": 0, ""qc_packaging"": 0, ""outbound_cost"": 8550}",paid,delivered,HUB_RECEIVED,0,0,,"{""cgstAmount"": 0, ""igstAmount"": 80721, ""sgstAmount"": 0, ""isInterState"": true, ""pgFeeGstAmount"": 0, ""totalGstAmount"": 80721, ""productGstAmount"": 79182, ""shippingGstAmount"": 1539}",,,,,,0,,ORD-20260911-00014,fallback,2026-09-11 11:36:55,B2C,,439900,,0,,0,,529171,,8550,,8550.0,,7246.0,,1304.0,,8550.0,,0,,80721,,79182,,1539,,0,,80721,,0,,0,,0.0,,,ORD-20260911-00014
360,pending,0.0,Vendor did not accept within 72 hours.,2026-09-11 10:36:12.428692,2026-09-15 06:52:52.953807,0,6,4,4,3,standard,,,7.0,2026-09-18,"{""inboundCost"": 0, ""inboundDays"": 0, ""inbound_tat"": 0, ""inbound_cost"": 0, ""outboundCost"": 8550, ""outboundDays"": 7, ""outbound_tat"": 7, ""qcBufferDays"": 0, ""qc_packaging"": 0, ""outbound_cost"": 8550}",paid,cancelled,CANCELLED,0,0,,"{""cgstAmount"": 0, ""igstAmount"": 80721, ""sgstAmount"": 0, ""isInterState"": true, ""pgFeeGstAmount"": 0, ""totalGstAmount"": 80721, ""productGstAmount"": 79182, ""shippingGstAmount"": 1539}",,,,,,1,"{""scenario"": ""BEFORE_SHIP_TO_CUSTOMER"", ""taxRefunded"": 80721, ""isInterState"": true, ""pgGstWithheld"": 0, ""totalWithheld"": 0, ""shippingRefunded"": 8550, ""totalTaxRefunded"": 80721, ""calculationSource"": ""PRE_DISPATCH_ORDER"", ""pgChargesRefunded"": 0, ""pgChargesWithheld"": 0, ""productGstRefunded"": 79182, ""productBaseRefunded"": 439900, ""shippingGstRefunded"": 1539, ""shippingBaseRefunded"": 8550}",ORD-20260911-00015,,,B2C,,439900,,0,,0,,529171,,8550,,8550.0,,,,,,,,0,,80721,,79182,,1539,,0,,80721,,0,,0,,0.0,,529171.0,ORD-20260911-00015
361,pending,0.0,Vendor did not accept within 72 hours.,2026-09-11 11:15:27.591137,2026-09-15 06:52:52.953807,0,6,4,4,3,standard,,,7.0,2026-09-18,"{""inboundCost"": 0, ""inboundDays"": 0, ""inbound_tat"": 0, ""inbound_cost"": 0, ""outboundCost"": 8550, ""outboundDays"": 7, ""outbound_tat"": 7, ""qcBufferDays"": 0, ""qc_packaging"": 0, ""outbound_cost"": 8550}",paid,cancelled,CANCELLED,0,0,,"{""cgstAmount"": 0, ""igstAmount"": 80721, ""sgstAmount"": 0, ""isInterState"": true, ""pgFeeGstAmount"": 0, ""totalGstAmount"": 80721, ""productGstAmount"": 79182, ""shippingGstAmount"": 1539}",,,,,,1,"{""scenario"": ""BEFORE_SHIP_TO_CUSTOMER"", ""taxRefunded"": 80721, ""isInterState"": true, ""pgGstWithheld"": 0, ""totalWithheld"": 0, ""shippingRefunded"": 8550, ""totalTaxRefunded"": 80721, ""calculationSource"": ""PRE_DISPATCH_ORDER"", ""pgChargesRefunded"": 0, ""pgChargesWithheld"": 0, ""productGstRefunded"": 79182, ""productBaseRefunded"": 439900, ""shippingGstRefunded"": 1539, ""shippingBaseRefunded"": 8550}",ORD-20260911-00016,,,B2C,,439900,,0,,0,,529171,,8550,,8550.0,,,,,,,,0,,80721,,79182,,1539,,0,,80721,,0,,0,,0.0,,529171.0,ORD-20260911-00016
362,pending,0.0,Vendor did not accept within 72 hours.,2026-09-11 11:39:31.788286,2026-09-15 06:52:52.953807,0,6,4,4,3,standard,,,,,,paid,cancelled,CANCELLED,0,0,,,,,,,,1,"{""scenario"": ""BEFORE_SHIP_TO_CUSTOMER"", ""taxRefunded"": 0, ""isInterState"": false, ""pgGstWithheld"": 0, ""totalWithheld"": 0, ""shippingRefunded"": 0, ""totalTaxRefunded"": 0, ""calculationSource"": ""PRE_DISPATCH_ORDER"", ""pgChargesRefunded"": 0, ""pgChargesWithheld"": 0, ""productGstRefunded"": 0, ""productBaseRefunded"": 439900, ""shippingGstRefunded"": 0, ""shippingBaseRefunded"": 0}",ORD-20260911-00017,,,B2C,,439900,,0,,0,,529171,,0,,,,,,,,,,0,,0,,0,,0,,0,,0,,0,,0,,,,439900.0,ORD-20260911-00017
363,pending,0.0,Vendor did not accept within 72 hours.,2026-09-11 11:45:12.168806,2026-09-15 06:52:52.953807,0,6,4,4,3,standard,,,7.0,2026-09-18,"{""inboundCost"": 0, ""inboundDays"": 0, ""inbound_tat"": 0, ""inbound_cost"": 0, ""outboundCost"": 8550, ""outboundDays"": 7, ""outbound_tat"": 7, ""qcBufferDays"": 0, ""qc_packaging"": 0, ""outbound_cost"": 8550}",paid,cancelled,CANCELLED,0,0,,"{""cgstAmount"": 0, ""igstAmount"": 80721, ""sgstAmount"": 0, ""isInterState"": true, ""pgFeeGstAmount"": 0, ""totalGstAmount"": 80721, ""productGstAmount"": 79182, ""shippingGstAmount"": 1539}",,,,,,1,"{""scenario"": ""BEFORE_SHIP_TO_CUSTOMER"", ""taxRefunded"": 80721, ""isInterState"": true, ""pgGstWithheld"": 0, ""totalWithheld"": 0, ""shippingRefunded"": 8550, ""totalTaxRefunded"": 80721, ""calculationSource"": ""PRE_DISPATCH_ORDER"", ""pgChargesRefunded"": 0, ""pgChargesWithheld"": 0, ""productGstRefunded"": 79182, ""productBaseRefunded"": 439900, ""shippingGstRefunded"": 1539, ""shippingBaseRefunded"": 8550}",ORD-20260911-00018,,,B2C,,439900,,0,,0,,529171,,8550,,8550.0,,,,,,,,0,,80721,,79182,,1539,,0,,80721,,0,,0,,0.0,,529171.0,ORD-20260911-00018
364,pending,0.0,Vendor did not accept within 72 hours.,2026-09-11 11:45:39.471540,2026-09-15 06:52:52.953807,0,6,4,4,3,standard,,,7.0,2026-09-18,"{""inboundCost"": 0, ""inboundDays"": 0, ""inbound_tat"": 0, ""inbound_cost"": 0, ""outboundCost"": 8550, ""outboundDays"": 7, ""outbound_tat"": 7, ""qcBufferDays"": 0, ""qc_packaging"": 0, ""outbound_cost"": 8550}",paid,cancelled,CANCELLED,0,0,,"{""cgstAmount"": 0, ""igstAmount"": 80721, ""sgstAmount"": 0, ""isInterState"": true, ""pgFeeGstAmount"": 0, ""totalGstAmount"": 80721, ""productGstAmount"": 79182, ""shippingGstAmount"": 1539}",,,,,,1,"{""scenario"": ""BEFORE_SHIP_TO_CUSTOMER"", ""taxRefunded"": 80721, ""isInterState"": true, ""pgGstWithheld"": 0, ""totalWithheld"": 0, ""shippingRefunded"": 8550, ""totalTaxRefunded"": 80721, ""calculationSource"": ""PRE_DISPATCH_ORDER"", ""pgChargesRefunded"": 0, ""pgChargesWithheld"": 0, ""productGstRefunded"": 79182, ""productBaseRefunded"": 439900, ""shippingGstRefunded"": 1539, ""shippingBaseRefunded"": 8550}",ORD-20260911-00019,,,B2C,,439900,,0,,0,,529171,,8550,,8550.0,,,,,,,,0,,80721,,79182,,1539,,0,,80721,,0,,0,,0.0,,529171.0,ORD-20260911-00019
365,pending,0.0,Vendor did not accept within 72 hours.,2026-09-11 11:46:02.383797,2026-09-15 06:52:52.953807,0,6,4,4,3,standard,,,7.0,2026-09-18,"{""inboundCost"": 0, ""inboundDays"": 0, ""inbound_tat"": 0, ""inbound_cost"": 0, ""outboundCost"": 8550, ""outboundDays"": 7, ""outbound_tat"": 7, ""qcBufferDays"": 0, ""qc_packaging"": 0, ""outbound_cost"": 8550}",paid,cancelled,CANCELLED,0,0,,"{""cgstAmount"": 0, ""igstAmount"": 921789, ""sgstAmount"": 0, ""isInterState"": true, ""pgFeeGstAmount"": 0, ""totalGstAmount"": 921789, ""productGstAmount"": 920250, ""shippingGstAmount"": 1539}",,,,,,1,"{""scenario"": ""BEFORE_SHIP_TO_CUSTOMER"", ""taxRefunded"": 921789, ""isInterState"": true, ""pgGstWithheld"": 0, ""totalWithheld"": 0, ""shippingRefunded"": 8550, ""totalTaxRefunded"": 921789, ""calculationSource"": ""PRE_DISPATCH_ORDER"", ""pgChargesRefunded"": 0, ""pgChargesWithheld"": 0, ""productGstRefunded"": 920250, ""productBaseRefunded"": 5112500, ""shippingGstRefunded"": 1539, ""shippingBaseRefunded"": 8550}",ORD-20260911-00020,,,B2C,,5112500,,0,,0,,6042839,,8550,,8550.0,,,,,,,,0,,921789,,920250,,1539,,0,,921789,,0,,0,,0.0,,6042839.0,ORD-20260911-00020
366,pending,0.0,Vendor did not accept within 72 hours.,2026-09-11 11:46:15.666263,2026-09-15 06:52:52.953807,0,6,4,4,3,standard,,,7.0,2026-09-18,"{""inboundCost"": 0, ""inboundDays"": 0, ""inbound_tat"": 0, ""inbound_cost"": 0, ""outboundCost"": 8550, ""outboundDays"": 7, ""outbound_tat"": 7, ""qcBufferDays"": 0, ""qc_packaging"": 0, ""outbound_cost"": 8550}",paid,cancelled,CANCELLED,0,0,,"{""cgstAmount"": 0, ""igstAmount"": 921789, ""sgstAmount"": 0, ""isInterState"": true, ""pgFeeGstAmount"": 0, ""totalGstAmount"": 921789, ""productGstAmount"": 920250, ""shippingGstAmount"": 1539}",,,,,,1,"{""scenario"": ""BEFORE_SHIP_TO_CUSTOMER"", ""taxRefunded"": 921789, ""isInterState"": true, ""pgGstWithheld"": 0, ""totalWithheld"": 0, ""shippingRefunded"": 8550, ""totalTaxRefunded"": 921789, ""calculationSource"": ""PRE_DISPATCH_ORDER"", ""pgChargesRefunded"": 0, ""pgChargesWithheld"": 0, ""productGstRefunded"": 920250, ""productBaseRefunded"": 5112500, ""shippingGstRefunded"": 1539, ""shippingBaseRefunded"": 8550}",ORD-20260911-00021,,,B2C,,5112500,,0,,0,,6042839,,8550,,8550.0,,,,,,,,0,,921789,,920250,,1539,,0,,921789,,0,,0,,0.0,,6042839.0,ORD-20260911-00021
367,pending,0.0,Vendor did not accept within 72 hours.,2026-09-11 11:48:12.008418,2026-09-15 06:52:52.953807,0,6,4,4,3,standard,,,7.0,2026-09-18,"{""inboundCost"": 0, ""inboundDays"": 0, ""inbound_tat"": 0, ""inbound_cost"": 0, ""outboundCost"": 8550, ""outboundDays"": 7, ""outbound_tat"": 7, ""qcBufferDays"": 0, ""qc_packaging"": 0, ""outbound_cost"": 8550}",paid,cancelled,CANCELLED,0,0,,"{""cgstAmount"": 0, ""igstAmount"": 80721, ""sgstAmount"": 0, ""isInterState"": true, ""pgFeeGstAmount"": 0, ""totalGstAmount"": 80721, ""productGstAmount"": 79182, ""shippingGstAmount"": 1539}",,,,,,1,"{""scenario"": ""BEFORE_SHIP_TO_CUSTOMER"", ""taxRefunded"": 80721, ""isInterState"": true, ""pgGstWithheld"": 0, ""totalWithheld"": 0, ""shippingRefunded"": 8550, ""totalTaxRefunded"": 80721, ""calculationSource"": ""PRE_DISPATCH_ORDER"", ""pgChargesRefunded"": 0, ""pgChargesWithheld"": 0, ""productGstRefunded"": 79182, ""productBaseRefunded"": 439900, ""shippingGstRefunded"": 1539, ""shippingBaseRefunded"": 8550}",ORD-20260911-00022,,,B2C,,439900,,0,,0,,529171,,8550,,8550.0,,,,,,,,0,,80721,,79182,,1539,,0,,80721,,0,,0,,0.0,,529171.0,ORD-20260911-00022
368,pending,0.0,Vendor did not accept within 72 hours.,2026-09-11 11:48:22.513194,2026-09-15 06:52:52.953807,0,6,4,4,3,standard,,,7.0,2026-09-18,"{""inboundCost"": 0, ""inboundDays"": 0, ""inbound_tat"": 0, ""inbound_cost"": 0, ""outboundCost"": 8550, ""outboundDays"": 7, ""outbound_tat"": 7, ""qcBufferDays"": 0, ""qc_packaging"": 0, ""outbound_cost"": 8550}",paid,cancelled,CANCELLED,0,0,,"{""cgstAmount"": 0, ""igstAmount"": 80721, ""sgstAmount"": 0, ""isInterState"": true, ""pgFeeGstAmount"": 0, ""totalGstAmount"": 80721, ""productGstAmount"": 79182, ""shippingGstAmount"": 1539}",,,,,,1,"{""scenario"": ""BEFORE_SHIP_TO_CUSTOMER"", ""taxRefunded"": 80721, ""isInterState"": true, ""pgGstWithheld"": 0, ""totalWithheld"": 0, ""shippingRefunded"": 8550, ""totalTaxRefunded"": 80721, ""calculationSource"": ""PRE_DISPATCH_ORDER"", ""pgChargesRefunded"": 0, ""pgChargesWithheld"": 0, ""productGstRefunded"": 79182, ""productBaseRefunded"": 439900, ""shippingGstRefunded"": 1539, ""shippingBaseRefunded"": 8550}",ORD-20260911-00023,,,B2C,,439900,,0,,0,,529171,,8550,,8550.0,,,,,,,,0,,80721,,79182,,1539,,0,,80721,,0,,0,,0.0,,529171.0,ORD-20260911-00023
369,pending,0.0,Vendor did not accept within 72 hours.,2026-09-11 11:49:13.943613,2026-09-15 06:52:52.953807,0,6,4,4,3,standard,,,7.0,2026-09-18,"{""inboundCost"": 0, ""inboundDays"": 0, ""inbound_tat"": 0, ""inbound_cost"": 0, ""outboundCost"": 8550, ""outboundDays"": 7, ""outbound_tat"": 7, ""qcBufferDays"": 0, ""qc_packaging"": 0, ""outbound_cost"": 8550}",paid,cancelled,CANCELLED,0,0,,"{""cgstAmount"": 0, ""igstAmount"": 921789, ""sgstAmount"": 0, ""isInterState"": true, ""pgFeeGstAmount"": 0, ""totalGstAmount"": 921789, ""productGstAmount"": 920250, ""shippingGstAmount"": 1539}",,,,,,1,"{""scenario"": ""BEFORE_SHIP_TO_CUSTOMER"", ""taxRefunded"": 921789, ""isInterState"": true, ""pgGstWithheld"": 0, ""totalWithheld"": 0, ""shippingRefunded"": 8550, ""totalTaxRefunded"": 921789, ""calculationSource"": ""PRE_DISPATCH_ORDER"", ""pgChargesRefunded"": 0, ""pgChargesWithheld"": 0, ""productGstRefunded"": 920250, ""productBaseRefunded"": 5112500, ""shippingGstRefunded"": 1539, ""shippingBaseRefunded"": 8550}",ORD-20260911-00024,,,B2C,,5112500,,0,,0,,6042839,,8550,,8550.0,,,,,,,,0,,921789,,920250,,1539,,0,,921789,,0,,0,,0.0,,6042839.0,ORD-20260911-00024
370,pending,0.0,Vendor did not accept within 72 hours.,2026-09-11 11:49:45.728760,2026-09-15 06:52:52.953807,0,6,4,4,3,standard,,,7.0,2026-09-18,"{""inboundCost"": 0, ""inboundDays"": 0, ""inbound_tat"": 0, ""inbound_cost"": 0, ""outboundCost"": 8550, ""outboundDays"": 7, ""outbound_tat"": 7, ""qcBufferDays"": 0, ""qc_packaging"": 0, ""outbound_cost"": 8550}",paid,cancelled,CANCELLED,0,0,,"{""cgstAmount"": 0, ""igstAmount"": 20871, ""sgstAmount"": 0, ""isInterState"": true, ""pgFeeGstAmount"": 0, ""totalGstAmount"": 20871, ""productGstAmount"": 19332, ""shippingGstAmount"": 1539}",,,,,,1,"{""scenario"": ""BEFORE_SHIP_TO_CUSTOMER"", ""taxRefunded"": 20871, ""isInterState"": true, ""pgGstWithheld"": 0, ""totalWithheld"": 0, ""shippingRefunded"": 8550, ""totalTaxRefunded"": 20871, ""calculationSource"": ""PRE_DISPATCH_ORDER"", ""pgChargesRefunded"": 0, ""pgChargesWithheld"": 0, ""productGstRefunded"": 19332, ""productBaseRefunded"": 107400, ""shippingGstRefunded"": 1539, ""shippingBaseRefunded"": 8550}",ORD-20260911-00025,,,B2C,,107400,,0,,0,,136821,,8550,,8550.0,,,,,,,,0,,20871,,19332,,1539,,0,,20871,,0,,0,,0.0,,136821.0,ORD-20260911-00025
371,pending,0.0,Vendor did not accept within 72 hours.,2026-09-11 11:49:59.915392,2026-09-15 06:52:52.953807,0,6,4,4,3,standard,,,7.0,2026-09-18,"{""inboundCost"": 0, ""inboundDays"": 0, ""inbound_tat"": 0, ""inbound_cost"": 0, ""outboundCost"": 8550, ""outboundDays"": 7, ""outbound_tat"": 7, ""qcBufferDays"": 0, ""qc_packaging"": 0, ""outbound_cost"": 8550}",paid,cancelled,CANCELLED,0,0,,"{""cgstAmount"": 0, ""igstAmount"": 20871, ""sgstAmount"": 0, ""isInterState"": true, ""pgFeeGstAmount"": 0, ""totalGstAmount"": 20871, ""productGstAmount"": 19332, ""shippingGstAmount"": 1539}",,,,,,1,"{""scenario"": ""BEFORE_SHIP_TO_CUSTOMER"", ""taxRefunded"": 20871, ""isInterState"": true, ""pgGstWithheld"": 0, ""totalWithheld"": 0, ""shippingRefunded"": 8550, ""totalTaxRefunded"": 20871, ""calculationSource"": ""PRE_DISPATCH_ORDER"", ""pgChargesRefunded"": 0, ""pgChargesWithheld"": 0, ""productGstRefunded"": 19332, ""productBaseRefunded"": 107400, ""shippingGstRefunded"": 1539, ""shippingBaseRefunded"": 8550}",ORD-20260911-00026,,,B2C,,107400,,0,,0,,136821,,8550,,8550.0,,,,,,,,0,,20871,,19332,,1539,,0,,20871,,0,,0,,0.0,,136821.0,ORD-20260911-00026
372,pending,0.0,Vendor did not accept within 72 hours.,2026-09-11 11:59:20.358932,2026-09-15 06:52:52.953807,0,6,4,4,3,standard,,,7.0,2026-09-18,"{""inboundCost"": 0, ""inboundDays"": 0, ""inbound_tat"": 0, ""inbound_cost"": 0, ""outboundCost"": 8550, ""outboundDays"": 7, ""outbound_tat"": 7, ""qcBufferDays"": 0, ""qc_packaging"": 0, ""outbound_cost"": 8550}",paid,cancelled,CANCELLED,0,0,,"{""cgstAmount"": 0, ""igstAmount"": 80721, ""sgstAmount"": 0, ""isInterState"": true, ""pgFeeGstAmount"": 0, ""totalGstAmount"": 80721, ""productGstAmount"": 79182, ""shippingGstAmount"": 1539}",,,,,,1,"{""scenario"": ""BEFORE_SHIP_TO_CUSTOMER"", ""taxRefunded"": 80721, ""isInterState"": true, ""pgGstWithheld"": 0, ""totalWithheld"": 0, ""shippingRefunded"": 8550, ""totalTaxRefunded"": 80721, ""calculationSource"": ""PRE_DISPATCH_ORDER"", ""pgChargesRefunded"": 0, ""pgChargesWithheld"": 0, ""productGstRefunded"": 79182, ""productBaseRefunded"": 439900, ""shippingGstRefunded"": 1539, ""shippingBaseRefunded"": 8550}",ORD-20260911-00027,,,B2C,,439900,,0,,0,,529171,,8550,,8550.0,,,,,,,,0,,80721,,79182,,1539,,0,,80721,,0,,0,,0.0,,529171.0,ORD-20260911-00027
373,pending,0.0,Vendor did not accept within 72 hours.,2026-09-11 14:04:51.683283,2026-09-15 06:52:52.953807,0,14,11,11,3,standard,,,7.0,2026-09-18,"{""inboundCost"": 0, ""inboundDays"": 0, ""inbound_tat"": 0, ""inbound_cost"": 0, ""outboundCost"": 8550, ""outboundDays"": 7, ""outbound_tat"": 7, ""qcBufferDays"": 0, ""qc_packaging"": 0, ""outbound_cost"": 8550}",paid,cancelled,CANCELLED,0,0,,"{""cgstAmount"": 0, ""igstAmount"": 921789, ""sgstAmount"": 0, ""isInterState"": true, ""pgFeeGstAmount"": 0, ""totalGstAmount"": 921789, ""productGstAmount"": 920250, ""shippingGstAmount"": 1539}",,,,,,1,"{""scenario"": ""BEFORE_SHIP_TO_CUSTOMER"", ""taxRefunded"": 921789, ""isInterState"": true, ""pgGstWithheld"": 0, ""totalWithheld"": 0, ""shippingRefunded"": 8550, ""totalTaxRefunded"": 921789, ""calculationSource"": ""PRE_DISPATCH_ORDER"", ""pgChargesRefunded"": 0, ""pgChargesWithheld"": 0, ""productGstRefunded"": 920250, ""productBaseRefunded"": 5112500, ""shippingGstRefunded"": 1539, ""shippingBaseRefunded"": 8550}",ORD-20260911-00028,,,B2C,,5112500,,0,,0,,6042839,,8550,,8550.0,,,,,,,,0,,921789,,920250,,1539,,0,,921789,,0,,0,,0.0,,6042839.0,ORD-20260911-00028
374,pending,,,2026-09-15 05:23:02.959718,2026-09-15 06:52:52.953807,0,14,11,11,1,standard,,,7.0,2026-09-22,"{""inboundCost"": 0, ""inboundDays"": 0, ""inbound_tat"": 0, ""inbound_cost"": 0, ""outboundCost"": 8550, ""outboundDays"": 7, ""outbound_tat"": 7, ""qcBufferDays"": 0, ""qc_packaging"": 0, ""outbound_cost"": 8550}",paid,placed,,0,0,,"{""cgstAmount"": 0, ""igstAmount"": 5139, ""sgstAmount"": 0, ""isInterState"": true, ""pgFeeGstAmount"": 0, ""totalGstAmount"": 5139, ""productGstAmount"": 3600, ""shippingGstAmount"": 1539}",,,,,,0,,ORD-20260915-00001,,,B2C,,30000,,0,,0,,43689,,8550,,8550.0,,,,,,,,0,,5139,,3600,,1539,,0,,5139,,0,,0,,0.0,,,ORD-20260915-00001
375,pending,,,2026-09-15 10:19:15.407116,2026-09-15 10:19:15.407116,0,6,4,4,3,standard,,,7.0,2026-09-22,"{""inboundCost"": 0, ""inboundDays"": 0, ""inbound_tat"": 0, ""inbound_cost"": 0, ""outboundCost"": 8550, ""outboundDays"": 7, ""outbound_tat"": 7, ""qcBufferDays"": 0, ""qc_packaging"": 0, ""outbound_cost"": 8550}",paid,placed,,0,0,,"{""cgstAmount"": 0, ""igstAmount"": 80721, ""sgstAmount"": 0, ""isInterState"": true, ""pgFeeGstAmount"": 0, ""totalGstAmount"": 80721, ""productGstAmount"": 79182, ""shippingGstAmount"": 1539}",,,,,,0,,ORD-20260915-00002,,,B2C,,439900,,0,,0,,529171,,8550,,8550.0,,,,,,,,0,,80721,,79182,,1539,,0,,80721,,0,,0,,0.0,,,ORD-20260915-00002
376,pending,,,2026-09-15 10:53:57.765788,2026-09-15 10:53:57.765788,0,6,4,4,3,standard,,,7.0,2026-09-22,"{""inboundCost"": 0, ""inboundDays"": 0, ""inbound_tat"": 0, ""inbound_cost"": 0, ""outboundCost"": 8550, ""outboundDays"": 7, ""outbound_tat"": 7, ""qcBufferDays"": 0, ""qc_packaging"": 0, ""outbound_cost"": 8550}",paid,placed,,0,0,,"{""cgstAmount"": 0, ""igstAmount"": 80721, ""sgstAmount"": 0, ""isInterState"": true, ""pgFeeGstAmount"": 0, ""totalGstAmount"": 80721, ""productGstAmount"": 79182, ""shippingGstAmount"": 1539}",,,,,,0,,ORD-20260915-00003,,,B2C,,439900,,0,,0,,529171,,8550,,8550.0,,,,,,,,0,,80721,,79182,,1539,,0,,80721,,0,,0,,0.0,,,ORD-20260915-00003
377,pending,,,2026-09-15 10:54:57.314019,2026-09-15 10:54:57.314019,0,6,4,4,3,standard,,,7.0,2026-09-22,"{""inboundCost"": 0, ""inboundDays"": 0, ""inbound_tat"": 0, ""inbound_cost"": 0, ""outboundCost"": 8550, ""outboundDays"": 7, ""outbound_tat"": 7, ""qcBufferDays"": 0, ""qc_packaging"": 0, ""outbound_cost"": 8550}",paid,placed,,0,0,,"{""cgstAmount"": 0, ""igstAmount"": 80721, ""sgstAmount"": 0, ""isInterState"": true, ""pgFeeGstAmount"": 0, ""totalGstAmount"": 80721, ""productGstAmount"": 79182, ""shippingGstAmount"": 1539}",,,,,,0,,ORD-20260915-00004,,,B2C,,439900,,0,,0,,529171,,8550,,8550.0,,,,,,,,0,,80721,,79182,,1539,,0,,80721,,0,,0,,0.0,,,ORD-20260915-00004
378,pending,,,2026-09-15 11:24:55.235983,2026-09-15 11:24:55.235983,0,6,4,4,3,standard,,,7.0,2026-09-22,"{""inboundCost"": 0, ""inboundDays"": 0, ""inbound_tat"": 0, ""inbound_cost"": 0, ""outboundCost"": 8550, ""outboundDays"": 7, ""outbound_tat"": 7, ""qcBufferDays"": 0, ""qc_packaging"": 0, ""outbound_cost"": 8550}",paid,placed,,0,0,,"{""cgstAmount"": 0, ""igstAmount"": 80721, ""sgstAmount"": 0, ""isInterState"": true, ""pgFeeGstAmount"": 0, ""totalGstAmount"": 80721, ""productGstAmount"": 79182, ""shippingGstAmount"": 1539}",,,,,,0,,ORD-20260915-00005,,,B2C,,439900,,0,,0,,529171,,8550,,8550.0,,,,,,,,0,,80721,,79182,,1539,,0,,80721,,0,,0,,0.0,,,ORD-20260915-00005
379,pending,,,2026-09-15 11:25:22.940014,2026-09-15 11:25:22.940014,0,6,4,4,3,standard,,,7.0,2026-09-22,"{""inboundCost"": 0, ""inboundDays"": 0, ""inbound_tat"": 0, ""inbound_cost"": 0, ""outboundCost"": 8550, ""outboundDays"": 7, ""outbound_tat"": 7, ""qcBufferDays"": 0, ""qc_packaging"": 0, ""outbound_cost"": 8550}",paid,placed,,0,0,,"{""cgstAmount"": 0, ""igstAmount"": 80721, ""sgstAmount"": 0, ""isInterState"": true, ""pgFeeGstAmount"": 0, ""totalGstAmount"": 80721, ""productGstAmount"": 79182, ""shippingGstAmount"": 1539}",,,,,,0,,ORD-20260915-00006,,,B2C,,439900,,0,,0,,529171,,8550,,8550.0,,,,,,,,0,,80721,,79182,,1539,,0,,80721,,0,,0,,0.0,,,ORD-20260915-00006
380,pending,,,2026-09-15 11:30:46.773587,2026-09-15 11:30:46.773587,0,6,4,4,3,standard,,,7.0,2026-09-22,"{""inboundCost"": 0, ""inboundDays"": 0, ""inbound_tat"": 0, ""inbound_cost"": 0, ""outboundCost"": 8550, ""outboundDays"": 7, ""outbound_tat"": 7, ""qcBufferDays"": 0, ""qc_packaging"": 0, ""outbound_cost"": 8550}",paid,placed,,0,0,,"{""cgstAmount"": 0, ""igstAmount"": 80721, ""sgstAmount"": 0, ""isInterState"": true, ""pgFeeGstAmount"": 0, ""totalGstAmount"": 80721, ""productGstAmount"": 79182, ""shippingGstAmount"": 1539}",,,,,,0,,ORD-20260915-00007,,,B2C,,439900,,0,,0,,529171,,8550,,8550.0,,,,,,,,0,,80721,,79182,,1539,,0,,80721,,0,,0,,0.0,,,ORD-20260915-00007
